,사고번호,사고일시,요일,도로종류,시군구,사고내용,사망자수,중상자수,경상자수,부상신고자수,사고유형,법규위반,노면상태,기상상태,도로형태,가해운전자 차종,가해운전자 성별,가해운전자 연령,가해운전자 상해정도,피해운전자 차종,피해운전자 성별,피해운전자 연령,피해운전자 상해정도,연령대,가해연령대
264,2019050600100137,9,월요일,경부,경상북도,경상사고,0,0,1,0,차대차 - 추돌,안전운전불이행,포장 - 건조,맑음,단일로 - 기타,승용,0,60,상해없음,승용,0,58,경상,50.0,50.0
265,2019050600100424,17,월요일,경부,충청남도,경상사고,0,0,3,0,차대차 - 기타,안전거리미확보,포장 - 건조,맑음,단일로 - 기타,승용,0,70,상해없음,승용,1,63,경상,60.0,60.0
266,2019050700100135,8,화요일,경부,경기도,경상사고,0,0,1,0,차대차 - 측면충돌,안전운전불이행,포장 - 건조,맑음,단일로 - 기타,화물,0,55,상해없음,승용,0,50,경상,50.0,50.0
267,2019050700100348,13,화요일,경부,경기도,경상사고,0,0,1,0,차대차 - 기타,안전운전불이행,포장 - 건조,맑음,단일로 - 기타,승용,0,36,상해없음,승용,1,29,경상,30.0,30.0
268,2019050800100065,5,수요일,경부,대전광역시,경상사고,0,0,1,0,차대차 - 측면충돌,신호위반,포장 - 건조,맑음,단일로 - 터널,특수,0,57,상해없음,승용,1,54,경상,50.0,50.0
269,2019050800100066,5,수요일,경부,충청남도,사망사고,1,0,1,0,차대차 - 추돌,안전운전불이행,포장 - 건조,맑음,단일로 - 기타,화물,0,52,상해없음,화물,0,54,사망,50.0,50.0
270,2019050800100697,23,수요일,경부,대전광역시,사망사고,1,0,2,0,차대차 - 추돌,안전거리미확보,포장 - 건조,맑음,단일로 - 기타,화물,0,56,상해없음,승용,0,60,경상,50.0,50.0
271,2019050900100653,22,목요일,경부,경상북도,경상사고,0,0,2,0,차대차 - 추돌,안전운전불이행,포장 - 건조,맑음,단일로 - 기타,승용,0,58,상해없음,승용,0,42,경상,50.0,50.0
272,2019051000100518,17,금요일,경부,경상북도,중상사고,0,1,1,0,차대차 - 추돌,안전거리미확보,포장 - 건조,맑음,단일로 - 기타,화물,0,43,상해없음,화물,0,46,상해없음,40.0,40.0
273,2019051300100338,14,월요일,경부,경기도,경상사고,0,0,2,0,차대차 - 측면충돌,안전거리미확보,포장 - 건조,맑음,단일로 - 기타,승용,1,51,상해없음,승합,0,48,상해없음,,
274,2019051300100489,18,월요일,경부,경기도,중상사고,0,1,1,0,차대차 - 기타,안전운전불이행,포장 - 건조,맑음,단일로 - 기타,승용,0,18,상해없음,승용,0,57,경상,20.0,20.0
275,2019051400100200,10,화요일,경부,서울특별시,경상사고,0,0,1,0,차대차 - 기타,안전거리미확보,포장 - 건조,맑음,단일로 - 기타,승합,0,60,상해없음,승용,0,35,경상,50.0,50.0
276,2019051400100307,13,화요일,경부,경상북도,경상사고,0,0,1,0,차대차 - 추돌,안전운전불이행,포장 - 건조,맑음,단일로 - 기타,승용,0,56,상해없음,승용,0,38,경상,50.0,50.0
277,2019051400100387,15,화요일,경부,대구광역시,중상사고,0,5,2,0,차대차 - 추돌,안전운전불이행,포장 - 건조,맑음,단일로 - 기타,화물,0,48,상해없음,승용,0,71,중상,40.0,40.0
278,2019051500100496,17,수요일,경부,경기도,중상사고,0,2,0,0,차대차 - 추돌,안전거리미확보,포장 - 건조,맑음,단일로 - 기타,승용,0,24,상해없음,승용,0,63,중상,20.0,20.0
279,2019051600100677,21,목요일,경부,충청남도,경상사고,0,0,1,0,차대차 - 측면충돌,안전운전불이행,포장 - 건조,맑음,기타 - 기타,화물,0,57,상해없음,승용,0,40,경상,50.0,50.0
280,2019051700100262,12,금요일,경부,부산광역시,경상사고,0,0,1,0,차대차 - 측면충돌,안전거리미확보,포장 - 건조,맑음,단일로 - 기타,승용,0,39,상해없음,건설기계,0,64,경상,30.0,30.0
281,2019051700100461,17,금요일,경부,경기도,경상사고,0,0,1,0,차대차 - 기타,안전운전불이행,포장 - 건조,맑음,단일로 - 기타,화물,0,42,상해없음,승용,0,32,경상,40.0,40.0
282,2019051800100274,11,토요일,경부,충청북도,경상사고,0,0,3,0,차대차 - 추돌,안전운전불이행,포장 - 건조,흐림,단일로 - 기타,승용,0,65,상해없음,화물,0,71,상해없음,60.0,60.0
283,2019051800100465,16,토요일,경부,경기도,중상사고,0,1,2,0,차대차 - 추돌,안전거리미확보,포장 - 건조,맑음,단일로 - 기타,승합,0,41,상해없음,승용,0,56,중상,,
284,2019051800100473,16,토요일,경부,충청북도,경상사고,0,0,2,0,차대차 - 추돌,안전운전불이행,포장 - 젖음/습기,비,단일로 - 기타,승용,1,44,상해없음,승용,0,35,경상,40.0,40.0
285,2019051900100137,8,일요일,경부,경기도,경상사고,0,0,2,0,차량단독 - 공작물충돌,안전운전불이행,포장 - 젖음/습기,비,단일로 - 기타,승용,0,29,경상,기타불명,2,0,기타불명,20.0,20.0
286,2019051900100376,17,일요일,경부,경기도,경상사고,0,0,4,0,차대차 - 추돌,안전운전불이행,포장 - 젖음/습기,비,단일로 - 기타,승합,0,23,상해없음,승용,0,29,경상,20.0,20.0
287,2019052100100044,0,화요일,경부,서울특별시,경상사고,0,0,1,0,차대차 - 측면충돌,안전거리미확보,포장 - 건조,맑음,단일로 - 기타,특수,0,44,상해없음,승용,0,29,경상,40.0,40.0
288,2019052100100255,10,화요일,경부,충청북도,중상사고,0,1,1,0,차대사람 - 기타,안전운전불이행,포장 - 건조,맑음,기타 - 기타,승용,0,28,경상,보행자,0,43,중상,20.0,20.0
289,2019052100100409,15,화요일,경부,경기도,경상사고,0,0,2,0,차대차 - 측면충돌,안전거리미확보,포장 - 건조,맑음,단일로 - 기타,승용,0,26,상해없음,승합,0,59,상해없음,20.0,20.0
290,2019052100100642,20,화요일,경부,경기도,중상사고,0,2,0,0,차대차 - 추돌,안전거리미확보,포장 - 건조,맑음,단일로 - 기타,승용,0,67,상해없음,승용,0,59,중상,60.0,60.0
291,2019052200100053,3,수요일,경부,충청남도,중상사고,0,1,0,0,차대차 - 추돌,차로위반,포장 - 건조,맑음,단일로 - 기타,건설기계,0,35,상해없음,화물,0,38,중상,30.0,30.0
292,2019052400100419,15,금요일,경부,경기도,경상사고,0,0,3,0,차대차 - 측면충돌,안전운전불이행,포장 - 건조,맑음,단일로 - 기타,승용,0,68,상해없음,승합,0,56,경상,60.0,60.0
293,2019052400100582,18,금요일,경부,서울특별시,중상사고,0,1,0,0,차대차 - 측면충돌,안전운전불이행,포장 - 건조,맑음,단일로 - 기타,승용,0,62,상해없음,승용,1,33,중상,60.0,60.0
294,2019052400100672,20,금요일,경부,경기도,경상사고,0,0,1,0,차대차 - 추돌,안전운전불이행,포장 - 건조,맑음,단일로 - 기타,승용,0,51,상해없음,승용,0,50,경상,,
295,2019052500100127,7,토요일,경부,경기도,경상사고,0,0,5,0,차대차 - 기타,안전거리미확보,포장 - 건조,맑음,단일로 - 기타,승합,1,56,상해없음,화물,0,33,상해없음,50.0,50.0
296,2019052500100296,12,토요일,경부,충청남도,경상사고,0,0,2,0,차대차 - 추돌,안전거리미확보,포장 - 건조,맑음,단일로 - 기타,승용,0,23,상해없음,승용,0,48,경상,20.0,20.0
297,2019052500100405,15,토요일,경부,경기도,경상사고,0,0,2,1,차대차 - 기타,안전운전불이행,포장 - 건조,맑음,단일로 - 기타,승용,0,50,상해없음,승용,1,30,경상,40.0,40.0
298,2019052500100443,16,토요일,경부,서울특별시,부상신고사고,0,0,0,1,차대차 - 기타,안전운전불이행,포장 - 건조,맑음,단일로 - 기타,승용,0,26,상해없음,승용,0,47,부상신고,20.0,20.0
299,2019052500100692,23,토요일,경부,충청북도,경상사고,0,0,2,0,차대차 - 측면충돌,안전운전불이행,포장 - 건조,맑음,단일로 - 기타,승용,0,24,상해없음,승용,0,53,경상,20.0,20.0
300,2019052600100401,17,일요일,경부,대전광역시,경상사고,0,0,2,0,차대차 - 기타,안전운전불이행,포장 - 건조,맑음,단일로 - 기타,화물,0,64,상해없음,승용,1,53,경상,60.0,60.0
301,2019052600100427,18,일요일,경부,충청북도,경상사고,0,0,5,0,차대차 - 측면충돌,안전운전불이행,포장 - 건조,맑음,단일로 - 기타,승용,1,23,상해없음,승합,0,60,상해없음,20.0,20.0
302,2019052700100034,1,월요일,경부,경기도,부상신고사고,0,0,0,2,차대차 - 기타,안전운전불이행,포장 - 젖음/습기,비,단일로 - 기타,승용,0,25,상해없음,승용,0,32,부상신고,20.0,20.0
303,2019052700100083,6,월요일,경부,경기도,경상사고,0,0,1,0,차대차 - 기타,안전운전불이행,포장 - 젖음/습기,비,단일로 - 기타,화물,0,55,상해없음,화물,0,59,경상,50.0,50.0
304,2019052700100300,12,월요일,경부,서울특별시,경상사고,0,0,1,1,차대차 - 추돌,안전거리미확보,포장 - 젖음/습기,비,단일로 - 기타,승합,0,63,상해없음,승합,0,64,상해없음,60.0,60.0
305,2019052700100317,12,월요일,경부,경상북도,중상사고,0,1,1,0,차대차 - 정면충돌,안전운전불이행,포장 - 젖음/습기,비,단일로 - 기타,승용,0,49,상해없음,특수,0,45,경상,40.0,40.0
306,2019052700100471,17,월요일,경부,경기도,경상사고,0,0,1,0,차대차 - 추돌,안전거리미확보,포장 - 건조,맑음,단일로 - 기타,승합,0,60,상해없음,화물,0,66,경상,50.0,50.0
307,2019052700100644,23,월요일,경부,경상남도,중상사고,0,3,1,0,차량단독 - 기타,과속,포장 - 젖음/습기,비,기타 - 기타,승용,0,50,경상,기타불명,2,0,기타불명,40.0,40.0
308,2019052900100026,0,수요일,경부,경기도,중상사고,0,1,0,1,차대차 - 추돌,안전운전불이행,포장 - 건조,맑음,단일로 - 기타,승용,0,51,상해없음,승용,0,41,중상,,
309,2019052900100614,19,수요일,경부,충청북도,중상사고,0,1,7,0,차대차 - 측면충돌,안전운전불이행,포장 - 건조,맑음,단일로 - 기타,승용,0,32,상해없음,승용,0,64,경상,30.0,30.0
310,2019053000100319,13,목요일,경부,경기도,경상사고,0,0,4,0,차대차 - 추돌,안전거리미확보,포장 - 건조,맑음,단일로 - 기타,승합,0,42,상해없음,승합,0,57,경상,40.0,40.0
311,2019053000100493,18,목요일,경부,경상북도,중상사고,0,4,1,0,차대차 - 측면충돌,과속,포장 - 건조,맑음,단일로 - 기타,승용,0,30,중상,승용,0,56,상해없음,20.0,20.0
312,2019053000100515,19,목요일,경부,경기도,경상사고,0,0,1,0,차대차 - 측면충돌,안전거리미확보,포장 - 건조,맑음,단일로 - 기타,화물,0,71,상해없음,승용,1,19,경상,70.0,70.0
313,2019053000100598,21,목요일,경부,경상북도,중상사고,0,2,0,0,차량단독 - 기타,안전운전불이행,포장 - 건조,맑음,단일로 - 기타,승용,0,52,중상,기타불명,2,0,기타불명,50.0,50.0
314,2019053100100327,13,금요일,경부,경기도,경상사고,0,0,1,0,차대차 - 기타,안전운전불이행,포장 - 건조,맑음,단일로 - 기타,승용,0,48,상해없음,승용,0,46,경상,40.0,40.0
315,2019053100100632,19,금요일,경부,경기도,부상신고사고,0,0,0,1,차대차 - 측면충돌,안전운전불이행,포장 - 건조,맑음,단일로 - 기타,승합,0,61,상해없음,승용,1,38,부상신고,,
316,2019060100100160,9,토요일,경부,경기도,경상사고,0,0,10,3,차대차 - 추돌,안전거리미확보,포장 - 건조,맑음,단일로 - 기타,승용,0,51,부상신고,승합,0,48,경상,,
317,2019060200100049,2,일요일,경부,경기도,경상사고,0,0,1,0,차대차 - 추돌,안전운전불이행,포장 - 건조,맑음,단일로 - 기타,승용,0,20,상해없음,승용,0,38,경상,20.0,20.0
318,2019060200100232,14,일요일,경부,경기도,중상사고,0,2,7,0,차대차 - 추돌,안전거리미확보,포장 - 건조,맑음,단일로 - 기타,승용,0,39,상해없음,승합,0,59,상해없음,30.0,30.0
319,2019060200100333,17,일요일,경부,부산광역시,중상사고,0,2,3,0,차대차 - 측면충돌,안전거리미확보,포장 - 건조,맑음,단일로 - 기타,승용,0,51,상해없음,승용,0,72,경상,,
320,2019060300100224,10,월요일,경부,충청남도,경상사고,0,0,1,0,차대차 - 측면충돌,신호위반,포장 - 건조,맑음,단일로 - 기타,화물,0,28,상해없음,화물,0,56,경상,20.0,20.0
321,2019060300100277,12,월요일,경부,경기도,중상사고,0,1,0,0,차대차 - 기타,안전운전불이행,포장 - 건조,맑음,단일로 - 기타,승용,0,36,상해없음,승용,1,50,중상,30.0,30.0
322,2019060400100223,10,화요일,경부,경상북도,경상사고,0,0,1,0,차대차 - 측면충돌,안전운전불이행,포장 - 건조,맑음,단일로 - 기타,승용,1,33,상해없음,특수,0,31,경상,30.0,30.0
323,2019060600100337,15,목요일,경부,경상북도,경상사고,0,0,2,0,차대차 - 추돌,안전운전불이행,포장 - 건조,맑음,단일로 - 기타,승용,0,39,상해없음,승용,1,34,경상,30.0,30.0
324,2019060600100388,17,목요일,경부,서울특별시,경상사고,0,0,1,0,차대차 - 기타,안전운전불이행,포장 - 건조,맑음,단일로 - 기타,승용,1,76,상해없음,승용,0,62,상해없음,70.0,70.0
325,2019060700100080,4,금요일,경부,경기도,경상사고,0,0,1,0,차대차 - 기타,안전운전불이행,포장 - 젖음/습기,비,단일로 - 기타,승용,1,38,상해없음,승용,0,60,경상,30.0,30.0
326,2019060700100185,9,금요일,경부,충청남도,경상사고,0,0,1,0,차대차 - 추돌,안전운전불이행,포장 - 젖음/습기,비,단일로 - 기타,승용,0,38,상해없음,승용,0,25,경상,30.0,30.0
327,2019060700100273,12,금요일,경부,경기도,사망사고,1,3,5,1,차대차 - 측면충돌,안전운전불이행,포장 - 건조,맑음,단일로 - 기타,승용,0,73,중상,승용,0,59,부상신고,70.0,70.0
328,2019060700100431,16,금요일,경부,경상북도,경상사고,0,0,1,0,차대차 - 기타,기타,포장 - 건조,맑음,단일로 - 기타,기타불명,2,0,기타불명,승용,1,64,경상,20.0,20.0
329,2019060700100543,19,금요일,경부,충청남도,경상사고,0,0,1,0,차대차 - 측면충돌,안전운전불이행,포장 - 건조,맑음,단일로 - 기타,승용,0,41,상해없음,승용,1,30,경상,,
330,2019060800100048,1,토요일,경부,경기도,중상사고,0,1,0,0,차대차 - 기타,안전거리미확보,포장 - 건조,맑음,단일로 - 기타,승용,0,52,상해없음,화물,0,29,중상,50.0,50.0
331,2019060800100049,1,토요일,경부,경기도,경상사고,0,0,1,0,차대차 - 기타,안전운전불이행,포장 - 건조,맑음,단일로 - 기타,화물,0,47,상해없음,화물,0,55,경상,40.0,40.0
332,2019060800100325,13,토요일,경부,경상북도,경상사고,0,0,2,0,차대차 - 기타,안전운전불이행,포장 - 건조,맑음,단일로 - 기타,승용,0,49,상해없음,승용,1,24,경상,40.0,40.0
333,2019060800100557,20,토요일,경부,경기도,경상사고,0,0,1,0,차대차 - 기타,안전운전불이행,포장 - 건조,맑음,단일로 - 기타,승용,0,70,상해없음,승용,0,30,경상,60.0,60.0
334,2019060900100144,9,일요일,경부,경상북도,중상사고,0,3,1,0,차대차 - 추돌,안전운전불이행,포장 - 건조,맑음,단일로 - 기타,승합,0,56,상해없음,승용,1,54,중상,50.0,50.0
335,2019061200100356,15,수요일,경부,충청북도,경상사고,0,0,1,0,차대차 - 측면충돌,차로위반,포장 - 건조,맑음,단일로 - 기타,기타불명,2,0,기타불명,승용,1,50,경상,20.0,20.0
336,2019061300100180,9,목요일,경부,경상북도,중상사고,0,1,0,0,차대차 - 추돌,안전운전불이행,포장 - 건조,맑음,단일로 - 기타,화물,0,35,상해없음,화물,0,33,중상,30.0,30.0
337,2019061400100057,2,금요일,경부,충청남도,경상사고,0,0,2,0,차대차 - 측면충돌,안전거리미확보,포장 - 건조,맑음,단일로 - 기타,기타불명,2,0,기타불명,승합,0,53,경상,20.0,20.0
338,2019061400100105,7,금요일,경부,대구광역시,경상사고,0,0,1,0,차대차 - 측면충돌,안전운전불이행,포장 - 건조,맑음,단일로 - 기타,승용,0,23,상해없음,승용,0,36,경상,20.0,20.0
339,2019061400100467,17,금요일,경부,경기도,경상사고,0,0,1,0,차대차 - 측면충돌,안전거리미확보,포장 - 건조,맑음,단일로 - 기타,건설기계,0,64,상해없음,승용,1,46,경상,60.0,60.0
340,2019061400100651,21,금요일,경부,경상북도,사망사고,2,0,0,0,차대차 - 추돌,안전운전불이행,포장 - 건조,맑음,단일로 - 기타,화물,0,36,상해없음,화물,0,51,사망,30.0,30.0
341,2019061500100250,11,토요일,경부,충청남도,경상사고,0,0,2,0,차대차 - 추돌,안전운전불이행,포장 - 건조,맑음,단일로 - 기타,승용,0,21,경상,승용,1,27,경상,20.0,20.0
342,2019061500100628,20,토요일,경부,경기도,경상사고,0,0,2,0,차대차 - 추돌,안전운전불이행,포장 - 건조,맑음,단일로 - 기타,화물,0,64,상해없음,승용,1,31,경상,60.0,60.0
343,2019061600100375,17,일요일,경부,서울특별시,중상사고,0,1,2,0,차대차 - 기타,안전운전불이행,포장 - 건조,맑음,단일로 - 기타,승용,1,56,상해없음,승용,0,42,경상,50.0,50.0
344,2019061700100296,13,월요일,경부,경기도,경상사고,0,0,1,0,차대차 - 측면충돌,안전거리미확보,포장 - 건조,맑음,단일로 - 기타,기타불명,2,0,기타불명,승용,1,38,경상,20.0,20.0
345,2019061700100304,13,월요일,경부,충청북도,중상사고,0,1,1,0,차대차 - 측면충돌,안전운전불이행,포장 - 건조,맑음,단일로 - 기타,화물,0,60,상해없음,승용,1,27,중상,50.0,50.0
346,2019061700100340,14,월요일,경부,충청남도,경상사고,0,0,7,0,차대차 - 추돌,안전운전불이행,포장 - 건조,맑음,기타 - 기타,승합,0,60,상해없음,승용,0,54,경상,50.0,50.0
347,2019061800100048,1,화요일,경부,경상북도,중상사고,0,1,0,0,차대차 - 추돌,과속,포장 - 건조,맑음,단일로 - 기타,승용,0,26,기타불명,화물,0,58,중상,20.0,20.0
348,2019061800100093,6,화요일,경부,경기도,경상사고,0,0,1,0,차대차 - 측면충돌,안전운전불이행,포장 - 건조,맑음,단일로 - 기타,승용,0,56,상해없음,승용,0,62,경상,50.0,50.0
349,2019062100100285,13,금요일,경부,경기도,중상사고,0,1,0,2,차대차 - 추돌,안전운전불이행,포장 - 건조,맑음,단일로 - 기타,화물,0,49,상해없음,승용,1,36,중상,40.0,40.0
350,2019062100100457,17,금요일,경부,서울특별시,경상사고,0,0,1,0,차대차 - 기타,안전운전불이행,포장 - 건조,맑음,단일로 - 기타,승용,0,56,상해없음,승합,0,23,상해없음,50.0,50.0
351,2019062200100063,1,토요일,경부,경기도,중상사고,0,1,2,0,차대차 - 추돌,안전운전불이행,포장 - 건조,맑음,단일로 - 기타,승용,0,48,상해없음,화물,0,57,경상,40.0,40.0
352,2019062200100064,1,토요일,경부,경기도,경상사고,0,0,2,0,차대차 - 측면충돌,안전거리미확보,포장 - 건조,맑음,단일로 - 기타,승용,0,27,상해없음,승용,0,28,경상,20.0,20.0
353,2019062200100082,2,토요일,경부,서울특별시,경상사고,0,0,3,0,차대차 - 기타,안전운전불이행,포장 - 건조,맑음,기타 - 기타,승용,0,53,상해없음,승용,1,26,경상,50.0,50.0
354,2019062200100264,11,토요일,경부,충청남도,중상사고,0,1,3,0,차대차 - 기타,안전운전불이행,포장 - 건조,맑음,단일로 - 기타,승용,0,45,상해없음,승합,0,60,상해없음,40.0,40.0
355,2019062200100265,11,토요일,경부,충청북도,중상사고,0,2,1,0,차대차 - 기타,안전운전불이행,포장 - 건조,맑음,단일로 - 기타,승용,1,25,상해없음,승용,1,35,중상,20.0,20.0
356,2019062200100297,12,토요일,경부,경기도,경상사고,0,0,2,0,차대차 - 추돌,안전운전불이행,포장 - 건조,맑음,단일로 - 기타,승용,0,56,상해없음,승용,0,22,경상,50.0,50.0
357,2019062200100474,16,토요일,경부,충청남도,중상사고,0,1,1,0,차대차 - 기타,안전운전불이행,포장 - 건조,맑음,단일로 - 기타,승용,1,59,상해없음,승용,1,49,중상,50.0,50.0
358,2019062200100622,20,토요일,경부,충청북도,중상사고,0,1,3,0,차대차 - 정면충돌,중앙선침범,포장 - 건조,맑음,단일로 - 기타,승용,1,31,상해없음,승합,0,52,경상,,
359,2019062300100430,17,일요일,경부,충청북도,경상사고,0,0,2,0,차대차 - 추돌,안전운전불이행,포장 - 건조,맑음,단일로 - 기타,승용,1,40,상해없음,승용,0,39,경상,30.0,30.0
360,2019062300100431,17,일요일,경부,충청북도,경상사고,0,0,2,0,차대차 - 추돌,안전운전불이행,포장 - 건조,맑음,단일로 - 기타,승용,1,27,상해없음,승용,1,25,경상,20.0,20.0
361,2019062500100492,17,화요일,경부,경기도,중상사고,0,2,5,1,차대차 - 추돌,안전운전불이행,포장 - 건조,맑음,단일로 - 기타,승용,0,38,부상신고,승용,1,55,중상,30.0,30.0
362,2019062600100266,12,수요일,경부,울산광역시,부상신고사고,0,0,0,1,차대차 - 추돌,안전운전불이행,포장 - 젖음/습기,비,단일로 - 기타,승용,1,22,상해없음,승용,1,32,부상신고,20.0,20.0
363,2019062600100312,13,수요일,경부,충청남도,경상사고,0,0,1,0,차대차 - 측면충돌,안전운전불이행,포장 - 건조,맑음,기타 - 기타,승용,1,25,상해없음,화물,0,58,경상,20.0,20.0
364,2019062800100130,8,금요일,경부,경기도,경상사고,0,0,2,0,차대차 - 측면충돌,안전거리미확보,포장 - 건조,맑음,단일로 - 기타,화물,0,41,경상,승용,0,42,경상,,
365,2019062800100238,11,금요일,경부,경기도,중상사고,0,1,2,0,차대차 - 기타,안전운전불이행,포장 - 건조,맑음,단일로 - 기타,승용,0,27,상해없음,승용,0,71,경상,20.0,20.0
366,2019062800100476,17,금요일,경부,울산광역시,경상사고,0,0,3,0,차대차 - 추돌,안전거리미확보,포장 - 건조,맑음,단일로 - 기타,승합,0,65,상해없음,승용,0,49,경상,60.0,60.0
367,2019062800100530,18,금요일,경부,충청남도,경상사고,0,0,1,1,차대차 - 측면충돌,차로위반,포장 - 건조,맑음,단일로 - 기타,화물,0,23,상해없음,승용,0,40,경상,20.0,20.0
368,2019062900100123,6,토요일,경부,울산광역시,경상사고,0,0,3,0,차대차 - 측면충돌,안전거리미확보,포장 - 건조,맑음,단일로 - 기타,승용,0,61,상해없음,승용,0,40,경상,,
369,2019062900100344,14,토요일,경부,충청북도,중상사고,0,1,2,0,차대차 - 추돌,안전운전불이행,포장 - 젖음/습기,비,기타 - 기타,승용,0,25,중상,화물,0,54,상해없음,20.0,20.0
370,2019062900100456,17,토요일,경부,부산광역시,경상사고,0,0,5,0,차대차 - 추돌,안전거리미확보,포장 - 젖음/습기,비,단일로 - 기타,승합,0,36,상해없음,승용,1,50,경상,30.0,30.0
371,2019062900100464,17,토요일,경부,경기도,경상사고,0,0,1,0,차대차 - 기타,차로위반,포장 - 젖음/습기,흐림,단일로 - 기타,승용,1,28,상해없음,승용,0,56,상해없음,20.0,20.0
372,2019063000100448,23,일요일,경부,충청북도,경상사고,0,0,1,0,차대차 - 기타,안전운전불이행,포장 - 건조,맑음,기타 - 기타,승용,0,58,상해없음,승용,0,49,경상,50.0,50.0
373,2019070100100055,3,월요일,경부,경상북도,중상사고,0,1,1,0,차대차 - 추돌,안전운전불이행,포장 - 건조,맑음,단일로 - 기타,승용,0,59,상해없음,화물,0,32,경상,50.0,50.0
374,2019070100100058,4,월요일,경부,울산광역시,중상사고,0,1,0,0,차대차 - 추돌,안전운전불이행,포장 - 건조,맑음,단일로 - 기타,승용,0,27,상해없음,승용,0,58,중상,20.0,20.0
375,2019070100100080,6,월요일,경부,경기도,경상사고,0,0,2,0,차대차 - 기타,안전운전불이행,포장 - 건조,맑음,단일로 - 기타,승합,0,44,상해없음,화물,0,56,경상,40.0,40.0
376,2019070100100321,13,월요일,경부,경기도,경상사고,0,0,5,4,차대차 - 기타,안전운전불이행,포장 - 건조,맑음,단일로 - 기타,승용,1,45,상해없음,승합,0,59,경상,40.0,40.0
377,2019070200100043,0,화요일,경부,경기도,중상사고,0,2,0,0,차대차 - 기타,안전거리미확보,포장 - 건조,맑음,단일로 - 기타,건설기계,0,34,상해없음,화물,0,58,중상,30.0,30.0
378,2019070300100050,5,수요일,경부,경상남도,중상사고,0,1,0,0,차대차 - 측면충돌,안전운전불이행,포장 - 건조,맑음,기타 - 기타,승용,0,28,상해없음,승용,1,36,중상,20.0,20.0
379,2019070400100062,5,목요일,경부,경기도,경상사고,0,0,1,0,차대차 - 기타,안전운전불이행,포장 - 건조,맑음,단일로 - 기타,승용,0,64,상해없음,건설기계,0,42,경상,60.0,60.0
380,2019070400100086,7,목요일,경부,경상남도,사망사고,1,2,10,1,차대차 - 추돌,안전운전불이행,포장 - 건조,맑음,단일로 - 기타,승용,0,59,사망,승용,1,47,중상,50.0,50.0
381,2019070400100093,7,목요일,경부,서울특별시,중상사고,0,1,0,0,차대차 - 기타,안전운전불이행,포장 - 건조,맑음,단일로 - 기타,승용,0,63,상해없음,승용,0,37,중상,60.0,60.0
382,2019070400100390,15,목요일,경부,경기도,경상사고,0,0,1,0,차대차 - 추돌,안전운전불이행,포장 - 건조,맑음,단일로 - 기타,승용,0,33,상해없음,승용,0,82,경상,30.0,30.0
383,2019070400100520,18,목요일,경부,경기도,경상사고,0,0,1,0,차대차 - 기타,안전운전불이행,포장 - 건조,맑음,단일로 - 기타,승용,0,24,상해없음,승용,0,32,경상,20.0,20.0
384,2019070500100054,2,금요일,경부,충청북도,경상사고,0,0,1,0,차대차 - 기타,안전운전불이행,포장 - 건조,맑음,단일로 - 기타,화물,0,56,상해없음,화물,0,37,경상,50.0,50.0
385,2019070500100420,16,금요일,경부,경상남도,경상사고,0,0,1,0,차대차 - 기타,안전운전불이행,포장 - 건조,맑음,단일로 - 기타,화물,0,64,상해없음,승용,1,23,경상,60.0,60.0
386,2019070500100674,22,금요일,경부,대전광역시,경상사고,0,0,2,0,차대차 - 측면충돌,안전운전불이행,포장 - 건조,맑음,단일로 - 기타,특수,0,59,상해없음,승용,0,35,경상,50.0,50.0
387,2019070600100084,3,토요일,경부,충청남도,사망사고,1,0,0,0,차대차 - 추돌,안전운전불이행,포장 - 건조,맑음,단일로 - 기타,승용,0,37,상해없음,화물,0,57,상해없음,30.0,30.0
388,2019070600100309,12,토요일,경부,경기도,경상사고,0,0,1,1,차대차 - 추돌,안전운전불이행,포장 - 건조,맑음,단일로 - 기타,승용,0,46,상해없음,승용,1,44,경상,40.0,40.0
389,2019070600100428,15,토요일,경부,경상남도,중상사고,0,1,0,0,차대차 - 측면충돌,안전거리미확보,포장 - 건조,맑음,단일로 - 기타,승용,1,43,상해없음,승용,1,31,중상,40.0,40.0
390,2019070700100098,7,일요일,경부,충청남도,사망사고,1,0,0,0,차대차 - 기타,안전운전불이행,포장 - 건조,맑음,단일로 - 기타,승용,0,56,상해없음,승용,0,56,사망,50.0,50.0
391,2019070700100265,14,일요일,경부,충청남도,경상사고,0,0,2,0,차대차 - 추돌,안전운전불이행,포장 - 건조,맑음,단일로 - 기타,승용,1,60,상해없음,승용,1,34,경상,50.0,50.0
392,2019070800100341,14,월요일,경부,충청북도,경상사고,0,0,1,0,차대차 - 측면충돌,안전운전불이행,포장 - 건조,맑음,단일로 - 기타,승용,1,43,상해없음,승용,0,32,경상,40.0,40.0
393,2019070900100099,7,화요일,경부,경기도,중상사고,0,1,0,0,차대차 - 측면충돌,안전거리미확보,포장 - 건조,맑음,단일로 - 기타,승용,0,26,상해없음,승용,0,62,중상,20.0,20.0
394,2019071000100405,17,수요일,경부,부산광역시,경상사고,0,0,4,1,차대차 - 추돌,안전거리미확보,포장 - 건조,맑음,단일로 - 기타,승용,1,48,상해없음,승합,0,57,상해없음,40.0,40.0