,사고번호,사고일시,요일,도로종류,시군구,사고내용,사망자수,중상자수,경상자수,부상신고자수,사고유형,법규위반,노면상태,기상상태,도로형태,가해운전자 차종,가해운전자 성별,가해운전자 연령,가해운전자 상해정도,피해운전자 차종,피해운전자 성별,피해운전자 연령,피해운전자 상해정도,연령대,가해연령대
395,2019071000100454,18,수요일,경부,울산광역시,경상사고,0,0,1,0,차대차 - 측면충돌,안전운전불이행,포장 - 젖음/습기,비,단일로 - 기타,승용,0,36,상해없음,승용,1,32,경상,30.0,30.0
396,2019071000100502,19,수요일,경부,부산광역시,경상사고,0,0,1,0,차대차 - 측면충돌,안전거리미확보,포장 - 젖음/습기,비,단일로 - 기타,승용,0,51,상해없음,승용,0,21,상해없음,,
397,2019071100100027,0,목요일,경부,경기도,중상사고,0,3,0,0,차대차 - 측면충돌,안전거리미확보,포장 - 젖음/습기,비,단일로 - 기타,화물,0,64,상해없음,승용,1,27,중상,60.0,60.0
398,2019071100100196,9,목요일,경부,대구광역시,경상사고,0,0,4,0,차대차 - 추돌,안전거리미확보,포장 - 건조,맑음,단일로 - 기타,승용,0,58,경상,승용,0,27,경상,50.0,50.0
399,2019071100100439,17,목요일,경부,경기도,중상사고,0,3,9,0,차대차 - 측면충돌,안전운전불이행,포장 - 건조,맑음,단일로 - 기타,승용,0,28,상해없음,승합,0,67,상해없음,20.0,20.0
400,2019071200100227,10,금요일,경부,경기도,경상사고,0,0,1,0,차대차 - 측면충돌,안전거리미확보,포장 - 건조,맑음,단일로 - 기타,화물,0,59,상해없음,승용,0,40,경상,50.0,50.0
401,2019071200100404,15,금요일,경부,경기도,중상사고,0,1,4,2,차대차 - 기타,안전운전불이행,포장 - 건조,맑음,단일로 - 기타,승용,0,26,중상,승용,0,27,경상,20.0,20.0
402,2019071200100494,17,금요일,경부,경기도,경상사고,0,0,1,0,차대차 - 추돌,안전운전불이행,포장 - 건조,맑음,단일로 - 기타,승용,1,30,상해없음,승용,0,63,경상,20.0,20.0
403,2019071200100635,20,금요일,경부,경기도,경상사고,0,0,1,0,차대차 - 추돌,안전운전불이행,포장 - 건조,맑음,단일로 - 기타,승용,0,35,상해없음,승용,0,38,경상,30.0,30.0
404,2019071300100090,6,토요일,경부,울산광역시,경상사고,0,0,1,0,차대차 - 추돌,안전운전불이행,포장 - 건조,맑음,단일로 - 기타,승용,0,39,상해없음,승용,1,59,경상,30.0,30.0
405,2019071300100142,9,토요일,경부,충청북도,중상사고,0,1,3,0,차대차 - 추돌,안전운전불이행,포장 - 건조,맑음,단일로 - 기타,화물,0,48,상해없음,승용,0,45,중상,40.0,40.0
406,2019071300100429,17,토요일,경부,충청남도,경상사고,0,0,5,0,차대차 - 기타,안전운전불이행,포장 - 건조,맑음,단일로 - 기타,승용,1,58,상해없음,승용,1,34,경상,50.0,50.0
407,2019071400100026,0,일요일,경부,경기도,경상사고,0,0,2,0,차대차 - 기타,안전운전불이행,포장 - 건조,맑음,단일로 - 기타,승용,0,41,상해없음,승용,0,23,경상,,
408,2019071400100041,1,일요일,경부,경기도,중상사고,0,1,0,1,차대차 - 기타,안전거리미확보,포장 - 건조,맑음,단일로 - 기타,승용,1,32,부상신고,화물,0,50,중상,30.0,30.0
409,2019071400100164,11,일요일,경부,울산광역시,경상사고,0,0,1,0,차대차 - 추돌,안전거리미확보,포장 - 건조,맑음,단일로 - 기타,승용,0,31,상해없음,승용,0,48,상해없음,,
410,2019071400100387,18,일요일,경부,대전광역시,경상사고,0,0,4,0,차량단독 - 전도전복 - 전도,안전운전불이행,포장 - 젖음/습기,비,기타 - 기타,승용,0,18,경상,기타불명,2,0,기타불명,20.0,20.0
411,2019071400100435,20,일요일,경부,경기도,중상사고,0,1,0,0,차대차 - 추돌,안전운전불이행,포장 - 건조,맑음,단일로 - 기타,승용,0,35,상해없음,승용,0,30,중상,30.0,30.0
412,2019071500100344,15,월요일,경부,경기도,경상사고,0,0,1,0,차대차 - 기타,안전운전불이행,포장 - 젖음/습기,비,단일로 - 기타,승용,0,20,상해없음,화물,0,58,경상,20.0,20.0
413,2019071600100415,17,화요일,경부,부산광역시,경상사고,0,0,1,0,차대차 - 측면충돌,안전거리미확보,포장 - 건조,맑음,단일로 - 기타,승합,0,40,상해없음,승용,1,44,경상,30.0,30.0
414,2019071600100472,18,화요일,경부,부산광역시,중상사고,0,1,2,0,차대차 - 추돌,안전운전불이행,포장 - 건조,맑음,단일로 - 기타,승합,0,39,상해없음,승용,0,42,중상,30.0,30.0
415,2019071700100190,10,수요일,경부,경상남도,경상사고,0,0,1,0,차대차 - 기타,안전운전불이행,포장 - 건조,맑음,단일로 - 기타,특수,0,66,상해없음,승용,1,49,경상,60.0,60.0
416,2019071700100362,15,수요일,경부,경상남도,경상사고,0,0,3,0,차대차 - 기타,안전운전불이행,포장 - 건조,맑음,단일로 - 기타,승용,0,68,상해없음,승용,0,21,경상,60.0,60.0
417,2019071800100148,9,목요일,경부,경기도,중상사고,0,2,0,0,차대차 - 추돌,안전운전불이행,포장 - 건조,맑음,단일로 - 기타,승용,0,21,상해없음,승합,0,61,상해없음,20.0,20.0
418,2019071800100272,13,목요일,경부,경기도,부상신고사고,0,0,0,1,차대차 - 기타,안전운전불이행,포장 - 건조,맑음,기타 - 기타,승용,1,26,상해없음,승용,0,53,상해없음,20.0,20.0
419,2019071900100276,11,금요일,경부,대구광역시,중상사고,0,4,0,0,차대차 - 추돌,안전거리미확보,포장 - 젖음/습기,흐림,단일로 - 기타,승합,0,53,상해없음,승용,1,52,중상,50.0,50.0
420,2019071900100309,12,금요일,경부,경기도,경상사고,0,0,2,0,차대차 - 추돌,안전운전불이행,포장 - 건조,맑음,단일로 - 기타,승용,0,55,상해없음,승용,0,46,경상,50.0,50.0
421,2019072000100108,5,토요일,경부,경상남도,경상사고,0,0,2,0,차대차 - 측면충돌,안전운전불이행,포장 - 젖음/습기,비,단일로 - 기타,승용,0,35,상해없음,승용,0,35,경상,30.0,30.0
422,2019072000100113,6,토요일,경부,경기도,경상사고,0,0,3,0,차대차 - 추돌,안전운전불이행,포장 - 건조,맑음,단일로 - 기타,승용,0,33,상해없음,승용,0,42,경상,30.0,30.0
423,2019072000100366,15,토요일,경부,경기도,중상사고,0,1,1,0,차대차 - 기타,안전거리미확보,포장 - 건조,맑음,단일로 - 기타,승용,0,34,상해없음,승용,0,45,중상,30.0,30.0
424,2019072100100190,11,일요일,경부,충청북도,경상사고,0,0,2,0,차대차 - 추돌,안전운전불이행,포장 - 건조,맑음,단일로 - 기타,승용,0,35,상해없음,승용,0,56,경상,30.0,30.0
425,2019072100100476,22,일요일,경부,경기도,부상신고사고,0,0,0,1,차대차 - 기타,안전운전불이행,포장 - 건조,맑음,단일로 - 기타,승합,0,58,상해없음,승용,0,57,상해없음,50.0,50.0
426,2019072200100079,6,월요일,경부,경기도,경상사고,0,0,1,0,차대차 - 측면충돌,안전운전불이행,포장 - 건조,맑음,단일로 - 기타,승용,0,71,상해없음,승용,0,32,경상,70.0,70.0
427,2019072200100242,11,월요일,경부,경기도,경상사고,0,0,1,0,차대차 - 기타,안전거리미확보,포장 - 건조,맑음,단일로 - 기타,승용,1,36,상해없음,화물,0,39,경상,30.0,30.0
428,2019072200100400,15,월요일,경부,경기도,경상사고,0,0,1,0,차대차 - 추돌,안전운전불이행,포장 - 건조,맑음,단일로 - 기타,승용,1,31,상해없음,승용,0,31,경상,,
429,2019072300100097,7,화요일,경부,부산광역시,경상사고,0,0,1,0,차대차 - 추돌,안전거리미확보,포장 - 건조,맑음,단일로 - 기타,화물,0,65,상해없음,승용,0,55,경상,60.0,60.0
430,2019072300100292,13,화요일,경부,경상남도,경상사고,0,0,1,0,차대차 - 추돌,안전운전불이행,포장 - 건조,맑음,단일로 - 기타,특수,0,52,상해없음,화물,0,62,경상,50.0,50.0
431,2019072400100061,3,수요일,경부,경기도,경상사고,0,0,3,1,차대차 - 추돌,안전운전불이행,포장 - 젖음/습기,흐림,단일로 - 기타,화물,0,38,상해없음,승용,0,51,경상,30.0,30.0
432,2019072400100191,10,수요일,경부,경기도,부상신고사고,0,0,0,1,차대차 - 기타,안전운전불이행,포장 - 젖음/습기,비,단일로 - 기타,화물,0,65,상해없음,승용,0,52,부상신고,60.0,60.0
433,2019072400100260,12,수요일,경부,경기도,경상사고,0,0,1,0,차대차 - 측면충돌,안전거리미확보,포장 - 건조,흐림,단일로 - 기타,승합,0,52,상해없음,승용,0,37,경상,50.0,50.0
434,2019072500100325,14,목요일,경부,경상남도,경상사고,0,0,2,0,차대차 - 추돌,안전운전불이행,포장 - 건조,흐림,단일로 - 기타,특수,0,63,경상,화물,0,25,경상,60.0,60.0
435,2019072600100100,7,금요일,경부,경기도,경상사고,0,0,1,1,차대차 - 기타,안전거리미확보,포장 - 젖음/습기,흐림,단일로 - 기타,승용,1,35,부상신고,화물,0,44,경상,30.0,30.0
436,2019072600100185,10,금요일,경부,경기도,경상사고,0,0,3,0,차대차 - 추돌,안전거리미확보,포장 - 젖음/습기,비,단일로 - 기타,승용,1,25,상해없음,승용,1,38,경상,20.0,20.0
437,2019072700100184,9,토요일,경부,경기도,경상사고,0,0,4,0,차대차 - 추돌,안전운전불이행,포장 - 건조,맑음,단일로 - 기타,승용,1,58,상해없음,승용,0,44,경상,50.0,50.0
438,2019072700100224,10,토요일,경부,경기도,경상사고,0,0,1,1,차대차 - 추돌,안전운전불이행,포장 - 건조,맑음,단일로 - 기타,승용,0,25,상해없음,승용,1,37,경상,20.0,20.0
439,2019072700100423,16,토요일,경부,경기도,경상사고,0,0,2,3,차대차 - 기타,안전운전불이행,포장 - 건조,맑음,단일로 - 기타,화물,0,48,상해없음,승용,0,37,경상,40.0,40.0
440,2019072800100103,8,일요일,경부,경기도,경상사고,0,0,1,0,차대차 - 기타,안전운전불이행,포장 - 건조,맑음,단일로 - 기타,승용,0,56,상해없음,승용,0,32,경상,50.0,50.0
441,2019072800100317,18,일요일,경부,경기도,중상사고,0,1,0,1,차대차 - 기타,안전운전불이행,포장 - 젖음/습기,비,단일로 - 기타,승용,0,27,상해없음,승합,0,48,상해없음,20.0,20.0
442,2019072900100177,10,월요일,경부,경기도,경상사고,0,0,5,0,차대차 - 추돌,안전거리미확보,포장 - 건조,맑음,단일로 - 기타,승용,0,64,상해없음,승용,0,48,경상,60.0,60.0
443,2019072900100251,12,월요일,경부,경기도,경상사고,0,0,2,0,차대차 - 기타,안전거리미확보,포장 - 건조,맑음,단일로 - 기타,승용,1,51,상해없음,승합,0,47,상해없음,,
444,2019072900100622,21,월요일,경부,경기도,중상사고,0,1,1,0,차대차 - 측면충돌,안전운전불이행,포장 - 건조,맑음,단일로 - 기타,기타불명,2,0,기타불명,승용,1,35,중상,20.0,20.0
445,2019072900100629,21,월요일,경부,대전광역시,경상사고,0,0,1,0,차대차 - 추돌,안전운전불이행,포장 - 건조,맑음,단일로 - 기타,화물,0,46,상해없음,화물,0,51,경상,40.0,40.0
446,2019073100100272,12,수요일,경부,경기도,중상사고,0,1,4,0,차대차 - 추돌,안전운전불이행,포장 - 젖음/습기,비,단일로 - 기타,화물,0,54,상해없음,승용,1,53,중상,50.0,50.0
447,2019073100100299,13,수요일,경부,부산광역시,경상사고,0,0,1,0,차대차 - 기타,안전운전불이행,포장 - 건조,맑음,단일로 - 교량,승용,1,45,상해없음,승용,1,56,상해없음,40.0,40.0
448,2019080100100107,7,목요일,경부,서울특별시,경상사고,0,0,1,0,차대차 - 추돌,안전운전불이행,포장 - 건조,맑음,단일로 - 기타,승용,0,26,상해없음,승용,0,37,경상,20.0,20.0
449,2019080200100174,10,금요일,경부,경기도,경상사고,0,0,1,0,차대차 - 추돌,안전운전불이행,포장 - 건조,맑음,단일로 - 기타,승용,0,39,상해없음,승용,0,30,경상,30.0,30.0
450,2019080200100291,13,금요일,경부,충청남도,경상사고,0,0,1,0,차대차 - 추돌,안전운전불이행,포장 - 건조,맑음,단일로 - 기타,승용,0,56,기타불명,승용,0,45,경상,50.0,50.0
451,2019080200100375,15,금요일,경부,경기도,경상사고,0,0,3,0,차대차 - 추돌,안전운전불이행,포장 - 건조,맑음,단일로 - 기타,승합,0,59,상해없음,승합,0,44,경상,50.0,50.0
452,2019080300100197,11,토요일,경부,충청남도,경상사고,0,0,1,0,차대차 - 추돌,안전거리미확보,포장 - 건조,맑음,단일로 - 기타,승용,0,31,상해없음,승용,0,34,경상,,
453,2019080300100372,16,토요일,경부,경상북도,중상사고,0,2,4,0,차대차 - 추돌,안전운전불이행,포장 - 건조,맑음,단일로 - 기타,승용,0,53,상해없음,승용,1,37,경상,50.0,50.0
454,2019080400100028,0,일요일,경부,경기도,경상사고,0,0,2,1,차대차 - 추돌,기타,포장 - 건조,맑음,단일로 - 기타,화물,0,61,상해없음,화물,0,65,부상신고,,
455,2019080400100029,0,일요일,경부,경기도,경상사고,0,0,1,0,차대차 - 추돌,안전운전불이행,포장 - 건조,맑음,단일로 - 기타,승용,0,36,상해없음,승용,0,56,경상,30.0,30.0
456,2019080400100248,13,일요일,경부,충청북도,경상사고,0,0,1,9,차대차 - 추돌,안전운전불이행,포장 - 건조,맑음,단일로 - 기타,승용,0,25,상해없음,승용,0,42,부상신고,20.0,20.0
457,2019080400100338,16,일요일,경부,경상북도,중상사고,0,1,2,0,차대차 - 측면충돌,안전운전불이행,포장 - 건조,맑음,단일로 - 기타,승용,0,28,상해없음,승용,0,42,중상,20.0,20.0
458,2019080500100262,12,월요일,경부,부산광역시,중상사고,0,1,1,0,차대차 - 측면충돌,안전거리미확보,포장 - 건조,맑음,단일로 - 기타,건설기계,0,60,상해없음,승용,0,29,경상,50.0,50.0
459,2019080500100270,12,월요일,경부,경기도,경상사고,0,0,1,0,차대차 - 기타,안전거리미확보,포장 - 건조,맑음,단일로 - 기타,특수,0,25,상해없음,화물,0,51,경상,20.0,20.0
460,2019080500100427,16,월요일,경부,울산광역시,경상사고,0,0,1,0,차대차 - 추돌,안전운전불이행,포장 - 건조,맑음,단일로 - 기타,승용,0,57,상해없음,승용,1,57,경상,50.0,50.0
461,2019080600100541,19,화요일,경부,울산광역시,중상사고,0,1,2,0,차대차 - 측면충돌,안전운전불이행,포장 - 젖음/습기,비,단일로 - 기타,승용,0,64,중상,화물,0,43,경상,60.0,60.0
462,2019080700100352,14,수요일,경부,충청남도,경상사고,0,0,1,0,차대차 - 기타,신호위반,포장 - 건조,맑음,단일로 - 기타,승용,1,39,상해없음,화물,0,35,경상,30.0,30.0
463,2019080700100463,17,수요일,경부,경기도,경상사고,0,0,2,0,차대차 - 추돌,기타,포장 - 건조,맑음,단일로 - 기타,승용,1,57,상해없음,승용,0,22,상해없음,50.0,50.0
464,2019080800100111,8,목요일,경부,경기도,경상사고,0,0,1,0,차대차 - 측면충돌,차로위반,포장 - 건조,맑음,단일로 - 기타,승용,1,54,상해없음,승용,1,45,경상,50.0,50.0
465,2019080800100282,12,목요일,경부,충청남도,경상사고,0,0,1,0,차대차 - 추돌,안전운전불이행,포장 - 젖음/습기,비,단일로 - 기타,승용,0,26,상해없음,화물,0,53,경상,20.0,20.0
466,2019080800100639,23,목요일,경부,경기도,중상사고,0,1,0,0,차대차 - 추돌,안전운전불이행,포장 - 건조,맑음,단일로 - 기타,승용,0,27,상해없음,승용,0,53,중상,20.0,20.0
467,2019080900100063,2,금요일,경부,충청북도,경상사고,0,0,1,0,차대차 - 추돌,안전운전불이행,포장 - 건조,맑음,단일로 - 기타,특수,0,32,경상,화물,0,59,상해없음,30.0,30.0
468,2019080900100353,13,금요일,경부,충청남도,경상사고,0,0,2,0,차대차 - 측면충돌,안전운전불이행,포장 - 건조,맑음,기타 - 기타,화물,0,62,상해없음,승용,0,45,경상,60.0,60.0
469,2019081000100238,10,토요일,경부,경기도,중상사고,0,1,6,0,차대차 - 추돌,안전운전불이행,포장 - 건조,맑음,단일로 - 기타,승용,1,32,상해없음,승용,0,41,경상,30.0,30.0
470,2019081000100327,12,토요일,경부,대구광역시,경상사고,0,0,1,0,차대차 - 추돌,안전운전불이행,포장 - 건조,맑음,단일로 - 기타,화물,0,53,상해없음,승용,1,46,경상,50.0,50.0
471,2019081000100413,14,토요일,경부,충청남도,경상사고,0,0,3,0,차대차 - 추돌,안전운전불이행,포장 - 건조,맑음,기타 - 기타,승용,0,48,경상,승용,0,50,상해없음,40.0,40.0
472,2019081100100025,0,일요일,경부,경기도,경상사고,0,0,1,0,차대차 - 추돌,안전운전불이행,포장 - 건조,맑음,단일로 - 기타,승용,0,24,경상,승용,0,26,상해없음,20.0,20.0
473,2019081200100103,7,월요일,경부,경상남도,경상사고,0,0,1,0,차대차 - 측면충돌,안전거리미확보,포장 - 건조,맑음,단일로 - 기타,특수,0,40,상해없음,승용,0,47,경상,30.0,30.0
474,2019081200100143,8,월요일,경부,경기도,경상사고,0,0,1,1,차대차 - 추돌,안전운전불이행,포장 - 건조,맑음,단일로 - 기타,승용,0,33,상해없음,승용,1,63,경상,30.0,30.0
475,2019081200100153,8,월요일,경부,충청남도,경상사고,0,0,3,0,차대차 - 추돌,안전운전불이행,포장 - 건조,맑음,단일로 - 기타,승합,0,65,상해없음,승용,0,25,경상,60.0,60.0
476,2019081200100250,11,월요일,경부,부산광역시,경상사고,0,0,1,0,차대차 - 추돌,안전운전불이행,포장 - 건조,맑음,단일로 - 기타,화물,0,68,상해없음,승용,0,43,경상,60.0,60.0
477,2019081200100257,11,월요일,경부,경기도,경상사고,0,0,4,2,차대차 - 추돌,안전운전불이행,포장 - 젖음/습기,흐림,단일로 - 기타,화물,0,82,부상신고,승용,0,18,경상,70.0,70.0
478,2019081300100068,5,화요일,경부,대전광역시,경상사고,0,0,1,0,차대차 - 추돌,안전운전불이행,포장 - 건조,맑음,기타 - 기타,승용,0,53,상해없음,승용,1,51,경상,50.0,50.0
479,2019081300100429,16,화요일,경부,경기도,중상사고,0,1,1,0,차대차 - 추돌,안전운전불이행,포장 - 건조,맑음,단일로 - 기타,화물,0,39,상해없음,승용,0,66,중상,30.0,30.0
480,2019081400100363,13,수요일,경부,충청북도,경상사고,0,0,1,0,차대차 - 추돌,안전운전불이행,포장 - 건조,맑음,단일로 - 기타,승용,0,43,상해없음,승용,0,37,경상,40.0,40.0
481,2019081500100427,19,목요일,경부,경기도,중상사고,0,1,0,0,차대차 - 기타,안전운전불이행,포장 - 젖음/습기,흐림,단일로 - 기타,승용,0,53,상해없음,승용,0,26,중상,50.0,50.0
482,2019081600100060,5,금요일,경부,경기도,경상사고,0,0,2,0,차대차 - 측면충돌,안전거리미확보,포장 - 건조,맑음,단일로 - 기타,화물,0,37,상해없음,승용,0,24,경상,30.0,30.0
483,2019081600100489,17,금요일,경부,대구광역시,사망사고,1,0,1,0,차대차 - 추돌,안전운전불이행,포장 - 건조,맑음,단일로 - 기타,화물,0,65,사망,승용,0,30,경상,60.0,60.0
484,2019081600100539,18,금요일,경부,경상북도,중상사고,0,2,0,0,차대차 - 측면충돌,안전운전불이행,포장 - 젖음/습기,비,단일로 - 기타,승용,0,29,상해없음,승용,0,47,중상,20.0,20.0
485,2019081700100080,4,토요일,경부,대구광역시,중상사고,0,1,0,0,차대차 - 기타,안전운전불이행,포장 - 건조,맑음,단일로 - 기타,화물,0,51,상해없음,승용,0,27,중상,,
486,2019081700100283,13,토요일,경부,충청남도,경상사고,0,0,1,0,차대차 - 기타,안전운전불이행,포장 - 건조,흐림,단일로 - 기타,승용,0,32,상해없음,승용,1,39,경상,30.0,30.0
487,2019081700100324,14,토요일,경부,충청남도,경상사고,0,0,5,0,차대차 - 기타,안전운전불이행,포장 - 젖음/습기,비,단일로 - 기타,승용,0,34,상해없음,승합,0,55,경상,30.0,30.0
488,2019081700100451,17,토요일,경부,충청남도,경상사고,0,0,1,0,차대차 - 기타,신호위반,포장 - 건조,맑음,단일로 - 기타,승용,0,45,상해없음,승용,1,53,기타불명,40.0,40.0
489,2019081700100456,17,토요일,경부,대구광역시,중상사고,0,1,1,0,차대차 - 측면충돌,안전운전불이행,포장 - 건조,맑음,단일로 - 기타,특수,0,50,상해없음,승용,0,18,경상,40.0,40.0
490,2019081800100382,19,일요일,경부,경기도,경상사고,0,0,1,0,차대차 - 기타,안전거리미확보,포장 - 건조,맑음,단일로 - 기타,승용,1,47,상해없음,승용,0,28,경상,40.0,40.0
491,2019081900100079,7,월요일,경부,경상남도,경상사고,0,0,1,0,차대차 - 추돌,안전거리미확보,포장 - 건조,맑음,단일로 - 기타,승용,0,40,상해없음,승용,0,29,경상,30.0,30.0
492,2019081900100354,15,월요일,경부,경기도,경상사고,0,0,1,0,차대차 - 기타,안전운전불이행,포장 - 건조,맑음,단일로 - 기타,승합,0,72,상해없음,승용,1,28,경상,70.0,70.0
493,2019081900100621,23,월요일,경부,경상북도,사망사고,1,1,0,0,차대차 - 추돌,안전거리미확보,포장 - 건조,맑음,단일로 - 기타,화물,0,55,사망,화물,0,30,상해없음,50.0,50.0
494,2019082000100265,12,화요일,경부,서울특별시,중상사고,0,1,3,0,차대차 - 추돌,안전운전불이행,포장 - 건조,맑음,단일로 - 기타,화물,0,70,상해없음,승용,0,60,경상,60.0,60.0
495,2019082100100289,13,수요일,경부,경기도,경상사고,0,0,2,0,차대차 - 기타,안전운전불이행,포장 - 건조,흐림,단일로 - 기타,화물,0,57,상해없음,승합,0,40,경상,50.0,50.0
496,2019082100100459,17,수요일,경부,충청남도,경상사고,0,0,1,0,차대차 - 추돌,안전운전불이행,포장 - 건조,맑음,단일로 - 기타,승용,0,70,상해없음,승용,1,61,경상,60.0,60.0
497,2019082100100560,19,수요일,경부,경상북도,중상사고,0,1,2,0,차대차 - 측면충돌,안전운전불이행,포장 - 젖음/습기,비,단일로 - 기타,화물,0,46,상해없음,승용,0,49,경상,40.0,40.0
498,2019082200100116,7,목요일,경부,경기도,경상사고,0,0,2,0,차대차 - 추돌,안전운전불이행,포장 - 건조,맑음,단일로 - 기타,승용,0,53,상해없음,승용,1,47,경상,50.0,50.0
499,2019082200100347,14,목요일,경부,부산광역시,경상사고,0,0,1,0,차대차 - 측면충돌,안전운전불이행,포장 - 건조,맑음,단일로 - 기타,승용,0,51,상해없음,승용,0,43,경상,,
500,2019082200100352,14,목요일,경부,경기도,경상사고,0,0,1,0,차대차 - 추돌,안전거리미확보,포장 - 건조,맑음,단일로 - 기타,승용,0,52,상해없음,승용,1,40,경상,50.0,50.0
501,2019082200100458,17,목요일,경부,울산광역시,중상사고,0,1,0,0,차대차 - 측면충돌,안전거리미확보,포장 - 건조,맑음,단일로 - 기타,승합,0,59,상해없음,승용,0,38,중상,50.0,50.0
502,2019082200100533,18,목요일,경부,충청남도,경상사고,0,0,1,0,차대차 - 측면충돌,안전운전불이행,포장 - 건조,맑음,기타 - 기타,승합,0,60,상해없음,승용,0,36,경상,50.0,50.0
503,2019082300100579,19,금요일,경부,경기도,경상사고,0,0,1,0,차대차 - 추돌,안전운전불이행,포장 - 건조,맑음,단일로 - 기타,승용,0,56,상해없음,승용,0,33,경상,50.0,50.0
504,2019082400100145,7,토요일,경부,경상북도,부상신고사고,0,0,0,1,차대차 - 기타,안전운전불이행,포장 - 건조,맑음,단일로 - 기타,승용,0,26,기타불명,화물,0,39,부상신고,20.0,20.0
505,2019082400100179,9,토요일,경부,경기도,경상사고,0,0,1,0,차대차 - 추돌,안전운전불이행,포장 - 건조,맑음,단일로 - 기타,승용,0,40,상해없음,승용,1,42,경상,30.0,30.0
506,2019082400100420,16,토요일,경부,대구광역시,경상사고,0,0,1,0,차대차 - 추돌,안전거리미확보,포장 - 건조,맑음,단일로 - 기타,특수,0,27,상해없음,승용,0,50,경상,20.0,20.0
507,2019082400100521,19,토요일,경부,경기도,경상사고,0,0,1,0,차대차 - 추돌,안전운전불이행,포장 - 건조,맑음,단일로 - 기타,승합,0,62,상해없음,승용,0,31,경상,60.0,60.0
508,2019082500100188,12,일요일,경부,경기도,중상사고,0,1,13,0,차대차 - 측면충돌,안전거리미확보,포장 - 건조,맑음,단일로 - 기타,승용,0,59,상해없음,승합,0,29,경상,50.0,50.0
509,2019082500100517,22,일요일,경부,경기도,경상사고,0,0,1,0,차대차 - 기타,안전운전불이행,포장 - 건조,맑음,단일로 - 기타,승용,0,48,경상,승용,0,55,상해없음,40.0,40.0
510,2019082600100190,9,월요일,경부,경기도,경상사고,0,0,1,0,차대차 - 측면충돌,안전거리미확보,포장 - 건조,맑음,단일로 - 기타,승용,0,19,상해없음,승용,0,42,경상,20.0,20.0
511,2019082600100197,9,월요일,경부,충청북도,중상사고,0,1,2,0,차대차 - 측면충돌,안전운전불이행,포장 - 건조,맑음,단일로 - 기타,승용,0,65,상해없음,승용,0,49,상해없음,60.0,60.0
512,2019082600100204,9,월요일,경부,대구광역시,경상사고,0,0,1,0,차대차 - 추돌,안전거리미확보,포장 - 건조,맑음,단일로 - 기타,승합,0,37,상해없음,승용,1,32,경상,30.0,30.0
513,2019082600100259,11,월요일,경부,부산광역시,경상사고,0,0,3,0,차대차 - 측면충돌,안전거리미확보,포장 - 건조,맑음,단일로 - 기타,화물,0,55,상해없음,승용,0,35,경상,50.0,50.0
514,2019082600100631,20,월요일,경부,경기도,부상신고사고,0,0,0,2,차대차 - 추돌,안전운전불이행,포장 - 건조,흐림,단일로 - 기타,화물,0,29,상해없음,승용,0,24,부상신고,20.0,20.0
515,2019082700100390,15,화요일,경부,경기도,경상사고,0,0,1,0,차대차 - 기타,안전거리미확보,포장 - 건조,맑음,단일로 - 기타,화물,0,56,상해없음,승용,0,32,상해없음,50.0,50.0
516,2019082800100032,0,수요일,경부,대전광역시,경상사고,0,0,5,0,차대차 - 기타,안전운전불이행,포장 - 건조,맑음,단일로 - 기타,특수,0,43,상해없음,특수,0,63,상해없음,40.0,40.0
517,2019082800100033,0,수요일,경부,경상북도,중상사고,0,1,1,0,차대차 - 추돌,안전운전불이행,포장 - 건조,흐림,단일로 - 기타,승용,0,64,중상,승용,0,56,경상,60.0,60.0
518,2019082800100048,2,수요일,경부,대구광역시,중상사고,0,2,0,0,차대차 - 추돌,안전운전불이행,포장 - 건조,맑음,단일로 - 기타,화물,0,52,중상,화물,0,64,중상,50.0,50.0
519,2019082800100100,7,수요일,경부,충청남도,중상사고,0,1,0,0,차량단독 - 기타,안전운전불이행,포장 - 건조,맑음,기타 - 기타,특수,0,47,중상,기타불명,2,0,기타불명,40.0,40.0
520,2019082800100266,12,수요일,경부,경기도,경상사고,0,0,1,0,차대차 - 기타,기타,포장 - 건조,맑음,단일로 - 기타,화물,0,36,상해없음,승용,1,34,경상,30.0,30.0
521,2019082800100337,14,수요일,경부,충청북도,경상사고,0,0,1,0,차대차 - 기타,안전운전불이행,포장 - 건조,맑음,기타 - 기타,기타불명,2,0,기타불명,승용,1,48,경상,20.0,20.0
522,2019082800100568,20,수요일,경부,울산광역시,경상사고,0,0,1,0,차대차 - 측면충돌,안전거리미확보,포장 - 건조,맑음,단일로 - 기타,화물,0,50,상해없음,승용,0,51,경상,40.0,40.0
523,2019083000100421,15,금요일,경부,경기도,중상사고,0,3,1,1,차대차 - 추돌,안전운전불이행,포장 - 건조,맑음,단일로 - 기타,승용,0,46,부상신고,승용,0,47,중상,40.0,40.0
524,2019083000100422,15,금요일,경부,경기도,경상사고,0,0,2,4,차대차 - 추돌,안전거리미확보,포장 - 건조,맑음,단일로 - 기타,화물,0,44,경상,승용,0,49,경상,40.0,40.0
525,2019083000100423,15,금요일,경부,서울특별시,중상사고,0,1,0,0,차대차 - 추돌,안전운전불이행,포장 - 건조,맑음,단일로 - 기타,승용,0,23,상해없음,승용,1,39,중상,20.0,20.0