,사고번호,사고일시,요일,도로종류,시군구,사고내용,사망자수,중상자수,경상자수,부상신고자수,사고유형,법규위반,노면상태,기상상태,도로형태,가해운전자 차종,가해운전자 성별,가해운전자 연령,가해운전자 상해정도,피해운전자 차종,피해운전자 성별,피해운전자 연령,피해운전자 상해정도,연령대,가해연령대
788,2019120700100450,17,토요일,경부,대구광역시,경상사고,0,0,3,0,차대차 - 기타,안전운전불이행,포장 - 건조,맑음,단일로 - 기타,승용,0,52,상해없음,승합,0,67,경상,50.0,50.0
789,2019120700100491,18,토요일,경부,충청남도,부상신고사고,0,0,0,2,차대차 - 추돌,안전운전불이행,포장 - 건조,맑음,단일로 - 기타,승용,0,62,상해없음,승용,0,38,부상신고,60.0,60.0
790,2019120800100212,11,일요일,경부,경기도,경상사고,0,0,1,0,차대차 - 기타,안전운전불이행,포장 - 건조,맑음,단일로 - 기타,기타불명,2,0,기타불명,화물,0,59,경상,20.0,20.0
791,2019120800100516,23,일요일,경부,울산광역시,중상사고,0,2,0,0,차대차 - 추돌,안전운전불이행,포장 - 건조,맑음,단일로 - 기타,승용,0,28,상해없음,승용,0,28,중상,20.0,20.0
792,2019120900100256,11,월요일,경부,대구광역시,경상사고,0,0,3,0,차대차 - 측면충돌,안전운전불이행,포장 - 건조,맑음,단일로 - 기타,화물,0,60,기타불명,승용,0,35,경상,50.0,50.0
793,2019120900100276,12,월요일,경부,경기도,경상사고,0,0,1,0,차대차 - 기타,안전운전불이행,포장 - 건조,맑음,단일로 - 기타,화물,0,34,상해없음,화물,0,36,경상,30.0,30.0
794,2019120900100277,12,월요일,경부,경기도,경상사고,0,0,1,0,차대차 - 기타,기타,포장 - 건조,맑음,단일로 - 기타,승용,0,29,상해없음,승용,0,56,경상,20.0,20.0
795,2019121000100057,2,화요일,경부,경상북도,중상사고,0,2,0,0,차대차 - 추돌,안전운전불이행,포장 - 건조,맑음,단일로 - 기타,화물,0,58,중상,화물,0,37,상해없음,50.0,50.0
796,2019121000100314,13,화요일,경부,경상북도,중상사고,0,2,1,0,차대차 - 추돌,안전운전불이행,포장 - 건조,맑음,단일로 - 기타,화물,0,56,중상,화물,0,83,경상,50.0,50.0
797,2019121200100038,0,목요일,경부,경기도,중상사고,0,2,0,0,차대차 - 추돌,안전운전불이행,포장 - 건조,맑음,단일로 - 기타,승용,0,44,상해없음,승용,0,31,중상,40.0,40.0
798,2019121200100200,9,목요일,경부,경기도,부상신고사고,0,0,0,2,차대차 - 기타,안전운전불이행,포장 - 건조,맑음,단일로 - 기타,승용,1,43,상해없음,승합,0,52,상해없음,40.0,40.0
799,2019121200100298,12,목요일,경부,경기도,경상사고,0,0,2,1,차대차 - 기타,안전운전불이행,포장 - 건조,맑음,단일로 - 기타,승용,0,75,상해없음,승용,0,32,경상,70.0,70.0
800,2019121200100399,15,목요일,경부,대구광역시,중상사고,0,2,0,0,차대차 - 측면충돌,안전운전불이행,포장 - 건조,맑음,단일로 - 기타,특수,0,54,상해없음,승용,1,44,중상,50.0,50.0
801,2019121300100090,5,금요일,경부,충청북도,사망사고,1,0,0,0,차대차 - 추돌,안전거리미확보,포장 - 건조,맑음,단일로 - 기타,화물,0,44,사망,화물,0,60,상해없음,40.0,40.0
802,2019121300100193,9,금요일,경부,충청북도,경상사고,0,0,2,0,차대차 - 추돌,안전운전불이행,포장 - 건조,맑음,기타 - 기타,승용,0,42,상해없음,화물,0,47,경상,40.0,40.0
803,2019121300100272,12,금요일,경부,경기도,경상사고,0,0,4,2,차대차 - 추돌,안전운전불이행,포장 - 건조,맑음,단일로 - 기타,승용,1,24,부상신고,승용,0,42,경상,20.0,20.0
804,2019121300100557,18,금요일,경부,충청남도,중상사고,0,1,0,0,차대차 - 기타,안전운전불이행,포장 - 건조,맑음,기타 - 기타,승용,0,55,상해없음,승용,0,27,중상,50.0,50.0
805,2019121400100274,10,토요일,경부,경기도,경상사고,0,0,1,0,차대차 - 추돌,안전운전불이행,포장 - 건조,맑음,단일로 - 기타,승용,2,0,기타불명,승용,1,33,경상,20.0,20.0
806,2019121400100282,10,토요일,경부,충청남도,경상사고,0,0,1,0,차대차 - 추돌,안전운전불이행,포장 - 건조,맑음,단일로 - 기타,승합,0,69,상해없음,승합,0,21,경상,60.0,60.0
807,2019121500100381,17,일요일,경부,충청북도,중상사고,0,1,0,0,차대차 - 추돌,안전운전불이행,포장 - 건조,맑음,기타 - 기타,승용,0,58,상해없음,승용,0,48,중상,50.0,50.0
808,2019121600100385,15,월요일,경부,울산광역시,경상사고,0,0,1,0,차대차 - 측면충돌,안전거리미확보,포장 - 건조,맑음,단일로 - 기타,승용,0,39,상해없음,승용,0,59,경상,30.0,30.0
809,2019121600100656,22,월요일,경부,충청남도,경상사고,0,0,1,0,차대차 - 추돌,안전운전불이행,포장 - 건조,맑음,단일로 - 기타,승용,0,56,상해없음,승용,1,33,경상,50.0,50.0
810,2019121700100521,19,화요일,경부,경기도,중상사고,0,1,6,0,차대차 - 추돌,안전거리미확보,포장 - 건조,맑음,단일로 - 기타,승합,0,55,상해없음,승합,0,51,중상,50.0,50.0
811,2019121800100261,13,수요일,경부,경기도,경상사고,0,0,1,0,차대차 - 추돌,안전운전불이행,포장 - 건조,맑음,단일로 - 기타,승용,0,26,상해없음,승용,1,31,경상,20.0,20.0
812,2019121800100500,19,수요일,경부,경상북도,경상사고,0,0,4,0,차대차 - 측면충돌,안전운전불이행,포장 - 건조,맑음,교차로 - 교차로부근,승용,0,67,상해없음,승용,0,22,상해없음,60.0,60.0
813,2019121900100036,0,목요일,경부,경상북도,중상사고,0,2,0,0,차대차 - 추돌,안전운전불이행,포장 - 건조,맑음,단일로 - 기타,기타불명,2,0,기타불명,승용,0,34,중상,20.0,20.0
814,2019121900100274,12,목요일,경부,경기도,중상사고,0,2,1,0,차대차 - 추돌,안전거리미확보,포장 - 건조,맑음,단일로 - 기타,승용,0,52,중상,승용,0,53,경상,50.0,50.0
815,2019121900100303,13,목요일,경부,경상남도,경상사고,0,0,1,0,차대차 - 추돌,안전운전불이행,포장 - 건조,맑음,단일로 - 기타,승용,0,71,상해없음,화물,0,66,경상,70.0,70.0
816,2019121900100574,19,목요일,경부,대구광역시,경상사고,0,0,1,0,차대차 - 측면충돌,안전운전불이행,포장 - 건조,맑음,단일로 - 기타,승용,0,30,상해없음,승용,1,37,경상,20.0,20.0
817,2019122000100030,0,금요일,경부,경기도,중상사고,0,1,0,1,차대차 - 추돌,안전운전불이행,포장 - 건조,흐림,단일로 - 기타,승용,1,23,부상신고,승용,0,24,상해없음,20.0,20.0
818,2019122000100181,10,금요일,경부,울산광역시,중상사고,0,3,1,0,차대차 - 측면충돌,안전운전불이행,포장 - 건조,맑음,단일로 - 기타,화물,0,42,중상,승용,1,44,중상,40.0,40.0
819,2019122000100280,13,금요일,경부,경기도,경상사고,0,0,1,0,차대차 - 측면충돌,안전거리미확보,포장 - 건조,맑음,단일로 - 기타,화물,0,65,상해없음,승용,0,50,경상,60.0,60.0
820,2019122000100282,13,금요일,경부,경기도,경상사고,0,0,4,0,차대차 - 추돌,안전운전불이행,포장 - 건조,맑음,단일로 - 기타,승용,0,26,상해없음,승용,1,34,경상,20.0,20.0
821,2019122000100668,21,금요일,경부,충청남도,경상사고,0,0,1,0,차대차 - 기타,안전운전불이행,포장 - 건조,맑음,단일로 - 기타,승용,1,47,경상,화물,0,67,상해없음,40.0,40.0
822,2019122100100083,2,토요일,경부,서울특별시,중상사고,0,1,0,0,차대차 - 추돌,안전운전불이행,포장 - 건조,맑음,단일로 - 기타,승용,0,22,상해없음,승용,0,57,중상,20.0,20.0
823,2019122100100110,4,토요일,경부,대전광역시,경상사고,0,0,2,0,차대차 - 추돌,안전운전불이행,포장 - 건조,맑음,단일로 - 기타,승용,0,21,상해없음,승용,0,47,경상,20.0,20.0
824,2019122100100131,6,토요일,경부,경기도,경상사고,0,0,2,0,차대차 - 측면충돌,안전운전불이행,포장 - 건조,맑음,단일로 - 기타,승용,0,26,상해없음,승용,0,60,경상,20.0,20.0
825,2019122100100556,20,토요일,경부,경기도,부상신고사고,0,0,0,2,차대차 - 기타,안전운전불이행,포장 - 건조,맑음,단일로 - 기타,승용,0,33,상해없음,승합,0,59,부상신고,30.0,30.0
826,2019122200100101,4,일요일,경부,경기도,경상사고,0,0,1,0,차대차 - 측면충돌,안전운전불이행,포장 - 건조,맑음,단일로 - 기타,승용,1,52,상해없음,승용,0,51,경상,50.0,50.0
827,2019122300100586,20,월요일,경부,대구광역시,사망사고,1,0,1,0,차대차 - 추돌,안전운전불이행,포장 - 건조,맑음,단일로 - 교량,승용,1,31,사망,화물,0,31,경상,,
828,2019122400100199,9,화요일,경부,경기도,경상사고,0,0,3,0,차대차 - 기타,안전거리미확보,포장 - 건조,맑음,단일로 - 기타,승합,0,57,상해없음,승용,1,37,경상,50.0,50.0
829,2019122400100358,14,화요일,경부,경기도,경상사고,0,0,1,0,차대차 - 기타,안전운전불이행,포장 - 건조,맑음,단일로 - 기타,승용,0,54,상해없음,승용,0,28,경상,50.0,50.0
830,2019122400100359,14,화요일,경부,경기도,중상사고,0,3,9,8,차대차 - 추돌,안전운전불이행,포장 - 건조,맑음,단일로 - 기타,승합,0,41,상해없음,승합,0,70,부상신고,,
831,2019122400100469,17,화요일,경부,경기도,경상사고,0,0,1,0,차대차 - 측면충돌,안전운전불이행,포장 - 건조,맑음,단일로 - 기타,화물,0,59,상해없음,화물,0,59,경상,50.0,50.0
832,2019122400100656,20,화요일,경부,경기도,중상사고,0,3,6,4,차대차 - 측면충돌,안전거리미확보,포장 - 건조,맑음,단일로 - 기타,승합,0,77,기타불명,승합,0,53,경상,70.0,70.0
833,2019122400100658,20,화요일,경부,경기도,경상사고,0,0,1,0,차대차 - 측면충돌,안전거리미확보,포장 - 건조,맑음,단일로 - 기타,화물,0,60,상해없음,승용,0,33,경상,50.0,50.0
834,2019122600100282,13,목요일,경부,경상북도,경상사고,0,0,2,0,차대차 - 측면충돌,안전운전불이행,포장 - 건조,맑음,단일로 - 기타,화물,0,55,상해없음,승용,0,20,경상,50.0,50.0
835,2019122600100415,17,목요일,경부,경기도,경상사고,0,0,1,0,차대차 - 측면충돌,안전운전불이행,포장 - 건조,맑음,단일로 - 기타,승용,1,42,상해없음,화물,0,36,경상,40.0,40.0
836,2019122700100063,3,금요일,경부,경상남도,경상사고,0,0,1,0,차대차 - 추돌,안전거리미확보,포장 - 건조,맑음,단일로 - 기타,화물,0,38,상해없음,화물,0,49,경상,30.0,30.0
837,2019122700100220,11,금요일,경부,경기도,경상사고,0,0,2,0,차대차 - 추돌,안전운전불이행,포장 - 건조,맑음,단일로 - 기타,승용,0,49,상해없음,승용,0,37,경상,40.0,40.0
838,2019122700100256,12,금요일,경부,충청남도,경상사고,0,0,2,0,차대차 - 기타,차로위반,포장 - 건조,맑음,단일로 - 기타,승용,0,52,상해없음,승용,0,21,경상,50.0,50.0
839,2019122700100548,19,금요일,경부,경상북도,경상사고,0,0,2,0,차대차 - 추돌,안전운전불이행,포장 - 건조,맑음,단일로 - 기타,승합,0,52,상해없음,승용,1,53,경상,50.0,50.0
840,2019122800100112,6,토요일,경부,경기도,중상사고,0,1,0,0,차대차 - 기타,안전운전불이행,포장 - 건조,맑음,단일로 - 기타,승용,0,34,상해없음,화물,0,58,중상,30.0,30.0
841,2019122800100379,17,토요일,경부,경기도,경상사고,0,0,4,1,차대차 - 추돌,안전운전불이행,포장 - 건조,맑음,단일로 - 기타,화물,0,64,부상신고,승용,0,50,경상,60.0,60.0
842,2019122800100418,18,토요일,경부,경기도,경상사고,0,0,1,0,차대차 - 측면충돌,안전거리미확보,포장 - 건조,맑음,단일로 - 기타,화물,0,66,상해없음,승용,0,55,경상,60.0,60.0
843,2019122900100199,14,일요일,경부,경기도,경상사고,0,0,1,0,차대차 - 측면충돌,안전거리미확보,포장 - 젖음/습기,비,단일로 - 기타,승용,0,41,상해없음,승용,0,40,경상,,
844,2019123000100045,2,월요일,경부,충청북도,중상사고,0,1,1,0,차대차 - 추돌,안전운전불이행,포장 - 젖음/습기,흐림,기타 - 기타,승용,0,21,상해없음,승용,0,32,중상,20.0,20.0
845,2019123000100050,4,월요일,경부,경상남도,경상사고,0,0,1,0,차량단독 - 기타,안전운전불이행,포장 - 젖음/습기,비,단일로 - 기타,승용,0,57,상해없음,기타불명,2,0,기타불명,50.0,50.0
846,2019123000100593,22,월요일,경부,경기도,경상사고,0,0,1,0,차대차 - 기타,안전운전불이행,포장 - 건조,맑음,단일로 - 기타,승용,0,44,상해없음,승용,1,55,경상,40.0,40.0
847,2019123000100624,23,월요일,경부,서울특별시,중상사고,0,1,0,47,차대차 - 기타,안전거리미확보,포장 - 건조,맑음,단일로 - 기타,승용,0,32,기타불명,승합,0,56,부상신고,30.0,30.0
848,2019123100100413,17,화요일,경부,대구광역시,경상사고,0,0,1,0,차대차 - 추돌,안전운전불이행,포장 - 건조,맑음,단일로 - 기타,화물,0,68,상해없음,승용,1,53,상해없음,60.0,60.0
849,2019123100100517,19,화요일,경부,경기도,경상사고,0,0,3,2,차대차 - 기타,안전거리미확보,포장 - 건조,맑음,단일로 - 기타,승용,0,29,부상신고,승합,0,49,상해없음,20.0,20.0
850,2020010100100061,4,수요일,경부,경상북도,경상사고,0,0,1,0,차대차 - 측면충돌,안전운전불이행,포장 - 건조,맑음,단일로 - 기타,승용,1,37,상해없음,화물,0,54,경상,30.0,30.0
851,2020010200100225,13,목요일,경부,경기도,부상신고사고,0,0,0,1,차대차 - 기타,안전운전불이행,포장 - 건조,맑음,단일로 - 기타,승용,0,60,상해없음,승용,1,21,상해없음,50.0,50.0
852,2020010200100389,18,목요일,경부,부산광역시,경상사고,0,0,1,0,차대차 - 추돌,안전거리미확보,포장 - 건조,맑음,단일로 - 기타,승용,0,31,상해없음,승용,1,49,경상,,
853,2020010300100023,2,금요일,경부,울산광역시,사망사고,1,0,0,0,차대사람 - 기타,안전운전불이행,포장 - 건조,맑음,단일로 - 기타,화물,0,40,상해없음,보행자,0,27,사망,30.0,30.0
854,2020010400100069,5,토요일,경부,경기도,경상사고,0,0,1,1,차대차 - 기타,안전운전불이행,포장 - 건조,맑음,단일로 - 기타,승용,1,55,부상신고,승용,1,50,경상,50.0,50.0
855,2020010400100093,7,토요일,경부,경기도,경상사고,0,0,3,0,차대차 - 후진중충돌,기타,포장 - 건조,맑음,단일로 - 기타,승용,0,64,상해없음,승용,1,48,경상,60.0,60.0
856,2020010400100170,11,토요일,경부,부산광역시,중상사고,0,1,2,0,차대차 - 기타,안전거리미확보,포장 - 건조,맑음,단일로 - 기타,화물,0,59,상해없음,승용,0,36,중상,50.0,50.0
857,2020010400100173,11,토요일,경부,경기도,중상사고,0,2,3,0,차대차 - 추돌,안전운전불이행,포장 - 건조,맑음,단일로 - 기타,승용,0,30,상해없음,승용,1,52,경상,20.0,20.0
858,2020010500100099,9,일요일,경부,경기도,경상사고,0,0,2,1,차대차 - 기타,안전운전불이행,포장 - 건조,맑음,단일로 - 기타,승용,0,39,상해없음,승용,1,56,경상,30.0,30.0
859,2020010600100028,5,월요일,경부,경상북도,사망사고,1,0,0,0,차대사람 - 기타,안전운전불이행,포장 - 건조,맑음,단일로 - 기타,승용,0,62,상해없음,보행자,0,18,사망,60.0,60.0
860,2020010600100092,8,월요일,경부,경기도,경상사고,0,0,2,0,차대차 - 추돌,안전운전불이행,포장 - 건조,맑음,단일로 - 기타,승용,1,28,경상,승용,0,40,경상,20.0,20.0
861,2020010600100207,12,월요일,경부,경기도,중상사고,0,2,4,1,차대차 - 추돌,안전운전불이행,포장 - 젖음/습기,비,단일로 - 기타,승합,0,33,상해없음,승합,0,36,중상,30.0,30.0
862,2020010600100438,18,월요일,경부,경상남도,경상사고,0,0,1,0,차대차 - 측면충돌,안전거리미확보,포장 - 젖음/습기,비,단일로 - 기타,승용,0,45,상해없음,승용,0,37,경상,40.0,40.0
863,2020010700100035,3,화요일,경부,경기도,경상사고,0,0,2,0,차대차 - 기타,안전거리미확보,포장 - 젖음/습기,비,단일로 - 기타,기타불명,2,0,기타불명,화물,0,50,경상,20.0,20.0
864,2020010700100073,6,화요일,경부,경기도,경상사고,0,0,1,0,차대차 - 기타,기타,포장 - 젖음/습기,비,단일로 - 기타,기타불명,2,0,기타불명,승용,1,42,경상,20.0,20.0
865,2020010800100050,3,수요일,경부,경기도,중상사고,0,1,1,0,차대차 - 추돌,안전운전불이행,포장 - 젖음/습기,비,단일로 - 기타,승용,0,21,상해없음,승용,1,42,중상,20.0,20.0
866,2020010800100227,11,수요일,경부,경상남도,경상사고,0,0,1,0,차대차 - 측면충돌,안전거리미확보,포장 - 건조,맑음,단일로 - 기타,화물,0,63,상해없음,승용,0,68,경상,60.0,60.0
867,2020010800100559,21,수요일,경부,대구광역시,경상사고,0,0,1,0,차대차 - 기타,안전운전불이행,포장 - 건조,맑음,단일로 - 기타,승용,0,47,상해없음,승용,0,52,상해없음,40.0,40.0
868,2020010900100148,10,목요일,경부,경기도,중상사고,0,3,4,1,차대차 - 기타,안전운전불이행,포장 - 건조,맑음,단일로 - 기타,승합,0,70,부상신고,화물,0,54,경상,60.0,60.0
869,2020011100100040,2,토요일,경부,경기도,중상사고,0,1,0,1,차대차 - 측면충돌,안전운전불이행,포장 - 건조,맑음,단일로 - 기타,화물,0,49,중상,화물,0,44,상해없음,40.0,40.0
870,2020011100100141,10,토요일,경부,부산광역시,경상사고,0,0,2,0,차대차 - 기타,안전거리미확보,포장 - 건조,맑음,단일로 - 기타,승용,0,54,상해없음,승용,0,41,경상,50.0,50.0
871,2020011100100344,16,토요일,경부,경기도,경상사고,0,0,1,3,차대차 - 기타,안전운전불이행,포장 - 건조,맑음,단일로 - 기타,화물,0,34,상해없음,화물,0,61,부상신고,30.0,30.0
872,2020011100100345,16,토요일,경부,경기도,경상사고,0,0,2,0,차대차 - 기타,안전운전불이행,포장 - 건조,맑음,단일로 - 기타,승용,1,50,상해없음,승용,0,25,경상,40.0,40.0
873,2020011200100240,16,일요일,경부,충청남도,중상사고,0,1,2,0,차대차 - 추돌,안전운전불이행,포장 - 건조,맑음,단일로 - 기타,승용,0,55,상해없음,승용,1,50,중상,50.0,50.0
874,2020011200100359,21,일요일,경부,충청남도,경상사고,0,0,1,0,차대차 - 추돌,안전운전불이행,포장 - 건조,맑음,기타 - 기타,화물,0,63,상해없음,승용,0,28,경상,60.0,60.0
875,2020011400100531,20,화요일,경부,충청남도,경상사고,0,0,2,0,차대차 - 측면충돌,안전운전불이행,포장 - 건조,맑음,단일로 - 기타,화물,0,53,상해없음,승용,1,46,경상,50.0,50.0
876,2020011500100006,0,수요일,경부,경기도,경상사고,0,0,1,0,차대차 - 기타,안전운전불이행,포장 - 건조,맑음,단일로 - 기타,승용,0,45,상해없음,승용,1,40,경상,40.0,40.0
877,2020011500100069,7,수요일,경부,경기도,사망사고,1,4,18,12,차대차 - 추돌,안전운전불이행,포장 - 건조,맑음,단일로 - 기타,승합,0,24,상해없음,승합,0,44,경상,20.0,20.0
878,2020011600100319,15,목요일,경부,경기도,중상사고,0,1,8,3,차대차 - 추돌,안전거리미확보,포장 - 건조,맑음,기타 - 기타,승용,1,48,경상,승용,0,28,경상,40.0,40.0
879,2020011700100005,0,금요일,경부,경기도,경상사고,0,0,1,0,차량단독 - 공작물충돌,안전운전불이행,포장 - 건조,맑음,단일로 - 기타,승용,0,41,상해없음,기타불명,2,0,기타불명,,
880,2020011700100055,6,금요일,경부,부산광역시,경상사고,0,0,2,0,차대차 - 기타,안전운전불이행,포장 - 건조,맑음,단일로 - 기타,화물,0,58,상해없음,화물,1,39,경상,50.0,50.0
881,2020011700100301,15,금요일,경부,경기도,경상사고,0,0,2,0,차대차 - 측면충돌,안전거리미확보,포장 - 건조,맑음,단일로 - 기타,화물,0,50,상해없음,승용,0,32,경상,40.0,40.0
882,2020011700100376,17,금요일,경부,경기도,경상사고,0,0,1,0,차대차 - 기타,안전거리미확보,포장 - 건조,맑음,단일로 - 기타,승용,0,31,상해없음,승용,0,47,경상,,
883,2020011700100424,18,금요일,경부,경기도,경상사고,0,0,3,0,차대차 - 추돌,안전거리미확보,포장 - 건조,맑음,단일로 - 기타,승용,1,51,상해없음,화물,1,44,경상,,
884,2020011800100550,21,토요일,경부,경기도,경상사고,0,0,1,1,차대차 - 추돌,안전운전불이행,포장 - 건조,맑음,단일로 - 기타,승용,0,35,상해없음,승용,0,56,경상,30.0,30.0
885,2020011900100061,6,일요일,경부,경기도,경상사고,0,0,2,0,차대차 - 기타,안전운전불이행,포장 - 건조,맑음,단일로 - 기타,승용,0,28,상해없음,승용,1,60,경상,20.0,20.0
886,2020011900100064,6,일요일,경부,충청남도,경상사고,0,0,1,0,차대차 - 기타,안전운전불이행,포장 - 건조,맑음,단일로 - 기타,승용,0,30,상해없음,화물,0,49,경상,20.0,20.0
887,2020011900100088,8,일요일,경부,경상북도,부상신고사고,0,0,0,1,차량단독 - 기타,안전운전불이행,포장 - 건조,맑음,단일로 - 기타,승용,1,31,부상신고,기타불명,2,0,기타불명,,
888,2020011900100275,16,일요일,경부,경기도,경상사고,0,0,1,1,차대차 - 추돌,안전운전불이행,포장 - 건조,맑음,단일로 - 기타,승용,0,23,기타불명,승용,0,59,경상,20.0,20.0
889,2020011900100276,16,일요일,경부,경기도,경상사고,0,0,1,0,차대차 - 기타,신호위반,포장 - 건조,맑음,단일로 - 기타,승용,0,47,상해없음,승용,0,26,경상,40.0,40.0
890,2020012000100025,4,월요일,경부,경기도,부상신고사고,0,0,0,1,차대차 - 측면충돌,안전거리미확보,포장 - 건조,맑음,단일로 - 기타,승용,0,29,기타불명,화물,0,57,부상신고,20.0,20.0
891,2020012000100620,20,월요일,경부,경상북도,경상사고,0,0,3,0,차대차 - 측면충돌,안전운전불이행,포장 - 건조,맑음,단일로 - 기타,기타불명,2,0,기타불명,승용,0,57,상해없음,20.0,20.0
892,2020012000100667,22,월요일,경부,경기도,경상사고,0,0,1,0,차대차 - 측면충돌,차로위반,포장 - 건조,맑음,단일로 - 기타,승용,0,60,상해없음,승용,0,37,경상,50.0,50.0
893,2020012100100034,3,화요일,경부,경기도,경상사고,0,0,3,1,차대차 - 기타,안전운전불이행,포장 - 건조,맑음,단일로 - 기타,승용,0,30,부상신고,승용,0,45,경상,20.0,20.0
894,2020012100100080,7,화요일,경부,경기도,경상사고,0,0,1,0,차대차 - 기타,안전운전불이행,포장 - 건조,맑음,단일로 - 기타,승합,0,64,기타불명,승용,0,35,상해없음,60.0,60.0
895,2020012200100023,1,수요일,경부,대전광역시,경상사고,0,0,1,0,차대차 - 추돌,안전운전불이행,포장 - 건조,맑음,기타 - 기타,승용,0,47,상해없음,화물,0,57,경상,40.0,40.0
896,2020012200100250,13,수요일,경부,서울특별시,중상사고,0,1,0,0,차대차 - 추돌,안전운전불이행,포장 - 건조,맑음,단일로 - 기타,승용,0,28,상해없음,승용,0,54,중상,20.0,20.0
897,2020012300100048,3,목요일,경부,경상북도,경상사고,0,0,2,0,차대차 - 측면충돌,안전운전불이행,포장 - 젖음/습기,비,단일로 - 기타,화물,0,83,상해없음,승용,0,31,경상,70.0,70.0
898,2020012300100345,14,목요일,경부,경기도,경상사고,0,0,1,8,차대차 - 측면충돌,안전운전불이행,포장 - 건조,맑음,단일로 - 기타,화물,0,63,상해없음,승용,0,54,부상신고,60.0,60.0
899,2020012300100518,17,목요일,경부,경기도,경상사고,0,0,7,11,차대차 - 기타,안전운전불이행,포장 - 건조,맑음,단일로 - 기타,승합,0,58,상해없음,승합,0,62,경상,50.0,50.0
900,2020012300100703,21,목요일,경부,경기도,부상신고사고,0,0,0,1,차대차 - 추돌,안전운전불이행,포장 - 건조,맑음,단일로 - 기타,승용,0,26,상해없음,승용,1,28,부상신고,20.0,20.0
901,2020012400100111,9,금요일,경부,충청북도,중상사고,0,1,16,1,차대차 - 기타,안전운전불이행,포장 - 건조,맑음,단일로 - 기타,승합,0,67,상해없음,승합,0,49,상해없음,60.0,60.0
902,2020012400100436,22,금요일,경부,경기도,경상사고,0,0,1,0,차대차 - 측면충돌,안전거리미확보,포장 - 건조,맑음,단일로 - 기타,승용,0,55,상해없음,승용,0,47,경상,50.0,50.0
903,2020012500100146,13,토요일,경부,경기도,경상사고,0,0,14,0,차대차 - 추돌,안전거리미확보,포장 - 건조,맑음,기타 - 기타,승합,0,48,상해없음,승용,0,31,경상,40.0,40.0
904,2020012500100167,14,토요일,경부,서울특별시,부상신고사고,0,0,0,2,차대차 - 추돌,안전운전불이행,포장 - 건조,맑음,기타 - 기타,승용,1,48,상해없음,승용,0,32,부상신고,40.0,40.0
905,2020012500100197,15,토요일,경부,충청북도,중상사고,0,1,0,0,차량단독 - 공작물충돌,안전운전불이행,포장 - 건조,맑음,단일로 - 기타,승용,0,62,상해없음,기타불명,2,0,기타불명,60.0,60.0
906,2020012500100351,23,토요일,경부,대구광역시,경상사고,0,0,3,0,차대차 - 추돌,안전운전불이행,포장 - 건조,맑음,단일로 - 기타,승용,0,73,상해없음,승용,0,24,경상,70.0,70.0
907,2020012600100015,1,일요일,경부,경기도,경상사고,0,0,3,0,차대차 - 추돌,안전운전불이행,포장 - 건조,맑음,단일로 - 기타,승용,0,28,상해없음,승용,0,51,경상,20.0,20.0
908,2020012600100032,3,일요일,경부,충청북도,경상사고,0,0,3,0,차대차 - 추돌,안전운전불이행,포장 - 건조,맑음,단일로 - 기타,승용,0,22,기타불명,승용,0,49,경상,20.0,20.0
909,2020012700100061,4,월요일,경부,경상북도,경상사고,0,0,1,0,차대차 - 추돌,안전운전불이행,포장 - 젖음/습기,비,단일로 - 기타,화물,0,34,경상,건설기계,0,52,상해없음,30.0,30.0
910,2020012700100234,16,월요일,경부,경기도,중상사고,0,2,1,3,차대차 - 기타,안전운전불이행,포장 - 젖음/습기,비,단일로 - 기타,화물,0,41,부상신고,승용,0,50,중상,,
911,2020012700100370,20,월요일,경부,충청북도,중상사고,0,1,4,1,차대차 - 추돌,안전거리미확보,포장 - 젖음/습기,비,단일로 - 기타,승용,0,30,상해없음,승합,0,35,중상,20.0,20.0
912,2020013100100005,0,금요일,경부,경기도,중상사고,0,1,0,0,차대차 - 추돌,안전운전불이행,포장 - 건조,맑음,단일로 - 기타,화물,0,22,상해없음,승용,1,48,중상,20.0,20.0
913,2020013100100059,6,금요일,경부,경상북도,중상사고,0,1,0,0,차대차 - 추돌,안전운전불이행,포장 - 건조,맑음,단일로 - 기타,화물,0,46,상해없음,화물,0,71,중상,40.0,40.0
914,2020013100100359,17,금요일,경부,경기도,사망사고,1,0,2,0,차대차 - 추돌,안전운전불이행,포장 - 건조,맑음,단일로 - 기타,승용,0,70,사망,승용,0,34,경상,60.0,60.0
915,2020020100100070,6,토요일,경부,경기도,중상사고,0,1,1,0,차대차 - 추돌,안전운전불이행,포장 - 건조,맑음,단일로 - 기타,승용,0,31,상해없음,승용,0,60,경상,,
916,2020020100100293,16,토요일,경부,경기도,경상사고,0,0,3,0,차대차 - 기타,안전운전불이행,포장 - 건조,맑음,단일로 - 기타,승용,0,25,기타불명,승용,1,28,경상,20.0,20.0
917,2020020100100344,18,토요일,경부,경기도,경상사고,0,0,2,0,차대차 - 기타,안전운전불이행,포장 - 건조,맑음,단일로 - 기타,화물,0,61,상해없음,승용,0,33,경상,,
918,2020020200100381,22,일요일,경부,부산광역시,경상사고,0,0,3,0,차대차 - 측면충돌,과속,포장 - 건조,맑음,단일로 - 기타,승용,0,27,상해없음,승용,1,58,경상,20.0,20.0