,사고번호,사고일시,요일,도로종류,시군구,사고내용,사망자수,중상자수,경상자수,부상신고자수,사고유형,법규위반,노면상태,기상상태,도로형태,가해운전자 차종,가해운전자 성별,가해운전자 연령,가해운전자 상해정도,피해운전자 차종,피해운전자 성별,피해운전자 연령,피해운전자 상해정도,연령대,가해연령대
1309,2020091000100257,14,목요일,경부,서울특별시,경상사고,0,0,1,0,차대차 - 기타,안전거리미확보,포장 - 건조,맑음,단일로 - 기타,기타불명,2,0,기타불명,승합,0,47,경상,20.0,20.0
1310,2020091000100262,14,목요일,경부,충청북도,경상사고,0,0,2,0,차대차 - 추돌,안전운전불이행,포장 - 건조,맑음,기타 - 기타,승용,1,48,경상,승용,0,49,경상,40.0,40.0
1311,2020091000100370,17,목요일,경부,경기도,경상사고,0,0,2,0,차대차 - 추돌,안전거리미확보,포장 - 건조,맑음,기타 - 기타,승용,1,59,상해없음,승용,0,56,경상,50.0,50.0
1312,2020091000100537,21,목요일,경부,경기도,경상사고,0,0,4,0,차대차 - 측면충돌,안전거리미확보,포장 - 건조,맑음,단일로 - 기타,승용,0,36,상해없음,승용,1,38,경상,30.0,30.0
1313,2020091100100640,22,금요일,경부,경기도,사망사고,2,1,6,0,차대차 - 기타,안전운전불이행,포장 - 젖음/습기,비,단일로 - 기타,화물,0,59,사망,화물,0,54,상해없음,50.0,50.0
1314,2020091200100066,4,토요일,경부,대구광역시,경상사고,0,0,1,0,차대차 - 측면충돌,안전운전불이행,포장 - 젖음/습기,비,단일로 - 기타,승용,0,57,상해없음,승용,0,26,경상,50.0,50.0
1315,2020091200100077,5,토요일,경부,경기도,경상사고,0,0,1,0,차대차 - 후진중충돌,안전운전불이행,포장 - 젖음/습기,흐림,주차장 - 주차장,승합,0,60,상해없음,화물,0,46,경상,50.0,50.0
1316,2020091200100285,13,토요일,경부,경상북도,경상사고,0,0,1,0,차대차 - 추돌,안전운전불이행,포장 - 젖음/습기,비,단일로 - 기타,승용,0,67,기타불명,승용,0,28,경상,60.0,60.0
1317,2020091200100476,18,토요일,경부,충청남도,중상사고,0,2,2,0,차대차 - 기타,안전운전불이행,포장 - 젖음/습기,비,단일로 - 기타,승용,0,22,상해없음,승용,0,60,경상,20.0,20.0
1318,2020091300100025,2,일요일,경부,경기도,경상사고,0,0,1,0,차대차 - 측면충돌,안전운전불이행,포장 - 건조,맑음,단일로 - 기타,승용,0,62,상해없음,승용,0,24,경상,60.0,60.0
1319,2020091300100031,3,일요일,경부,대구광역시,중상사고,0,1,0,0,차대차 - 추돌,안전운전불이행,포장 - 건조,맑음,단일로 - 기타,승용,0,27,상해없음,승용,0,27,중상,20.0,20.0
1320,2020091300100205,13,일요일,경부,충청북도,중상사고,0,2,12,2,차대차 - 추돌,안전운전불이행,포장 - 건조,맑음,단일로 - 기타,승용,0,58,상해없음,승합,0,59,중상,50.0,50.0
1321,2020091400100032,5,월요일,경부,경기도,경상사고,0,0,3,0,차대차 - 기타,안전운전불이행,포장 - 건조,맑음,단일로 - 기타,기타불명,2,0,기타불명,승용,0,44,경상,20.0,20.0
1322,2020091400100047,6,월요일,경부,충청남도,경상사고,0,0,1,0,차대차 - 측면충돌,안전운전불이행,포장 - 건조,맑음,기타 - 기타,화물,0,50,상해없음,승용,1,27,상해없음,40.0,40.0
1323,2020091400100076,7,월요일,경부,경기도,경상사고,0,0,1,0,차대차 - 기타,안전거리미확보,포장 - 건조,맑음,기타 - 기타,승용,0,46,상해없음,승용,0,38,경상,40.0,40.0
1324,2020091400100288,13,월요일,경부,경기도,경상사고,0,0,2,0,차대차 - 추돌,안전거리미확보,포장 - 건조,맑음,단일로 - 기타,승용,0,27,상해없음,승용,0,51,경상,20.0,20.0
1325,2020091600100016,1,수요일,경부,경상북도,경상사고,0,0,1,0,차대차 - 추돌,안전운전불이행,포장 - 건조,맑음,단일로 - 기타,승용,0,33,상해없음,승용,0,27,경상,30.0,30.0
1326,2020091600100042,6,수요일,경부,경기도,부상신고사고,0,0,0,2,차대차 - 측면충돌,안전거리미확보,포장 - 건조,흐림,기타 - 기타,기타불명,2,0,기타불명,승합,0,58,부상신고,20.0,20.0
1327,2020091600100079,8,수요일,경부,경상남도,경상사고,0,0,2,0,차대차 - 추돌,안전거리미확보,포장 - 건조,맑음,단일로 - 기타,승용,1,49,상해없음,화물,0,46,경상,40.0,40.0
1328,2020091700100597,23,목요일,경부,대구광역시,사망사고,1,1,1,0,차대차 - 추돌,안전운전불이행,포장 - 젖음/습기,비,단일로 - 기타,승용,0,29,사망,특수,0,49,경상,20.0,20.0
1329,2020091800100020,1,금요일,경부,충청남도,경상사고,0,0,1,0,차대차 - 측면충돌,안전운전불이행,포장 - 건조,맑음,단일로 - 기타,화물,0,40,상해없음,화물,0,51,경상,30.0,30.0
1330,2020091800100426,16,금요일,경부,충청남도,경상사고,0,0,1,0,차대차 - 측면충돌,안전운전불이행,포장 - 건조,맑음,기타 - 기타,승용,0,35,상해없음,승용,1,32,경상,30.0,30.0
1331,2020091800100519,18,금요일,경부,경상남도,경상사고,0,0,5,0,차대차 - 측면충돌,안전거리미확보,포장 - 건조,맑음,단일로 - 기타,승용,0,41,상해없음,승용,1,20,경상,,
1332,2020091900100249,11,토요일,경부,대구광역시,중상사고,0,1,3,0,차대차 - 추돌,안전운전불이행,포장 - 건조,맑음,단일로 - 기타,승합,0,55,상해없음,승용,1,50,경상,50.0,50.0
1333,2020091900100633,20,토요일,경부,경기도,중상사고,0,3,9,2,차대차 - 추돌,안전거리미확보,포장 - 건조,맑음,단일로 - 기타,승합,0,40,상해없음,승합,0,54,경상,30.0,30.0
1334,2020092100100028,4,월요일,경부,대전광역시,경상사고,0,0,1,0,차대차 - 측면충돌,안전운전불이행,포장 - 건조,맑음,기타 - 기타,화물,0,59,상해없음,승용,0,48,경상,50.0,50.0
1335,2020092100100315,13,월요일,경부,경상북도,경상사고,0,0,1,0,차대차 - 기타,안전운전불이행,포장 - 건조,맑음,단일로 - 기타,승용,0,65,상해없음,승용,1,30,경상,60.0,60.0
1336,2020092100100554,18,월요일,경부,충청북도,경상사고,0,0,1,0,차대차 - 측면충돌,안전운전불이행,포장 - 건조,맑음,단일로 - 기타,기타불명,2,0,기타불명,승용,1,40,경상,20.0,20.0
1337,2020092200100192,10,화요일,경부,서울특별시,경상사고,0,0,1,0,차대차 - 추돌,안전운전불이행,포장 - 건조,맑음,기타 - 기타,승합,0,65,상해없음,승용,0,40,경상,60.0,60.0
1338,2020092200100233,11,화요일,경부,서울특별시,경상사고,0,0,2,0,차대차 - 추돌,안전거리미확보,포장 - 건조,맑음,단일로 - 기타,승용,0,59,상해없음,승용,1,46,경상,50.0,50.0
1339,2020092200100709,22,화요일,경부,충청남도,중상사고,0,2,2,0,차대차 - 추돌,안전운전불이행,포장 - 건조,맑음,단일로 - 기타,승용,0,27,경상,승용,0,57,중상,20.0,20.0
1340,2020092200100726,23,화요일,경부,경기도,경상사고,0,0,3,0,차대차 - 기타,안전운전불이행,포장 - 건조,맑음,단일로 - 기타,승용,0,43,상해없음,승용,1,42,경상,40.0,40.0
1341,2020092300100035,4,수요일,경부,경기도,중상사고,0,2,2,0,차대차 - 추돌,안전운전불이행,포장 - 건조,맑음,단일로 - 기타,화물,0,54,상해없음,승용,1,62,경상,50.0,50.0
1342,2020092300100100,8,수요일,경부,경기도,중상사고,0,2,3,0,차대차 - 측면충돌,안전거리미확보,비포장 - 건조,맑음,단일로 - 기타,화물,0,26,상해없음,승용,1,47,경상,20.0,20.0
1343,2020092400100085,7,목요일,경부,경기도,경상사고,0,0,3,0,차대차 - 측면충돌,안전운전불이행,포장 - 건조,맑음,단일로 - 기타,화물,0,64,상해없음,화물,0,36,경상,60.0,60.0
1344,2020092500100543,18,금요일,경부,경기도,경상사고,0,0,1,0,차대차 - 기타,안전거리미확보,포장 - 건조,맑음,단일로 - 기타,승용,0,51,상해없음,승용,0,37,경상,,
1345,2020092500100725,22,금요일,경부,경기도,경상사고,0,0,1,0,차대차 - 측면충돌,안전운전불이행,포장 - 건조,맑음,기타 - 기타,기타불명,2,0,기타불명,화물,0,35,경상,20.0,20.0
1346,2020092600100026,1,토요일,경부,충청남도,경상사고,0,0,2,0,차대차 - 추돌,안전운전불이행,포장 - 건조,맑음,단일로 - 기타,승용,0,29,상해없음,승용,0,52,경상,20.0,20.0
1347,2020092600100320,13,토요일,경부,경기도,경상사고,0,0,2,2,차대차 - 기타,안전거리미확보,포장 - 건조,맑음,기타 - 기타,승용,0,48,상해없음,승합,0,64,경상,40.0,40.0
1348,2020092600100416,15,토요일,경부,충청남도,중상사고,0,2,2,0,차대차 - 추돌,안전운전불이행,포장 - 건조,맑음,기타 - 기타,화물,0,44,상해없음,승용,0,46,중상,40.0,40.0
1349,2020092700100078,6,일요일,경부,경기도,경상사고,0,0,2,0,차대차 - 측면충돌,안전거리미확보,포장 - 건조,맑음,단일로 - 기타,승용,0,23,상해없음,승용,1,70,경상,20.0,20.0
1350,2020092700100354,16,일요일,경부,충청북도,중상사고,0,2,0,0,차대차 - 추돌,안전운전불이행,포장 - 건조,맑음,단일로 - 기타,승용,1,54,상해없음,승용,0,34,중상,50.0,50.0
1351,2020092800100021,3,월요일,경부,경기도,경상사고,0,0,1,2,차대차 - 추돌,안전운전불이행,포장 - 건조,맑음,단일로 - 기타,화물,0,30,경상,화물,0,69,부상신고,20.0,20.0
1352,2020092800100326,13,월요일,경부,서울특별시,경상사고,0,0,1,0,차대차 - 측면충돌,안전운전불이행,포장 - 건조,맑음,기타 - 기타,승용,0,76,상해없음,승용,0,40,경상,70.0,70.0
1353,2020092800100764,21,월요일,경부,경기도,사망사고,1,0,3,2,차대차 - 추돌,안전운전불이행,포장 - 건조,맑음,단일로 - 기타,승합,0,60,상해없음,화물,0,74,사망,50.0,50.0
1354,2020092900100372,14,화요일,경부,경기도,경상사고,0,0,1,0,차대차 - 기타,안전거리미확보,포장 - 건조,맑음,단일로 - 기타,화물,0,44,상해없음,승용,0,24,경상,40.0,40.0
1355,2020092900100770,21,화요일,경부,경기도,경상사고,0,0,1,0,차대차 - 추돌,안전운전불이행,포장 - 건조,맑음,단일로 - 기타,승용,0,25,상해없음,승용,0,45,경상,20.0,20.0
1356,2020093000100110,8,수요일,경부,충청남도,사망사고,1,0,1,0,차대차 - 추돌,안전운전불이행,포장 - 건조,맑음,단일로 - 기타,화물,0,64,사망,승용,0,42,상해없음,60.0,60.0
1357,2020093000100479,21,수요일,경부,경기도,부상신고사고,0,0,0,1,차대차 - 측면충돌,안전운전불이행,포장 - 건조,맑음,단일로 - 기타,승용,0,58,상해없음,승용,0,25,상해없음,50.0,50.0
1358,2020100200100243,17,금요일,경부,부산광역시,경상사고,0,0,2,4,차대차 - 측면충돌,안전거리미확보,포장 - 건조,맑음,단일로 - 기타,승용,0,42,상해없음,승용,0,37,경상,40.0,40.0
1359,2020100300100269,16,토요일,경부,충청북도,경상사고,0,0,2,0,차대차 - 측면충돌,안전운전불이행,포장 - 건조,맑음,단일로 - 기타,승용,1,37,상해없음,승용,0,30,경상,30.0,30.0
1360,2020100400100115,11,일요일,경부,경상남도,경상사고,0,0,3,0,차대차 - 기타,안전운전불이행,포장 - 건조,맑음,단일로 - 기타,승용,0,48,상해없음,승용,0,45,경상,40.0,40.0
1361,2020100400100161,13,일요일,경부,경기도,경상사고,0,0,4,0,차대차 - 추돌,안전운전불이행,포장 - 건조,맑음,단일로 - 기타,승용,1,21,경상,승용,0,52,경상,20.0,20.0
1362,2020100400100167,13,일요일,경부,충청남도,중상사고,0,3,4,0,차대차 - 기타,안전운전불이행,포장 - 건조,맑음,단일로 - 기타,승용,1,38,상해없음,승용,0,37,중상,30.0,30.0
1363,2020100500100247,12,월요일,경부,경기도,경상사고,0,0,3,2,차대차 - 측면충돌,안전거리미확보,포장 - 건조,맑음,단일로 - 기타,승용,0,36,상해없음,승합,0,44,상해없음,30.0,30.0
1364,2020100600100006,0,화요일,경부,경기도,중상사고,0,2,0,1,차대차 - 기타,안전거리미확보,포장 - 건조,맑음,기타 - 기타,건설기계,0,42,상해없음,승용,0,74,중상,40.0,40.0
1365,2020100600100105,8,화요일,경부,충청북도,중상사고,0,1,0,0,차대차 - 추돌,안전운전불이행,포장 - 건조,맑음,단일로 - 기타,승용,1,36,중상,화물,0,50,상해없음,30.0,30.0
1366,2020100600100640,22,화요일,경부,경상북도,사망사고,1,1,1,0,차대차 - 추돌,안전운전불이행,포장 - 건조,맑음,단일로 - 기타,승용,0,23,중상,화물,0,69,사망,20.0,20.0
1367,2020100700100060,7,수요일,경부,경기도,경상사고,0,0,1,0,차대차 - 측면충돌,차로위반,포장 - 건조,맑음,기타 - 기타,화물,0,56,상해없음,승용,1,37,경상,50.0,50.0
1368,2020100700100127,9,수요일,경부,경기도,중상사고,0,2,3,0,차대차 - 기타,안전운전불이행,포장 - 건조,맑음,단일로 - 기타,승용,0,21,상해없음,승용,0,48,중상,20.0,20.0
1369,2020100700100294,14,수요일,경부,경기도,중상사고,0,1,0,0,차대차 - 측면충돌,안전거리미확보,포장 - 건조,맑음,단일로 - 기타,승용,0,74,상해없음,화물,0,37,중상,70.0,70.0
1370,2020100700100521,19,수요일,경부,충청남도,경상사고,0,0,1,0,차대차 - 기타,안전운전불이행,포장 - 건조,맑음,단일로 - 기타,화물,0,51,상해없음,승용,1,60,경상,,
1371,2020100800100007,0,목요일,경부,충청북도,경상사고,0,0,2,0,차대차 - 기타,안전운전불이행,포장 - 건조,맑음,단일로 - 기타,승용,1,42,상해없음,승합,0,55,경상,40.0,40.0
1372,2020100800100038,4,목요일,경부,경기도,경상사고,0,0,1,0,차대차 - 추돌,기타,포장 - 건조,맑음,단일로 - 기타,화물,0,57,상해없음,화물,0,69,경상,50.0,50.0
1373,2020100800100134,8,목요일,경부,충청남도,경상사고,0,0,2,0,차대차 - 기타,안전운전불이행,포장 - 건조,맑음,단일로 - 기타,승용,0,71,상해없음,승용,1,32,경상,70.0,70.0
1374,2020100800100180,9,목요일,경부,충청북도,중상사고,0,1,0,0,차대차 - 정면충돌,중앙선침범,포장 - 건조,맑음,단일로 - 기타,승용,0,25,상해없음,화물,0,59,중상,20.0,20.0
1375,2020100800100552,18,목요일,경부,경기도,경상사고,0,0,1,0,차대차 - 추돌,안전거리미확보,포장 - 건조,맑음,단일로 - 기타,승용,0,55,상해없음,승용,0,35,경상,50.0,50.0
1376,2020100900100157,10,금요일,경부,경기도,부상신고사고,0,0,0,1,차대차 - 기타,안전운전불이행,포장 - 건조,맑음,단일로 - 기타,승용,1,33,상해없음,승용,0,34,상해없음,30.0,30.0
1377,2020100900100290,14,금요일,경부,경기도,경상사고,0,0,1,0,차대차 - 추돌,안전운전불이행,포장 - 건조,맑음,단일로 - 기타,승용,0,31,상해없음,승용,0,58,경상,,
1378,2020101100100010,0,일요일,경부,충청남도,경상사고,0,0,2,0,차대차 - 추돌,안전운전불이행,포장 - 건조,맑음,단일로 - 기타,승용,0,32,상해없음,승용,0,60,경상,30.0,30.0
1379,2020101100100079,8,일요일,경부,대구광역시,경상사고,0,0,2,0,차대차 - 기타,안전운전불이행,포장 - 건조,맑음,단일로 - 기타,승용,1,50,상해없음,승용,0,27,경상,40.0,40.0
1380,2020101200100230,11,월요일,경부,경기도,경상사고,0,0,3,2,차대차 - 추돌,안전운전불이행,포장 - 건조,맑음,단일로 - 기타,승용,0,36,경상,승용,1,63,상해없음,30.0,30.0
1381,2020101200100331,14,월요일,경부,경상남도,중상사고,0,1,1,0,차대차 - 추돌,안전거리미확보,포장 - 건조,맑음,단일로 - 기타,화물,0,38,상해없음,화물,0,58,중상,30.0,30.0
1382,2020101500100324,14,목요일,경부,울산광역시,경상사고,0,0,3,0,차대차 - 측면충돌,안전운전불이행,포장 - 건조,맑음,단일로 - 기타,승용,0,61,경상,승용,0,52,경상,,
1383,2020101600100495,18,금요일,경부,경상북도,부상신고사고,0,0,0,4,차대차 - 기타,안전거리미확보,포장 - 건조,맑음,단일로 - 기타,승용,0,45,상해없음,승용,0,40,부상신고,40.0,40.0
1384,2020101700100014,0,토요일,경부,경기도,경상사고,0,0,7,0,차대차 - 기타,안전거리미확보,포장 - 건조,맑음,단일로 - 기타,승용,0,26,상해없음,승용,0,44,경상,20.0,20.0
1385,2020101700100696,22,토요일,경부,경기도,경상사고,0,0,2,0,차대차 - 추돌,과속,포장 - 건조,맑음,단일로 - 기타,승용,0,43,경상,승용,0,30,경상,40.0,40.0
1386,2020101800100331,16,일요일,경부,부산광역시,경상사고,0,0,1,0,차대차 - 기타,안전거리미확보,포장 - 건조,맑음,단일로 - 기타,화물,0,71,상해없음,화물,0,31,경상,70.0,70.0
1387,2020101800100387,17,일요일,경부,경기도,경상사고,0,0,2,0,차대차 - 측면충돌,안전거리미확보,포장 - 건조,맑음,단일로 - 기타,화물,0,56,상해없음,승용,0,29,경상,50.0,50.0
1388,2020101900100210,10,월요일,경부,서울특별시,경상사고,0,0,1,0,차대차 - 측면충돌,안전거리미확보,포장 - 건조,맑음,단일로 - 기타,승용,1,34,상해없음,승용,0,29,경상,30.0,30.0
1389,2020101900100685,21,월요일,경부,경상북도,경상사고,0,0,2,0,차대차 - 측면충돌,안전운전불이행,포장 - 건조,맑음,단일로 - 기타,승용,0,53,상해없음,승용,0,28,경상,50.0,50.0
1390,2020102000100036,5,화요일,경부,경기도,경상사고,0,0,1,0,차대차 - 기타,안전운전불이행,포장 - 건조,맑음,주차장 - 주차장,화물,0,61,상해없음,화물,0,41,경상,,
1391,2020102000100342,14,화요일,경부,경상북도,중상사고,0,1,0,0,차대차 - 기타,안전운전불이행,포장 - 건조,맑음,단일로 - 기타,화물,0,58,상해없음,승용,0,33,상해없음,50.0,50.0
1392,2020102100100042,5,수요일,경부,서울특별시,경상사고,0,0,2,0,차대차 - 측면충돌,안전거리미확보,포장 - 건조,맑음,단일로 - 기타,화물,0,48,상해없음,승용,0,69,경상,40.0,40.0
1393,2020102100100087,7,수요일,경부,경기도,경상사고,0,0,1,0,차대차 - 측면충돌,신호위반,포장 - 건조,맑음,단일로 - 기타,건설기계,0,36,상해없음,승용,1,47,경상,30.0,30.0
1394,2020102300100467,16,금요일,경부,경기도,경상사고,0,0,1,0,차대차 - 추돌,안전운전불이행,포장 - 건조,맑음,단일로 - 기타,승용,0,58,상해없음,승용,1,49,경상,50.0,50.0
1395,2020102300100553,17,금요일,경부,대구광역시,경상사고,0,0,1,0,차대차 - 기타,안전운전불이행,포장 - 건조,맑음,단일로 - 기타,승용,0,57,상해없음,승용,0,49,경상,50.0,50.0
1396,2020102300100703,19,금요일,경부,대전광역시,경상사고,0,0,2,0,차대차 - 추돌,안전운전불이행,포장 - 건조,맑음,단일로 - 지하차도(도로)내,승용,1,35,상해없음,승용,0,32,경상,30.0,30.0
1397,2020102400100306,13,토요일,경부,충청남도,경상사고,0,0,1,0,차대차 - 추돌,안전거리미확보,포장 - 건조,맑음,단일로 - 기타,승용,0,53,상해없음,특수,0,57,경상,50.0,50.0
1398,2020102500100344,16,일요일,경부,충청남도,경상사고,0,0,3,0,차대차 - 측면충돌,안전운전불이행,포장 - 건조,맑음,기타 - 기타,승용,0,24,상해없음,승용,1,42,경상,20.0,20.0
1399,2020102500100372,17,일요일,경부,대전광역시,경상사고,0,0,1,0,차대차 - 추돌,안전운전불이행,포장 - 건조,맑음,단일로 - 기타,승용,1,40,상해없음,승용,0,67,경상,30.0,30.0
1400,2020102500100423,18,일요일,경부,경기도,경상사고,0,0,2,0,차대차 - 측면충돌,안전거리미확보,포장 - 건조,맑음,기타 - 기타,승용,0,19,상해없음,승용,0,21,경상,20.0,20.0
1401,2020102600100294,12,월요일,경부,경기도,부상신고사고,0,0,0,1,차대차 - 측면충돌,안전거리미확보,포장 - 건조,맑음,단일로 - 기타,화물,0,59,상해없음,승용,1,51,부상신고,50.0,50.0
1402,2020102600100492,17,월요일,경부,대전광역시,부상신고사고,0,0,0,1,차대차 - 측면충돌,안전운전불이행,포장 - 건조,맑음,단일로 - 기타,승용,0,22,부상신고,화물,0,60,상해없음,20.0,20.0
1403,2020102700100033,3,화요일,경부,경기도,부상신고사고,0,0,0,1,차대차 - 기타,안전거리미확보,포장 - 건조,맑음,단일로 - 기타,기타불명,2,0,기타불명,승용,0,22,부상신고,20.0,20.0
1404,2020102800100110,8,수요일,경부,경기도,경상사고,0,0,1,0,차대차 - 기타,안전거리미확보,포장 - 건조,맑음,기타 - 기타,화물,0,75,상해없음,승용,0,40,경상,70.0,70.0
1405,2020102800100145,9,수요일,경부,울산광역시,사망사고,1,1,0,0,차대차 - 추돌,안전운전불이행,포장 - 건조,맑음,단일로 - 기타,특수,0,67,사망,화물,0,53,중상,60.0,60.0
1406,2020102800100506,18,수요일,경부,경기도,경상사고,0,0,4,0,차대차 - 추돌,안전운전불이행,포장 - 건조,맑음,단일로 - 기타,승용,0,28,상해없음,승용,0,37,경상,20.0,20.0
1407,2020102800100609,20,수요일,경부,경기도,중상사고,0,1,0,2,차대차 - 기타,안전거리미확보,포장 - 건조,맑음,단일로 - 기타,기타불명,2,0,기타불명,승용,1,37,중상,20.0,20.0
1408,2020103000100084,7,금요일,경부,경기도,경상사고,0,0,1,0,차대차 - 측면충돌,안전거리미확보,포장 - 건조,맑음,단일로 - 기타,화물,0,41,상해없음,승용,1,68,경상,,
1409,2020103000100326,13,금요일,경부,충청남도,경상사고,0,0,1,0,차대차 - 기타,안전운전불이행,포장 - 건조,맑음,단일로 - 기타,승용,1,54,상해없음,승용,0,31,경상,50.0,50.0
1410,2020103000100452,16,금요일,경부,서울특별시,부상신고사고,0,0,0,1,차대차 - 추돌,안전운전불이행,포장 - 건조,맑음,단일로 - 기타,화물,0,41,상해없음,승용,0,56,부상신고,,
1411,2020103000100645,19,금요일,경부,충청남도,중상사고,0,1,0,0,차대차 - 측면충돌,안전운전불이행,포장 - 건조,맑음,기타 - 기타,승용,0,65,상해없음,승용,0,49,중상,60.0,60.0
1412,2020103100100351,14,토요일,경부,경기도,중상사고,0,1,3,0,차대차 - 측면충돌,안전거리미확보,포장 - 건조,맑음,단일로 - 기타,화물,0,58,상해없음,승용,1,49,중상,50.0,50.0
1413,2020103100100644,21,토요일,경부,대구광역시,사망사고,1,0,1,0,차대사람 - 횡단중,안전운전불이행,포장 - 건조,맑음,단일로 - 기타,승용,1,28,상해없음,보행자,0,75,사망,20.0,20.0
1414,2020110100100505,22,일요일,경부,경기도,경상사고,0,0,1,0,차대차 - 기타,안전운전불이행,포장 - 건조,맑음,단일로 - 기타,승합,0,55,상해없음,승용,0,22,경상,50.0,50.0
1415,2020110200100224,11,월요일,경부,경기도,중상사고,0,2,1,2,차대차 - 측면충돌,안전운전불이행,포장 - 건조,맑음,단일로 - 기타,승용,1,33,상해없음,승용,0,63,경상,30.0,30.0
1416,2020110200100494,18,월요일,경부,경기도,중상사고,0,1,0,0,차대차 - 측면충돌,안전거리미확보,포장 - 건조,맑음,단일로 - 기타,화물,0,64,상해없음,승용,1,33,중상,60.0,60.0
1417,2020110200100562,19,월요일,경부,경기도,경상사고,0,0,1,0,차대차 - 측면충돌,안전거리미확보,포장 - 건조,맑음,기타 - 기타,승합,1,62,상해없음,승용,0,28,경상,60.0,60.0
1418,2020110400100676,21,수요일,경부,충청북도,경상사고,0,0,3,0,차대차 - 추돌,안전운전불이행,포장 - 건조,맑음,단일로 - 기타,승용,0,46,경상,승용,0,21,상해없음,40.0,40.0
1419,2020110500100076,7,목요일,경부,경기도,경상사고,0,0,1,1,차대차 - 추돌,안전거리미확보,포장 - 건조,맑음,기타 - 기타,승합,0,25,상해없음,승용,0,68,부상신고,20.0,20.0
1420,2020110500100189,10,목요일,경부,대전광역시,부상신고사고,0,0,0,1,차대차 - 측면충돌,차로위반,포장 - 건조,맑음,단일로 - 기타,화물,0,58,상해없음,승용,0,43,부상신고,50.0,50.0
1421,2020110500100476,18,목요일,경부,경기도,중상사고,0,1,3,0,차대차 - 추돌,안전운전불이행,포장 - 건조,맑음,단일로 - 기타,승용,0,22,상해없음,승용,0,62,경상,20.0,20.0
1422,2020110500100584,20,목요일,경부,충청남도,경상사고,0,0,1,0,차대차 - 기타,안전운전불이행,포장 - 건조,맑음,단일로 - 기타,승용,0,65,상해없음,화물,0,35,경상,60.0,60.0
1423,2020110700100097,8,토요일,경부,경기도,경상사고,0,0,2,1,차대차 - 추돌,안전운전불이행,포장 - 건조,맑음,단일로 - 기타,승용,0,27,상해없음,화물,0,35,경상,20.0,20.0
1424,2020110800100134,10,일요일,경부,대구광역시,중상사고,0,1,1,0,차대차 - 측면충돌,안전운전불이행,포장 - 건조,맑음,단일로 - 기타,승용,1,31,상해없음,승용,0,48,경상,,
1425,2020110800100312,15,일요일,경부,경상북도,경상사고,0,0,1,0,차대차 - 추돌,안전운전불이행,포장 - 건조,맑음,단일로 - 기타,승용,0,32,상해없음,승용,1,70,경상,30.0,30.0
1426,2020110900100120,8,월요일,경부,경상북도,경상사고,0,0,1,0,차대차 - 기타,안전운전불이행,포장 - 건조,맑음,단일로 - 기타,승용,0,66,상해없음,승용,1,29,경상,60.0,60.0
1427,2020110900100495,17,월요일,경부,경기도,경상사고,0,0,1,0,차대차 - 추돌,안전운전불이행,포장 - 건조,맑음,단일로 - 기타,화물,0,55,상해없음,승용,0,49,경상,50.0,50.0
1428,2020110900100592,19,월요일,경부,경기도,경상사고,0,0,1,0,차대차 - 측면충돌,안전거리미확보,포장 - 건조,맑음,단일로 - 기타,승용,0,51,상해없음,승용,0,34,경상,,
1429,2020111000100303,13,화요일,경부,경기도,경상사고,0,0,2,0,차대차 - 추돌,안전운전불이행,포장 - 건조,맑음,단일로 - 기타,승용,1,55,기타불명,승용,0,69,경상,50.0,50.0
1430,2020111100100197,10,수요일,경부,충청남도,중상사고,0,1,0,0,차대차 - 추돌,안전운전불이행,포장 - 건조,맑음,기타 - 기타,승합,0,59,상해없음,화물,0,50,중상,50.0,50.0
1431,2020111100100367,14,수요일,경부,경기도,경상사고,0,0,3,0,차대차 - 추돌,안전운전불이행,포장 - 건조,맑음,기타 - 기타,승용,0,83,상해없음,승용,0,62,경상,70.0,70.0
1432,2020111100100620,19,수요일,경부,경기도,경상사고,0,0,1,0,차대차 - 측면충돌,차로위반,포장 - 건조,맑음,단일로 - 기타,승용,0,32,상해없음,화물,0,26,경상,30.0,30.0
1433,2020111100100724,22,수요일,경부,경상남도,사망사고,1,0,2,0,차대차 - 기타,안전운전불이행,포장 - 건조,맑음,단일로 - 기타,승용,0,58,상해없음,승용,1,38,경상,50.0,50.0
1434,2020111200100169,9,목요일,경부,대전광역시,경상사고,0,0,2,0,차대차 - 추돌,안전거리미확보,포장 - 건조,맑음,단일로 - 기타,승용,0,40,경상,승용,0,19,경상,30.0,30.0
1435,2020111200100220,11,목요일,경부,경기도,부상신고사고,0,0,0,2,차대차 - 추돌,안전운전불이행,포장 - 건조,맑음,단일로 - 기타,승용,1,66,상해없음,승용,0,54,부상신고,60.0,60.0
1436,2020111200100406,16,목요일,경부,경기도,경상사고,0,0,2,0,차대차 - 추돌,안전운전불이행,포장 - 건조,맑음,단일로 - 기타,승용,0,37,상해없음,승용,0,29,경상,30.0,30.0
1437,2020111200100410,16,목요일,경부,충청북도,경상사고,0,0,2,0,차대차 - 측면충돌,차로위반,포장 - 건조,맑음,단일로 - 기타,특수,0,56,상해없음,승용,1,51,경상,50.0,50.0
1438,2020111300100038,4,금요일,경부,경상북도,경상사고,0,0,2,0,차대차 - 측면충돌,안전운전불이행,포장 - 건조,맑음,단일로 - 기타,건설기계,0,46,경상,화물,0,65,경상,40.0,40.0