,사고번호,사고일시,요일,도로종류,시군구,사고내용,사망자수,중상자수,경상자수,부상신고자수,사고유형,법규위반,노면상태,기상상태,도로형태,가해운전자 차종,가해운전자 성별,가해운전자 연령,가해운전자 상해정도,피해운전자 차종,피해운전자 성별,피해운전자 연령,피해운전자 상해정도,연령대,가해연령대
1439,2020111300100110,8,금요일,경부,경기도,경상사고,0,0,1,0,차대차 - 측면충돌,안전거리미확보,포장 - 건조,맑음,기타 - 기타,화물,0,63,상해없음,승용,0,56,경상,60.0,60.0
1440,2020111300100111,8,금요일,경부,경기도,경상사고,0,0,1,0,차대차 - 측면충돌,안전거리미확보,포장 - 건조,맑음,단일로 - 기타,화물,0,51,상해없음,승용,0,45,경상,,
1441,2020111300100658,22,금요일,경부,대전광역시,경상사고,0,0,4,0,차대차 - 측면충돌,안전운전불이행,포장 - 건조,맑음,단일로 - 기타,기타불명,2,0,기타불명,승용,1,22,경상,20.0,20.0
1442,2020111400100177,10,토요일,경부,서울특별시,경상사고,0,0,2,1,차대차 - 추돌,안전거리미확보,포장 - 건조,맑음,단일로 - 기타,승용,0,48,상해없음,승합,0,52,기타불명,40.0,40.0
1443,2020111400100212,11,토요일,경부,경기도,경상사고,0,0,2,0,차대차 - 추돌,안전운전불이행,포장 - 건조,맑음,단일로 - 기타,승용,0,24,상해없음,승용,0,73,경상,20.0,20.0
1444,2020111500100342,18,일요일,경부,충청남도,경상사고,0,0,3,0,차대차 - 추돌,안전거리미확보,포장 - 건조,맑음,단일로 - 기타,승합,0,31,상해없음,승용,0,42,경상,,
1445,2020111600100028,5,월요일,경부,충청북도,중상사고,0,1,0,0,차대차 - 추돌,안전운전불이행,포장 - 건조,맑음,단일로 - 기타,화물,0,55,상해없음,승용,0,25,중상,50.0,50.0
1446,2020111600100039,6,월요일,경부,울산광역시,사망사고,1,0,0,0,차대차 - 추돌,안전운전불이행,포장 - 건조,맑음,단일로 - 기타,화물,0,62,사망,특수,0,65,상해없음,60.0,60.0
1447,2020111600100046,6,월요일,경부,경기도,경상사고,0,0,1,0,차대차 - 측면충돌,안전거리미확보,포장 - 건조,맑음,단일로 - 기타,승용,1,37,경상,건설기계,0,52,상해없음,30.0,30.0
1448,2020111600100147,9,월요일,경부,경기도,중상사고,0,1,0,0,차대차 - 기타,안전운전불이행,포장 - 건조,맑음,단일로 - 기타,승용,0,46,상해없음,승용,0,43,중상,40.0,40.0
1449,2020111600100263,12,월요일,경부,경기도,경상사고,0,0,1,0,차대차 - 기타,안전운전불이행,포장 - 건조,맑음,단일로 - 기타,승용,0,33,상해없음,승용,0,62,상해없음,30.0,30.0
1450,2020111600100275,12,월요일,경부,경상북도,경상사고,0,0,2,0,차대차 - 기타,안전운전불이행,포장 - 건조,맑음,단일로 - 기타,승용,0,64,상해없음,승용,0,38,경상,60.0,60.0
1451,2020111800100173,9,수요일,경부,경상북도,중상사고,0,2,0,0,차대차 - 측면충돌,안전운전불이행,포장 - 건조,맑음,단일로 - 기타,승용,0,26,상해없음,승용,0,54,중상,20.0,20.0
1452,2020111900100062,5,목요일,경부,경기도,부상신고사고,0,0,0,1,차대차 - 추돌,안전운전불이행,포장 - 젖음/습기,비,단일로 - 기타,승용,0,56,상해없음,승용,0,47,부상신고,50.0,50.0
1453,2020111900100106,7,목요일,경부,경상남도,경상사고,0,0,1,0,차대차 - 추돌,안전거리미확보,포장 - 젖음/습기,맑음,단일로 - 기타,화물,0,58,상해없음,화물,0,38,경상,50.0,50.0
1454,2020111900100245,10,목요일,경부,서울특별시,경상사고,0,0,2,0,차대차 - 측면충돌,안전운전불이행,포장 - 젖음/습기,비,단일로 - 기타,승용,0,63,상해없음,승용,1,47,경상,60.0,60.0
1455,2020111900100288,11,목요일,경부,충청북도,경상사고,0,0,1,0,차대차 - 추돌,안전운전불이행,포장 - 건조,맑음,단일로 - 기타,화물,0,86,상해없음,승용,1,58,경상,70.0,70.0
1456,2020112000100583,19,금요일,경부,경기도,경상사고,0,0,1,0,차대차 - 추돌,안전운전불이행,포장 - 건조,맑음,단일로 - 기타,승용,0,19,상해없음,승용,1,39,경상,20.0,20.0
1457,2020112100100180,11,토요일,경부,서울특별시,경상사고,0,0,4,0,차대차 - 추돌,안전운전불이행,포장 - 건조,맑음,단일로 - 기타,승용,1,59,상해없음,승용,0,56,경상,50.0,50.0
1458,2020112100100262,13,토요일,경부,서울특별시,경상사고,0,0,3,2,차대차 - 추돌,안전운전불이행,포장 - 건조,맑음,단일로 - 기타,승용,0,57,부상신고,승용,0,46,경상,50.0,50.0
1459,2020112200100064,4,일요일,경부,경기도,경상사고,0,0,1,0,차대차 - 추돌,안전운전불이행,포장 - 젖음/습기,비,단일로 - 기타,승용,1,31,상해없음,화물,0,30,경상,,
1460,2020112300100317,14,월요일,경부,울산광역시,중상사고,0,1,1,0,차대차 - 측면충돌,안전거리미확보,포장 - 건조,맑음,단일로 - 기타,특수,0,59,상해없음,승용,0,29,경상,50.0,50.0
1461,2020112400100030,3,화요일,경부,충청남도,부상신고사고,0,0,0,1,차대차 - 기타,안전운전불이행,포장 - 건조,맑음,단일로 - 기타,승용,0,53,부상신고,화물,0,43,상해없음,50.0,50.0
1462,2020112400100034,4,화요일,경부,경기도,중상사고,0,1,0,0,차대차 - 추돌,안전운전불이행,포장 - 건조,맑음,단일로 - 기타,화물,0,53,상해없음,화물,0,49,중상,50.0,50.0
1463,2020112400100047,6,화요일,경부,서울특별시,경상사고,0,0,1,1,차대차 - 측면충돌,안전거리미확보,포장 - 건조,맑음,단일로 - 기타,화물,0,57,상해없음,승용,0,50,경상,50.0,50.0
1464,2020112400100586,21,화요일,경부,경기도,중상사고,0,1,0,0,차대차 - 정면충돌,중앙선침범,포장 - 건조,맑음,단일로 - 터널,승용,0,60,상해없음,승용,1,34,중상,50.0,50.0
1465,2020112400100609,22,화요일,경부,충청북도,경상사고,0,0,2,0,차대차 - 측면충돌,안전거리미확보,포장 - 건조,맑음,단일로 - 기타,승용,0,61,상해없음,승용,0,57,경상,,
1466,2020112500100046,7,수요일,경부,경상남도,경상사고,0,0,2,0,차대차 - 측면충돌,안전거리미확보,포장 - 건조,맑음,단일로 - 기타,특수,0,70,상해없음,승용,0,61,상해없음,60.0,60.0
1467,2020112500100047,7,수요일,경부,경상남도,경상사고,0,0,1,0,차대차 - 측면충돌,안전거리미확보,포장 - 건조,맑음,단일로 - 기타,화물,0,57,상해없음,승용,0,39,경상,50.0,50.0
1468,2020112500100556,20,수요일,경부,충청북도,경상사고,0,0,2,0,차대차 - 측면충돌,차로위반,포장 - 건조,맑음,단일로 - 기타,승용,0,66,상해없음,화물,0,52,경상,60.0,60.0
1469,2020112500100618,23,수요일,경부,경기도,경상사고,0,0,3,0,차대차 - 정면충돌,안전운전불이행,포장 - 건조,맑음,단일로 - 기타,승용,0,23,경상,승용,0,20,경상,20.0,20.0
1470,2020112600100027,3,목요일,경부,경기도,경상사고,0,0,2,0,차대차 - 기타,안전운전불이행,포장 - 건조,맑음,단일로 - 기타,승용,0,50,상해없음,승용,0,30,경상,40.0,40.0
1471,2020112600100429,18,목요일,경부,경상남도,경상사고,0,0,1,0,차대차 - 추돌,안전거리미확보,포장 - 건조,맑음,단일로 - 기타,승용,0,59,상해없음,승용,0,28,경상,50.0,50.0
1472,2020112600100468,18,목요일,경부,대구광역시,경상사고,0,0,1,0,차대차 - 측면충돌,안전운전불이행,포장 - 건조,맑음,단일로 - 기타,승용,0,21,상해없음,승용,0,52,경상,20.0,20.0
1473,2020112600100502,19,목요일,경부,경기도,경상사고,0,0,2,0,차대차 - 측면충돌,안전운전불이행,포장 - 건조,맑음,단일로 - 기타,승용,0,29,상해없음,화물,0,49,경상,20.0,20.0
1474,2020112700100130,10,금요일,경부,서울특별시,중상사고,0,1,0,0,차대차 - 추돌,안전운전불이행,포장 - 건조,맑음,기타 - 기타,건설기계,0,66,상해없음,승용,1,51,중상,60.0,60.0
1475,2020112700100396,17,금요일,경부,충청남도,경상사고,0,0,5,0,차대차 - 기타,안전운전불이행,포장 - 건조,맑음,단일로 - 기타,승합,0,37,상해없음,승용,0,34,경상,30.0,30.0
1476,2020112700100446,18,금요일,경부,경기도,경상사고,0,0,1,0,차대차 - 추돌,안전운전불이행,포장 - 건조,맑음,기타 - 기타,승용,0,56,상해없음,화물,0,31,경상,50.0,50.0
1477,2020112700100448,18,금요일,경부,경기도,경상사고,0,0,2,0,차대차 - 기타,안전운전불이행,포장 - 건조,맑음,단일로 - 기타,승용,0,50,상해없음,승용,0,38,경상,40.0,40.0
1478,2020112700100538,19,금요일,경부,대구광역시,경상사고,0,0,1,0,차대차 - 측면충돌,안전운전불이행,포장 - 건조,맑음,단일로 - 기타,승용,0,22,상해없음,화물,0,60,경상,20.0,20.0
1479,2020112800100245,13,토요일,경부,경상북도,경상사고,0,0,1,0,차대차 - 기타,안전운전불이행,포장 - 건조,맑음,단일로 - 기타,승용,0,62,상해없음,승용,0,28,경상,60.0,60.0
1480,2020112800100277,14,토요일,경부,경기도,중상사고,0,1,1,2,차대차 - 추돌,안전운전불이행,포장 - 건조,맑음,단일로 - 기타,승용,0,27,상해없음,승용,1,40,경상,20.0,20.0
1481,2020112800100278,14,토요일,경부,경기도,경상사고,0,0,1,0,차대차 - 측면충돌,안전거리미확보,포장 - 건조,맑음,단일로 - 기타,화물,0,59,상해없음,승용,0,47,경상,50.0,50.0
1482,2020112800100389,17,토요일,경부,경기도,경상사고,0,0,3,0,차대차 - 기타,안전거리미확보,포장 - 건조,맑음,단일로 - 기타,승용,0,22,상해없음,승합,0,57,상해없음,20.0,20.0
1483,2020112900100296,18,일요일,경부,충청북도,사망사고,1,1,15,0,차대차 - 측면충돌,안전운전불이행,포장 - 건조,맑음,단일로 - 지하차도(도로)내,승용,0,65,사망,승합,0,43,경상,60.0,60.0
1484,2020113000100098,8,월요일,경부,경기도,중상사고,0,1,0,0,차대차 - 추돌,안전거리미확보,포장 - 건조,맑음,단일로 - 기타,승용,0,23,상해없음,승용,0,31,중상,20.0,20.0
1485,2020120100100086,8,화요일,경부,경기도,경상사고,0,0,1,0,차대차 - 측면충돌,안전운전불이행,포장 - 건조,맑음,단일로 - 기타,화물,0,54,상해없음,승용,0,42,경상,50.0,50.0
1486,2020120300100139,10,목요일,경부,경기도,경상사고,0,0,1,0,차대차 - 측면충돌,안전거리미확보,포장 - 건조,맑음,단일로 - 기타,화물,0,55,상해없음,승용,0,30,경상,50.0,50.0
1487,2020120300100259,14,목요일,경부,경기도,경상사고,0,0,1,0,차대차 - 측면충돌,안전운전불이행,포장 - 건조,맑음,단일로 - 기타,승용,0,75,상해없음,승용,0,51,경상,70.0,70.0
1488,2020120300100438,18,목요일,경부,경상북도,중상사고,0,1,0,0,차대차 - 기타,안전운전불이행,포장 - 건조,맑음,단일로 - 기타,승용,0,61,상해없음,승용,0,31,중상,,
1489,2020120400100078,7,금요일,경부,경기도,중상사고,0,1,0,0,차대차 - 측면충돌,안전거리미확보,포장 - 젖음/습기,맑음,단일로 - 기타,화물,0,71,상해없음,승용,0,33,중상,70.0,70.0
1490,2020120400100550,19,금요일,경부,경상북도,경상사고,0,0,1,0,차대차 - 기타,안전운전불이행,포장 - 건조,맑음,단일로 - 기타,화물,0,31,상해없음,승용,0,44,상해없음,,
1491,2020120400100574,20,금요일,경부,경기도,경상사고,0,0,1,0,차대차 - 측면충돌,안전거리미확보,포장 - 건조,맑음,단일로 - 기타,승합,0,49,상해없음,화물,0,42,경상,40.0,40.0
1492,2020120500100045,5,토요일,경부,대구광역시,경상사고,0,0,1,0,차대차 - 측면충돌,안전운전불이행,포장 - 건조,맑음,단일로 - 기타,승용,0,38,상해없음,화물,0,52,경상,30.0,30.0
1493,2020120500100236,13,토요일,경부,충청남도,경상사고,0,0,8,0,차대차 - 기타,안전운전불이행,포장 - 건조,맑음,단일로 - 기타,승용,0,61,경상,승용,0,24,경상,,
1494,2020120500100304,15,토요일,경부,울산광역시,중상사고,0,1,0,0,차대차 - 기타,안전운전불이행,포장 - 건조,맑음,단일로 - 기타,승용,1,53,상해없음,승용,2,0,기타불명,50.0,50.0
1495,2020120500100488,20,토요일,경부,경기도,경상사고,0,0,2,0,차대차 - 기타,안전거리미확보,포장 - 건조,맑음,단일로 - 기타,승용,0,28,기타불명,승용,0,41,경상,20.0,20.0
1496,2020120700100266,15,월요일,경부,경기도,경상사고,0,0,1,0,차대차 - 측면충돌,안전운전불이행,포장 - 건조,맑음,단일로 - 기타,승용,1,46,상해없음,건설기계,0,37,경상,40.0,40.0
1497,2020120800100417,17,화요일,경부,충청남도,경상사고,0,0,1,0,차대차 - 기타,안전거리미확보,포장 - 건조,맑음,단일로 - 기타,승용,1,37,상해없음,승용,1,60,경상,30.0,30.0
1498,2020120900100522,20,수요일,경부,경기도,경상사고,0,0,3,0,차대차 - 추돌,안전운전불이행,포장 - 건조,맑음,단일로 - 기타,승용,0,44,상해없음,승용,0,29,경상,40.0,40.0
1499,2020121100100114,10,금요일,경부,충청북도,중상사고,0,1,0,0,차량단독 - 공작물충돌,안전운전불이행,포장 - 건조,맑음,단일로 - 지하차도(도로)내,승용,0,44,중상,기타불명,2,0,기타불명,40.0,40.0
1500,2020121100100198,13,금요일,경부,경기도,경상사고,0,0,1,0,차대차 - 측면충돌,안전거리미확보,포장 - 건조,맑음,단일로 - 기타,승용,0,37,상해없음,승용,0,46,상해없음,30.0,30.0
1501,2020121100100349,17,금요일,경부,경기도,경상사고,0,0,4,0,차대차 - 추돌,안전운전불이행,포장 - 건조,맑음,단일로 - 기타,화물,0,54,상해없음,승용,1,37,경상,50.0,50.0
1502,2020121200100039,6,토요일,경부,경상남도,경상사고,0,0,1,0,차대차 - 측면충돌,안전거리미확보,포장 - 건조,맑음,단일로 - 기타,승용,0,62,상해없음,화물,0,37,경상,60.0,60.0
1503,2020121200100043,6,토요일,경부,충청북도,중상사고,0,1,1,0,차대차 - 추돌,기타,포장 - 건조,맑음,단일로 - 기타,화물,0,59,상해없음,승용,0,38,중상,50.0,50.0
1504,2020121200100066,8,토요일,경부,경기도,경상사고,0,0,1,0,차대차 - 후진중충돌,안전운전불이행,포장 - 건조,맑음,단일로 - 기타,화물,0,66,상해없음,승용,1,45,경상,60.0,60.0
1505,2020121400100046,7,월요일,경부,경기도,경상사고,0,0,11,1,차대차 - 측면충돌,안전운전불이행,포장 - 건조,맑음,기타 - 기타,승용,0,37,상해없음,승합,0,55,경상,30.0,30.0
1506,2020121400100410,18,월요일,경부,경기도,부상신고사고,0,0,0,1,차대차 - 기타,안전운전불이행,포장 - 건조,맑음,단일로 - 기타,승용,0,51,부상신고,화물,0,37,상해없음,,
1507,2020121500100014,4,화요일,경부,충청남도,중상사고,0,1,0,0,차대차 - 추돌,안전운전불이행,포장 - 건조,맑음,단일로 - 기타,화물,0,52,상해없음,화물,0,43,중상,50.0,50.0
1508,2020121500100172,12,화요일,경부,경기도,경상사고,0,0,1,0,차대차 - 측면충돌,안전운전불이행,포장 - 건조,맑음,단일로 - 기타,승용,0,19,상해없음,승용,0,29,경상,20.0,20.0
1509,2020121600100007,1,수요일,경부,경기도,경상사고,0,0,2,0,차대차 - 측면충돌,안전운전불이행,포장 - 건조,맑음,단일로 - 기타,특수,0,43,상해없음,승용,0,23,경상,40.0,40.0
1510,2020121600100131,10,수요일,경부,서울특별시,중상사고,0,1,5,0,차대차 - 추돌,안전운전불이행,포장 - 건조,맑음,단일로 - 기타,승용,0,68,상해없음,승용,0,50,중상,60.0,60.0
1511,2020121700100362,16,목요일,경부,충청북도,경상사고,0,0,2,0,차대차 - 추돌,안전운전불이행,포장 - 건조,맑음,단일로 - 기타,승용,1,26,경상,화물,0,48,경상,20.0,20.0
1512,2020121700100387,17,목요일,경부,경기도,경상사고,0,0,1,0,차대차 - 측면충돌,안전거리미확보,포장 - 건조,맑음,기타 - 기타,승용,0,43,상해없음,승합,0,46,상해없음,40.0,40.0
1513,2020121800100045,7,금요일,경부,경상남도,경상사고,0,0,2,0,차대차 - 추돌,안전운전불이행,포장 - 건조,맑음,단일로 - 기타,화물,0,61,상해없음,승용,1,27,경상,,
1514,2020121800100176,11,금요일,경부,충청남도,중상사고,0,1,0,0,차대차 - 추돌,안전거리미확보,포장 - 젖음/습기,눈,단일로 - 기타,화물,0,40,상해없음,화물,0,62,중상,30.0,30.0
1515,2020121800100635,21,금요일,경부,경기도,경상사고,0,0,1,0,차대차 - 측면충돌,안전운전불이행,포장 - 건조,맑음,단일로 - 기타,승용,0,27,상해없음,승용,0,37,경상,20.0,20.0
1516,2020121900100015,1,토요일,경부,경상북도,사망사고,1,2,0,0,차대차 - 측면충돌,안전운전불이행,포장 - 건조,맑음,단일로 - 기타,특수,0,39,중상,승용,0,28,중상,30.0,30.0
1517,2020122000100235,18,일요일,경부,경기도,경상사고,0,0,1,0,차대차 - 측면충돌,기타,포장 - 건조,맑음,단일로 - 기타,승용,1,51,상해없음,승용,0,48,경상,,
1518,2020122100100087,8,월요일,경부,경상남도,경상사고,0,0,1,0,차대차 - 측면충돌,안전거리미확보,포장 - 건조,맑음,단일로 - 기타,화물,0,57,상해없음,승용,0,33,경상,50.0,50.0
1519,2020122200100164,11,화요일,경부,경기도,중상사고,0,1,0,0,차대차 - 측면충돌,안전거리미확보,포장 - 건조,맑음,단일로 - 기타,승용,1,37,상해없음,승용,1,25,중상,30.0,30.0
1520,2020122200100509,20,화요일,경부,서울특별시,경상사고,0,0,1,0,차대차 - 추돌,안전운전불이행,포장 - 건조,맑음,단일로 - 기타,승용,0,60,상해없음,승용,0,47,경상,50.0,50.0
1521,2020122200100582,23,화요일,경부,충청북도,경상사고,0,0,2,0,차대차 - 추돌,안전거리미확보,포장 - 건조,맑음,단일로 - 기타,승용,0,47,상해없음,승용,0,22,경상,40.0,40.0
1522,2020122300100603,22,수요일,경부,경기도,경상사고,0,0,1,0,차대차 - 기타,안전운전불이행,포장 - 건조,맑음,단일로 - 기타,화물,0,55,상해없음,승용,1,37,경상,50.0,50.0
1523,2020122400100081,8,목요일,경부,경기도,경상사고,0,0,1,0,차대차 - 기타,과속,포장 - 젖음/습기,맑음,단일로 - 기타,승용,0,27,경상,승용,0,40,상해없음,20.0,20.0
1524,2020122400100480,18,목요일,경부,경상북도,중상사고,0,2,0,0,차대차 - 기타,안전운전불이행,포장 - 건조,맑음,단일로 - 기타,기타불명,2,0,기타불명,화물,0,62,중상,20.0,20.0
1525,2020122400100481,18,목요일,경부,경상북도,중상사고,0,1,1,0,차대차 - 추돌,안전거리미확보,포장 - 건조,맑음,단일로 - 기타,승용,0,30,상해없음,승용,1,44,중상,20.0,20.0
1526,2020122400100526,19,목요일,경부,경기도,경상사고,0,0,2,0,차대차 - 측면충돌,안전거리미확보,포장 - 건조,맑음,단일로 - 기타,승용,1,27,상해없음,승용,1,56,경상,20.0,20.0
1527,2020122600100109,11,토요일,경부,충청남도,중상사고,0,2,7,0,차대차 - 추돌,기타,포장 - 건조,맑음,단일로 - 기타,승용,1,55,상해없음,승용,0,46,경상,50.0,50.0
1528,2020122700100280,21,일요일,경부,충청북도,부상신고사고,0,0,0,1,차대차 - 기타,기타,포장 - 건조,맑음,단일로 - 기타,승용,0,34,상해없음,승용,0,48,부상신고,30.0,30.0
1529,2020122800100081,8,월요일,경부,경기도,경상사고,0,0,2,0,차대차 - 측면충돌,안전거리미확보,포장 - 건조,흐림,단일로 - 기타,화물,0,52,상해없음,승용,0,31,경상,50.0,50.0
1530,2020122800100176,11,월요일,경부,서울특별시,중상사고,0,2,0,5,차대차 - 추돌,안전운전불이행,포장 - 건조,맑음,단일로 - 기타,승용,0,58,기타불명,승용,0,48,부상신고,50.0,50.0
1531,2020122800100451,18,월요일,경부,경기도,중상사고,0,1,2,0,차대차 - 추돌,안전운전불이행,포장 - 건조,맑음,단일로 - 기타,승용,0,52,상해없음,승용,0,31,중상,50.0,50.0
1532,2020122900100400,20,화요일,경부,서울특별시,경상사고,0,0,2,0,차대차 - 측면충돌,안전운전불이행,포장 - 건조,맑음,단일로 - 기타,승용,0,27,상해없음,승용,0,28,경상,20.0,20.0
1533,2020122900100406,20,화요일,경부,경상북도,경상사고,0,0,1,0,차대차 - 기타,기타,포장 - 건조,맑음,단일로 - 기타,화물,0,34,상해없음,승용,0,48,경상,30.0,30.0
1534,2020122900100435,21,화요일,경부,경기도,경상사고,0,0,1,0,차대차 - 추돌,안전운전불이행,포장 - 건조,맑음,단일로 - 기타,기타불명,2,0,기타불명,화물,0,49,경상,20.0,20.0
1535,2020123000100190,12,수요일,경부,대구광역시,중상사고,0,1,1,0,차대차 - 측면충돌,안전운전불이행,포장 - 젖음/습기,비,단일로 - 기타,승용,0,43,상해없음,특수,0,42,상해없음,40.0,40.0
1536,2020123000100406,18,수요일,경부,대구광역시,경상사고,0,0,2,0,차대차 - 기타,안전거리미확보,포장 - 건조,맑음,단일로 - 기타,승용,0,18,상해없음,승용,0,30,경상,20.0,20.0
1537,2020123000100548,23,수요일,경부,충청남도,중상사고,0,1,0,0,차대차 - 추돌,안전운전불이행,포장 - 젖음/습기,흐림,단일로 - 기타,특수,0,53,상해없음,화물,0,68,중상,50.0,50.0
1538,2020123100100039,7,목요일,경부,경상북도,사망사고,1,0,1,0,차대차 - 추돌,안전운전불이행,포장 - 건조,맑음,단일로 - 기타,화물,0,55,사망,화물,0,51,경상,50.0,50.0
1539,2020123100100093,10,목요일,경부,충청남도,경상사고,0,0,2,0,차대차 - 측면충돌,안전운전불이행,포장 - 건조,맑음,단일로 - 기타,승용,0,34,상해없음,승용,1,30,경상,30.0,30.0
1540,2020123100100251,15,목요일,경부,경기도,경상사고,0,0,1,0,차대차 - 측면충돌,안전거리미확보,포장 - 건조,맑음,단일로 - 기타,화물,0,54,상해없음,승용,0,39,경상,50.0,50.0
1541,2020123100100254,15,목요일,경부,충청북도,경상사고,0,0,2,0,차대차 - 기타,안전운전불이행,포장 - 젖음/습기,눈,단일로 - 기타,승용,0,50,상해없음,승용,1,38,경상,40.0,40.0
1542,2020123100100337,17,목요일,경부,경기도,경상사고,0,0,1,0,차대차 - 추돌,안전운전불이행,포장 - 젖음/습기,흐림,단일로 - 기타,승용,0,61,상해없음,승용,0,60,경상,,
1543,2021010200100241,16,토요일,경부,충청북도,경상사고,0,0,1,0,차대차 - 측면충돌,차로위반,-,맑음,단일로 - 기타,승용,0,31,기타불명,승합,0,51,경상,,
1544,2021010300100130,16,일요일,경부,대전광역시,경상사고,0,0,1,0,차대차 - 추돌,안전운전불이행,-,맑음,단일로 - 기타,승용,1,55,상해없음,승용,1,32,경상,50.0,50.0
1545,2021010300100158,18,일요일,경부,울산광역시,중상사고,0,2,0,0,차대차 - 기타,안전거리미확보,-,맑음,단일로 - 기타,승용,0,58,상해없음,승용,0,28,중상,50.0,50.0
1546,2021010400100436,23,월요일,경부,경기도,사망사고,1,0,1,0,차대차 - 기타,안전운전불이행,-,눈,단일로 - 기타,승용,0,41,상해없음,승용,1,31,사망,,
1547,2021010500100152,13,화요일,경부,충청북도,중상사고,0,1,2,0,차대차 - 측면충돌,안전운전불이행,-,맑음,단일로 - 기타,승용,0,41,상해없음,승용,1,46,경상,,
1548,2021010600100011,2,수요일,경부,충청남도,중상사고,0,3,1,0,차대차 - 기타,안전운전불이행,-,맑음,단일로 - 기타,화물,0,37,중상,화물,0,64,경상,30.0,30.0
1549,2021010600100319,17,수요일,경부,경기도,경상사고,0,0,5,0,차대차 - 측면충돌,안전거리미확보,-,맑음,단일로 - 기타,승용,1,69,상해없음,승용,1,44,경상,60.0,60.0
1550,2021010600100412,19,수요일,경부,경기도,경상사고,0,0,2,0,차대차 - 추돌,안전운전불이행,-,맑음,단일로 - 기타,승합,0,35,상해없음,승용,0,51,경상,30.0,30.0
1551,2021010600100511,21,수요일,경부,경기도,경상사고,0,0,1,0,차대차 - 추돌,안전운전불이행,-,눈,단일로 - 기타,승합,0,52,상해없음,승용,1,23,경상,50.0,50.0
1552,2021010700100021,4,목요일,경부,경기도,경상사고,0,0,1,0,차대차 - 측면충돌,안전운전불이행,-,눈,단일로 - 기타,승용,0,25,상해없음,특수,0,29,경상,20.0,20.0
1553,2021010700100113,10,목요일,경부,대전광역시,중상사고,0,3,1,0,차대차 - 추돌,안전운전불이행,-,눈,단일로 - 교량,특수,0,57,상해없음,승용,0,27,중상,50.0,50.0
1554,2021010800100033,7,금요일,경부,경기도,경상사고,0,0,1,0,차대차 - 측면충돌,안전거리미확보,-,맑음,단일로 - 기타,화물,0,62,상해없음,승용,0,38,경상,60.0,60.0
1555,2021010800100282,16,금요일,경부,경상남도,사망사고,1,0,0,0,차대차 - 추돌,안전운전불이행,-,맑음,단일로 - 기타,승용,0,47,상해없음,승용,0,29,기타불명,40.0,40.0
1556,2021010800100481,21,금요일,경부,경기도,중상사고,0,1,0,0,차대차 - 기타,안전운전불이행,-,맑음,단일로 - 기타,승용,0,46,상해없음,화물,0,59,중상,40.0,40.0
1557,2021010900100030,7,토요일,경부,경기도,경상사고,0,0,1,0,차대차 - 기타,안전운전불이행,-,맑음,단일로 - 기타,승용,0,33,상해없음,화물,0,51,경상,30.0,30.0
1558,2021011200100134,11,화요일,경부,대구광역시,중상사고,0,1,1,0,차대차 - 추돌,안전운전불이행,-,맑음,단일로 - 기타,화물,0,41,상해없음,화물,0,40,경상,,
1559,2021011300100414,19,수요일,경부,충청남도,경상사고,0,0,1,0,차대차 - 측면충돌,안전운전불이행,-,맑음,단일로 - 기타,승용,0,70,상해없음,승용,0,54,경상,60.0,60.0
1560,2021011400100363,16,목요일,경부,경기도,경상사고,0,0,2,0,차대차 - 측면충돌,안전거리미확보,-,맑음,단일로 - 기타,승용,0,65,상해없음,승용,1,34,경상,60.0,60.0
1561,2021011400100620,22,목요일,경부,대구광역시,경상사고,0,0,1,0,차대차 - 측면충돌,안전운전불이행,-,맑음,단일로 - 기타,화물,0,49,상해없음,승용,1,48,경상,40.0,40.0
1562,2021011400100626,23,목요일,경부,서울특별시,경상사고,0,0,1,0,차대차 - 추돌,안전운전불이행,-,맑음,단일로 - 기타,승용,0,35,상해없음,승용,0,44,경상,30.0,30.0
1563,2021011500100290,15,금요일,경부,대전광역시,경상사고,0,0,3,0,차대차 - 측면충돌,차로위반,-,맑음,단일로 - 기타,승용,1,58,상해없음,승용,0,56,경상,50.0,50.0
1564,2021011600100261,16,토요일,경부,충청남도,경상사고,0,0,3,0,차대차 - 추돌,안전운전불이행,-,맑음,단일로 - 기타,승용,0,27,상해없음,승용,0,32,경상,20.0,20.0
1565,2021011600100290,17,토요일,경부,경기도,경상사고,0,0,4,0,차대차 - 추돌,안전운전불이행,-,맑음,단일로 - 기타,승용,0,58,경상,승용,1,27,경상,50.0,50.0
1566,2021011600100335,18,토요일,경부,충청북도,경상사고,0,0,2,0,차대차 - 추돌,안전운전불이행,-,맑음,단일로 - 기타,승용,0,56,상해없음,승용,0,22,경상,50.0,50.0
1567,2021011700100181,17,일요일,경부,서울특별시,중상사고,0,1,8,2,차대차 - 추돌,안전거리미확보,-,흐림,단일로 - 기타,승용,0,32,상해없음,승용,0,26,경상,30.0,30.0
1568,2021011900100276,14,화요일,경부,경기도,중상사고,0,3,5,0,차대차 - 추돌,안전운전불이행,-,맑음,기타 - 기타,승용,0,39,상해없음,승용,1,61,중상,30.0,30.0
1569,2021011900100604,22,화요일,경부,경상북도,경상사고,0,0,1,0,차대차 - 추돌,안전운전불이행,-,맑음,단일로 - 기타,특수,0,59,상해없음,화물,0,44,경상,50.0,50.0