,사고번호,사고일시,요일,도로종류,시군구,사고내용,사망자수,중상자수,경상자수,부상신고자수,사고유형,법규위반,노면상태,기상상태,도로형태,가해운전자 차종,가해운전자 성별,가해운전자 연령,가해운전자 상해정도,피해운전자 차종,피해운전자 성별,피해운전자 연령,피해운전자 상해정도,연령대,가해연령대
1570,2021012000100241,12,수요일,경부,경기도,경상사고,0,0,3,5,차대차 - 측면충돌,안전운전불이행,-,맑음,단일로 - 기타,승용,0,25,상해없음,승용,0,40,경상,20.0,20.0
1571,2021012000100242,12,수요일,경부,경기도,경상사고,0,0,2,0,차대차 - 추돌,안전운전불이행,-,맑음,단일로 - 기타,승용,1,20,상해없음,승용,0,38,경상,20.0,20.0
1572,2021012000100595,20,수요일,경부,대전광역시,중상사고,0,1,0,0,차대사람 - 기타,안전운전불이행,-,맑음,단일로 - 지하차도(도로)내,화물,0,63,상해없음,보행자,0,25,중상,60.0,60.0
1573,2021012100100509,20,목요일,경부,서울특별시,경상사고,0,0,1,0,차대차 - 기타,안전거리미확보,-,비,단일로 - 기타,승용,0,58,상해없음,승용,0,41,경상,50.0,50.0
1574,2021012100100590,22,목요일,경부,경상남도,경상사고,0,0,1,0,차대차 - 추돌,안전운전불이행,-,비,단일로 - 기타,화물,0,54,상해없음,승용,1,25,경상,50.0,50.0
1575,2021012200100136,11,금요일,경부,경기도,부상신고사고,0,0,0,1,차대차 - 측면충돌,안전거리미확보,-,흐림,단일로 - 기타,승용,0,35,기타불명,승용,0,40,부상신고,30.0,30.0
1576,2021012200100393,18,금요일,경부,충청남도,경상사고,0,0,1,0,차대차 - 측면충돌,차로위반,-,맑음,단일로 - 기타,화물,0,29,상해없음,승용,1,49,경상,20.0,20.0
1577,2021012400100010,1,일요일,경부,경기도,사망사고,1,0,0,0,차대사람 - 기타,안전운전불이행,-,맑음,기타 - 기타,승용,0,25,상해없음,보행자,0,22,사망,20.0,20.0
1578,2021012400100025,6,일요일,경부,충청남도,중상사고,0,1,0,0,차대차 - 기타,안전운전불이행,-,맑음,단일로 - 기타,화물,0,62,상해없음,화물,1,58,중상,60.0,60.0
1579,2021012400100053,9,일요일,경부,충청남도,경상사고,0,0,1,0,차대차 - 측면충돌,차로위반,-,맑음,단일로 - 기타,승용,1,24,상해없음,승용,1,48,경상,20.0,20.0
1580,2021012500100101,9,월요일,경부,서울특별시,경상사고,0,0,1,0,차대차 - 측면충돌,안전운전불이행,-,흐림,기타 - 기타,승용,1,49,상해없음,승합,0,52,상해없음,40.0,40.0
1581,2021012500100201,12,월요일,경부,충청북도,경상사고,0,0,2,0,차대차 - 측면충돌,안전거리미확보,-,맑음,단일로 - 지하차도(도로)내,화물,0,61,상해없음,승용,0,63,경상,,
1582,2021012500100466,19,월요일,경부,경기도,경상사고,0,0,2,0,차대차 - 측면충돌,안전거리미확보,-,맑음,단일로 - 기타,화물,0,55,상해없음,승용,1,50,경상,50.0,50.0
1583,2021012600100120,9,화요일,경부,경기도,경상사고,0,0,1,0,차대차 - 추돌,안전운전불이행,-,맑음,기타 - 기타,화물,0,56,기타불명,승용,1,38,경상,50.0,50.0
1584,2021012600100324,16,화요일,경부,경기도,경상사고,0,0,1,0,차대차 - 기타,안전운전불이행,-,맑음,기타 - 기타,승용,0,58,상해없음,승용,0,55,경상,50.0,50.0
1585,2021012700100104,9,수요일,경부,대전광역시,경상사고,0,0,1,0,차대차 - 추돌,안전운전불이행,-,맑음,단일로 - 지하차도(도로)내,승용,0,49,상해없음,승용,0,25,경상,40.0,40.0
1586,2021012700100236,14,수요일,경부,충청북도,경상사고,0,0,1,0,차대차 - 추돌,안전운전불이행,-,맑음,단일로 - 기타,승용,0,72,상해없음,화물,0,58,경상,70.0,70.0
1587,2021012700100271,15,수요일,경부,충청남도,경상사고,0,0,2,0,차대차 - 측면충돌,안전운전불이행,-,맑음,단일로 - 기타,화물,0,51,상해없음,승용,1,26,경상,,
1588,2021012700100374,18,수요일,경부,경기도,경상사고,0,0,1,0,차대차 - 기타,안전거리미확보,-,맑음,단일로 - 기타,승용,0,37,상해없음,승용,0,43,경상,30.0,30.0
1589,2021012800100349,17,목요일,경부,충청남도,경상사고,0,0,1,0,차대차 - 측면충돌,안전운전불이행,-,맑음,단일로 - 기타,승용,0,65,상해없음,승용,1,34,경상,60.0,60.0
1590,2021012800100495,21,목요일,경부,경기도,중상사고,0,1,1,0,차대차 - 추돌,안전운전불이행,-,맑음,기타 - 기타,승용,0,30,상해없음,승용,0,29,경상,20.0,20.0
1591,2021012900100062,7,금요일,경부,경기도,경상사고,0,0,2,0,차대차 - 측면충돌,안전운전불이행,-,맑음,기타 - 기타,승용,1,56,상해없음,승용,1,23,경상,50.0,50.0
1592,2021012900100310,15,금요일,경부,경기도,경상사고,0,0,1,0,차대차 - 측면충돌,안전운전불이행,-,맑음,기타 - 기타,화물,0,55,상해없음,화물,0,78,경상,50.0,50.0
1593,2021012900100613,23,금요일,경부,서울특별시,경상사고,0,0,1,0,차대차 - 측면충돌,안전거리미확보,-,맑음,단일로 - 기타,승용,0,37,기타불명,승용,1,31,경상,30.0,30.0
1594,2021013000100086,10,토요일,경부,경기도,경상사고,0,0,1,0,차대차 - 추돌,안전운전불이행,-,맑음,단일로 - 기타,승용,0,61,상해없음,화물,0,24,경상,,
1595,2021013000100217,14,토요일,경부,경기도,경상사고,0,0,2,0,차대차 - 기타,차로위반,-,맑음,단일로 - 기타,승용,0,55,상해없음,특수,0,37,경상,50.0,50.0
1596,2021020100100436,20,월요일,경부,경기도,경상사고,0,0,2,0,차대차 - 추돌,안전운전불이행,-,흐림,단일로 - 기타,승용,0,20,상해없음,승용,0,37,경상,20.0,20.0
1597,2021020200100018,5,화요일,경부,경상남도,중상사고,0,1,0,0,차대차 - 추돌,안전운전불이행,-,맑음,단일로 - 기타,화물,0,27,중상,특수,0,66,상해없음,20.0,20.0
1598,2021020200100257,15,화요일,경부,경상남도,경상사고,0,0,1,0,차대차 - 기타,안전운전불이행,-,맑음,단일로 - 기타,특수,0,53,상해없음,승합,0,45,경상,50.0,50.0
1599,2021020200100332,17,화요일,경부,경상북도,경상사고,0,0,1,0,차대차 - 추돌,안전운전불이행,-,맑음,단일로 - 기타,승용,1,19,상해없음,화물,0,57,경상,20.0,20.0
1600,2021020300100394,18,수요일,경부,경기도,경상사고,0,0,1,0,차대차 - 기타,안전운전불이행,-,맑음,단일로 - 기타,승용,0,53,경상,승용,0,49,상해없음,50.0,50.0
1601,2021020300100486,20,수요일,경부,경상북도,경상사고,0,0,1,0,차대차 - 측면충돌,안전운전불이행,-,맑음,단일로 - 기타,기타불명,2,0,기타불명,승용,0,59,경상,20.0,20.0
1602,2021020300100569,23,수요일,경부,경기도,경상사고,0,0,1,0,차대차 - 측면충돌,안전운전불이행,-,눈,단일로 - 기타,화물,0,29,상해없음,승용,0,61,경상,20.0,20.0
1603,2021020400100195,11,목요일,경부,경기도,경상사고,0,0,1,0,차대차 - 추돌,안전운전불이행,-,맑음,단일로 - 기타,승용,0,59,상해없음,승용,0,43,경상,50.0,50.0
1604,2021020500100064,8,금요일,경부,대전광역시,경상사고,0,0,1,0,차대차 - 측면충돌,차로위반,-,맑음,단일로 - 기타,화물,0,42,상해없음,승용,0,53,경상,40.0,40.0
1605,2021020500100549,20,금요일,경부,경기도,경상사고,0,0,1,0,차대차 - 측면충돌,안전거리미확보,-,맑음,단일로 - 기타,승용,1,42,상해없음,승용,0,23,경상,40.0,40.0
1606,2021020600100284,16,토요일,경부,경상북도,경상사고,0,0,1,0,차대차 - 측면충돌,과속,-,맑음,단일로 - 기타,승용,0,30,상해없음,승용,0,37,경상,20.0,20.0
1607,2021020700100314,19,일요일,경부,경기도,경상사고,0,0,2,0,차대차 - 측면충돌,안전거리미확보,-,맑음,기타 - 기타,승용,0,69,상해없음,승용,0,33,경상,60.0,60.0
1608,2021020700100404,23,일요일,경부,경기도,경상사고,0,0,3,0,차대차 - 추돌,안전운전불이행,-,맑음,기타 - 기타,승용,0,53,상해없음,특수,0,46,경상,50.0,50.0
1609,2021020900100050,7,화요일,경부,경기도,경상사고,0,0,2,0,차대차 - 추돌,안전운전불이행,-,맑음,단일로 - 기타,승용,0,43,상해없음,승용,1,33,경상,40.0,40.0
1610,2021020900100270,13,화요일,경부,대전광역시,경상사고,0,0,1,0,차대차 - 측면충돌,안전운전불이행,-,맑음,단일로 - 지하차도(도로)내,승용,0,19,상해없음,화물,0,60,경상,20.0,20.0
1611,2021020900100568,19,화요일,경부,경기도,경상사고,0,0,1,1,차대차 - 추돌,안전거리미확보,-,맑음,단일로 - 기타,승용,0,28,상해없음,승용,1,30,경상,20.0,20.0
1612,2021021000100395,16,수요일,경부,충청북도,경상사고,0,0,1,0,차대차 - 측면충돌,차로위반,-,맑음,단일로 - 기타,승용,0,52,상해없음,승용,0,27,경상,50.0,50.0
1613,2021021000100509,18,수요일,경부,충청북도,중상사고,0,2,1,0,차대차 - 추돌,안전거리미확보,-,맑음,단일로 - 지하차도(도로)내,화물,0,60,상해없음,화물,0,58,상해없음,50.0,50.0
1614,2021021200100022,5,금요일,경부,충청남도,중상사고,0,1,0,0,차대차 - 측면충돌,안전운전불이행,-,맑음,기타 - 기타,승용,0,42,상해없음,승용,0,54,상해없음,40.0,40.0
1615,2021021200100151,16,금요일,경부,경상남도,경상사고,0,0,1,0,차대차 - 측면충돌,차로위반,-,맑음,단일로 - 기타,승용,0,30,상해없음,승용,1,26,경상,20.0,20.0
1616,2021021200100191,18,금요일,경부,경상남도,중상사고,0,2,1,0,차대차 - 추돌,안전운전불이행,-,맑음,단일로 - 기타,화물,0,55,상해없음,승용,0,23,경상,50.0,50.0
1617,2021021300100282,19,토요일,경부,충청남도,경상사고,0,0,3,0,차대차 - 측면충돌,안전거리미확보,-,맑음,단일로 - 기타,화물,0,59,상해없음,승용,0,31,경상,50.0,50.0
1618,2021021400100038,10,일요일,경부,대구광역시,사망사고,1,0,0,0,차량단독 - 공작물충돌,안전운전불이행,-,맑음,단일로 - 기타,화물,0,73,사망,기타불명,2,0,기타불명,70.0,70.0
1619,2021021400100174,17,일요일,경부,경상북도,중상사고,0,1,5,0,차대차 - 측면충돌,과속,-,맑음,단일로 - 기타,승용,0,44,중상,승용,1,34,상해없음,40.0,40.0
1620,2021021500100175,13,월요일,경부,충청남도,경상사고,0,0,3,0,차대차 - 기타,안전운전불이행,-,맑음,단일로 - 기타,승합,0,21,상해없음,승용,1,64,경상,20.0,20.0
1621,2021021600100205,13,화요일,경부,경상북도,경상사고,0,0,1,0,차대차 - 측면충돌,안전운전불이행,-,맑음,단일로 - 기타,승용,0,61,상해없음,화물,0,51,경상,,
1622,2021021700100007,0,수요일,경부,경상북도,중상사고,0,2,0,0,차대차 - 기타,안전운전불이행,-,맑음,단일로 - 기타,승용,0,29,상해없음,승용,0,25,중상,20.0,20.0
1623,2021021700100359,17,수요일,경부,경상남도,경상사고,0,0,1,0,차량단독 - 기타,안전운전불이행,-,맑음,단일로 - 기타,화물,0,39,경상,기타불명,2,0,기타불명,30.0,30.0
1624,2021021800100017,2,목요일,경부,경기도,경상사고,0,0,1,0,차대차 - 추돌,안전운전불이행,-,맑음,기타 - 기타,승용,0,32,기타불명,화물,0,60,경상,30.0,30.0
1625,2021021800100153,11,목요일,경부,대구광역시,경상사고,0,0,1,0,차대차 - 측면충돌,안전운전불이행,-,맑음,단일로 - 기타,기타불명,2,0,기타불명,승용,0,32,경상,20.0,20.0
1626,2021021900100147,10,금요일,경부,경기도,경상사고,0,0,1,0,차대차 - 기타,안전운전불이행,-,맑음,단일로 - 기타,승용,0,53,상해없음,승용,0,71,상해없음,50.0,50.0
1627,2021021900100404,16,금요일,경부,경기도,경상사고,0,0,2,1,차대차 - 측면충돌,안전운전불이행,-,맑음,단일로 - 기타,승용,0,66,상해없음,승합,0,57,경상,60.0,60.0
1628,2021021900100497,18,금요일,경부,경기도,중상사고,0,1,2,1,차대차 - 추돌,안전운전불이행,-,맑음,단일로 - 기타,승용,0,48,기타불명,승용,0,41,중상,40.0,40.0
1629,2021021900100502,18,금요일,경부,대전광역시,경상사고,0,0,1,0,차대차 - 측면충돌,신호위반,-,맑음,단일로 - 기타,특수,0,62,상해없음,승용,0,24,경상,60.0,60.0
1630,2021022000100051,6,토요일,경부,경상북도,경상사고,0,0,2,0,차대차 - 추돌,안전운전불이행,-,맑음,단일로 - 기타,기타불명,2,0,기타불명,승용,0,35,경상,20.0,20.0
1631,2021022000100189,12,토요일,경부,경상북도,경상사고,0,0,3,0,차대차 - 측면충돌,안전운전불이행,-,맑음,단일로 - 기타,화물,0,61,상해없음,승용,0,59,경상,,
1632,2021022000100216,13,토요일,경부,경기도,중상사고,0,1,2,0,차대차 - 기타,안전거리미확보,-,맑음,단일로 - 기타,화물,0,46,상해없음,승용,0,39,중상,40.0,40.0
1633,2021022100100133,13,일요일,경부,부산광역시,경상사고,0,0,1,0,차대차 - 추돌,안전운전불이행,-,맑음,단일로 - 고가도로위,승용,0,28,상해없음,승용,0,27,경상,20.0,20.0
1634,2021022100100282,17,일요일,경부,대구광역시,경상사고,0,0,3,0,차대차 - 측면충돌,안전운전불이행,-,맑음,단일로 - 기타,승용,0,64,상해없음,승용,0,29,경상,60.0,60.0
1635,2021022100100369,21,일요일,경부,대전광역시,중상사고,0,1,0,0,차대차 - 기타,안전운전불이행,-,맑음,단일로 - 기타,승용,1,50,상해없음,승용,1,53,중상,40.0,40.0
1636,2021022200100028,6,월요일,경부,서울특별시,부상신고사고,0,0,0,1,차대차 - 측면충돌,안전운전불이행,-,맑음,기타 - 기타,승용,0,60,상해없음,승용,1,48,부상신고,50.0,50.0
1637,2021022200100187,11,월요일,경부,경기도,중상사고,0,1,0,0,차대차 - 추돌,안전운전불이행,-,맑음,단일로 - 기타,승용,0,64,상해없음,승용,0,74,상해없음,60.0,60.0
1638,2021022200100368,16,월요일,경부,경기도,경상사고,0,0,1,0,차대사람 - 차도통행중,안전운전불이행,-,맑음,단일로 - 기타,승용,1,49,상해없음,보행자,0,43,경상,40.0,40.0
1639,2021022200100485,19,월요일,경부,대구광역시,경상사고,0,0,1,0,차대차 - 측면충돌,안전거리미확보,-,맑음,단일로 - 기타,화물,0,52,상해없음,승용,1,56,경상,50.0,50.0
1640,2021022300100026,5,화요일,경부,경기도,경상사고,0,0,1,0,차대차 - 측면충돌,안전운전불이행,-,맑음,단일로 - 기타,승합,0,54,상해없음,승용,0,48,경상,50.0,50.0
1641,2021022300100131,10,화요일,경부,경기도,경상사고,0,0,1,0,차대차 - 측면충돌,안전거리미확보,-,맑음,단일로 - 기타,승용,0,23,상해없음,승용,0,38,경상,20.0,20.0
1642,2021022600100200,12,금요일,경부,경기도,중상사고,0,1,4,1,차대차 - 추돌,안전거리미확보,-,맑음,기타 - 기타,화물,0,58,상해없음,승용,0,59,경상,50.0,50.0
1643,2021022700100042,6,토요일,경부,충청북도,사망사고,1,2,2,0,차대차 - 추돌,안전운전불이행,-,맑음,단일로 - 기타,승용,1,56,상해없음,화물,0,55,사망,50.0,50.0
1644,2021022700100529,22,토요일,경부,경상북도,경상사고,0,0,1,0,차대차 - 측면충돌,안전운전불이행,-,맑음,단일로 - 기타,승용,0,55,상해없음,승용,0,22,경상,50.0,50.0
1645,2021022700100543,23,토요일,경부,충청남도,중상사고,0,1,0,0,차대차 - 추돌,안전운전불이행,-,맑음,단일로 - 기타,승용,0,31,상해없음,화물,0,55,중상,,
1646,2021030100100022,3,월요일,경부,경상남도,부상신고사고,0,0,0,1,차량단독 - 공작물충돌,안전운전불이행,-,맑음,단일로 - 기타,승용,0,21,부상신고,기타불명,2,0,기타불명,20.0,20.0
1647,2021030100100037,6,월요일,경부,경기도,경상사고,0,0,5,0,차대차 - 기타,차로위반,-,맑음,단일로 - 기타,화물,0,49,상해없음,승합,0,46,경상,40.0,40.0
1648,2021030100100235,17,월요일,경부,경기도,부상신고사고,0,0,0,4,차대차 - 측면충돌,안전거리미확보,-,맑음,단일로 - 기타,승용,1,53,상해없음,승용,0,38,부상신고,50.0,50.0
1649,2021030100100400,21,월요일,경부,대전광역시,부상신고사고,0,0,0,1,차대차 - 기타,안전거리미확보,-,비,단일로 - 기타,기타불명,2,0,기타불명,승용,1,52,상해없음,20.0,20.0
1650,2021030200100347,17,화요일,경부,경기도,경상사고,0,0,1,0,차대차 - 추돌,안전운전불이행,-,맑음,기타 - 기타,승용,0,50,상해없음,승용,0,29,경상,40.0,40.0
1651,2021030300100003,0,수요일,경부,충청북도,경상사고,0,0,1,0,차대차 - 측면충돌,안전운전불이행,-,맑음,단일로 - 기타,화물,0,63,상해없음,승용,0,22,경상,60.0,60.0
1652,2021030300100018,3,수요일,경부,경상북도,경상사고,0,0,1,0,차대차 - 측면충돌,안전운전불이행,-,맑음,단일로 - 기타,승용,0,33,상해없음,승용,1,59,경상,30.0,30.0
1653,2021030300100125,9,수요일,경부,경기도,경상사고,0,0,1,0,차대차 - 측면충돌,안전거리미확보,-,맑음,단일로 - 기타,승용,0,52,상해없음,화물,0,55,경상,50.0,50.0
1654,2021030300100151,10,수요일,경부,경기도,경상사고,0,0,2,0,차대차 - 기타,차로위반,-,맑음,단일로 - 기타,화물,0,61,상해없음,화물,0,36,경상,,
1655,2021030500100524,20,금요일,경부,경상북도,경상사고,0,0,1,0,차대차 - 측면충돌,안전운전불이행,-,맑음,단일로 - 기타,화물,0,50,상해없음,승용,0,38,경상,40.0,40.0
1656,2021030600100291,16,토요일,경부,경기도,경상사고,0,0,2,1,차대차 - 기타,안전거리미확보,-,맑음,기타 - 기타,특수,0,39,상해없음,특수,0,34,상해없음,30.0,30.0
1657,2021030600100443,21,토요일,경부,대전광역시,경상사고,0,0,4,0,차대차 - 측면충돌,안전운전불이행,-,맑음,단일로 - 지하차도(도로)내,승용,0,51,상해없음,승용,0,42,경상,,
1658,2021030600100468,22,토요일,경부,충청남도,중상사고,0,1,0,0,차대차 - 추돌,안전운전불이행,-,맑음,단일로 - 기타,승용,0,18,상해없음,승용,0,41,중상,20.0,20.0
1659,2021030600100491,23,토요일,경부,경상북도,중상사고,0,1,0,0,차대차 - 추돌,안전운전불이행,-,맑음,단일로 - 기타,화물,0,51,상해없음,승용,0,65,중상,,
1660,2021030700100054,10,일요일,경부,경상남도,중상사고,0,1,4,0,차대차 - 측면충돌,안전운전불이행,-,맑음,단일로 - 기타,승용,0,59,상해없음,승용,0,35,경상,50.0,50.0
1661,2021030700100272,18,일요일,경부,충청남도,경상사고,0,0,4,0,차대차 - 추돌,안전운전불이행,-,맑음,단일로 - 기타,화물,0,25,상해없음,승용,1,47,경상,20.0,20.0
1662,2021030800100030,6,월요일,경부,경기도,경상사고,0,0,1,0,차대차 - 측면충돌,안전운전불이행,-,맑음,기타 - 기타,승합,0,63,상해없음,승용,1,51,경상,60.0,60.0
1663,2021030800100285,14,월요일,경부,경기도,경상사고,0,0,1,0,차대차 - 기타,안전거리미확보,-,맑음,단일로 - 기타,승용,0,54,상해없음,승합,0,50,경상,50.0,50.0
1664,2021030800100394,17,월요일,경부,경상남도,경상사고,0,0,1,0,차대차 - 기타,안전운전불이행,-,맑음,단일로 - 기타,화물,0,50,상해없음,승용,1,40,경상,40.0,40.0
1665,2021030900100072,8,화요일,경부,경기도,중상사고,0,1,1,0,차대차 - 측면충돌,안전운전불이행,-,맑음,단일로 - 기타,승용,0,25,상해없음,승용,0,38,중상,20.0,20.0
1666,2021030900100381,18,화요일,경부,충청북도,경상사고,0,0,3,0,차대차 - 측면충돌,안전거리미확보,-,맑음,단일로 - 기타,승용,0,67,상해없음,승용,0,30,상해없음,60.0,60.0
1667,2021031000100369,16,수요일,경부,경상북도,경상사고,0,0,1,0,차대차 - 측면충돌,안전거리미확보,-,맑음,단일로 - 기타,화물,0,61,상해없음,화물,0,51,경상,,
1668,2021031100100197,12,목요일,경부,충청북도,경상사고,0,0,1,0,차대차 - 측면충돌,신호위반,-,맑음,단일로 - 터널,화물,0,56,상해없음,승용,1,23,경상,50.0,50.0
1669,2021031200100068,8,금요일,경부,대전광역시,경상사고,0,0,1,0,차대차 - 측면충돌,안전운전불이행,-,비,단일로 - 기타,화물,0,52,기타불명,승용,1,23,경상,50.0,50.0
1670,2021031200100143,11,금요일,경부,울산광역시,중상사고,0,2,0,0,차대차 - 추돌,안전운전불이행,-,비,단일로 - 기타,승용,0,56,상해없음,승용,0,61,중상,50.0,50.0
1671,2021031200100294,15,금요일,경부,경상북도,경상사고,0,0,1,0,차대차 - 측면충돌,안전운전불이행,-,비,단일로 - 기타,화물,0,40,상해없음,화물,0,50,경상,30.0,30.0
1672,2021031200100324,16,금요일,경부,경기도,경상사고,0,0,2,0,차대차 - 기타,안전운전불이행,-,맑음,단일로 - 기타,승용,0,31,상해없음,승용,1,55,경상,,
1673,2021031200100337,16,금요일,경부,대구광역시,중상사고,0,1,1,0,차대차 - 추돌,안전운전불이행,-,비,단일로 - 기타,화물,0,36,중상,특수,0,39,경상,30.0,30.0
1674,2021031200100338,16,금요일,경부,경상북도,경상사고,0,0,3,0,차대차 - 기타,안전운전불이행,-,비,단일로 - 기타,기타불명,2,0,기타불명,승용,1,38,경상,20.0,20.0
1675,2021031200100405,18,금요일,경부,경기도,경상사고,0,0,1,0,차대차 - 측면충돌,안전거리미확보,-,맑음,단일로 - 기타,화물,0,62,상해없음,승용,0,29,경상,60.0,60.0
1676,2021031200100406,18,금요일,경부,경기도,경상사고,0,0,1,0,차대차 - 추돌,안전운전불이행,-,맑음,단일로 - 기타,승용,1,47,상해없음,승용,1,63,경상,40.0,40.0
1677,2021031200100413,18,금요일,경부,충청북도,경상사고,0,0,1,0,차대차 - 기타,신호위반,-,비,단일로 - 터널,특수,0,58,상해없음,승용,0,38,경상,50.0,50.0
1678,2021031200100526,20,금요일,경부,경상북도,경상사고,0,0,2,0,차대차 - 추돌,안전거리미확보,-,맑음,단일로 - 기타,승용,0,57,상해없음,승용,0,32,경상,50.0,50.0
1679,2021031200100584,22,금요일,경부,충청북도,경상사고,0,0,1,0,차대차 - 추돌,안전거리미확보,-,흐림,단일로 - 지하차도(도로)내,화물,0,35,상해없음,승용,0,54,경상,30.0,30.0
1680,2021031400100034,4,일요일,경부,충청남도,중상사고,0,1,3,0,차대차 - 추돌,안전운전불이행,-,맑음,단일로 - 기타,승용,0,26,상해없음,화물,0,21,경상,20.0,20.0
1681,2021031400100212,16,일요일,경부,울산광역시,중상사고,0,2,0,0,차대차 - 추돌,차로위반,-,맑음,단일로 - 기타,승용,0,44,상해없음,승용,1,50,중상,40.0,40.0
1682,2021031400100322,19,일요일,경부,충청북도,경상사고,0,0,2,0,차대차 - 추돌,안전거리미확보,-,맑음,단일로 - 기타,승용,0,29,상해없음,승용,1,52,경상,20.0,20.0
1683,2021031400100323,19,일요일,경부,충청북도,경상사고,0,0,2,0,차대차 - 추돌,안전운전불이행,-,맑음,단일로 - 지하차도(도로)내,승용,0,32,상해없음,승용,0,58,경상,30.0,30.0
1684,2021031500100259,14,월요일,경부,서울특별시,경상사고,0,0,2,0,차대차 - 추돌,안전운전불이행,-,맑음,단일로 - 기타,승용,1,77,상해없음,승용,0,34,경상,70.0,70.0
1685,2021031500100383,17,월요일,경부,경상북도,경상사고,0,0,2,0,차대차 - 추돌,안전운전불이행,-,맑음,단일로 - 기타,승용,0,33,상해없음,승용,0,25,경상,30.0,30.0
1686,2021031600100008,0,화요일,경부,경기도,중상사고,0,1,1,2,차대차 - 추돌,안전운전불이행,-,비,기타 - 기타,승용,0,22,중상,화물,0,44,상해없음,20.0,20.0
1687,2021031600100038,5,화요일,경부,경기도,부상신고사고,0,0,0,1,차대차 - 기타,안전운전불이행,-,맑음,주차장 - 주차장,화물,0,30,상해없음,화물,0,51,부상신고,20.0,20.0
1688,2021031600100099,8,화요일,경부,경상남도,경상사고,0,0,1,0,차대차 - 추돌,안전거리미확보,-,맑음,단일로 - 기타,승용,1,46,상해없음,승용,1,37,경상,40.0,40.0
1689,2021031600100237,12,화요일,경부,경기도,경상사고,0,0,1,2,차대차 - 추돌,안전운전불이행,-,맑음,단일로 - 기타,화물,0,43,기타불명,화물,0,45,부상신고,40.0,40.0
1690,2021031600100445,18,화요일,경부,경기도,경상사고,0,0,1,0,차대차 - 추돌,안전운전불이행,-,맑음,단일로 - 기타,승용,1,49,상해없음,승용,0,27,경상,40.0,40.0
1691,2021031800100022,3,목요일,경부,충청북도,중상사고,0,1,0,0,차대차 - 추돌,안전운전불이행,-,맑음,단일로 - 기타,승용,0,27,상해없음,승용,0,27,중상,20.0,20.0
1692,2021031800100166,11,목요일,경부,경기도,경상사고,0,0,1,0,차대차 - 추돌,안전거리미확보,-,맑음,단일로 - 기타,승용,1,54,상해없음,승용,1,57,경상,50.0,50.0
1693,2021031800100262,14,목요일,경부,경기도,사망사고,1,0,0,1,차대사람 - 기타,안전운전불이행,-,맑음,기타 - 기타,승용,0,33,상해없음,보행자,0,50,사망,30.0,30.0
1694,2021031800100361,17,목요일,경부,경기도,경상사고,0,0,1,0,차대차 - 기타,안전운전불이행,-,맑음,단일로 - 기타,승용,0,46,상해없음,승용,0,24,경상,40.0,40.0
1695,2021031800100518,23,목요일,경부,경기도,경상사고,0,0,1,1,차대차 - 측면충돌,안전운전불이행,-,맑음,기타 - 기타,승용,0,58,상해없음,화물,0,48,경상,50.0,50.0
1696,2021031900100114,9,금요일,경부,경기도,중상사고,0,2,1,0,차대차 - 기타,안전운전불이행,-,맑음,단일로 - 기타,승용,0,56,상해없음,승용,0,65,중상,50.0,50.0
1697,2021031900100117,9,금요일,경부,대전광역시,중상사고,0,6,5,0,차대차 - 측면충돌,안전운전불이행,-,맑음,단일로 - 기타,승합,0,69,상해없음,승용,1,31,경상,60.0,60.0
1698,2021031900100314,15,금요일,경부,경기도,경상사고,0,0,1,0,차대차 - 추돌,안전운전불이행,-,맑음,단일로 - 기타,승용,0,27,기타불명,승용,1,59,경상,20.0,20.0
1699,2021031900100366,16,금요일,경부,경기도,부상신고사고,0,0,0,1,차대차 - 추돌,안전운전불이행,-,맑음,단일로 - 기타,승용,1,72,상해없음,승용,0,35,부상신고,70.0,70.0
1700,2021031900100450,18,금요일,경부,경기도,경상사고,0,0,1,0,차대차 - 추돌,안전운전불이행,-,맑음,단일로 - 기타,승용,0,37,상해없음,승용,0,30,경상,30.0,30.0
1701,2021032100100094,11,일요일,경부,서울특별시,경상사고,0,0,1,0,차대차 - 추돌,안전운전불이행,-,맑음,단일로 - 기타,승용,0,46,상해없음,승용,0,34,경상,40.0,40.0
1702,2021032200100280,14,월요일,경부,경기도,경상사고,0,0,2,0,차대차 - 측면충돌,안전거리미확보,-,맑음,단일로 - 기타,화물,0,42,상해없음,승용,0,39,경상,40.0,40.0
1703,2021032400100368,17,수요일,경부,울산광역시,경상사고,0,0,1,0,차대차 - 측면충돌,차로위반,-,맑음,단일로 - 기타,승용,0,62,상해없음,승용,0,25,경상,60.0,60.0
1704,2021032500100585,22,목요일,경부,경기도,경상사고,0,0,2,0,차대차 - 기타,안전운전불이행,-,맑음,기타 - 기타,승용,1,48,상해없음,승용,1,37,경상,40.0,40.0
1705,2021032600100365,16,금요일,경부,서울특별시,경상사고,0,0,2,0,차대차 - 추돌,안전운전불이행,-,맑음,기타 - 기타,승용,0,52,상해없음,승용,0,37,경상,50.0,50.0
1706,2021032700100064,6,토요일,경부,경상북도,중상사고,0,1,0,0,차량단독 - 공작물충돌,안전운전불이행,-,맑음,단일로 - 기타,화물,0,58,중상,기타불명,2,0,기타불명,50.0,50.0