,사고번호,사고일시,요일,도로종류,시군구,사고내용,사망자수,중상자수,경상자수,부상신고자수,사고유형,법규위반,노면상태,기상상태,도로형태,가해운전자 차종,가해운전자 성별,가해운전자 연령,가해운전자 상해정도,피해운전자 차종,피해운전자 성별,피해운전자 연령,피해운전자 상해정도,연령대,가해연령대
1707,2021032700100114,10,토요일,경부,경기도,부상신고사고,0,0,0,1,차대차 - 측면충돌,안전운전불이행,-,맑음,단일로 - 기타,승용,1,62,상해없음,화물,0,44,부상신고,60.0,60.0
1708,2021032700100313,15,토요일,경부,대전광역시,경상사고,0,0,1,0,차대차 - 추돌,차로위반,-,비,단일로 - 기타,승용,1,19,상해없음,화물,0,60,경상,20.0,20.0
1709,2021032700100400,17,토요일,경부,경기도,중상사고,0,2,2,0,차대차 - 기타,안전운전불이행,-,비,단일로 - 기타,승용,0,64,상해없음,승합,0,56,경상,60.0,60.0
1710,2021032800100006,0,일요일,경부,서울특별시,사망사고,1,1,0,0,차대사람 - 기타,과속,-,비,기타 - 기타,승용,0,52,중상,보행자,0,33,사망,50.0,50.0
1711,2021032800100167,12,일요일,경부,경상북도,경상사고,0,0,3,0,차대차 - 추돌,안전운전불이행,-,맑음,단일로 - 기타,승용,1,63,상해없음,승용,1,35,경상,60.0,60.0
1712,2021032800100385,20,일요일,경부,경상북도,중상사고,0,2,0,0,차대차 - 추돌,안전거리미확보,-,맑음,단일로 - 기타,승용,0,22,상해없음,승용,0,26,중상,20.0,20.0
1713,2021032900100036,6,월요일,경부,경기도,부상신고사고,0,0,0,2,차대차 - 기타,안전운전불이행,-,맑음,단일로 - 기타,특수,0,64,상해없음,승용,0,57,부상신고,60.0,60.0
1714,2021033000100030,4,화요일,경부,충청북도,경상사고,0,0,1,0,차대차 - 측면충돌,안전거리미확보,-,맑음,단일로 - 기타,승용,0,26,경상,특수,0,64,상해없음,20.0,20.0
1715,2021033100100244,13,수요일,경부,서울특별시,경상사고,0,0,2,0,차대차 - 추돌,안전운전불이행,-,맑음,단일로 - 기타,승용,0,28,상해없음,승용,0,19,경상,20.0,20.0
1716,2021033100100401,17,수요일,경부,경기도,경상사고,0,0,1,0,차대차 - 추돌,안전운전불이행,-,맑음,단일로 - 기타,화물,0,69,상해없음,승용,0,55,경상,60.0,60.0
1717,2021040100100190,11,목요일,경부,충청북도,경상사고,0,0,1,0,차대차 - 측면충돌,안전운전불이행,-,맑음,단일로 - 지하차도(도로)내,화물,0,47,상해없음,승용,0,39,경상,40.0,40.0
1718,2021040100100421,17,목요일,경부,경기도,경상사고,0,0,1,0,차대차 - 기타,안전거리미확보,-,맑음,단일로 - 기타,승용,0,55,상해없음,승용,0,45,경상,50.0,50.0
1719,2021040100100469,18,목요일,경부,경기도,경상사고,0,0,1,0,차대차 - 기타,안전운전불이행,-,맑음,단일로 - 기타,승용,0,27,상해없음,승합,0,48,경상,20.0,20.0
1720,2021040200100183,11,금요일,경부,경기도,부상신고사고,0,0,0,1,차대차 - 측면충돌,안전운전불이행,-,흐림,단일로 - 기타,승용,0,22,부상신고,승용,0,66,상해없음,20.0,20.0
1721,2021040200100297,14,금요일,경부,경기도,부상신고사고,0,0,0,1,차대차 - 측면충돌,안전거리미확보,-,맑음,단일로 - 기타,승용,0,53,상해없음,화물,0,42,부상신고,50.0,50.0
1722,2021040200100584,21,금요일,경부,경기도,경상사고,0,0,2,0,차대차 - 기타,안전운전불이행,-,맑음,단일로 - 기타,화물,0,60,상해없음,승용,0,35,경상,50.0,50.0
1723,2021040300100053,6,토요일,경부,충청남도,경상사고,0,0,4,0,차대차 - 측면충돌,안전운전불이행,-,맑음,단일로 - 기타,승용,0,39,상해없음,승용,0,25,경상,30.0,30.0
1724,2021040300100175,12,토요일,경부,경기도,부상신고사고,0,0,0,1,차대차 - 기타,안전운전불이행,-,비,기타 - 기타,승용,0,32,상해없음,승합,0,57,부상신고,30.0,30.0
1725,2021040300100303,15,토요일,경부,충청북도,경상사고,0,0,3,0,차대차 - 추돌,안전거리미확보,-,비,단일로 - 지하차도(도로)내,승용,0,28,상해없음,승용,0,25,경상,20.0,20.0
1726,2021040300100498,20,토요일,경부,경상북도,중상사고,0,2,0,0,차대차 - 측면충돌,안전운전불이행,-,비,단일로 - 기타,승용,1,61,중상,승용,0,37,상해없음,,
1727,2021040400100092,10,일요일,경부,충청북도,중상사고,0,2,0,0,차대차 - 추돌,과속,-,흐림,단일로 - 기타,승용,1,30,기타불명,승용,0,74,중상,20.0,20.0
1728,2021040500100555,19,월요일,경부,경기도,경상사고,0,0,1,0,차대차 - 측면충돌,안전거리미확보,-,맑음,단일로 - 기타,승용,0,59,상해없음,화물,0,44,경상,50.0,50.0
1729,2021040600100537,21,화요일,경부,대구광역시,중상사고,0,1,1,0,차대차 - 측면충돌,안전운전불이행,-,맑음,단일로 - 기타,승용,0,54,상해없음,화물,0,48,기타불명,50.0,50.0
1730,2021040700100403,17,수요일,경부,경상남도,중상사고,0,1,0,0,차대차 - 정면충돌,안전운전불이행,-,맑음,단일로 - 기타,승용,0,65,상해없음,승용,0,28,중상,60.0,60.0
1731,2021040700100429,17,수요일,경부,대구광역시,경상사고,0,0,1,0,차대차 - 측면충돌,차로위반,-,맑음,단일로 - 기타,승용,1,65,상해없음,승용,0,22,상해없음,60.0,60.0
1732,2021040800100426,17,목요일,경부,경기도,경상사고,0,0,1,0,차대차 - 추돌,안전운전불이행,-,맑음,단일로 - 기타,승용,0,51,상해없음,승용,1,49,경상,,
1733,2021040900100297,14,금요일,경부,경기도,경상사고,0,0,1,0,차대차 - 기타,안전거리미확보,-,맑음,단일로 - 기타,화물,0,70,상해없음,화물,0,48,경상,60.0,60.0
1734,2021041000100169,11,토요일,경부,충청남도,경상사고,0,0,5,0,차대차 - 추돌,안전운전불이행,-,맑음,단일로 - 기타,승용,1,26,경상,승용,0,31,경상,20.0,20.0
1735,2021041000100195,12,토요일,경부,경상남도,경상사고,0,0,1,0,차대차 - 추돌,안전운전불이행,-,맑음,단일로 - 기타,승용,0,25,상해없음,승용,0,27,경상,20.0,20.0
1736,2021041000100212,12,토요일,경부,충청남도,경상사고,0,0,4,0,차대차 - 기타,안전운전불이행,-,맑음,단일로 - 기타,승용,0,44,경상,승용,0,50,경상,40.0,40.0
1737,2021041000100499,19,토요일,경부,서울특별시,중상사고,0,4,0,1,차대차 - 기타,안전운전불이행,-,맑음,단일로 - 기타,승용,0,25,상해없음,승용,0,51,중상,20.0,20.0
1738,2021041000100592,22,토요일,경부,충청남도,경상사고,0,0,2,0,차대차 - 추돌,안전운전불이행,-,맑음,기타 - 기타,승용,0,21,상해없음,승용,0,40,경상,20.0,20.0
1739,2021041100100261,15,일요일,경부,충청북도,중상사고,0,2,15,0,차대차 - 측면충돌,신호위반,-,맑음,단일로 - 교량,승용,0,55,중상,승합,0,48,경상,50.0,50.0
1740,2021041100100304,16,일요일,경부,대전광역시,중상사고,0,1,1,0,차대차 - 추돌,안전운전불이행,-,맑음,단일로 - 지하차도(도로)내,승용,1,27,상해없음,승용,0,53,경상,20.0,20.0
1741,2021041200100015,3,월요일,경부,경기도,경상사고,0,0,1,0,차대차 - 추돌,안전운전불이행,-,맑음,단일로 - 기타,승용,0,22,상해없음,승용,0,30,경상,20.0,20.0
1742,2021041300100155,10,화요일,경부,경기도,부상신고사고,0,0,0,1,차대차 - 측면충돌,안전거리미확보,-,맑음,단일로 - 기타,승용,1,66,상해없음,화물,0,43,부상신고,60.0,60.0
1743,2021041300100356,16,화요일,경부,충청북도,경상사고,0,0,1,0,차대차 - 추돌,기타,-,맑음,단일로 - 기타,화물,0,73,상해없음,승용,0,47,경상,70.0,70.0
1744,2021041500100060,7,목요일,경부,경상북도,경상사고,0,0,1,0,차대차 - 측면충돌,안전운전불이행,-,맑음,단일로 - 기타,화물,0,54,상해없음,건설기계,0,67,경상,50.0,50.0
1745,2021041500100306,15,목요일,경부,경기도,경상사고,0,0,1,0,차대차 - 기타,안전운전불이행,-,맑음,기타 - 기타,화물,0,80,상해없음,승용,0,49,경상,70.0,70.0
1746,2021041600100337,16,금요일,경부,대구광역시,중상사고,0,1,0,0,차량단독 - 전도전복 - 전복,안전운전불이행,-,맑음,단일로 - 기타,승용,0,47,상해없음,기타불명,2,0,기타불명,40.0,40.0
1747,2021041600100465,19,금요일,경부,경상북도,경상사고,0,0,5,0,차대차 - 측면충돌,안전운전불이행,-,맑음,단일로 - 기타,특수,0,49,상해없음,승용,0,38,경상,40.0,40.0
1748,2021041600100482,20,금요일,경부,경기도,중상사고,0,2,0,0,차대차 - 추돌,안전운전불이행,-,맑음,기타 - 기타,승용,0,37,상해없음,승용,0,32,중상,30.0,30.0
1749,2021041600100557,22,금요일,경부,경기도,경상사고,0,0,1,0,차대차 - 추돌,안전운전불이행,-,맑음,기타 - 기타,승용,0,30,상해없음,승용,0,39,경상,20.0,20.0
1750,2021041700100172,11,토요일,경부,대전광역시,경상사고,0,0,3,0,차대차 - 추돌,안전거리미확보,-,맑음,단일로 - 기타,건설기계,0,47,경상,승합,0,58,경상,40.0,40.0
1751,2021041700100385,16,토요일,경부,충청남도,경상사고,0,0,1,0,차대차 - 기타,안전운전불이행,-,맑음,단일로 - 기타,화물,0,40,상해없음,승용,1,44,경상,30.0,30.0
1752,2021041800100354,20,일요일,경부,대전광역시,경상사고,0,0,2,0,차대차 - 추돌,안전운전불이행,-,맑음,단일로 - 기타,승합,0,50,상해없음,승용,1,55,경상,40.0,40.0
1753,2021042100100013,1,수요일,경부,경기도,경상사고,0,0,3,0,차대차 - 추돌,안전운전불이행,-,맑음,기타 - 기타,승용,0,28,기타불명,승용,0,36,경상,20.0,20.0
1754,2021042100100098,8,수요일,경부,경상북도,경상사고,0,0,2,0,차대차 - 측면충돌,안전운전불이행,-,맑음,단일로 - 기타,건설기계,0,60,상해없음,승용,1,54,경상,50.0,50.0
1755,2021042100100130,9,수요일,경부,경기도,경상사고,0,0,2,0,차대차 - 측면충돌,안전거리미확보,-,맑음,단일로 - 기타,승용,1,55,상해없음,승용,1,60,경상,50.0,50.0
1756,2021042100100223,12,수요일,경부,서울특별시,중상사고,0,1,6,0,차대차 - 추돌,안전거리미확보,-,맑음,기타 - 기타,승합,0,61,상해없음,승합,0,60,중상,,
1757,2021042100100424,17,수요일,경부,경기도,경상사고,0,0,1,0,차대차 - 측면충돌,안전거리미확보,-,맑음,단일로 - 기타,승용,1,52,상해없음,승용,1,26,경상,50.0,50.0
1758,2021042100100516,19,수요일,경부,경기도,경상사고,0,0,1,0,차대차 - 기타,안전거리미확보,-,맑음,단일로 - 기타,승용,0,24,상해없음,승용,0,35,경상,20.0,20.0
1759,2021042100100622,23,수요일,경부,충청북도,중상사고,0,2,2,0,차대차 - 추돌,안전운전불이행,-,맑음,단일로 - 지하차도(도로)내,화물,0,58,상해없음,승용,1,26,경상,50.0,50.0
1760,2021042200100048,7,목요일,경부,경상남도,경상사고,0,0,2,0,차대차 - 측면충돌,안전운전불이행,-,맑음,단일로 - 기타,특수,0,68,경상,승용,1,49,경상,60.0,60.0
1761,2021042400100102,9,토요일,경부,경상북도,경상사고,0,0,2,0,차대차 - 측면충돌,안전거리미확보,-,맑음,단일로 - 기타,기타불명,2,0,기타불명,승용,1,42,경상,20.0,20.0
1762,2021042500100152,12,일요일,경부,충청북도,경상사고,0,0,2,0,차대차 - 추돌,안전거리미확보,-,맑음,단일로 - 지하차도(도로)내,승합,0,22,상해없음,승용,0,25,경상,20.0,20.0
1763,2021042500100314,16,일요일,경부,충청남도,중상사고,0,1,4,0,차대차 - 기타,기타,-,맑음,단일로 - 기타,승용,0,61,중상,승용,0,29,경상,,
1764,2021042500100410,19,일요일,경부,경기도,중상사고,0,1,5,1,차대차 - 기타,안전거리미확보,-,맑음,단일로 - 기타,승용,1,58,상해없음,승합,0,42,상해없음,50.0,50.0
1765,2021042500100418,19,일요일,경부,대구광역시,경상사고,0,0,2,0,차대차 - 측면충돌,안전운전불이행,-,맑음,단일로 - 기타,승용,0,66,상해없음,승용,0,28,경상,60.0,60.0
1766,2021042600100021,5,월요일,경부,충청남도,중상사고,0,1,0,0,차대차 - 측면충돌,안전운전불이행,-,맑음,단일로 - 기타,승용,0,48,상해없음,승용,0,47,중상,40.0,40.0
1767,2021042600100046,7,월요일,경부,서울특별시,경상사고,0,0,1,0,차대차 - 기타,안전운전불이행,-,맑음,기타 - 기타,승용,0,70,상해없음,화물,0,57,경상,60.0,60.0
1768,2021042800100099,8,수요일,경부,충청남도,중상사고,0,2,2,0,차대차 - 측면충돌,차로위반,-,맑음,단일로 - 기타,화물,0,56,상해없음,승용,1,43,중상,50.0,50.0
1769,2021042800100274,14,수요일,경부,경기도,경상사고,0,0,1,0,차대차 - 측면충돌,안전거리미확보,-,맑음,단일로 - 기타,특수,0,49,상해없음,화물,0,45,경상,40.0,40.0
1770,2021043000100053,6,금요일,경부,대구광역시,경상사고,0,0,1,0,차대차 - 추돌,안전운전불이행,-,맑음,단일로 - 기타,승용,0,23,상해없음,승용,0,50,경상,20.0,20.0
1771,2021043000100221,12,금요일,경부,부산광역시,경상사고,0,0,2,0,차대차 - 기타,안전운전불이행,-,맑음,단일로 - 기타,특수,0,66,상해없음,승용,0,74,경상,60.0,60.0
1772,2021050100100058,5,토요일,경부,경기도,경상사고,0,0,1,0,차대차 - 측면충돌,안전운전불이행,-,맑음,단일로 - 기타,승용,0,50,경상,화물,0,56,상해없음,40.0,40.0
1773,2021050100100083,8,토요일,경부,충청남도,경상사고,0,0,2,0,차대차 - 기타,안전운전불이행,-,맑음,단일로 - 기타,승용,0,30,상해없음,승용,1,41,경상,20.0,20.0
1774,2021050100100118,10,토요일,경부,경기도,경상사고,0,0,2,0,차대차 - 측면충돌,안전운전불이행,-,맑음,주차장 - 주차장,승용,0,27,상해없음,승용,0,29,경상,20.0,20.0
1775,2021050100100296,15,토요일,경부,경기도,경상사고,0,0,1,2,차대차 - 측면충돌,안전거리미확보,-,맑음,기타 - 기타,승용,0,60,상해없음,승용,0,53,경상,50.0,50.0
1776,2021050200100447,22,일요일,경부,서울특별시,경상사고,0,0,2,1,차대차 - 추돌,안전거리미확보,-,맑음,단일로 - 기타,승용,1,64,부상신고,승용,0,36,경상,60.0,60.0
1777,2021050300100452,17,월요일,경부,경기도,경상사고,0,0,1,1,차대차 - 측면충돌,안전거리미확보,-,흐림,단일로 - 기타,승용,1,64,부상신고,화물,0,68,경상,60.0,60.0
1778,2021050300100453,17,월요일,경부,경기도,경상사고,0,0,1,0,차대차 - 기타,안전거리미확보,-,맑음,단일로 - 기타,승용,0,32,상해없음,승용,0,62,경상,30.0,30.0
1779,2021050400100011,1,화요일,경부,경기도,경상사고,0,0,1,0,차대차 - 추돌,안전거리미확보,-,맑음,단일로 - 기타,승용,1,61,상해없음,화물,0,48,경상,,
1780,2021050400100013,1,화요일,경부,대구광역시,경상사고,0,0,1,0,차대차 - 추돌,안전운전불이행,-,맑음,단일로 - 기타,화물,0,52,상해없음,화물,0,56,경상,50.0,50.0
1781,2021050400100161,11,화요일,경부,서울특별시,경상사고,0,0,1,0,차대차 - 추돌,안전운전불이행,-,맑음,단일로 - 기타,승용,0,62,상해없음,승용,1,34,경상,60.0,60.0
1782,2021050400100383,17,화요일,경부,경상북도,중상사고,0,1,0,0,차대차 - 측면충돌,안전운전불이행,-,비,단일로 - 기타,승용,0,24,상해없음,승용,0,29,중상,20.0,20.0
1783,2021050500100023,1,수요일,경부,경기도,경상사고,0,0,1,1,차대차 - 측면충돌,안전운전불이행,-,맑음,기타 - 기타,화물,0,57,부상신고,화물,0,60,경상,50.0,50.0
1784,2021050500100047,4,수요일,경부,경기도,경상사고,0,0,1,0,차대차 - 추돌,안전운전불이행,-,맑음,단일로 - 기타,승용,1,31,상해없음,승용,0,40,경상,,
1785,2021050500100113,10,수요일,경부,경기도,경상사고,0,0,3,0,차대차 - 측면충돌,차로위반,-,맑음,단일로 - 기타,승용,0,74,상해없음,승용,0,29,경상,70.0,70.0
1786,2021050500100271,14,수요일,경부,충청북도,경상사고,0,0,8,0,차대차 - 추돌,안전거리미확보,-,맑음,단일로 - 기타,화물,0,63,상해없음,승용,1,29,경상,60.0,60.0
1787,2021050600100072,8,목요일,경부,경기도,경상사고,0,0,2,0,차대차 - 추돌,안전운전불이행,-,맑음,단일로 - 기타,승용,1,63,상해없음,승용,0,67,경상,60.0,60.0
1788,2021050600100155,10,목요일,경부,경상북도,경상사고,0,0,4,0,차대차 - 추돌,안전거리미확보,-,맑음,단일로 - 기타,승용,1,51,경상,승용,1,70,경상,,
1789,2021050600100338,16,목요일,경부,경기도,중상사고,0,1,2,2,차대차 - 기타,안전거리미확보,-,맑음,단일로 - 기타,승용,0,30,상해없음,승합,0,49,경상,20.0,20.0
1790,2021050700100247,13,금요일,경부,경기도,경상사고,0,0,1,1,차대차 - 추돌,안전운전불이행,-,맑음,단일로 - 기타,승용,0,30,상해없음,승용,0,38,경상,20.0,20.0
1791,2021050700100565,21,금요일,경부,충청북도,경상사고,0,0,1,0,차대차 - 추돌,안전운전불이행,-,맑음,단일로 - 지하차도(도로)내,승용,0,29,상해없음,승용,0,50,경상,20.0,20.0
1792,2021050800100103,9,토요일,경부,충청남도,경상사고,0,0,2,0,차대차 - 추돌,안전운전불이행,-,맑음,단일로 - 기타,승용,1,32,상해없음,승용,1,39,경상,30.0,30.0
1793,2021050800100159,11,토요일,경부,경상남도,중상사고,0,1,0,0,차대차 - 추돌,안전운전불이행,-,맑음,단일로 - 기타,승용,0,22,상해없음,승용,1,30,중상,20.0,20.0
1794,2021050800100170,11,토요일,경부,충청남도,경상사고,0,0,2,0,차대차 - 추돌,안전운전불이행,-,맑음,단일로 - 기타,승용,0,26,상해없음,승용,0,27,경상,20.0,20.0
1795,2021050800100175,11,토요일,경부,경상북도,경상사고,0,0,2,0,차대차 - 측면충돌,안전운전불이행,-,맑음,단일로 - 기타,승용,0,26,상해없음,승용,0,30,경상,20.0,20.0
1796,2021050800100176,11,토요일,경부,대구광역시,중상사고,0,1,2,0,차대차 - 추돌,안전운전불이행,-,맑음,단일로 - 기타,승용,0,47,중상,승용,0,41,경상,40.0,40.0
1797,2021050800100368,15,토요일,경부,경상북도,중상사고,0,3,0,0,차대차 - 추돌,안전운전불이행,-,맑음,단일로 - 기타,승용,0,50,중상,화물,0,47,상해없음,40.0,40.0
1798,2021050800100601,22,토요일,경부,충청북도,경상사고,0,0,6,0,차대차 - 추돌,차로위반,-,맑음,단일로 - 기타,승용,0,47,경상,승용,1,39,경상,40.0,40.0
1799,2021050900100313,16,일요일,경부,대구광역시,경상사고,0,0,2,0,차대차 - 측면충돌,안전운전불이행,-,맑음,단일로 - 기타,화물,0,60,상해없음,승용,0,53,경상,50.0,50.0
1800,2021051000100075,8,월요일,경부,경기도,경상사고,0,0,3,0,차대차 - 추돌,안전운전불이행,-,비,단일로 - 기타,화물,0,23,상해없음,승용,0,31,경상,20.0,20.0
1801,2021051000100108,9,월요일,경부,경기도,중상사고,0,1,0,0,차대차 - 기타,신호위반,-,흐림,단일로 - 기타,승용,0,48,상해없음,승합,0,50,상해없음,40.0,40.0
1802,2021051000100293,15,월요일,경부,경기도,중상사고,0,1,1,0,차대차 - 기타,안전운전불이행,-,비,단일로 - 기타,화물,0,66,상해없음,승용,1,29,중상,60.0,60.0
1803,2021051100100072,7,화요일,경부,경기도,경상사고,0,0,1,0,차대차 - 측면충돌,안전거리미확보,-,맑음,단일로 - 기타,화물,0,59,상해없음,승용,0,41,경상,50.0,50.0
1804,2021051100100346,14,화요일,경부,경상북도,중상사고,0,1,0,1,차대차 - 측면충돌,안전운전불이행,-,맑음,단일로 - 기타,화물,0,54,중상,승용,0,30,부상신고,50.0,50.0
1805,2021051100100609,21,화요일,경부,경상북도,중상사고,0,1,0,0,차대차 - 측면충돌,안전운전불이행,-,맑음,단일로 - 기타,승용,1,50,상해없음,승용,0,42,중상,40.0,40.0
1806,2021051300100040,6,목요일,경부,충청북도,경상사고,0,0,1,0,차대차 - 측면충돌,안전운전불이행,-,맑음,단일로 - 지하차도(도로)내,승용,0,45,기타불명,화물,0,50,경상,40.0,40.0
1807,2021051300100425,17,목요일,경부,경기도,경상사고,0,0,2,1,차대차 - 추돌,안전운전불이행,-,맑음,단일로 - 기타,승용,0,27,상해없음,승용,1,32,경상,20.0,20.0
1808,2021051400100356,15,금요일,경부,경기도,경상사고,0,0,2,0,차대차 - 측면충돌,안전거리미확보,-,맑음,단일로 - 기타,승용,1,31,상해없음,승용,1,39,경상,,
1809,2021051400100626,20,금요일,경부,충청북도,중상사고,0,1,0,0,차대차 - 측면충돌,차로위반,-,맑음,단일로 - 기타,특수,0,53,상해없음,승용,0,41,중상,50.0,50.0
1810,2021051400100660,21,금요일,경부,경기도,경상사고,0,0,1,0,차대차 - 측면충돌,차로위반,-,맑음,기타 - 기타,승용,0,60,상해없음,승용,0,35,경상,50.0,50.0
1811,2021051500100072,7,토요일,경부,경기도,중상사고,0,1,0,1,차대차 - 추돌,안전거리미확보,-,맑음,단일로 - 기타,화물,0,65,부상신고,화물,0,59,중상,60.0,60.0
1812,2021051500100192,12,토요일,경부,부산광역시,경상사고,0,0,1,0,차대차 - 추돌,안전운전불이행,-,비,단일로 - 기타,승용,1,27,상해없음,화물,0,34,경상,20.0,20.0
1813,2021051500100332,15,토요일,경부,경기도,중상사고,0,3,0,0,차대차 - 기타,안전거리미확보,-,맑음,기타 - 기타,승용,1,52,상해없음,승용,0,59,중상,50.0,50.0
1814,2021051600100029,1,일요일,경부,경기도,경상사고,0,0,2,0,차대차 - 기타,안전운전불이행,-,맑음,단일로 - 기타,승용,0,26,상해없음,승용,1,38,경상,20.0,20.0
1815,2021051600100044,2,일요일,경부,경기도,중상사고,0,1,0,0,차량단독 - 공작물충돌,안전운전불이행,-,맑음,단일로 - 기타,승용,0,28,상해없음,기타불명,2,0,기타불명,20.0,20.0
1816,2021051700100139,10,월요일,경부,서울특별시,경상사고,0,0,1,0,차대사람 - 차도통행중,안전운전불이행,-,비,주차장 - 주차장,승용,0,61,상해없음,보행자,0,26,경상,,
1817,2021051700100224,13,월요일,경부,경기도,사망사고,1,1,3,1,차대차 - 추돌,안전운전불이행,-,비,기타 - 기타,승용,0,66,사망,승합,0,52,경상,60.0,60.0
1818,2021051700100249,14,월요일,경부,경기도,경상사고,0,0,1,0,차대차 - 기타,안전운전불이행,-,비,기타 - 기타,화물,0,62,기타불명,승용,1,36,경상,60.0,60.0
1819,2021051700100316,16,월요일,경부,경기도,경상사고,0,0,1,0,차대차 - 측면충돌,안전거리미확보,-,맑음,단일로 - 기타,승용,0,63,상해없음,승용,0,29,경상,60.0,60.0
1820,2021051700100342,17,월요일,경부,경상남도,중상사고,0,1,0,0,차대차 - 기타,안전운전불이행,-,비,단일로 - 기타,화물,0,73,상해없음,승용,0,70,중상,70.0,70.0
1821,2021051800100003,0,화요일,경부,경상남도,중상사고,0,2,3,1,차대차 - 기타,안전운전불이행,-,비,단일로 - 기타,승용,0,20,부상신고,승용,0,20,상해없음,20.0,20.0
1822,2021051800100253,14,화요일,경부,경기도,부상신고사고,0,0,0,1,차대차 - 측면충돌,안전거리미확보,-,맑음,기타 - 기타,화물,0,63,상해없음,승용,0,38,부상신고,60.0,60.0
1823,2021051900100518,22,수요일,경부,경기도,경상사고,0,0,1,0,차대차 - 추돌,안전운전불이행,-,맑음,단일로 - 기타,승용,0,31,상해없음,승용,0,32,경상,,
1824,2021052000100147,11,목요일,경부,경기도,경상사고,0,0,2,0,차대차 - 측면충돌,안전운전불이행,-,맑음,단일로 - 기타,승용,0,52,상해없음,승용,0,67,경상,50.0,50.0
1825,2021052000100218,13,목요일,경부,충청남도,경상사고,0,0,4,0,차대차 - 추돌,안전운전불이행,-,비,기타 - 기타,승용,0,43,상해없음,승용,0,28,경상,40.0,40.0
1826,2021052200100026,2,토요일,경부,경기도,경상사고,0,0,2,0,차대차 - 추돌,안전운전불이행,-,맑음,단일로 - 기타,승용,0,26,상해없음,승용,0,43,경상,20.0,20.0
1827,2021052200100120,10,토요일,경부,경기도,중상사고,0,1,1,0,차대차 - 기타,안전거리미확보,-,맑음,단일로 - 기타,승용,1,44,중상,화물,0,35,경상,40.0,40.0
1828,2021052200100133,10,토요일,경부,대구광역시,중상사고,0,1,0,0,차대차 - 측면충돌,안전거리미확보,-,맑음,단일로 - 기타,특수,0,49,상해없음,승용,1,34,중상,40.0,40.0
1829,2021052200100384,16,토요일,경부,경상북도,중상사고,0,1,0,0,차대차 - 기타,안전운전불이행,-,맑음,단일로 - 기타,승용,0,46,상해없음,승용,1,44,중상,40.0,40.0
1830,2021052200100385,16,토요일,경부,대구광역시,중상사고,0,1,0,0,차대차 - 추돌,안전운전불이행,-,맑음,단일로 - 기타,특수,0,27,상해없음,승용,1,51,중상,20.0,20.0
1831,2021052200100584,22,토요일,경부,충청북도,경상사고,0,0,2,0,차대차 - 측면충돌,안전운전불이행,-,맑음,단일로 - 지하차도(도로)내,승용,0,28,경상,승용,0,51,경상,20.0,20.0
1832,2021052300100043,7,일요일,경부,경상북도,중상사고,0,4,1,0,차대차 - 추돌,과속,-,맑음,단일로 - 기타,승용,0,26,상해없음,승용,0,45,중상,20.0,20.0
1833,2021052300100155,13,일요일,경부,경기도,경상사고,0,0,2,0,차대차 - 기타,안전운전불이행,-,맑음,기타 - 기타,화물,0,39,상해없음,승용,0,39,경상,30.0,30.0
1834,2021052300100165,13,일요일,경부,경상북도,경상사고,0,0,1,0,차대차 - 추돌,안전운전불이행,-,맑음,단일로 - 기타,승용,0,51,상해없음,승용,0,51,경상,,
1835,2021052400100233,13,월요일,경부,경기도,경상사고,0,0,2,0,차대차 - 측면충돌,안전운전불이행,-,맑음,단일로 - 기타,화물,0,46,상해없음,화물,0,58,경상,40.0,40.0
1836,2021052400100401,17,월요일,경부,경기도,경상사고,0,0,1,0,차대차 - 측면충돌,안전거리미확보,-,맑음,단일로 - 기타,승용,0,34,상해없음,승용,0,33,경상,30.0,30.0
1837,2021052500100020,2,화요일,경부,충청북도,사망사고,2,2,1,0,차대차 - 추돌,안전운전불이행,-,맑음,단일로 - 기타,특수,0,52,사망,특수,0,50,중상,50.0,50.0
1838,2021052500100021,2,화요일,경부,충청북도,경상사고,0,0,1,0,차대차 - 추돌,안전운전불이행,-,흐림,단일로 - 지하차도(도로)내,화물,0,50,상해없음,화물,0,57,경상,40.0,40.0
1839,2021052500100423,17,화요일,경부,충청북도,사망사고,1,0,8,0,차대차 - 측면충돌,안전운전불이행,-,맑음,단일로 - 지하차도(도로)내,화물,0,57,상해없음,화물,0,44,사망,50.0,50.0
1840,2021052600100174,11,수요일,경부,울산광역시,경상사고,0,0,1,0,차대차 - 추돌,안전거리미확보,-,맑음,단일로 - 기타,승용,1,31,상해없음,승용,1,68,경상,,
1841,2021052600100299,15,수요일,경부,경기도,경상사고,0,0,1,0,차대차 - 추돌,안전운전불이행,-,비,단일로 - 기타,승용,1,34,상해없음,승용,0,27,경상,30.0,30.0
1842,2021052600100534,22,수요일,경부,경기도,중상사고,0,1,0,0,차대차 - 측면충돌,안전운전불이행,-,맑음,단일로 - 기타,화물,0,59,상해없음,승용,0,33,중상,50.0,50.0