,사고번호,사고일시,요일,도로종류,시군구,사고내용,사망자수,중상자수,경상자수,부상신고자수,사고유형,법규위반,노면상태,기상상태,도로형태,가해운전자 차종,가해운전자 성별,가해운전자 연령,가해운전자 상해정도,피해운전자 차종,피해운전자 성별,피해운전자 연령,피해운전자 상해정도,연령대,가해연령대
2116,2021101500100003,0,금요일,경부,경기도,경상사고,0,0,1,0,차대차 - 기타,차로위반,-,맑음,단일로 - 기타,승용,0,50,상해없음,승용,0,25,경상,40.0,40.0
2117,2021101500100034,6,금요일,경부,경상북도,중상사고,0,1,0,0,차량단독 - 기타,안전운전불이행,-,맑음,단일로 - 기타,화물,0,40,중상,기타불명,2,0,기타불명,30.0,30.0
2118,2021101600100071,7,토요일,경부,경기도,경상사고,0,0,3,0,차대차 - 추돌,안전운전불이행,-,맑음,단일로 - 기타,승용,1,76,상해없음,승용,1,42,경상,70.0,70.0
2119,2021101600100146,10,토요일,경부,대구광역시,경상사고,0,0,1,0,차대차 - 측면충돌,안전운전불이행,-,맑음,단일로 - 기타,건설기계,0,63,상해없음,승용,0,50,경상,60.0,60.0
2120,2021101600100502,22,토요일,경부,경기도,경상사고,0,0,1,0,차대차 - 측면충돌,안전거리미확보,-,맑음,기타 - 기타,승용,0,33,상해없음,승용,0,35,경상,30.0,30.0
2121,2021101700100033,5,일요일,경부,경상북도,사망사고,1,0,0,0,차대차 - 추돌,안전운전불이행,-,맑음,단일로 - 기타,화물,0,38,상해없음,승용,0,46,상해없음,30.0,30.0
2122,2021101700100080,10,일요일,경부,부산광역시,경상사고,0,0,1,0,차대차 - 측면충돌,신호위반,-,맑음,단일로 - 기타,승용,0,61,상해없음,승용,0,29,경상,,
2123,2021101700100129,12,일요일,경부,경기도,경상사고,0,0,1,0,차대차 - 기타,안전운전불이행,-,맑음,단일로 - 기타,승용,0,31,상해없음,승용,0,72,경상,,
2124,2021101700100238,16,일요일,경부,경상남도,경상사고,0,0,2,0,차대차 - 추돌,안전거리미확보,-,맑음,단일로 - 기타,승용,0,32,상해없음,승용,1,51,경상,30.0,30.0
2125,2021101700100252,16,일요일,경부,대구광역시,중상사고,0,1,7,0,차대차 - 추돌,안전운전불이행,-,맑음,단일로 - 기타,승용,0,66,상해없음,승용,0,30,경상,60.0,60.0
2126,2021101800100071,7,월요일,경부,대구광역시,경상사고,0,0,1,0,차대차 - 추돌,안전운전불이행,-,맑음,단일로 - 기타,승용,0,47,상해없음,승용,0,57,경상,40.0,40.0
2127,2021102100100058,7,목요일,경부,경기도,경상사고,0,0,1,0,차대차 - 기타,안전운전불이행,-,맑음,단일로 - 기타,특수,0,41,상해없음,승용,0,52,경상,,
2128,2021102100100437,18,목요일,경부,경기도,경상사고,0,0,1,0,차대차 - 측면충돌,안전거리미확보,-,맑음,단일로 - 기타,승합,0,64,상해없음,승용,0,56,경상,60.0,60.0
2129,2021102100100457,18,목요일,경부,대구광역시,경상사고,0,0,3,0,차대차 - 측면충돌,안전운전불이행,-,맑음,단일로 - 기타,승용,1,31,경상,승용,0,55,경상,,
2130,2021102100100629,23,목요일,경부,충청남도,중상사고,0,1,1,0,차대차 - 측면충돌,안전운전불이행,-,맑음,기타 - 기타,승용,0,51,상해없음,승용,1,48,중상,,
2131,2021102200100638,20,금요일,경부,경기도,부상신고사고,0,0,0,1,차대차 - 추돌,안전운전불이행,-,맑음,단일로 - 기타,화물,0,54,상해없음,승용,1,51,부상신고,50.0,50.0
2132,2021102300100056,7,토요일,경부,경기도,경상사고,0,0,1,0,차대차 - 측면충돌,안전거리미확보,-,맑음,단일로 - 기타,승용,0,52,상해없음,승용,1,35,경상,50.0,50.0
2133,2021102300100116,10,토요일,경부,경기도,경상사고,0,0,1,0,차대차 - 기타,안전거리미확보,-,맑음,단일로 - 기타,승용,0,54,상해없음,승용,0,39,경상,50.0,50.0
2134,2021102300100148,11,토요일,경부,경상남도,중상사고,0,5,8,1,차대차 - 추돌,안전운전불이행,-,맑음,단일로 - 기타,승합,0,44,상해없음,승용,0,32,중상,40.0,40.0
2135,2021102300100203,12,토요일,경부,경기도,경상사고,0,0,4,0,차대차 - 측면충돌,안전거리미확보,-,맑음,단일로 - 기타,승합,0,44,상해없음,승용,0,48,경상,40.0,40.0
2136,2021102300100341,15,토요일,경부,경기도,중상사고,0,1,3,0,차대차 - 기타,안전운전불이행,-,맑음,단일로 - 기타,승용,0,22,상해없음,승용,0,36,경상,20.0,20.0
2137,2021102300100474,18,토요일,경부,대구광역시,경상사고,0,0,1,0,차대차 - 측면충돌,안전운전불이행,-,맑음,단일로 - 기타,승용,1,52,상해없음,화물,0,44,경상,50.0,50.0
2138,2021102400100370,18,일요일,경부,충청남도,부상신고사고,0,0,0,1,차대차 - 추돌,안전운전불이행,-,맑음,단일로 - 기타,기타불명,2,0,기타불명,승용,0,40,부상신고,20.0,20.0
2139,2021102400100484,22,일요일,경부,경기도,경상사고,0,0,1,0,차대차 - 추돌,안전운전불이행,-,맑음,단일로 - 기타,승용,1,22,상해없음,승용,0,46,경상,20.0,20.0
2140,2021102500100117,9,월요일,경부,경기도,경상사고,0,0,1,0,차대차 - 기타,안전운전불이행,-,맑음,단일로 - 기타,화물,0,44,상해없음,승용,1,58,경상,40.0,40.0
2141,2021102600100049,7,화요일,경부,경기도,경상사고,0,0,1,0,차대차 - 측면충돌,안전거리미확보,-,맑음,단일로 - 기타,승용,1,50,상해없음,승용,0,24,경상,40.0,40.0
2142,2021102600100441,18,화요일,경부,서울특별시,경상사고,0,0,1,0,차대차 - 측면충돌,안전운전불이행,-,맑음,단일로 - 기타,건설기계,0,60,상해없음,승용,1,35,경상,50.0,50.0
2143,2021102700100175,11,수요일,경부,경기도,중상사고,0,1,0,2,차대차 - 추돌,안전운전불이행,-,맑음,단일로 - 기타,승용,0,74,상해없음,승용,1,39,중상,70.0,70.0
2144,2021102700100287,15,수요일,경부,경기도,경상사고,0,0,2,0,차대차 - 기타,안전거리미확보,-,맑음,단일로 - 기타,승용,0,30,상해없음,승용,0,62,경상,20.0,20.0
2145,2021102700100301,15,수요일,경부,경상북도,경상사고,0,0,2,0,차대차 - 기타,안전운전불이행,-,맑음,단일로 - 기타,화물,0,54,상해없음,승용,0,44,경상,50.0,50.0
2146,2021102700100336,16,수요일,경부,서울특별시,경상사고,0,0,1,0,차대차 - 측면충돌,안전거리미확보,-,맑음,단일로 - 기타,승용,0,73,상해없음,승용,1,42,경상,70.0,70.0
2147,2021102800100033,5,목요일,경부,경기도,경상사고,0,0,1,0,차대차 - 추돌,안전운전불이행,-,맑음,단일로 - 기타,화물,0,45,상해없음,승용,1,44,경상,40.0,40.0
2148,2021102800100258,12,목요일,경부,경기도,중상사고,0,1,3,0,차대차 - 추돌,안전운전불이행,-,맑음,단일로 - 기타,화물,0,71,경상,화물,0,64,중상,70.0,70.0
2149,2021102900100188,11,금요일,경부,경상북도,사망사고,1,0,0,0,차량단독 - 공작물충돌,안전운전불이행,-,맑음,단일로 - 기타,승합,0,70,사망,기타불명,2,0,기타불명,60.0,60.0
2150,2021102900100220,12,금요일,경부,경기도,경상사고,0,0,2,0,차대차 - 기타,안전운전불이행,-,맑음,단일로 - 기타,승용,0,63,상해없음,승용,0,33,경상,60.0,60.0
2151,2021102900100383,16,금요일,경부,충청북도,경상사고,0,0,1,0,차대차 - 추돌,안전거리미확보,-,맑음,단일로 - 기타,승용,1,63,상해없음,승용,0,37,경상,60.0,60.0
2152,2021103000100222,13,토요일,경부,부산광역시,경상사고,0,0,3,0,차대차 - 추돌,안전운전불이행,-,맑음,단일로 - 기타,승용,0,22,상해없음,승용,0,43,경상,20.0,20.0
2153,2021103000100540,22,토요일,경부,경기도,경상사고,0,0,3,0,차대차 - 추돌,안전운전불이행,-,맑음,단일로 - 기타,승용,0,22,상해없음,승용,0,19,경상,20.0,20.0
2154,2021103100100086,10,일요일,경부,경상남도,경상사고,0,0,2,0,차대차 - 기타,안전거리미확보,-,맑음,단일로 - 기타,승용,1,48,상해없음,승용,0,50,경상,40.0,40.0
2155,2021103100100452,21,일요일,경부,대구광역시,경상사고,0,0,2,0,차대차 - 추돌,안전운전불이행,-,맑음,단일로 - 기타,승용,0,56,상해없음,승용,1,52,경상,50.0,50.0
2156,2021110100100133,9,월요일,경부,대구광역시,경상사고,0,0,22,0,차대차 - 추돌,안전운전불이행,-,맑음,단일로 - 기타,화물,0,54,상해없음,승용,0,22,경상,50.0,50.0
2157,2021110100100482,18,월요일,경부,충청남도,경상사고,0,0,2,0,차대차 - 측면충돌,안전운전불이행,-,맑음,기타 - 기타,승용,0,39,기타불명,승용,0,39,경상,30.0,30.0
2158,2021110100100594,22,월요일,경부,충청북도,중상사고,0,3,0,0,차대차 - 추돌,안전운전불이행,-,맑음,단일로 - 지하차도(도로)내,화물,0,64,중상,화물,0,62,중상,60.0,60.0
2159,2021110200100583,22,화요일,경부,경기도,경상사고,0,0,1,0,차대차 - 측면충돌,안전거리미확보,-,맑음,단일로 - 기타,승용,0,46,상해없음,승용,0,38,경상,40.0,40.0
2160,2021110300100584,21,수요일,경부,경기도,경상사고,0,0,4,0,차대차 - 추돌,안전운전불이행,-,흐림,단일로 - 기타,승용,0,34,상해없음,승용,1,44,경상,30.0,30.0
2161,2021110400100537,19,목요일,경부,충청북도,경상사고,0,0,1,0,차대차 - 측면충돌,안전거리미확보,-,맑음,단일로 - 기타,승용,0,76,상해없음,승용,0,56,경상,70.0,70.0
2162,2021110400100561,20,목요일,경부,경기도,경상사고,0,0,1,0,차대차 - 기타,안전운전불이행,-,맑음,단일로 - 기타,화물,0,54,상해없음,승용,0,39,경상,50.0,50.0
2163,2021110400100607,22,목요일,경부,충청남도,중상사고,0,1,1,0,차대차 - 측면충돌,안전거리미확보,-,맑음,단일로 - 기타,승용,0,30,상해없음,승용,0,41,중상,20.0,20.0
2164,2021110500100347,15,금요일,경부,경기도,경상사고,0,0,1,0,차대차 - 기타,안전운전불이행,-,맑음,단일로 - 기타,승용,0,50,상해없음,승용,0,33,경상,40.0,40.0
2165,2021110500100384,16,금요일,경부,경기도,경상사고,0,0,1,0,차대차 - 기타,안전운전불이행,-,맑음,단일로 - 기타,화물,0,45,상해없음,승용,0,40,경상,40.0,40.0
2166,2021110500100552,19,금요일,경부,부산광역시,경상사고,0,0,4,0,차대차 - 측면충돌,안전거리미확보,-,맑음,단일로 - 기타,승용,0,63,상해없음,승용,0,39,경상,60.0,60.0
2167,2021110600100283,14,토요일,경부,경기도,경상사고,0,0,1,1,차대차 - 기타,안전운전불이행,-,맑음,단일로 - 기타,화물,0,65,상해없음,승용,0,25,경상,60.0,60.0
2168,2021110600100364,16,토요일,경부,경기도,경상사고,0,0,3,0,차대차 - 측면충돌,안전운전불이행,-,맑음,단일로 - 기타,승용,1,57,상해없음,승용,1,41,경상,50.0,50.0
2169,2021110600100409,17,토요일,경부,경기도,중상사고,0,1,0,0,차대차 - 기타,차로위반,-,맑음,단일로 - 기타,승용,1,45,상해없음,승합,0,41,상해없음,40.0,40.0
2170,2021110600100410,17,토요일,경부,경기도,부상신고사고,0,0,0,1,차대차 - 측면충돌,안전거리미확보,-,맑음,단일로 - 기타,승합,0,65,상해없음,승용,1,27,부상신고,60.0,60.0
2171,2021110800100007,0,월요일,경부,경기도,사망사고,1,0,0,0,차대차 - 추돌,안전운전불이행,-,맑음,단일로 - 기타,화물,0,46,상해없음,화물,0,70,기타불명,40.0,40.0
2172,2021110800100049,6,월요일,경부,경기도,경상사고,0,0,2,0,차대차 - 기타,안전거리미확보,-,비,단일로 - 기타,화물,0,61,상해없음,승용,1,54,경상,,
2173,2021110800100114,8,월요일,경부,충청남도,경상사고,0,0,3,0,차대차 - 기타,안전운전불이행,-,비,단일로 - 기타,화물,0,47,경상,승용,0,52,경상,40.0,40.0
2174,2021110900100105,8,화요일,경부,경상북도,경상사고,0,0,1,0,차대차 - 추돌,안전운전불이행,-,맑음,단일로 - 기타,화물,0,50,상해없음,화물,0,66,경상,40.0,40.0
2175,2021110900100307,14,화요일,경부,경기도,경상사고,0,0,2,0,차대차 - 측면충돌,안전거리미확보,-,맑음,기타 - 기타,승용,0,28,상해없음,승용,1,38,경상,20.0,20.0
2176,2021111000100119,8,수요일,경부,경기도,경상사고,0,0,1,0,차대차 - 측면충돌,신호위반,-,맑음,단일로 - 기타,승합,0,50,상해없음,승용,0,48,경상,40.0,40.0
2177,2021111000100213,11,수요일,경부,경상북도,중상사고,0,2,0,0,차대차 - 측면충돌,신호위반,-,맑음,기타 - 기타,화물,0,64,상해없음,승용,1,45,중상,60.0,60.0
2178,2021111100100285,13,목요일,경부,경상남도,중상사고,0,1,0,0,차대차 - 추돌,안전거리미확보,-,맑음,단일로 - 기타,화물,0,48,상해없음,화물,0,59,중상,40.0,40.0
2179,2021111100100319,14,목요일,경부,충청북도,경상사고,0,0,3,1,차대차 - 추돌,안전운전불이행,-,맑음,단일로 - 교량,화물,0,39,부상신고,특수,0,47,경상,30.0,30.0
2180,2021111200100032,3,금요일,경부,충청북도,경상사고,0,0,1,0,차대차 - 추돌,안전운전불이행,-,비,단일로 - 기타,화물,0,52,상해없음,화물,0,62,상해없음,50.0,50.0
2181,2021111200100037,4,금요일,경부,충청남도,경상사고,0,0,1,0,차대차 - 추돌,안전운전불이행,-,비,단일로 - 기타,화물,0,66,상해없음,화물,0,64,경상,60.0,60.0
2182,2021111200100213,11,금요일,경부,충청북도,경상사고,0,0,5,0,차대차 - 측면충돌,안전거리미확보,-,맑음,단일로 - 기타,화물,0,61,경상,승용,0,46,경상,,
2183,2021111200100280,13,금요일,경부,충청남도,중상사고,0,1,1,0,차대차 - 기타,안전운전불이행,-,맑음,단일로 - 기타,승용,1,29,중상,승용,0,49,상해없음,20.0,20.0
2184,2021111200100510,18,금요일,경부,대구광역시,경상사고,0,0,1,0,차대차 - 추돌,안전거리미확보,-,맑음,단일로 - 기타,승합,0,37,상해없음,승용,1,50,경상,30.0,30.0
2185,2021111200100618,21,금요일,경부,경기도,경상사고,0,0,3,2,차대차 - 기타,안전운전불이행,-,맑음,단일로 - 기타,승용,1,44,부상신고,승용,0,30,경상,40.0,40.0
2186,2021111300100038,1,토요일,경부,충청남도,중상사고,0,1,1,0,차대차 - 기타,안전운전불이행,-,기타,기타 - 기타,승용,0,29,상해없음,승용,1,47,중상,20.0,20.0
2187,2021111300100168,10,토요일,경부,경기도,경상사고,0,0,5,0,차대차 - 추돌,안전운전불이행,-,맑음,단일로 - 기타,화물,0,61,상해없음,승용,0,40,경상,,
2188,2021111300100207,11,토요일,경부,경기도,중상사고,0,1,5,2,차대차 - 추돌,안전운전불이행,-,맑음,기타 - 기타,승용,0,33,상해없음,승용,0,33,경상,30.0,30.0
2189,2021111300100366,15,토요일,경부,경기도,경상사고,0,0,2,2,차대차 - 기타,안전운전불이행,-,맑음,단일로 - 기타,승용,0,76,상해없음,특수,0,25,부상신고,70.0,70.0
2190,2021111300100410,16,토요일,경부,대구광역시,경상사고,0,0,1,0,차대차 - 추돌,안전운전불이행,-,맑음,단일로 - 기타,승용,1,45,상해없음,승용,1,33,경상,40.0,40.0
2191,2021111300100591,21,토요일,경부,경기도,경상사고,0,0,4,0,차대차 - 추돌,안전운전불이행,-,맑음,단일로 - 기타,화물,0,69,상해없음,승용,0,49,경상,60.0,60.0
2192,2021111400100192,13,일요일,경부,충청북도,경상사고,0,0,1,0,차대차 - 추돌,안전운전불이행,-,맑음,단일로 - 기타,승용,1,35,상해없음,승용,0,38,경상,30.0,30.0
2193,2021111500100159,10,월요일,경부,서울특별시,중상사고,0,1,0,0,차대차 - 추돌,안전운전불이행,-,맑음,단일로 - 기타,승용,0,58,상해없음,승용,0,36,상해없음,50.0,50.0
2194,2021111500100266,13,월요일,경부,경기도,중상사고,0,1,0,0,차대차 - 측면충돌,안전거리미확보,-,맑음,단일로 - 기타,승용,0,64,상해없음,승용,1,66,중상,60.0,60.0
2195,2021111600100078,7,화요일,경부,경상남도,경상사고,0,0,1,0,차대차 - 기타,안전거리미확보,-,맑음,단일로 - 기타,승용,1,35,상해없음,화물,1,63,경상,30.0,30.0
2196,2021111700100213,11,수요일,경부,서울특별시,중상사고,0,1,2,1,차대차 - 추돌,안전운전불이행,-,맑음,기타 - 기타,승용,1,28,경상,승용,0,49,중상,20.0,20.0
2197,2021111700100422,16,수요일,경부,대구광역시,경상사고,0,0,1,0,차대차 - 측면충돌,안전운전불이행,-,맑음,단일로 - 기타,승용,0,58,상해없음,승용,0,41,경상,50.0,50.0
2198,2021111700100506,18,수요일,경부,경상남도,경상사고,0,0,1,0,차대차 - 측면충돌,안전거리미확보,-,맑음,단일로 - 기타,화물,0,63,상해없음,승용,0,38,경상,60.0,60.0
2199,2021111800100455,18,목요일,경부,경기도,경상사고,0,0,4,0,차대차 - 기타,안전거리미확보,-,맑음,단일로 - 기타,승용,1,47,상해없음,승합,0,50,경상,40.0,40.0
2200,2021111900100005,0,금요일,경부,경상남도,중상사고,0,1,1,0,차대차 - 추돌,안전거리미확보,-,맑음,단일로 - 기타,승용,0,22,상해없음,승용,0,46,경상,20.0,20.0
2201,2021111900100008,0,금요일,경부,경기도,중상사고,0,1,0,0,차대차 - 기타,안전운전불이행,-,맑음,기타 - 기타,승용,0,27,상해없음,특수,0,66,상해없음,20.0,20.0
2202,2021111900100241,12,금요일,경부,경상북도,중상사고,0,4,2,2,차대차 - 정면충돌,안전운전불이행,-,맑음,단일로 - 기타,승용,1,34,부상신고,화물,0,35,부상신고,30.0,30.0
2203,2021111900100276,13,금요일,경부,경상북도,중상사고,0,1,0,0,차대사람 - 기타,안전운전불이행,-,맑음,단일로 - 기타,승용,0,41,상해없음,보행자,0,66,중상,,
2204,2021112000100445,18,토요일,경부,충청남도,경상사고,0,0,3,0,차대차 - 기타,신호위반,-,맑음,단일로 - 기타,승용,1,34,상해없음,승용,0,31,경상,30.0,30.0
2205,2021112000100482,19,토요일,경부,경기도,경상사고,0,0,1,0,차대차 - 기타,차로위반,-,맑음,기타 - 기타,승용,0,28,상해없음,승용,1,37,경상,20.0,20.0
2206,2021112000100491,19,토요일,경부,경상북도,경상사고,0,0,2,0,차대차 - 측면충돌,안전운전불이행,-,맑음,단일로 - 기타,승용,1,57,상해없음,승용,1,56,경상,50.0,50.0
2207,2021112100100178,13,일요일,경부,경기도,경상사고,0,0,4,0,차대차 - 추돌,안전운전불이행,-,맑음,기타 - 기타,화물,0,58,상해없음,화물,0,49,경상,50.0,50.0
2208,2021112100100187,13,일요일,경부,대구광역시,경상사고,0,0,4,1,차대차 - 추돌,안전운전불이행,-,맑음,단일로 - 기타,화물,0,38,부상신고,승용,0,19,상해없음,30.0,30.0
2209,2021112400100015,2,수요일,경부,경상남도,중상사고,0,1,0,0,차대차 - 추돌,안전운전불이행,-,맑음,단일로 - 기타,화물,0,56,상해없음,승용,2,0,기타불명,50.0,50.0
2210,2021112400100017,2,수요일,경부,경기도,경상사고,0,0,1,0,차대차 - 추돌,안전운전불이행,-,맑음,단일로 - 기타,승용,0,37,상해없음,화물,0,47,경상,30.0,30.0
2211,2021112400100169,11,수요일,경부,경상남도,경상사고,0,0,1,0,차대차 - 측면충돌,안전거리미확보,-,맑음,단일로 - 기타,화물,0,39,상해없음,화물,0,39,경상,30.0,30.0
2212,2021112400100361,17,수요일,경부,경기도,경상사고,0,0,1,0,차대차 - 측면충돌,안전거리미확보,-,맑음,단일로 - 기타,승용,0,45,경상,화물,0,47,상해없음,40.0,40.0
2213,2021112400100419,18,수요일,경부,경기도,경상사고,0,0,1,0,차대차 - 추돌,안전운전불이행,-,흐림,단일로 - 기타,승용,0,67,상해없음,승용,0,56,경상,60.0,60.0
2214,2021112500100008,0,목요일,경부,서울특별시,경상사고,0,0,1,0,차대차 - 추돌,안전운전불이행,-,맑음,단일로 - 기타,승용,0,58,상해없음,승용,0,42,경상,50.0,50.0
2215,2021112500100601,20,목요일,경부,충청북도,경상사고,0,0,3,0,차대차 - 추돌,안전운전불이행,-,맑음,단일로 - 기타,화물,0,60,상해없음,화물,0,52,경상,50.0,50.0
2216,2021112600100185,9,금요일,경부,대구광역시,경상사고,0,0,1,0,차대차 - 측면충돌,안전운전불이행,-,맑음,단일로 - 기타,승합,0,52,상해없음,승용,0,47,경상,50.0,50.0
2217,2021112600100316,13,금요일,경부,충청남도,경상사고,0,0,2,0,차대차 - 기타,안전운전불이행,-,맑음,단일로 - 기타,승용,0,52,기타불명,승용,1,38,경상,50.0,50.0
2218,2021112700100084,8,토요일,경부,대구광역시,경상사고,0,0,2,0,차대차 - 추돌,안전운전불이행,-,맑음,단일로 - 기타,화물,0,34,경상,특수,0,34,상해없음,30.0,30.0
2219,2021112700100376,16,토요일,경부,경기도,경상사고,0,0,6,0,차대차 - 추돌,기타,-,맑음,단일로 - 기타,승용,0,46,상해없음,승용,0,39,경상,40.0,40.0
2220,2021112900100312,14,월요일,경부,충청북도,중상사고,0,1,0,0,차량단독 - 기타,기타,-,맑음,단일로 - 기타,승용,0,69,중상,기타불명,2,0,기타불명,60.0,60.0
2221,2021112900100596,21,월요일,경부,대전광역시,경상사고,0,0,1,0,차대차 - 기타,안전거리미확보,-,맑음,단일로 - 기타,승용,1,38,상해없음,화물,0,39,경상,30.0,30.0
2222,2021112900100636,23,월요일,경부,경기도,경상사고,0,0,1,0,차대차 - 측면충돌,안전운전불이행,-,맑음,단일로 - 기타,기타불명,2,0,기타불명,승용,0,22,경상,20.0,20.0
2223,2021113000100373,15,화요일,경부,경상북도,경상사고,0,0,1,0,차대차 - 기타,기타,-,비,단일로 - 기타,기타불명,2,0,기타불명,승용,1,43,경상,20.0,20.0
2224,2021120100100041,5,수요일,경부,충청남도,사망사고,2,5,0,0,차대차 - 측면충돌,안전거리미확보,-,맑음,기타 - 기타,화물,0,59,상해없음,승용,0,49,중상,50.0,50.0
2225,2021120100100240,12,수요일,경부,서울특별시,중상사고,0,1,0,0,차대차 - 추돌,안전운전불이행,-,맑음,단일로 - 기타,화물,0,56,상해없음,특수,0,32,중상,50.0,50.0
2226,2021120200100241,12,목요일,경부,경기도,경상사고,0,0,3,0,차대차 - 추돌,안전거리미확보,-,맑음,단일로 - 기타,승용,0,62,상해없음,승합,0,44,경상,60.0,60.0
2227,2021120200100473,18,목요일,경부,경기도,중상사고,0,3,2,1,차대차 - 추돌,안전운전불이행,-,맑음,단일로 - 기타,승합,0,56,상해없음,승합,0,61,중상,50.0,50.0
2228,2021120200100583,21,목요일,경부,경기도,경상사고,0,0,1,0,차대차 - 측면충돌,안전거리미확보,-,맑음,단일로 - 기타,승용,1,27,상해없음,화물,0,36,경상,20.0,20.0
2229,2021120300100022,1,금요일,경부,경기도,경상사고,0,0,1,0,차대차 - 기타,안전운전불이행,-,흐림,기타 - 기타,기타불명,2,0,기타불명,화물,0,48,경상,20.0,20.0
2230,2021120300100654,20,금요일,경부,경기도,경상사고,0,0,1,0,차대차 - 측면충돌,안전거리미확보,-,맑음,단일로 - 기타,승용,0,28,상해없음,승용,0,31,경상,20.0,20.0
2231,2021120400100239,13,토요일,경부,충청남도,중상사고,0,2,2,0,차대차 - 추돌,안전운전불이행,-,맑음,기타 - 기타,화물,0,29,상해없음,승용,0,38,중상,20.0,20.0
2232,2021120500100276,16,일요일,경부,경상북도,경상사고,0,0,2,0,차대차 - 추돌,안전운전불이행,-,맑음,단일로 - 기타,승용,0,31,상해없음,승용,0,61,경상,,
2233,2021120600100471,19,월요일,경부,서울특별시,경상사고,0,0,1,0,차대차 - 기타,안전운전불이행,-,맑음,단일로 - 기타,기타불명,2,0,기타불명,승용,0,32,경상,20.0,20.0
2234,2021120700100161,10,화요일,경부,경상북도,사망사고,1,0,0,0,차량단독 - 기타,안전운전불이행,-,맑음,단일로 - 기타,승용,0,60,사망,기타불명,2,0,기타불명,50.0,50.0
2235,2021120800100019,2,수요일,경부,경상북도,경상사고,0,0,3,0,차대차 - 측면충돌,안전운전불이행,-,맑음,단일로 - 기타,승용,0,54,상해없음,승용,0,34,경상,50.0,50.0
2236,2021120800100296,14,수요일,경부,경기도,중상사고,0,1,1,3,차대차 - 추돌,안전거리미확보,-,맑음,단일로 - 기타,승용,0,63,상해없음,승용,0,51,경상,60.0,60.0
2237,2021120800100467,18,수요일,경부,경기도,경상사고,0,0,1,0,차대차 - 측면충돌,안전운전불이행,-,맑음,기타 - 기타,승용,0,36,상해없음,승용,0,39,경상,30.0,30.0
2238,2021120900100087,8,목요일,경부,경기도,경상사고,0,0,1,0,차대차 - 기타,안전거리미확보,-,맑음,단일로 - 기타,승용,0,73,상해없음,승용,0,34,경상,70.0,70.0
2239,2021120900100104,8,목요일,경부,대구광역시,경상사고,0,0,5,1,차대차 - 추돌,안전거리미확보,-,맑음,단일로 - 기타,화물,0,64,상해없음,화물,0,37,부상신고,60.0,60.0
2240,2021121000100336,15,금요일,경부,대구광역시,경상사고,0,0,1,0,차대차 - 기타,기타,-,맑음,단일로 - 기타,화물,0,49,상해없음,화물,0,48,경상,40.0,40.0
2241,2021121100100033,1,토요일,경부,경상북도,부상신고사고,0,0,0,1,차대차 - 추돌,안전운전불이행,-,맑음,단일로 - 기타,승용,0,20,부상신고,화물,0,49,상해없음,20.0,20.0
2242,2021121200100108,11,일요일,경부,경기도,경상사고,0,0,4,0,차대차 - 기타,안전거리미확보,-,맑음,단일로 - 기타,승합,0,61,상해없음,승용,0,50,경상,,
2243,2021121200100361,20,일요일,경부,대구광역시,중상사고,0,1,5,0,차대차 - 측면충돌,안전운전불이행,-,맑음,단일로 - 기타,승용,0,43,중상,승용,1,51,경상,40.0,40.0
2244,2021121300100120,8,월요일,경부,대구광역시,경상사고,0,0,3,0,차대차 - 추돌,안전운전불이행,-,맑음,기타 - 기타,승용,0,29,경상,승용,1,26,상해없음,20.0,20.0
2245,2021121300100151,9,월요일,경부,경기도,경상사고,0,0,1,0,차대차 - 측면충돌,안전거리미확보,-,맑음,단일로 - 기타,건설기계,0,53,상해없음,승용,1,29,경상,50.0,50.0
2246,2021121300100352,15,월요일,경부,경기도,중상사고,0,1,1,0,차대차 - 추돌,안전운전불이행,-,맑음,단일로 - 기타,화물,0,24,상해없음,승용,0,44,경상,20.0,20.0
2247,2021121400100069,7,화요일,경부,대구광역시,중상사고,0,2,2,1,차대차 - 추돌,안전운전불이행,-,맑음,단일로 - 기타,특수,0,44,부상신고,승용,1,29,중상,40.0,40.0
2248,2021121400100160,11,화요일,경부,경기도,경상사고,0,0,2,0,차대차 - 기타,안전거리미확보,-,맑음,단일로 - 기타,승용,0,60,상해없음,승용,0,48,경상,50.0,50.0
2249,2021121500100045,5,수요일,경부,대구광역시,경상사고,0,0,1,0,차대차 - 측면충돌,안전운전불이행,-,맑음,단일로 - 기타,화물,0,59,상해없음,승용,0,53,경상,50.0,50.0
2250,2021121600100090,8,목요일,경부,경기도,경상사고,0,0,1,0,차대차 - 기타,안전거리미확보,-,맑음,단일로 - 기타,승합,0,64,상해없음,승용,0,49,경상,60.0,60.0
2251,2021121600100206,12,목요일,경부,충청북도,중상사고,0,2,3,1,차대차 - 추돌,안전운전불이행,-,맑음,단일로 - 교량,승용,0,37,중상,화물,0,52,경상,30.0,30.0
2252,2021121600100481,21,목요일,경부,경기도,경상사고,0,0,1,0,차대차 - 측면충돌,안전거리미확보,-,맑음,단일로 - 기타,화물,0,51,상해없음,승용,1,45,경상,,