,사고번호,사고일시,요일,도로종류,시군구,사고내용,사망자수,중상자수,경상자수,부상신고자수,사고유형,법규위반,노면상태,기상상태,도로형태,가해운전자 차종,가해운전자 성별,가해운전자 연령,가해운전자 상해정도,피해운전자 차종,피해운전자 성별,피해운전자 연령,피해운전자 상해정도,연령대,가해연령대
2253,2021121600100484,21,목요일,경부,충청남도,중상사고,0,1,0,0,차대차 - 추돌,안전운전불이행,-,맑음,단일로 - 기타,승용,1,25,상해없음,승용,0,70,중상,20.0,20.0
2254,2021121700100071,7,금요일,경부,서울특별시,경상사고,0,0,1,0,차대차 - 추돌,안전운전불이행,-,맑음,기타 - 기타,승용,0,28,상해없음,화물,0,45,경상,20.0,20.0
2255,2021121900100163,14,일요일,경부,경기도,경상사고,0,0,3,0,차대차 - 기타,안전운전불이행,-,맑음,기타 - 기타,화물,0,54,상해없음,승용,1,49,경상,50.0,50.0
2256,2021121900100349,22,일요일,경부,충청북도,사망사고,1,1,0,0,차대차 - 추돌,안전운전불이행,-,맑음,단일로 - 기타,특수,0,47,사망,화물,0,68,중상,40.0,40.0
2257,2021122000100046,7,월요일,경부,경기도,경상사고,0,0,1,0,차대차 - 측면충돌,안전운전불이행,-,맑음,단일로 - 기타,특수,0,57,상해없음,승용,1,25,경상,50.0,50.0
2258,2021122000100258,14,월요일,경부,울산광역시,경상사고,0,0,1,0,차대차 - 기타,안전운전불이행,-,맑음,단일로 - 기타,특수,0,56,상해없음,특수,0,37,경상,50.0,50.0
2259,2021122000100304,15,월요일,경부,경기도,경상사고,0,0,3,3,차대차 - 측면충돌,안전거리미확보,-,맑음,단일로 - 기타,승합,0,25,상해없음,승합,0,25,경상,20.0,20.0
2260,2021122200100441,18,수요일,경부,경기도,경상사고,0,0,1,1,차대차 - 기타,안전거리미확보,-,맑음,단일로 - 기타,승합,0,55,상해없음,승용,0,39,경상,50.0,50.0
2261,2021122300100364,17,목요일,경부,대구광역시,경상사고,0,0,1,0,차대차 - 추돌,안전운전불이행,-,맑음,단일로 - 기타,화물,0,54,상해없음,승용,0,39,상해없음,50.0,50.0
2262,2021122400100139,10,금요일,경부,충청남도,경상사고,0,0,1,0,차대차 - 기타,차로위반,-,맑음,단일로 - 기타,화물,0,62,상해없음,승용,1,43,경상,60.0,60.0
2263,2021122400100421,18,금요일,경부,충청북도,경상사고,0,0,2,0,차대차 - 추돌,안전운전불이행,-,맑음,단일로 - 기타,승용,0,54,경상,승용,1,64,상해없음,50.0,50.0
2264,2021122400100534,20,금요일,경부,경기도,경상사고,0,0,1,0,차대차 - 측면충돌,안전거리미확보,-,맑음,단일로 - 기타,승용,1,30,상해없음,승용,1,31,경상,20.0,20.0
2265,2021122400100611,22,금요일,경부,서울특별시,부상신고사고,0,0,0,2,차대차 - 기타,안전거리미확보,-,맑음,단일로 - 기타,승용,0,67,상해없음,승용,0,24,부상신고,60.0,60.0
2266,2021122500100150,13,토요일,경부,경기도,경상사고,0,0,2,0,차대차 - 추돌,안전운전불이행,-,맑음,단일로 - 기타,승용,0,56,상해없음,승용,0,25,경상,50.0,50.0
2267,2021122600100103,13,일요일,경부,경기도,부상신고사고,0,0,0,1,차대차 - 기타,안전운전불이행,-,맑음,단일로 - 기타,화물,0,34,상해없음,승용,1,35,부상신고,30.0,30.0
2268,2021122600100305,20,일요일,경부,충청북도,경상사고,0,0,1,0,차대차 - 측면충돌,안전운전불이행,-,맑음,단일로 - 기타,승용,0,51,상해없음,승용,1,27,경상,,
2269,2021122600100352,22,일요일,경부,대구광역시,중상사고,0,1,0,0,차대차 - 추돌,안전운전불이행,-,맑음,단일로 - 기타,화물,0,61,상해없음,화물,0,63,중상,,
2270,2021122700100378,17,월요일,경부,경상북도,중상사고,0,1,0,0,차대차 - 측면충돌,안전운전불이행,-,맑음,단일로 - 기타,화물,0,60,상해없음,승용,1,55,중상,50.0,50.0
2271,2021122800100046,6,화요일,경부,경기도,부상신고사고,0,0,0,1,차대차 - 기타,기타,-,맑음,단일로 - 기타,기타불명,2,0,기타불명,승용,0,31,부상신고,20.0,20.0
2272,2021122800100466,20,화요일,경부,대전광역시,경상사고,0,0,3,0,차대차 - 추돌,안전운전불이행,-,맑음,단일로 - 기타,승용,0,36,상해없음,화물,0,64,경상,30.0,30.0
2273,2021122900100097,9,수요일,경부,경기도,부상신고사고,0,0,0,1,차대차 - 기타,기타,-,맑음,단일로 - 기타,기타불명,2,0,기타불명,승용,0,46,부상신고,20.0,20.0
2274,2021122900100356,17,수요일,경부,충청남도,중상사고,0,2,2,0,차대차 - 추돌,안전운전불이행,-,맑음,단일로 - 기타,화물,0,52,상해없음,승용,0,45,중상,50.0,50.0
2275,2021122900100548,22,수요일,경부,충청북도,경상사고,0,0,1,0,차대차 - 후진중충돌,안전운전불이행,-,맑음,주차장 - 주차장,화물,0,65,상해없음,화물,0,60,경상,60.0,60.0
2276,2021123000100275,15,목요일,경부,서울특별시,경상사고,0,0,1,0,차대차 - 기타,안전거리미확보,-,맑음,단일로 - 기타,승용,1,34,상해없음,화물,0,56,경상,30.0,30.0
2277,2021123000100520,20,목요일,경부,경기도,경상사고,0,0,1,0,차대차 - 추돌,기타,-,맑음,단일로 - 기타,승용,0,41,상해없음,화물,0,57,경상,,
2278,2021123000100550,21,목요일,경부,부산광역시,사망사고,1,0,0,0,차대차 - 기타,안전운전불이행,-,맑음,단일로 - 기타,승용,0,48,상해없음,승용,0,46,사망,40.0,40.0
2279,2021123100100014,2,금요일,경부,서울특별시,부상신고사고,0,0,0,1,차대차 - 추돌,안전운전불이행,-,맑음,단일로 - 기타,승용,1,20,부상신고,승용,1,42,상해없음,20.0,20.0
2280,2021123100100289,15,금요일,경부,경기도,경상사고,0,0,12,12,차대차 - 추돌,안전운전불이행,-,맑음,기타 - 기타,승합,0,43,상해없음,승합,0,54,상해없음,40.0,40.0
2281,2019032900100392,15,금요일,경부진입로,대구광역시,경상사고,0,0,1,0,차대차 - 측면충돌,안전운전불이행,포장 - 건조,맑음,교차로 - 교차로안,승용,0,38,상해없음,승용,1,42,경상,30.0,30.0
2282,2019092200100286,15,일요일,경부진입로,대구광역시,사망사고,1,2,15,0,차량단독 - 공작물충돌,과속,포장 - 젖음/습기,맑음,단일로 - 기타,승합,0,45,상해없음,기타불명,2,0,기타불명,40.0,40.0
2283,2020010700100293,13,화요일,경부진입로,대구광역시,경상사고,0,0,1,0,차량단독 - 기타,안전운전불이행,포장 - 젖음/습기,비,단일로 - 기타,승용,0,72,상해없음,기타불명,2,0,기타불명,70.0,70.0
2284,2020021100100244,12,화요일,경부진입로,대구광역시,사망사고,1,0,0,0,차량단독 - 공작물충돌,안전운전불이행,포장 - 젖음/습기,비,단일로 - 기타,승용,1,29,상해없음,기타불명,2,0,기타불명,20.0,20.0
2285,2019062100100707,22,금요일,경부진출로,대구광역시,중상사고,0,1,0,0,차대차 - 추돌,안전운전불이행,포장 - 젖음/습기,비,단일로 - 기타,화물,0,51,상해없음,화물,1,51,중상,,
2286,2019062200100392,14,토요일,경부진출로,대구광역시,경상사고,0,0,2,0,차대차 - 측면충돌,안전운전불이행,포장 - 건조,맑음,단일로 - 기타,승용,1,51,상해없음,승용,1,60,경상,,
2287,2019062300100391,16,일요일,경부진출로,대구광역시,경상사고,0,0,4,0,차대차 - 측면충돌,안전운전불이행,포장 - 건조,맑음,단일로 - 기타,승용,1,45,상해없음,승용,0,48,경상,40.0,40.0
2288,2019091700100277,11,화요일,경부진출로,대구광역시,경상사고,0,0,1,0,차대차 - 추돌,안전운전불이행,포장 - 건조,맑음,단일로 - 기타,승용,0,21,상해없음,승용,1,36,경상,20.0,20.0
2289,2019092100100164,8,토요일,경부진출로,대구광역시,중상사고,0,2,2,0,차대차 - 추돌,안전운전불이행,포장 - 젖음/습기,비,단일로 - 기타,승용,0,49,상해없음,승용,1,37,중상,40.0,40.0
2290,2019101100100657,19,금요일,경부진출로,대구광역시,경상사고,0,0,4,0,차대차 - 측면충돌,안전운전불이행,포장 - 건조,맑음,단일로 - 기타,승용,0,62,경상,승용,1,37,경상,60.0,60.0
2291,2019110700100588,18,목요일,경부진출로,대구광역시,경상사고,0,0,1,0,차대차 - 기타,안전운전불이행,포장 - 건조,맑음,단일로 - 기타,승용,0,46,상해없음,승용,0,59,경상,40.0,40.0
2292,2019110900100542,17,토요일,경부진출로,대구광역시,중상사고,0,2,2,0,차대차 - 측면충돌,안전운전불이행,포장 - 건조,맑음,단일로 - 기타,건설기계,0,36,상해없음,승용,0,37,중상,30.0,30.0
2293,2019112300100212,10,토요일,경부진출로,대구광역시,중상사고,0,1,0,0,차대차 - 기타,안전운전불이행,포장 - 건조,맑음,단일로 - 기타,승합,0,64,상해없음,승용,0,76,상해없음,60.0,60.0
2294,2019112600100544,18,화요일,경부진출로,대구광역시,경상사고,0,0,1,0,차대차 - 측면충돌,안전운전불이행,포장 - 건조,맑음,단일로 - 기타,화물,0,59,상해없음,승용,0,46,경상,50.0,50.0
2295,2019121800100302,14,수요일,경부진출로,대구광역시,경상사고,0,0,2,0,차대차 - 추돌,안전운전불이행,포장 - 건조,맑음,기타 - 기타,승용,0,29,상해없음,승용,0,48,경상,20.0,20.0
2296,2019121900100527,18,목요일,경부진출로,대구광역시,중상사고,0,1,0,0,차대차 - 기타,안전운전불이행,포장 - 건조,맑음,단일로 - 기타,승용,0,39,상해없음,승용,1,54,중상,30.0,30.0
2297,2019122700100489,18,금요일,경부진출로,대구광역시,경상사고,0,0,1,0,차대차 - 기타,안전운전불이행,포장 - 건조,맑음,교차로 - 교차로부근,화물,0,43,상해없음,승용,1,36,경상,40.0,40.0
2298,2020012500100326,21,토요일,경부진출로,대구광역시,중상사고,0,1,3,0,차대차 - 기타,안전운전불이행,포장 - 건조,맑음,단일로 - 기타,화물,0,46,상해없음,승합,0,37,중상,40.0,40.0
2299,2020021000100497,18,월요일,경부진출로,대구광역시,사망사고,1,0,1,0,차대차 - 추돌,안전운전불이행,포장 - 건조,맑음,단일로 - 기타,화물,0,81,사망,승용,0,33,경상,70.0,70.0
2300,2020022100100363,15,금요일,경부진출로,대구광역시,경상사고,0,0,3,0,차대차 - 측면충돌,안전운전불이행,포장 - 건조,맑음,단일로 - 기타,승용,0,65,상해없음,승용,0,22,경상,60.0,60.0
2301,2020052200100366,15,금요일,경부진출로,대구광역시,경상사고,0,0,1,0,차대차 - 측면충돌,안전운전불이행,포장 - 건조,맑음,단일로 - 기타,승용,0,42,상해없음,승용,1,42,경상,40.0,40.0
2302,2020092500100573,18,금요일,경부진출로,대구광역시,경상사고,0,0,1,0,차대차 - 기타,안전운전불이행,포장 - 건조,맑음,단일로 - 기타,특수,0,50,상해없음,승용,1,30,경상,40.0,40.0
2303,2020110500100156,9,목요일,경부진출로,대구광역시,경상사고,0,0,1,0,차대차 - 측면충돌,안전운전불이행,포장 - 건조,맑음,단일로 - 기타,화물,0,57,상해없음,승용,0,30,경상,50.0,50.0
2304,2019010500100313,15,토요일,경인,경기도,중상사고,0,1,1,0,차대차 - 추돌,안전운전불이행,포장 - 건조,맑음,단일로 - 교량,화물,0,53,상해없음,승용,1,48,경상,50.0,50.0
2305,2019010700100418,18,월요일,경인,경기도,경상사고,0,0,1,0,차대차 - 측면충돌,안전거리미확보,포장 - 건조,맑음,단일로 - 교량,승용,0,42,상해없음,승용,0,30,경상,40.0,40.0
2306,2019011300100068,3,일요일,경인,인천광역시,중상사고,0,1,0,0,차대차 - 측면충돌,안전거리미확보,포장 - 건조,맑음,단일로 - 교량,승용,1,25,상해없음,승용,1,50,중상,20.0,20.0
2307,2019011800100542,19,금요일,경인,경기도,경상사고,0,0,2,0,차대차 - 기타,기타,포장 - 건조,맑음,단일로 - 교량,기타불명,2,0,기타불명,승용,0,22,경상,20.0,20.0
2308,2019011900100469,21,토요일,경인,경기도,경상사고,0,0,1,0,차대차 - 추돌,안전거리미확보,포장 - 건조,맑음,단일로 - 교량,승용,0,70,상해없음,승용,0,27,상해없음,60.0,60.0
2309,2019012000100112,6,일요일,경인,서울특별시,경상사고,0,0,1,0,차대차 - 측면충돌,안전운전불이행,포장 - 건조,맑음,단일로 - 교량,승용,0,29,상해없음,화물,0,58,경상,20.0,20.0
2310,2019012100100034,1,월요일,경인,인천광역시,중상사고,0,1,0,0,차대차 - 측면충돌,차로위반,포장 - 건조,맑음,단일로 - 교량,승용,0,34,상해없음,승용,0,64,중상,30.0,30.0
2311,2019012400100522,20,목요일,경인,경기도,경상사고,0,0,1,0,차대차 - 측면충돌,안전거리미확보,포장 - 건조,맑음,단일로 - 교량,승용,1,27,경상,화물,0,54,상해없음,20.0,20.0
2312,2019021100100457,19,월요일,경인,인천광역시,중상사고,0,1,3,0,차대차 - 추돌,안전운전불이행,포장 - 건조,맑음,단일로 - 교량,승용,1,32,상해없음,승용,0,27,중상,30.0,30.0
2313,2019021800100032,0,월요일,경인,경기도,중상사고,0,1,0,0,차대차 - 추돌,안전거리미확보,포장 - 건조,맑음,단일로 - 교량,승용,0,26,상해없음,승용,0,55,중상,20.0,20.0
2314,2019022300100416,16,토요일,경인,인천광역시,경상사고,0,0,2,0,차대차 - 측면충돌,안전거리미확보,포장 - 건조,맑음,단일로 - 교량,승용,0,27,상해없음,승용,0,26,경상,20.0,20.0
2315,2019022800100431,17,목요일,경인,인천광역시,경상사고,0,0,1,0,차대차 - 측면충돌,기타,포장 - 건조,맑음,단일로 - 교량,승용,0,33,상해없음,승용,0,42,경상,30.0,30.0
2316,2019030400100036,3,월요일,경인,인천광역시,경상사고,0,0,1,0,차대차 - 측면충돌,안전운전불이행,포장 - 건조,맑음,단일로 - 교량,승용,0,50,상해없음,화물,0,25,경상,40.0,40.0
2317,2019031400100310,13,목요일,경인,경기도,경상사고,0,0,2,0,차대차 - 추돌,안전거리미확보,포장 - 건조,맑음,단일로 - 교량,승용,1,31,상해없음,승용,0,38,경상,,
2318,2019031800100460,18,월요일,경인,경기도,경상사고,0,0,1,0,차대차 - 측면충돌,안전거리미확보,포장 - 건조,맑음,단일로 - 교량,승용,0,55,상해없음,화물,0,48,경상,50.0,50.0
2319,2019032000100452,17,수요일,경인,인천광역시,중상사고,0,1,0,0,차대차 - 측면충돌,안전거리미확보,포장 - 젖음/습기,흐림,단일로 - 기타,승용,0,43,상해없음,승용,0,36,중상,40.0,40.0
2320,2019032300100351,14,토요일,경인,인천광역시,경상사고,0,0,3,0,차대차 - 측면충돌,안전거리미확보,포장 - 건조,맑음,기타 - 기타,화물,0,55,상해없음,승용,0,35,경상,50.0,50.0
2321,2019032600100409,16,화요일,경인,인천광역시,경상사고,0,0,3,0,차대차 - 측면충돌,안전거리미확보,포장 - 건조,맑음,단일로 - 기타,승용,0,25,경상,승용,1,47,경상,20.0,20.0
2322,2019040100100249,10,월요일,경인,인천광역시,경상사고,0,0,1,0,차대차 - 추돌,안전운전불이행,포장 - 건조,맑음,단일로 - 교량,승용,0,24,상해없음,승용,0,28,경상,20.0,20.0
2323,2019040700100103,6,일요일,경인,경기도,경상사고,0,0,1,0,차대차 - 추돌,안전운전불이행,포장 - 건조,맑음,단일로 - 기타,승용,0,22,상해없음,화물,0,49,경상,20.0,20.0
2324,2019041500100233,10,월요일,경인,인천광역시,경상사고,0,0,1,0,차대차 - 측면충돌,안전거리미확보,포장 - 건조,맑음,단일로 - 기타,승용,1,29,상해없음,화물,0,34,경상,20.0,20.0
2325,2019041500100682,21,월요일,경인,인천광역시,경상사고,0,0,1,0,차대차 - 측면충돌,안전거리미확보,포장 - 건조,맑음,단일로 - 기타,승용,0,37,상해없음,승용,1,52,경상,30.0,30.0
2326,2019041900100070,5,금요일,경인,경기도,사망사고,1,0,2,0,차대차 - 추돌,안전거리미확보,포장 - 건조,맑음,단일로 - 기타,화물,0,71,사망,화물,0,54,경상,70.0,70.0
2327,2019042500100548,19,목요일,경인,경기도,경상사고,0,0,2,0,차대차 - 측면충돌,안전운전불이행,포장 - 젖음/습기,비,단일로 - 기타,승용,0,25,상해없음,승용,0,57,경상,20.0,20.0
2328,2019043000100616,22,화요일,경인,인천광역시,경상사고,0,0,1,0,차대차 - 추돌,안전거리미확보,포장 - 건조,맑음,단일로 - 교량,승용,0,64,상해없음,승용,1,30,경상,60.0,60.0
2329,2019050200100452,16,목요일,경인,인천광역시,경상사고,0,0,3,0,차대차 - 추돌,안전거리미확보,포장 - 건조,맑음,단일로 - 기타,화물,0,43,상해없음,승용,0,40,경상,40.0,40.0
2330,2019050500100083,5,일요일,경인,경기도,중상사고,0,1,2,0,차대차 - 추돌,안전운전불이행,포장 - 건조,맑음,단일로 - 기타,승용,1,24,상해없음,승용,0,59,중상,20.0,20.0
2331,2019051600100733,23,목요일,경인,인천광역시,경상사고,0,0,1,0,차대차 - 추돌,안전운전불이행,포장 - 건조,맑음,단일로 - 기타,화물,0,41,상해없음,승용,0,53,경상,,
2332,2019051800100375,13,토요일,경인,인천광역시,중상사고,0,1,4,2,차대차 - 추돌,안전운전불이행,포장 - 건조,맑음,단일로 - 기타,화물,0,59,상해없음,승합,1,36,중상,50.0,50.0
2333,2019052100100178,8,화요일,경인,경기도,경상사고,0,0,1,0,차대차 - 측면충돌,차로위반,포장 - 건조,맑음,단일로 - 기타,승용,1,59,상해없음,승용,0,35,경상,50.0,50.0
2334,2019052200100530,17,수요일,경인,경기도,중상사고,0,1,0,0,차대차 - 측면충돌,안전운전불이행,포장 - 건조,맑음,단일로 - 기타,승용,0,42,상해없음,승용,0,49,중상,40.0,40.0
2335,2019052300100095,6,목요일,경인,경기도,경상사고,0,0,1,0,차대차 - 측면충돌,안전거리미확보,포장 - 건조,맑음,단일로 - 교량,승합,0,68,상해없음,승용,0,36,경상,60.0,60.0
2336,2019052500100199,9,토요일,경인,경기도,경상사고,0,0,3,0,차대차 - 추돌,안전운전불이행,포장 - 건조,맑음,단일로 - 기타,승용,0,67,상해없음,승용,0,48,경상,60.0,60.0
2337,2019052800100297,12,화요일,경인,인천광역시,경상사고,0,0,1,0,차대차 - 기타,안전운전불이행,포장 - 건조,맑음,단일로 - 기타,승합,0,48,상해없음,승용,0,37,경상,40.0,40.0
2338,2019060200100319,16,일요일,경인,인천광역시,경상사고,0,0,1,1,차대차 - 측면충돌,안전거리미확보,포장 - 건조,맑음,단일로 - 교량,기타불명,2,0,기타불명,승용,1,60,부상신고,20.0,20.0
2339,2019060800100635,22,토요일,경인,인천광역시,경상사고,0,0,2,0,차대차 - 추돌,안전운전불이행,포장 - 건조,맑음,단일로 - 기타,승용,0,39,상해없음,승용,0,40,경상,30.0,30.0
2340,2019061500100304,12,토요일,경인,인천광역시,경상사고,0,0,1,0,차대차 - 측면충돌,안전거리미확보,포장 - 건조,맑음,단일로 - 기타,승용,1,68,상해없음,승용,1,28,경상,60.0,60.0
2341,2019062400100201,9,월요일,경인,인천광역시,부상신고사고,0,0,0,1,차대차 - 추돌,안전운전불이행,포장 - 건조,맑음,단일로 - 기타,기타불명,2,0,기타불명,승용,0,57,부상신고,20.0,20.0
2342,2019062400100678,21,월요일,경인,인천광역시,중상사고,0,1,0,0,차대차 - 측면충돌,안전거리미확보,포장 - 건조,맑음,단일로 - 기타,승용,0,22,상해없음,승용,1,31,중상,20.0,20.0
2343,2019062800100663,21,금요일,경인,경기도,경상사고,0,0,2,0,차대차 - 추돌,안전운전불이행,포장 - 건조,맑음,단일로 - 기타,승용,0,56,상해없음,승용,0,35,경상,50.0,50.0
2344,2019071200100518,17,금요일,경인,경기도,경상사고,0,0,1,0,차대차 - 측면충돌,안전운전불이행,포장 - 건조,맑음,단일로 - 기타,승용,0,23,상해없음,승용,0,55,경상,20.0,20.0
2345,2019071200100578,18,금요일,경인,경기도,경상사고,0,0,1,0,차대차 - 측면충돌,안전거리미확보,포장 - 건조,맑음,단일로 - 기타,승용,1,46,상해없음,승용,0,26,경상,40.0,40.0
2346,2019071300100098,6,토요일,경인,인천광역시,경상사고,0,0,1,0,차대차 - 기타,안전운전불이행,포장 - 건조,맑음,단일로 - 기타,승용,0,46,상해없음,화물,0,49,경상,40.0,40.0
2347,2019072100100100,4,일요일,경인,경기도,중상사고,0,3,1,0,차대차 - 추돌,안전운전불이행,포장 - 건조,맑음,단일로 - 기타,승합,0,43,상해없음,승용,0,63,중상,40.0,40.0
2348,2019072400100670,23,수요일,경인,인천광역시,경상사고,0,0,1,0,차대차 - 추돌,안전운전불이행,포장 - 건조,맑음,단일로 - 교량,승용,0,52,상해없음,승용,0,26,경상,50.0,50.0
2349,2019080300100379,16,토요일,경인,경기도,경상사고,0,0,2,0,차대차 - 추돌,차로위반,포장 - 젖음/습기,기타,단일로 - 기타,승용,0,40,상해없음,승용,0,31,경상,30.0,30.0
2350,2019081300100172,9,화요일,경인,인천광역시,경상사고,0,0,1,0,차대차 - 추돌,안전거리미확보,포장 - 건조,맑음,단일로 - 기타,승용,0,34,기타불명,승용,1,42,경상,30.0,30.0
2351,2019082000100556,19,화요일,경인,경기도,경상사고,0,0,1,0,차대차 - 측면충돌,안전운전불이행,포장 - 건조,맑음,단일로 - 기타,승용,0,42,상해없음,승용,0,26,경상,40.0,40.0
2352,2019082200100126,7,목요일,경인,경기도,경상사고,0,0,1,0,차대차 - 측면충돌,안전거리미확보,포장 - 건조,맑음,단일로 - 기타,승용,1,31,상해없음,승용,0,28,경상,,
2353,2019090900100057,4,월요일,경인,경기도,중상사고,0,2,0,0,차대차 - 측면충돌,안전거리미확보,포장 - 건조,맑음,단일로 - 기타,건설기계,0,55,상해없음,승용,1,50,중상,50.0,50.0
2354,2019091200100075,4,목요일,경인,서울특별시,경상사고,0,0,3,0,차대차 - 추돌,안전운전불이행,포장 - 건조,맑음,단일로 - 기타,승용,0,78,상해없음,승용,0,49,경상,70.0,70.0
2355,2019091600100548,18,월요일,경인,경기도,경상사고,0,0,2,0,차대차 - 측면충돌,안전거리미확보,포장 - 건조,맑음,단일로 - 기타,승용,1,40,상해없음,승용,0,36,경상,30.0,30.0
2356,2019092000100121,7,금요일,경인,경기도,경상사고,0,0,2,0,차대차 - 측면충돌,안전거리미확보,포장 - 건조,맑음,단일로 - 기타,건설기계,0,51,경상,승용,0,47,경상,,
2357,2019092400100240,10,화요일,경인,인천광역시,중상사고,0,1,0,0,차대차 - 측면충돌,기타,포장 - 건조,맑음,기타 - 기타,건설기계,0,31,상해없음,승용,0,65,중상,,
2358,2019101400100655,19,월요일,경인,인천광역시,경상사고,0,0,2,0,차대차 - 추돌,안전운전불이행,포장 - 건조,맑음,단일로 - 기타,승용,0,26,상해없음,승용,0,37,경상,20.0,20.0
2359,2019101600100328,12,수요일,경인,인천광역시,경상사고,0,0,1,0,차대차 - 추돌,안전거리미확보,포장 - 건조,맑음,단일로 - 교량,특수,0,52,상해없음,승용,0,60,경상,50.0,50.0
2360,2019101700100068,4,목요일,경인,서울특별시,사망사고,1,1,1,0,차대차 - 추돌,안전운전불이행,포장 - 건조,맑음,단일로 - 기타,승용,0,28,중상,건설기계,0,53,경상,20.0,20.0
2361,2019101800100234,9,금요일,경인,인천광역시,경상사고,0,0,1,0,차대차 - 후진중충돌,기타,포장 - 건조,맑음,단일로 - 기타,승용,0,59,상해없음,승용,0,27,경상,50.0,50.0
2362,2019102900100478,16,화요일,경인,경기도,부상신고사고,0,0,0,1,차대차 - 측면충돌,안전운전불이행,포장 - 건조,맑음,단일로 - 기타,승용,1,43,상해없음,화물,0,47,부상신고,40.0,40.0
2363,2019110300100169,10,일요일,경인,인천광역시,경상사고,0,0,1,0,차대차 - 측면충돌,안전거리미확보,포장 - 건조,맑음,단일로 - 기타,승용,0,72,상해없음,승용,0,29,경상,70.0,70.0
2364,2019110500100038,0,화요일,경인,경기도,경상사고,0,0,1,0,차대차 - 추돌,안전운전불이행,포장 - 건조,맑음,단일로 - 기타,승용,0,49,상해없음,건설기계,0,64,경상,40.0,40.0
2365,2019111100100217,9,월요일,경인,인천광역시,중상사고,0,1,0,0,차대차 - 측면충돌,안전거리미확보,포장 - 건조,맑음,단일로 - 기타,승용,1,50,기타불명,승용,0,72,중상,40.0,40.0
2366,2019111200100156,8,화요일,경인,인천광역시,경상사고,0,0,1,0,차대차 - 측면충돌,안전거리미확보,포장 - 건조,맑음,단일로 - 교량,건설기계,0,49,상해없음,승용,0,37,경상,40.0,40.0
2367,2019112000100639,18,수요일,경인,인천광역시,경상사고,0,0,1,0,차대차 - 측면충돌,안전거리미확보,포장 - 건조,맑음,단일로 - 기타,승용,0,47,상해없음,승용,1,41,경상,40.0,40.0
2368,2019112100100050,2,목요일,경인,인천광역시,경상사고,0,0,1,0,차대차 - 추돌,안전운전불이행,포장 - 건조,맑음,단일로 - 기타,승용,0,21,상해없음,승용,0,77,경상,20.0,20.0
2369,2019112300100186,9,토요일,경인,경기도,경상사고,0,0,1,0,차대차 - 추돌,안전거리미확보,포장 - 건조,맑음,단일로 - 기타,승용,0,20,상해없음,승용,0,39,경상,20.0,20.0
2370,2019112900100291,11,금요일,경인,경기도,경상사고,0,0,1,0,차대차 - 측면충돌,안전거리미확보,포장 - 건조,맑음,단일로 - 교량,건설기계,0,70,상해없음,화물,0,70,경상,60.0,60.0
2371,2019120700100678,23,토요일,경인,경기도,중상사고,0,3,5,0,차대차 - 측면충돌,안전운전불이행,포장 - 건조,흐림,단일로 - 기타,승용,0,55,상해없음,승용,0,61,경상,50.0,50.0
2372,2019121000100182,8,화요일,경인,인천광역시,부상신고사고,0,0,0,1,차대차 - 측면충돌,안전거리미확보,포장 - 건조,맑음,단일로 - 교량,화물,0,47,상해없음,승용,1,25,부상신고,40.0,40.0
2373,2019121700100145,8,화요일,경인,경기도,부상신고사고,0,0,0,1,차대차 - 측면충돌,안전운전불이행,포장 - 젖음/습기,비,단일로 - 교량,화물,0,38,상해없음,승용,0,25,부상신고,30.0,30.0
2374,2019123100100160,9,화요일,경인,인천광역시,경상사고,0,0,1,0,차대차 - 측면충돌,안전운전불이행,포장 - 건조,맑음,단일로 - 기타,승용,0,80,상해없음,승용,0,41,경상,70.0,70.0
2375,2020010400100031,1,토요일,경인,경기도,경상사고,0,0,4,0,차대차 - 추돌,안전운전불이행,포장 - 건조,맑음,단일로 - 기타,승용,0,28,상해없음,승용,0,44,경상,20.0,20.0
2376,2020010500100049,4,일요일,경인,인천광역시,경상사고,0,0,1,0,차대차 - 기타,차로위반,포장 - 건조,맑음,단일로 - 기타,승용,0,26,상해없음,건설기계,0,47,경상,20.0,20.0
2377,2020010700100347,15,화요일,경인,인천광역시,경상사고,0,0,1,0,차대차 - 측면충돌,안전거리미확보,포장 - 젖음/습기,비,단일로 - 기타,특수,0,60,상해없음,승용,0,26,경상,50.0,50.0
2378,2020011000100020,1,금요일,경인,인천광역시,부상신고사고,0,0,0,1,차대차 - 기타,안전운전불이행,포장 - 건조,맑음,단일로 - 기타,기타불명,2,0,기타불명,승용,0,29,부상신고,20.0,20.0
2379,2020011900100151,11,일요일,경인,인천광역시,경상사고,0,0,1,0,차대차 - 추돌,안전운전불이행,포장 - 건조,맑음,단일로 - 기타,승용,0,59,상해없음,승용,0,48,경상,50.0,50.0
2380,2020012000100243,11,월요일,경인,인천광역시,경상사고,0,0,2,0,차대차 - 추돌,안전운전불이행,포장 - 건조,맑음,단일로 - 기타,승용,0,50,상해없음,승용,0,46,경상,40.0,40.0
2381,2020012100100342,13,화요일,경인,경기도,경상사고,0,0,1,0,차대차 - 측면충돌,안전거리미확보,포장 - 건조,맑음,단일로 - 기타,화물,0,27,상해없음,화물,0,56,경상,20.0,20.0
2382,2020012700100013,0,월요일,경인,인천광역시,경상사고,0,0,1,0,차대차 - 측면충돌,안전운전불이행,포장 - 건조,맑음,단일로 - 기타,승용,0,29,상해없음,승용,0,49,경상,20.0,20.0