,사고번호,사고일시,요일,도로종류,시군구,사고내용,사망자수,중상자수,경상자수,부상신고자수,사고유형,법규위반,노면상태,기상상태,도로형태,가해운전자 차종,가해운전자 성별,가해운전자 연령,가해운전자 상해정도,피해운전자 차종,피해운전자 성별,피해운전자 연령,피해운전자 상해정도,연령대,가해연령대
2648,2019111500100116,7,금요일,광주원주,경기도,중상사고,0,3,3,0,차대차 - 추돌,안전운전불이행,포장 - 서리/결빙,비,단일로 - 교량,승용,0,59,경상,승용,1,47,경상,50.0,50.0
2649,2019112800100217,10,목요일,광주원주,강원도,경상사고,0,0,5,1,차대차 - 측면충돌,안전운전불이행,포장 - 건조,맑음,단일로 - 기타,승용,0,76,상해없음,화물,0,54,경상,70.0,70.0
2650,2019120400100039,0,수요일,광주원주,경기도,부상신고사고,0,0,0,1,차량단독 - 공작물충돌,안전운전불이행,포장 - 젖음/습기,눈,단일로 - 기타,승용,0,33,부상신고,기타불명,2,0,기타불명,30.0,30.0
2651,2019120500100050,1,목요일,광주원주,경기도,부상신고사고,0,0,0,1,차량단독 - 공작물충돌,안전운전불이행,포장 - 건조,맑음,단일로 - 기타,승용,0,40,부상신고,기타불명,2,0,기타불명,30.0,30.0
2652,2019121300100544,18,금요일,광주원주,경기도,경상사고,0,0,3,0,차대차 - 기타,안전거리미확보,포장 - 건조,맑음,단일로 - 기타,승용,1,37,경상,승용,0,58,경상,30.0,30.0
2653,2020012700100109,10,월요일,광주원주,경기도,중상사고,0,1,0,0,차대차 - 추돌,안전운전불이행,포장 - 건조,맑음,단일로 - 기타,승용,1,50,중상,승용,0,31,상해없음,40.0,40.0
2654,2020022800100058,7,금요일,광주원주,강원도,중상사고,0,1,0,0,차대차 - 추돌,안전운전불이행,포장 - 건조,맑음,단일로 - 터널,승용,0,21,상해없음,화물,0,52,중상,20.0,20.0
2655,2020030300100142,11,화요일,광주원주,강원도,중상사고,0,2,2,0,차대차 - 기타,안전운전불이행,포장 - 건조,맑음,단일로 - 기타,승용,1,71,상해없음,승용,0,40,경상,70.0,70.0
2656,2020050300100089,8,일요일,광주원주,경기도,경상사고,0,0,2,0,차대차 - 추돌,과속,포장 - 건조,맑음,단일로 - 기타,승용,0,65,상해없음,승용,1,40,경상,60.0,60.0
2657,2020050700100061,6,목요일,광주원주,경기도,경상사고,0,0,2,0,차대차 - 추돌,안전운전불이행,포장 - 건조,맑음,단일로 - 기타,승용,0,67,상해없음,승용,1,52,경상,60.0,60.0
2658,2020052000100220,11,수요일,광주원주,경기도,중상사고,0,1,0,0,차대차 - 기타,안전운전불이행,포장 - 건조,맑음,단일로 - 기타,승용,1,44,상해없음,승용,0,70,상해없음,40.0,40.0
2659,2020061000100285,13,수요일,광주원주,강원도,중상사고,0,1,0,0,차대차 - 추돌,기타,포장 - 건조,맑음,단일로 - 기타,승용,1,23,상해없음,승용,0,56,상해없음,20.0,20.0
2660,2020070600100195,11,월요일,광주원주,경기도,중상사고,0,1,0,1,차대차 - 기타,안전거리미확보,포장 - 건조,맑음,단일로 - 기타,승용,1,58,상해없음,승용,1,47,중상,50.0,50.0
2661,2020071400100224,11,화요일,광주원주,경기도,경상사고,0,0,1,0,차대차 - 기타,안전운전불이행,포장 - 건조,맑음,기타 - 기타,승용,1,65,상해없음,승용,1,30,경상,60.0,60.0
2662,2020071600100247,12,목요일,광주원주,경기도,경상사고,0,0,5,0,차대차 - 추돌,안전운전불이행,포장 - 건조,맑음,단일로 - 기타,승용,0,24,상해없음,승용,1,45,경상,20.0,20.0
2663,2020072600100136,11,일요일,광주원주,경기도,경상사고,0,0,7,0,차대차 - 기타,안전거리미확보,포장 - 건조,맑음,단일로 - 기타,승용,0,21,상해없음,승용,0,53,경상,20.0,20.0
2664,2020080900100067,5,일요일,광주원주,경기도,중상사고,0,2,0,0,차대차 - 기타,안전운전불이행,포장 - 젖음/습기,비,단일로 - 터널,승용,1,58,중상,승용,0,58,상해없음,50.0,50.0
2665,2020082100100393,17,금요일,광주원주,경기도,경상사고,0,0,2,4,차대차 - 추돌,안전운전불이행,포장 - 건조,맑음,기타 - 기타,승합,0,57,상해없음,화물,0,44,경상,50.0,50.0
2666,2020082600100241,13,수요일,광주원주,강원도,중상사고,0,1,0,0,차대차 - 추돌,안전운전불이행,포장 - 건조,맑음,단일로 - 터널,화물,0,64,상해없음,화물,0,62,중상,60.0,60.0
2667,2020082600100242,13,수요일,광주원주,강원도,중상사고,0,2,0,0,차대차 - 추돌,안전거리미확보,포장 - 건조,맑음,단일로 - 터널,승용,1,22,기타불명,승용,0,21,상해없음,20.0,20.0
2668,2020092700100383,17,일요일,광주원주,경기도,경상사고,0,0,4,0,차대차 - 추돌,안전거리미확보,포장 - 건조,맑음,단일로 - 터널,승용,0,57,상해없음,승용,0,47,경상,50.0,50.0
2669,2020100500100618,21,월요일,광주원주,경기도,부상신고사고,0,0,0,2,차대차 - 추돌,안전운전불이행,포장 - 건조,맑음,단일로 - 기타,승용,1,45,상해없음,승용,0,26,부상신고,40.0,40.0
2670,2020102900100350,14,목요일,광주원주,강원도,중상사고,0,1,0,0,차대차 - 추돌,안전거리미확보,포장 - 건조,맑음,단일로 - 기타,승합,0,52,상해없음,승용,1,53,중상,50.0,50.0
2671,2020111200100330,14,목요일,광주원주,강원도,사망사고,1,2,0,1,차대차 - 추돌,안전운전불이행,포장 - 건조,맑음,단일로 - 기타,화물,0,58,상해없음,승합,0,58,사망,50.0,50.0
2672,2020111600100246,11,월요일,광주원주,경기도,사망사고,1,0,0,0,차량단독 - 전도전복 - 전도,안전운전불이행,포장 - 건조,맑음,단일로 - 기타,특수,0,71,사망,기타불명,2,0,기타불명,70.0,70.0
2673,2020112000100162,9,금요일,광주원주,경기도,중상사고,0,1,0,0,차대차 - 기타,신호위반,포장 - 건조,맑음,단일로 - 기타,승용,2,0,기타불명,승용,1,68,중상,20.0,20.0
2674,2020121100100264,14,금요일,광주원주,경기도,경상사고,0,0,1,0,차대차 - 추돌,안전거리미확보,포장 - 건조,맑음,단일로 - 터널,화물,0,61,상해없음,승용,0,60,경상,,
2675,2020121100100599,22,금요일,광주원주,경기도,경상사고,0,0,1,0,차대차 - 추돌,안전운전불이행,포장 - 건조,맑음,단일로 - 기타,특수,0,43,상해없음,화물,0,67,경상,40.0,40.0
2676,2020122400100221,12,목요일,광주원주,경기도,부상신고사고,0,0,0,1,차대차 - 추돌,안전운전불이행,포장 - 건조,맑음,단일로 - 기타,승용,0,30,상해없음,승용,0,22,상해없음,20.0,20.0
2677,2020122400100501,18,목요일,광주원주,경기도,중상사고,0,1,4,0,차대차 - 추돌,안전거리미확보,포장 - 건조,맑음,단일로 - 기타,승용,0,54,상해없음,승용,0,35,중상,50.0,50.0
2678,2021020700100118,12,일요일,광주원주,경기도,경상사고,0,0,1,0,차대차 - 기타,안전운전불이행,-,맑음,주차장 - 주차장,기타불명,2,0,기타불명,승합,0,53,상해없음,20.0,20.0
2679,2021020900100175,10,화요일,광주원주,경기도,경상사고,0,0,2,1,차대차 - 추돌,안전운전불이행,-,맑음,단일로 - 기타,승용,0,62,상해없음,승용,0,60,기타불명,60.0,60.0
2680,2021021200100291,22,금요일,광주원주,경기도,중상사고,0,2,1,0,차대차 - 측면충돌,안전운전불이행,-,맑음,단일로 - 기타,승용,1,58,중상,승용,0,28,상해없음,50.0,50.0
2681,2021021400100187,17,일요일,광주원주,경기도,경상사고,0,0,4,0,차대차 - 측면충돌,안전운전불이행,-,맑음,단일로 - 기타,승용,1,40,상해없음,승용,1,53,경상,30.0,30.0
2682,2021031000100160,10,수요일,광주원주,경기도,사망사고,1,0,2,0,차대차 - 추돌,과속,-,맑음,단일로 - 교량,승용,0,47,상해없음,승용,0,35,사망,40.0,40.0
2683,2021032900100238,11,월요일,광주원주,경기도,경상사고,0,0,1,0,차대차 - 추돌,안전거리미확보,-,맑음,단일로 - 기타,승용,0,71,상해없음,화물,0,25,경상,70.0,70.0
2684,2021050200100144,11,일요일,광주원주,경기도,경상사고,0,0,2,0,차대차 - 추돌,안전운전불이행,-,맑음,단일로 - 터널,승용,0,64,상해없음,승용,0,31,경상,60.0,60.0
2685,2021051400100096,8,금요일,광주원주,강원도,경상사고,0,0,3,0,차대차 - 추돌,차로위반,-,맑음,단일로 - 기타,승용,1,59,상해없음,승용,1,25,경상,50.0,50.0
2686,2021052100100418,17,금요일,광주원주,경기도,경상사고,0,0,4,0,차대차 - 측면충돌,안전운전불이행,-,맑음,단일로 - 기타,승용,0,31,상해없음,승용,0,59,상해없음,,
2687,2021060700100196,11,월요일,광주원주,경기도,경상사고,0,0,2,0,차대차 - 추돌,안전운전불이행,-,맑음,단일로 - 기타,승용,0,26,상해없음,승용,0,53,상해없음,20.0,20.0
2688,2021061600100248,12,수요일,광주원주,경기도,경상사고,0,0,1,0,차대차 - 추돌,안전운전불이행,-,맑음,단일로 - 기타,화물,0,63,상해없음,화물,0,55,경상,60.0,60.0
2689,2021062400100515,18,목요일,광주원주,경기도,중상사고,0,1,1,0,차대차 - 기타,안전운전불이행,-,맑음,단일로 - 기타,승용,0,58,중상,승용,0,60,상해없음,50.0,50.0
2690,2021062600100027,0,토요일,광주원주,경기도,경상사고,0,0,1,0,차대차 - 추돌,안전운전불이행,-,맑음,단일로 - 기타,승용,0,29,상해없음,승용,1,66,경상,20.0,20.0
2691,2021070100100288,13,목요일,광주원주,경기도,중상사고,0,3,2,0,차대차 - 추돌,안전운전불이행,-,맑음,단일로 - 기타,화물,0,50,상해없음,승용,1,59,중상,40.0,40.0
2692,2021070200100368,15,금요일,광주원주,경기도,경상사고,0,0,5,0,차대차 - 추돌,안전운전불이행,-,맑음,단일로 - 터널,승용,1,34,상해없음,승용,1,63,경상,30.0,30.0
2693,2021070200100468,17,금요일,광주원주,경기도,경상사고,0,0,6,0,차대차 - 추돌,안전운전불이행,-,맑음,단일로 - 기타,승용,0,20,상해없음,승용,0,52,경상,20.0,20.0
2694,2021070900100166,10,금요일,광주원주,경기도,경상사고,0,0,1,0,차대차 - 기타,안전거리미확보,-,맑음,단일로 - 기타,승용,0,64,상해없음,승용,0,45,경상,60.0,60.0
2695,2021070900100382,16,금요일,광주원주,경기도,경상사고,0,0,1,0,차대차 - 추돌,안전거리미확보,-,맑음,단일로 - 기타,승용,0,77,상해없음,화물,0,58,경상,70.0,70.0
2696,2021071100100053,9,일요일,광주원주,강원도,중상사고,0,3,0,0,차대차 - 기타,신호위반,-,흐림,단일로 - 기타,승용,0,46,상해없음,승용,1,52,중상,40.0,40.0
2697,2021071700100367,15,토요일,광주원주,경기도,경상사고,0,0,6,0,차대차 - 추돌,안전거리미확보,-,맑음,단일로 - 터널,승용,0,52,상해없음,승용,0,57,경상,50.0,50.0
2698,2021072000100201,12,화요일,광주원주,강원도,중상사고,0,4,1,0,차대차 - 추돌,과속,-,맑음,단일로 - 기타,승용,0,43,상해없음,화물,0,41,중상,40.0,40.0
2699,2021072200100330,14,목요일,광주원주,경기도,경상사고,0,0,4,0,차대차 - 측면충돌,안전거리미확보,-,맑음,단일로 - 기타,승용,0,67,상해없음,승용,1,60,경상,60.0,60.0
2700,2021073100100410,17,토요일,광주원주,경기도,경상사고,0,0,2,0,차대차 - 기타,안전거리미확보,-,맑음,단일로 - 기타,승용,0,48,상해없음,승용,0,43,상해없음,40.0,40.0
2701,2021080100100447,22,일요일,광주원주,경기도,중상사고,0,2,0,0,차대차 - 추돌,안전거리미확보,-,비,단일로 - 기타,특수,0,44,상해없음,승용,1,39,중상,40.0,40.0
2702,2021081200100268,13,목요일,광주원주,경기도,경상사고,0,0,5,0,차대차 - 추돌,안전거리미확보,-,맑음,단일로 - 기타,승용,1,40,경상,승용,0,46,경상,30.0,30.0
2703,2021081400100105,9,토요일,광주원주,경기도,경상사고,0,0,5,0,차대차 - 측면충돌,안전운전불이행,-,맑음,기타 - 기타,승용,0,37,상해없음,승용,0,25,경상,30.0,30.0
2704,2021081400100216,13,토요일,광주원주,경기도,경상사고,0,0,5,0,차대차 - 추돌,안전운전불이행,-,맑음,단일로 - 터널,승용,0,24,상해없음,승용,0,58,경상,20.0,20.0
2705,2021081800100344,16,수요일,광주원주,경기도,경상사고,0,0,1,0,차대차 - 추돌,안전거리미확보,-,흐림,단일로 - 터널,승용,0,62,상해없음,승용,0,30,경상,60.0,60.0
2706,2021082100100185,12,토요일,광주원주,경기도,중상사고,0,1,0,0,차대차 - 측면충돌,안전거리미확보,-,비,단일로 - 기타,승용,1,47,상해없음,승합,0,53,중상,40.0,40.0
2707,2021082200100080,10,일요일,광주원주,경기도,경상사고,0,0,3,0,차대차 - 추돌,안전운전불이행,-,맑음,단일로 - 기타,승용,0,24,상해없음,승용,0,31,경상,20.0,20.0
2708,2021082900100070,11,일요일,광주원주,강원도,경상사고,0,0,5,2,차대차 - 추돌,기타,-,맑음,단일로 - 터널,승용,0,71,상해없음,승용,0,31,경상,70.0,70.0
2709,2021090500100015,4,일요일,광주원주,강원도,경상사고,0,0,2,0,차대차 - 추돌,안전운전불이행,-,맑음,단일로 - 터널,승용,0,33,상해없음,승합,0,27,상해없음,30.0,30.0
2710,2021090700100165,10,화요일,광주원주,강원도,경상사고,0,0,1,0,차대차 - 추돌,차로위반,-,비,단일로 - 기타,승용,1,69,상해없음,화물,0,67,경상,60.0,60.0
2711,2021091100100009,0,토요일,광주원주,경기도,중상사고,0,1,0,0,차대차 - 기타,안전운전불이행,-,맑음,단일로 - 기타,승용,0,45,상해없음,화물,0,64,중상,40.0,40.0
2712,2021091400100538,17,화요일,광주원주,경기도,경상사고,0,0,5,0,차대차 - 추돌,안전거리미확보,-,맑음,단일로 - 기타,승용,1,26,상해없음,승용,1,30,경상,20.0,20.0
2713,2021091900100118,11,일요일,광주원주,강원도,경상사고,0,0,4,0,차대차 - 측면충돌,안전운전불이행,-,맑음,단일로 - 기타,승용,0,44,상해없음,승용,1,37,경상,40.0,40.0
2714,2021092400100458,18,금요일,광주원주,경기도,중상사고,0,1,2,0,차대차 - 추돌,안전거리미확보,-,맑음,단일로 - 기타,승용,1,47,상해없음,승용,0,26,경상,40.0,40.0
2715,2021092500100333,17,토요일,광주원주,경기도,중상사고,0,2,8,2,차대차 - 추돌,안전운전불이행,-,맑음,단일로 - 기타,승용,1,65,상해없음,화물,0,41,중상,60.0,60.0
2716,2021092800100380,17,화요일,광주원주,경기도,경상사고,0,0,1,0,차대차 - 기타,안전운전불이행,-,맑음,단일로 - 기타,승용,0,60,상해없음,승용,0,46,경상,50.0,50.0
2717,2021102200100418,16,금요일,광주원주,강원도,중상사고,0,3,0,0,차대차 - 추돌,안전거리미확보,-,맑음,단일로 - 기타,화물,0,55,상해없음,승용,0,42,중상,50.0,50.0
2718,2021110900100312,14,화요일,광주원주,강원도,사망사고,1,0,0,0,차량단독 - 공작물충돌,안전운전불이행,-,비,단일로 - 교량,화물,0,69,사망,기타불명,2,0,기타불명,60.0,60.0
2719,2021111400100302,16,일요일,광주원주,경기도,경상사고,0,0,3,0,차대차 - 기타,안전거리미확보,-,맑음,단일로 - 기타,승용,1,45,상해없음,승용,1,62,경상,40.0,40.0
2720,2021111500100325,14,월요일,광주원주,경기도,경상사고,0,0,1,0,차대차 - 추돌,안전거리미확보,-,맑음,단일로 - 기타,승용,0,30,상해없음,화물,0,58,경상,20.0,20.0
2721,2021111700100058,6,수요일,광주원주,경기도,경상사고,0,0,2,0,차대차 - 측면충돌,안전거리미확보,-,맑음,단일로 - 기타,승용,1,26,상해없음,화물,0,64,경상,20.0,20.0
2722,2021112100100296,16,일요일,광주원주,경기도,경상사고,0,0,2,0,차대차 - 추돌,안전운전불이행,-,맑음,단일로 - 기타,승용,1,47,상해없음,승용,0,26,경상,40.0,40.0
2723,2021112800100284,15,일요일,광주원주,경기도,경상사고,0,0,2,0,차대차 - 측면충돌,안전거리미확보,-,맑음,단일로 - 기타,승용,0,81,상해없음,승용,0,42,경상,70.0,70.0
2724,2021122100100158,10,화요일,광주원주,경기도,경상사고,0,0,2,0,차대차 - 기타,기타,-,맑음,단일로 - 기타,건설기계,0,51,상해없음,승용,1,35,경상,,
2725,2021122700100022,5,월요일,광주원주,경기도,중상사고,0,1,0,0,차대차 - 추돌,안전운전불이행,-,맑음,단일로 - 기타,승용,0,26,상해없음,승용,0,50,중상,20.0,20.0
2726,2019010500100247,13,토요일,구리포천,경기도,경상사고,0,0,2,0,차대차 - 추돌,안전거리미확보,포장 - 건조,맑음,단일로 - 교량,승용,0,32,상해없음,승용,0,52,경상,30.0,30.0
2727,2019011200100374,17,토요일,구리포천,경기도,경상사고,0,0,3,0,차대차 - 기타,안전운전불이행,포장 - 건조,맑음,단일로 - 기타,승용,0,24,상해없음,승합,0,62,경상,20.0,20.0
2728,2019020700100415,18,목요일,구리포천,경기도,중상사고,0,1,0,0,차대차 - 측면충돌,안전거리미확보,포장 - 건조,맑음,단일로 - 기타,승합,0,43,상해없음,승용,0,26,중상,40.0,40.0
2729,2019032000100146,8,수요일,구리포천,경기도,경상사고,0,0,1,0,차대차 - 측면충돌,신호위반,포장 - 젖음/습기,안개,교차로 - 교차로안,건설기계,0,59,상해없음,승용,0,24,경상,50.0,50.0
2730,2019041500100499,17,월요일,구리포천,경기도,경상사고,0,0,4,0,차대차 - 추돌,안전운전불이행,포장 - 건조,맑음,단일로 - 기타,화물,0,66,상해없음,승용,1,53,경상,60.0,60.0
2731,2019041900100418,16,금요일,구리포천,경기도,경상사고,0,0,1,0,차대차 - 추돌,안전운전불이행,포장 - 건조,맑음,단일로 - 기타,화물,0,62,상해없음,특수,0,30,경상,60.0,60.0
2732,2019042900100280,12,월요일,구리포천,경기도,부상신고사고,0,0,0,2,차대차 - 기타,안전운전불이행,포장 - 건조,맑음,단일로 - 기타,기타불명,2,0,기타불명,승용,0,39,부상신고,20.0,20.0
2733,2019050700100183,9,화요일,구리포천,경기도,경상사고,0,0,1,0,차대차 - 추돌,안전운전불이행,포장 - 건조,맑음,단일로 - 터널,화물,0,39,상해없음,승용,0,30,경상,30.0,30.0
2734,2019050700100662,20,화요일,구리포천,경기도,중상사고,0,2,0,0,차대차 - 추돌,안전운전불이행,포장 - 건조,맑음,단일로 - 기타,승용,0,39,상해없음,승용,0,25,중상,30.0,30.0
2735,2019052800100065,4,화요일,구리포천,서울특별시,사망사고,1,1,0,0,차대차 - 정면충돌,중앙선침범,포장 - 건조,맑음,단일로 - 기타,승용,0,40,사망,화물,0,50,중상,30.0,30.0
2736,2019072300100162,9,화요일,구리포천,경기도,경상사고,0,0,1,0,차대차 - 추돌,안전운전불이행,포장 - 건조,맑음,단일로 - 기타,화물,0,59,상해없음,승용,0,37,경상,50.0,50.0
2737,2019072400100221,11,수요일,구리포천,경기도,경상사고,0,0,1,1,차대차 - 기타,안전운전불이행,포장 - 건조,맑음,단일로 - 터널,화물,0,47,부상신고,화물,0,58,경상,40.0,40.0
2738,2019082700100148,8,화요일,구리포천,경기도,중상사고,0,1,1,4,차대차 - 추돌,안전운전불이행,포장 - 건조,맑음,단일로 - 터널,화물,0,65,상해없음,승합,0,50,경상,60.0,60.0
2739,2019100400100142,8,금요일,구리포천,경기도,경상사고,0,0,2,0,차대차 - 추돌,안전운전불이행,포장 - 건조,맑음,단일로 - 기타,화물,0,32,상해없음,승용,0,28,경상,30.0,30.0
2740,2019102400100732,22,목요일,구리포천,경기도,중상사고,0,2,3,0,차대차 - 추돌,중앙선침범,포장 - 건조,맑음,단일로 - 기타,승용,0,35,기타불명,승용,0,41,경상,30.0,30.0
2741,2019102500100671,19,금요일,구리포천,경기도,경상사고,0,0,3,0,차대차 - 추돌,안전운전불이행,포장 - 건조,맑음,단일로 - 기타,화물,0,38,상해없음,승용,0,37,경상,30.0,30.0
2742,2019110400100661,19,월요일,구리포천,경기도,중상사고,0,1,0,0,차대차 - 기타,안전운전불이행,포장 - 건조,맑음,단일로 - 기타,승용,0,67,상해없음,승용,1,45,중상,60.0,60.0
2743,2019110900100530,17,토요일,구리포천,경기도,경상사고,0,0,5,0,차대차 - 기타,안전운전불이행,포장 - 건조,맑음,단일로 - 기타,화물,0,41,상해없음,승용,1,49,경상,,
2744,2019112200100384,14,금요일,구리포천,경기도,중상사고,0,1,0,0,차대차 - 기타,안전운전불이행,포장 - 건조,맑음,단일로 - 터널,건설기계,0,45,상해없음,승용,1,47,중상,40.0,40.0
2745,2019122100100350,15,토요일,구리포천,경기도,경상사고,0,0,1,0,차대차 - 추돌,안전운전불이행,포장 - 건조,맑음,단일로 - 기타,승용,0,62,상해없음,승용,1,54,경상,60.0,60.0
2746,2019122600100202,11,목요일,구리포천,서울특별시,경상사고,0,0,1,0,차대차 - 측면충돌,안전거리미확보,포장 - 젖음/습기,맑음,단일로 - 기타,승용,0,29,상해없음,승용,0,52,경상,20.0,20.0
2747,2019123100100456,18,화요일,구리포천,경기도,경상사고,0,0,2,1,차대차 - 기타,안전운전불이행,포장 - 건조,맑음,단일로 - 기타,화물,0,71,부상신고,승용,0,36,경상,70.0,70.0
2748,2020011000100180,10,금요일,구리포천,경기도,중상사고,0,1,0,0,차대차 - 추돌,안전운전불이행,포장 - 건조,맑음,단일로 - 기타,화물,0,49,중상,화물,0,46,기타불명,40.0,40.0
2749,2020012300100569,18,목요일,구리포천,경기도,중상사고,0,1,1,1,차대차 - 기타,안전운전불이행,포장 - 건조,맑음,단일로 - 기타,승용,0,46,상해없음,승용,0,47,중상,40.0,40.0
2750,2020031000100082,7,화요일,구리포천,경기도,경상사고,0,0,1,3,차대차 - 추돌,안전운전불이행,포장 - 건조,맑음,단일로 - 기타,화물,0,53,상해없음,승용,1,54,경상,50.0,50.0
2751,2020040900100283,14,목요일,구리포천,경기도,경상사고,0,0,1,0,차대차 - 추돌,안전운전불이행,포장 - 건조,맑음,단일로 - 기타,화물,0,48,상해없음,승용,1,47,경상,40.0,40.0
2752,2020041800100349,16,토요일,구리포천,서울특별시,중상사고,0,1,1,0,차대차 - 측면충돌,신호위반,포장 - 건조,맑음,단일로 - 터널,승용,0,19,상해없음,승용,0,44,경상,20.0,20.0
2753,2020042900100032,3,수요일,구리포천,경기도,중상사고,0,1,0,0,차대차 - 추돌,안전운전불이행,포장 - 건조,맑음,단일로 - 기타,승용,0,32,상해없음,특수,0,43,중상,30.0,30.0
2754,2020050300100344,19,일요일,구리포천,경기도,중상사고,0,5,1,0,차대차 - 추돌,차로위반,포장 - 건조,맑음,단일로 - 기타,승용,0,46,상해없음,승용,0,66,중상,40.0,40.0
2755,2020051700100248,15,일요일,구리포천,경기도,중상사고,0,1,1,1,차대차 - 추돌,안전운전불이행,포장 - 건조,맑음,단일로 - 기타,화물,0,65,부상신고,승용,1,45,경상,60.0,60.0
2756,2020052200100502,18,금요일,구리포천,경기도,경상사고,0,0,1,0,차대차 - 추돌,안전운전불이행,포장 - 건조,맑음,단일로 - 터널,화물,1,55,상해없음,승용,0,62,경상,50.0,50.0
2757,2020053000100115,8,토요일,구리포천,경기도,중상사고,0,1,0,0,차대차 - 기타,기타,포장 - 건조,맑음,단일로 - 기타,화물,0,59,상해없음,승용,0,40,중상,50.0,50.0
2758,2020053100100465,22,일요일,구리포천,경기도,경상사고,0,0,1,0,차대차 - 측면충돌,안전거리미확보,포장 - 건조,맑음,단일로 - 기타,기타불명,2,0,기타불명,승용,1,40,경상,20.0,20.0
2759,2020060300100593,22,수요일,구리포천,서울특별시,중상사고,0,1,1,0,차대차 - 기타,안전운전불이행,포장 - 건조,맑음,단일로 - 기타,승용,0,72,상해없음,승용,1,36,경상,70.0,70.0
2760,2020060500100518,18,금요일,구리포천,경기도,중상사고,0,1,6,0,차대차 - 추돌,안전운전불이행,포장 - 건조,맑음,단일로 - 기타,승용,0,30,경상,승용,1,60,경상,20.0,20.0
2761,2020060600100579,22,토요일,구리포천,경기도,경상사고,0,0,1,0,차대차 - 기타,기타,포장 - 건조,맑음,단일로 - 기타,화물,2,0,기타불명,승용,1,40,상해없음,20.0,20.0
2762,2020062000100133,9,토요일,구리포천,경기도,경상사고,0,0,1,0,차대차 - 추돌,안전운전불이행,포장 - 건조,맑음,단일로 - 기타,화물,0,63,상해없음,화물,0,60,경상,60.0,60.0
2763,2020062000100580,20,토요일,구리포천,경기도,중상사고,0,1,0,0,차대차 - 측면충돌,차로위반,포장 - 건조,맑음,단일로 - 기타,승용,0,33,상해없음,승용,0,46,중상,30.0,30.0
2764,2020062200100057,6,월요일,구리포천,경기도,경상사고,0,0,4,2,차대차 - 추돌,안전운전불이행,포장 - 건조,맑음,단일로 - 기타,승용,0,39,경상,승용,1,37,경상,30.0,30.0
2765,2020070400100228,11,토요일,구리포천,경기도,경상사고,0,0,3,0,차대차 - 측면충돌,안전거리미확보,포장 - 건조,맑음,단일로 - 기타,승용,0,68,상해없음,승용,0,42,경상,60.0,60.0
2766,2020071200100204,13,일요일,구리포천,경기도,중상사고,0,1,3,0,차대차 - 기타,안전운전불이행,포장 - 건조,맑음,단일로 - 터널,승용,0,42,상해없음,승용,0,35,중상,40.0,40.0
2767,2020080300100043,5,월요일,구리포천,경기도,부상신고사고,0,0,0,1,차량단독 - 공작물충돌,안전운전불이행,포장 - 젖음/습기,맑음,단일로 - 기타,승용,0,28,부상신고,기타불명,2,0,기타불명,20.0,20.0
2768,2020080300100122,9,월요일,구리포천,경기도,경상사고,0,0,1,0,차대차 - 추돌,안전운전불이행,포장 - 젖음/습기,비,단일로 - 기타,기타불명,0,49,상해없음,승용,1,58,경상,40.0,40.0
2769,2020082000100180,10,목요일,구리포천,경기도,중상사고,0,1,0,0,차대차 - 추돌,안전운전불이행,포장 - 건조,맑음,단일로 - 기타,화물,0,65,기타불명,승용,0,40,중상,60.0,60.0
2770,2020082200100582,21,토요일,구리포천,경기도,부상신고사고,0,0,0,1,차대차 - 추돌,안전거리미확보,포장 - 건조,흐림,단일로 - 기타,승용,0,22,상해없음,승용,0,59,부상신고,20.0,20.0
2771,2020091900100062,5,토요일,구리포천,경기도,중상사고,0,1,0,0,차대차 - 추돌,안전운전불이행,포장 - 건조,맑음,단일로 - 기타,화물,0,47,상해없음,승용,1,29,중상,40.0,40.0
2772,2020100700100091,8,수요일,구리포천,경기도,중상사고,0,1,2,0,차대차 - 측면충돌,안전거리미확보,포장 - 건조,맑음,단일로 - 기타,화물,0,65,상해없음,화물,0,53,경상,60.0,60.0
2773,2020102300100310,12,금요일,구리포천,경기도,중상사고,0,1,2,0,차대차 - 추돌,안전거리미확보,포장 - 건조,맑음,단일로 - 기타,승용,0,28,경상,승용,1,45,중상,20.0,20.0
2774,2020102800100598,19,수요일,구리포천,경기도,경상사고,0,0,4,0,차대차 - 추돌,안전운전불이행,포장 - 건조,맑음,단일로 - 기타,화물,0,60,상해없음,화물,0,38,경상,50.0,50.0
2775,2020102900100591,18,목요일,구리포천,경기도,중상사고,0,2,3,0,차대차 - 추돌,안전운전불이행,포장 - 건조,맑음,단일로 - 기타,화물,0,42,상해없음,승용,0,43,중상,40.0,40.0
2776,2020110200100539,18,월요일,구리포천,경기도,경상사고,0,0,1,2,차대차 - 추돌,안전운전불이행,포장 - 건조,맑음,단일로 - 기타,화물,0,29,상해없음,화물,0,63,경상,20.0,20.0
2777,2020110200100585,19,월요일,구리포천,경기도,경상사고,0,0,1,0,차대차 - 추돌,안전운전불이행,포장 - 건조,맑음,단일로 - 기타,승용,0,25,상해없음,승용,1,28,경상,20.0,20.0
2778,2020110800100320,15,일요일,구리포천,경기도,경상사고,0,0,3,0,차대차 - 추돌,안전운전불이행,포장 - 건조,맑음,단일로 - 기타,승용,0,43,상해없음,승용,0,42,경상,40.0,40.0