,사고번호,사고일시,요일,도로종류,시군구,사고내용,사망자수,중상자수,경상자수,부상신고자수,사고유형,법규위반,노면상태,기상상태,도로형태,가해운전자 차종,가해운전자 성별,가해운전자 연령,가해운전자 상해정도,피해운전자 차종,피해운전자 성별,피해운전자 연령,피해운전자 상해정도,연령대,가해연령대
2911,2019052900100362,14,수요일,남해,경상남도,사망사고,1,1,2,0,차대차 - 추돌,안전거리미확보,포장 - 건조,맑음,단일로 - 터널,화물,0,64,경상,화물,0,36,경상,60.0,60.0
2912,2019052900100615,19,수요일,남해,전라남도,중상사고,0,1,2,0,차대차 - 기타,기타,포장 - 건조,맑음,기타 - 기타,화물,0,50,상해없음,승용,0,27,상해없음,40.0,40.0
2913,2019052900100697,22,수요일,남해,경상남도,중상사고,0,1,1,0,차대차 - 추돌,안전운전불이행,포장 - 건조,맑음,단일로 - 기타,승용,0,47,상해없음,화물,0,53,경상,40.0,40.0
2914,2019060100100281,12,토요일,남해,경상남도,중상사고,0,1,2,0,차대차 - 측면충돌,안전거리미확보,포장 - 건조,맑음,단일로 - 기타,승용,1,51,경상,특수,0,54,경상,,
2915,2019060100100315,13,토요일,남해,경상남도,경상사고,0,0,2,0,차대차 - 추돌,안전운전불이행,포장 - 건조,맑음,단일로 - 터널,승용,0,27,상해없음,승용,0,72,경상,20.0,20.0
2916,2019060100100351,14,토요일,남해,경상남도,경상사고,0,0,8,0,차대차 - 추돌,안전운전불이행,포장 - 건조,맑음,단일로 - 터널,승용,0,36,기타불명,승용,0,30,상해없음,30.0,30.0
2917,2019060600100570,21,목요일,남해,경상남도,경상사고,0,0,5,0,차대차 - 추돌,안전운전불이행,포장 - 젖음/습기,비,단일로 - 기타,승용,0,47,기타불명,승용,1,57,경상,40.0,40.0
2918,2019061000100251,11,월요일,남해,경상남도,중상사고,0,1,6,0,차대차 - 기타,안전운전불이행,포장 - 건조,맑음,단일로 - 기타,특수,0,59,상해없음,승합,0,58,경상,50.0,50.0
2919,2019061000100363,14,월요일,남해,경상남도,중상사고,0,1,0,0,차대차 - 기타,안전운전불이행,포장 - 건조,맑음,단일로 - 기타,승용,0,50,중상,화물,0,63,상해없음,40.0,40.0
2920,2019061500100348,13,토요일,남해,경상남도,중상사고,0,1,4,3,차대차 - 추돌,안전운전불이행,포장 - 건조,맑음,단일로 - 터널,승용,0,59,상해없음,승용,1,45,경상,50.0,50.0
2921,2019062000100424,16,목요일,남해,전라남도,중상사고,0,2,0,0,차대차 - 기타,안전운전불이행,포장 - 건조,맑음,단일로 - 기타,승용,0,43,상해없음,승용,1,41,중상,40.0,40.0
2922,2019062300100353,15,일요일,남해,경상남도,중상사고,0,1,1,0,차대차 - 추돌,안전운전불이행,포장 - 건조,맑음,단일로 - 기타,승용,1,54,상해없음,승용,0,32,중상,50.0,50.0
2923,2019062300100440,17,일요일,남해,경상남도,중상사고,0,2,0,0,차대차 - 추돌,안전운전불이행,포장 - 건조,맑음,단일로 - 기타,승용,1,29,상해없음,승용,0,63,상해없음,20.0,20.0
2924,2019062600100416,16,수요일,남해,경상남도,중상사고,0,1,1,0,차대차 - 측면충돌,중앙선침범,포장 - 젖음/습기,비,교차로 - 교차로부근,화물,0,37,상해없음,승용,0,56,중상,30.0,30.0
2925,2019062600100708,23,수요일,남해,경상남도,중상사고,0,1,1,0,차량단독 - 기타,안전운전불이행,포장 - 젖음/습기,비,단일로 - 기타,승용,0,47,상해없음,기타불명,2,0,기타불명,40.0,40.0
2926,2019062800100574,19,금요일,남해,경상남도,경상사고,0,0,1,0,차대차 - 추돌,신호위반,포장 - 건조,맑음,단일로 - 기타,화물,0,61,상해없음,승용,0,37,경상,,
2927,2019070500100497,17,금요일,남해,경상남도,경상사고,0,0,1,0,차대차 - 추돌,안전운전불이행,포장 - 건조,맑음,단일로 - 기타,화물,0,62,상해없음,승용,1,30,경상,60.0,60.0
2928,2019070800100555,20,월요일,남해,전라남도,중상사고,0,2,0,0,차대차 - 추돌,안전운전불이행,포장 - 건조,맑음,단일로 - 터널,승용,0,26,상해없음,화물,0,23,중상,20.0,20.0
2929,2019071300100512,19,토요일,남해,경상남도,경상사고,0,0,1,0,차대차 - 추돌,안전운전불이행,포장 - 건조,맑음,단일로 - 기타,승용,0,66,상해없음,승용,0,67,상해없음,60.0,60.0
2930,2019071500100577,20,월요일,남해,전라남도,경상사고,0,0,1,0,차대차 - 기타,기타,포장 - 건조,맑음,기타 - 기타,화물,0,57,상해없음,승용,1,55,경상,50.0,50.0
2931,2019071600100242,12,화요일,남해,경상남도,중상사고,0,1,1,0,차대차 - 추돌,안전운전불이행,포장 - 건조,맑음,단일로 - 기타,승용,1,52,상해없음,승용,0,33,중상,50.0,50.0
2932,2019071700100044,1,수요일,남해,부산광역시,경상사고,0,0,1,0,차대차 - 기타,안전운전불이행,포장 - 건조,맑음,단일로 - 교량,기타불명,2,0,기타불명,승용,0,48,상해없음,20.0,20.0
2933,2019071700100231,11,수요일,남해,경상남도,중상사고,0,2,0,0,차대차 - 추돌,안전운전불이행,포장 - 건조,맑음,단일로 - 기타,승용,0,65,기타불명,화물,0,52,중상,60.0,60.0
2934,2019071800100045,4,목요일,남해,경상남도,중상사고,0,1,0,0,차대차 - 추돌,안전운전불이행,포장 - 젖음/습기,비,단일로 - 기타,승용,1,30,상해없음,화물,0,60,중상,20.0,20.0
2935,2019071800100057,5,목요일,남해,경상남도,경상사고,0,0,1,0,차대차 - 측면충돌,안전운전불이행,포장 - 젖음/습기,비,단일로 - 기타,승용,0,22,상해없음,승용,0,30,경상,20.0,20.0
2936,2019072000100177,10,토요일,남해,부산광역시,경상사고,0,0,1,0,차량단독 - 기타,안전운전불이행,포장 - 젖음/습기,비,단일로 - 기타,승용,0,59,상해없음,기타불명,2,0,기타불명,50.0,50.0
2937,2019072300100096,7,화요일,남해,경상남도,경상사고,0,0,1,0,차대차 - 추돌,안전운전불이행,포장 - 건조,맑음,단일로 - 기타,승용,0,27,상해없음,승용,0,69,경상,20.0,20.0
2938,2019072600100433,17,금요일,남해,경상남도,중상사고,0,2,1,0,차대차 - 추돌,안전운전불이행,포장 - 건조,맑음,단일로 - 고가도로위,화물,0,50,중상,화물,0,59,중상,40.0,40.0
2939,2019072700100398,15,토요일,남해,경상남도,경상사고,0,0,1,0,차대차 - 추돌,안전운전불이행,포장 - 건조,맑음,단일로 - 기타,승용,0,50,기타불명,승용,0,48,경상,40.0,40.0
2940,2019072900100532,18,월요일,남해,경상남도,경상사고,0,0,3,0,차대차 - 추돌,안전운전불이행,포장 - 건조,맑음,단일로 - 기타,승용,0,36,상해없음,승용,2,0,기타불명,30.0,30.0
2941,2019073000100308,13,화요일,남해,전라남도,경상사고,0,0,3,0,차대차 - 추돌,안전운전불이행,포장 - 건조,맑음,단일로 - 터널,승용,0,43,상해없음,승용,0,40,경상,40.0,40.0
2942,2019080200100223,11,금요일,남해,전라남도,경상사고,0,0,1,0,차대차 - 측면충돌,안전운전불이행,포장 - 건조,맑음,단일로 - 기타,승용,1,46,상해없음,승용,1,55,경상,40.0,40.0
2943,2019080500100198,10,월요일,남해,경상남도,중상사고,0,3,8,0,차대차 - 추돌,안전운전불이행,포장 - 건조,맑음,단일로 - 기타,화물,0,65,상해없음,승용,0,56,중상,60.0,60.0
2944,2019080700100235,11,수요일,남해,경상남도,사망사고,1,0,5,0,차대차 - 추돌,안전운전불이행,포장 - 건조,맑음,단일로 - 기타,화물,0,61,사망,화물,0,39,경상,,
2945,2019080800100082,7,목요일,남해,경상남도,경상사고,0,0,1,0,차대차 - 측면충돌,안전거리미확보,포장 - 건조,맑음,단일로 - 기타,승용,0,42,상해없음,승용,0,42,경상,40.0,40.0
2946,2019080900100407,15,금요일,남해,경상남도,경상사고,0,0,1,0,차대차 - 측면충돌,안전운전불이행,포장 - 건조,맑음,단일로 - 기타,승용,1,67,상해없음,승용,0,63,경상,60.0,60.0
2947,2019081300100088,7,화요일,남해,부산광역시,경상사고,0,0,1,0,차대차 - 측면충돌,안전거리미확보,포장 - 건조,맑음,단일로 - 기타,화물,0,63,상해없음,승용,0,40,경상,60.0,60.0
2948,2019081400100747,22,수요일,남해,경상남도,중상사고,0,1,2,0,차대차 - 추돌,안전거리미확보,포장 - 젖음/습기,비,단일로 - 기타,승용,0,54,경상,승용,1,25,경상,50.0,50.0
2949,2019081600100532,18,금요일,남해,전라남도,경상사고,0,0,4,0,차대차 - 추돌,안전운전불이행,포장 - 건조,맑음,단일로 - 기타,승용,0,25,상해없음,승용,0,39,경상,20.0,20.0
2950,2019081700100189,11,토요일,남해,경상남도,중상사고,0,1,3,0,차대차 - 측면충돌,과속,포장 - 건조,맑음,단일로 - 기타,승용,0,37,경상,승용,0,47,경상,30.0,30.0
2951,2019081700100211,11,토요일,남해,경상남도,사망사고,1,0,1,0,차량단독 - 전도전복 - 전복,안전운전불이행,포장 - 건조,맑음,단일로 - 기타,화물,0,67,경상,기타불명,2,0,기타불명,60.0,60.0
2952,2019081700100413,16,토요일,남해,경상남도,중상사고,0,2,0,0,차대차 - 기타,안전운전불이행,포장 - 건조,맑음,단일로 - 기타,기타불명,2,0,기타불명,승용,1,54,중상,20.0,20.0
2953,2019082100100102,7,수요일,남해,경상남도,경상사고,0,0,1,0,차대차 - 측면충돌,안전운전불이행,포장 - 건조,맑음,단일로 - 기타,승용,0,50,상해없음,승용,0,53,경상,40.0,40.0
2954,2019082300100550,18,금요일,남해,경상남도,부상신고사고,0,0,0,1,차대차 - 기타,안전운전불이행,포장 - 건조,맑음,단일로 - 기타,기타불명,2,0,기타불명,화물,0,53,상해없음,20.0,20.0
2955,2019082400100535,19,토요일,남해,경상남도,경상사고,0,0,1,0,차대차 - 측면충돌,안전운전불이행,포장 - 건조,맑음,단일로 - 기타,승용,0,39,경상,기타불명,2,0,기타불명,30.0,30.0
2956,2019082400100565,20,토요일,남해,경상남도,부상신고사고,0,0,0,1,차대차 - 기타,안전운전불이행,포장 - 건조,맑음,단일로 - 기타,기타불명,2,0,기타불명,승용,1,53,부상신고,20.0,20.0
2957,2019082500100064,4,일요일,남해,경상남도,중상사고,0,1,0,0,차대차 - 추돌,안전운전불이행,포장 - 건조,맑음,단일로 - 기타,승용,0,50,상해없음,승용,0,23,기타불명,40.0,40.0
2958,2019082700100288,12,화요일,남해,경상남도,중상사고,0,1,0,0,차량단독 - 기타,안전운전불이행,포장 - 젖음/습기,비,단일로 - 기타,승용,0,80,상해없음,기타불명,2,0,기타불명,70.0,70.0
2959,2019082700100438,16,화요일,남해,경상남도,경상사고,0,0,3,0,차대차 - 추돌,안전운전불이행,포장 - 젖음/습기,흐림,단일로 - 기타,화물,0,22,상해없음,승용,0,46,경상,20.0,20.0
2960,2019082900100672,23,목요일,남해,경상남도,중상사고,0,1,2,0,차대차 - 추돌,안전운전불이행,포장 - 젖음/습기,흐림,단일로 - 기타,승용,0,37,상해없음,승용,0,59,경상,30.0,30.0
2961,2019083100100533,17,토요일,남해,경상남도,경상사고,0,0,2,0,차대차 - 기타,안전거리미확보,포장 - 건조,맑음,단일로 - 기타,기타불명,2,0,기타불명,승용,1,47,경상,20.0,20.0
2962,2019090200100278,11,월요일,남해,경상남도,중상사고,0,1,0,2,차대차 - 측면충돌,안전운전불이행,포장 - 젖음/습기,비,단일로 - 기타,화물,0,55,중상,승용,0,65,부상신고,50.0,50.0
2963,2019090200100297,12,월요일,남해,경상남도,중상사고,0,1,0,0,차대차 - 측면충돌,안전운전불이행,포장 - 젖음/습기,비,단일로 - 기타,승용,0,31,상해없음,승용,0,48,중상,,
2964,2019090600100559,19,금요일,남해,경상남도,경상사고,0,0,1,0,차대차 - 기타,안전거리미확보,포장 - 건조,맑음,단일로 - 기타,특수,0,72,상해없음,승용,0,36,경상,70.0,70.0
2965,2019090800100365,17,일요일,남해,경상남도,경상사고,0,0,5,0,차대차 - 추돌,안전운전불이행,포장 - 건조,맑음,단일로 - 교량,승용,0,25,상해없음,승용,0,43,경상,20.0,20.0
2966,2019091000100213,9,화요일,남해,부산광역시,중상사고,0,1,0,1,차대차 - 추돌,안전운전불이행,포장 - 건조,맑음,단일로 - 기타,승용,1,56,상해없음,승용,1,29,중상,50.0,50.0
2967,2019091000100214,9,화요일,남해,부산광역시,경상사고,0,0,2,0,차대차 - 추돌,안전운전불이행,포장 - 건조,맑음,단일로 - 기타,승용,1,41,상해없음,승용,0,34,경상,,
2968,2019091200100476,20,목요일,남해,경상남도,중상사고,0,1,3,0,차대차 - 추돌,안전운전불이행,포장 - 건조,맑음,단일로 - 기타,승용,0,27,상해없음,승용,0,47,중상,20.0,20.0
2969,2019091300100341,17,금요일,남해,전라남도,경상사고,0,0,2,0,차대차 - 추돌,안전거리미확보,포장 - 건조,맑음,기타 - 기타,승용,0,53,상해없음,승용,0,29,경상,50.0,50.0
2970,2019091900100244,10,목요일,남해,경상남도,경상사고,0,0,1,0,차대차 - 기타,안전운전불이행,포장 - 건조,맑음,단일로 - 기타,특수,0,56,상해없음,승용,0,31,경상,50.0,50.0
2971,2019092100100397,15,토요일,남해,경상남도,경상사고,0,0,2,1,차대차 - 추돌,안전운전불이행,포장 - 젖음/습기,비,단일로 - 기타,승용,0,31,상해없음,승용,0,64,상해없음,,
2972,2019092100100453,17,토요일,남해,부산광역시,경상사고,0,0,1,0,차대차 - 추돌,안전운전불이행,포장 - 젖음/습기,비,단일로 - 기타,승용,1,58,상해없음,승용,0,41,경상,50.0,50.0
2973,2019092200100133,8,일요일,남해,경상남도,사망사고,1,1,1,0,차대차 - 측면충돌,과속,포장 - 젖음/습기,비,단일로 - 기타,승용,1,55,경상,화물,0,49,사망,50.0,50.0
2974,2019092300100253,11,월요일,남해,전라남도,사망사고,1,0,0,0,차대차 - 측면충돌,안전운전불이행,포장 - 젖음/습기,비,단일로 - 기타,승용,1,59,사망,화물,0,49,기타불명,50.0,50.0
2975,2019092800100261,11,토요일,남해,부산광역시,부상신고사고,0,0,0,1,차대차 - 측면충돌,안전거리미확보,포장 - 건조,맑음,단일로 - 기타,기타불명,2,0,기타불명,화물,0,64,부상신고,20.0,20.0
2976,2019092800100567,18,토요일,남해,부산광역시,경상사고,0,0,2,0,차대차 - 추돌,안전운전불이행,포장 - 건조,맑음,단일로 - 기타,승용,1,35,상해없음,승용,1,49,경상,30.0,30.0
2977,2019093000100470,16,월요일,남해,경상남도,중상사고,0,1,1,0,차대차 - 추돌,안전운전불이행,포장 - 건조,맑음,단일로 - 터널,승용,0,55,상해없음,승용,0,46,경상,50.0,50.0
2978,2019100200100232,10,수요일,남해,전라남도,중상사고,0,1,2,0,차량단독 - 공작물충돌,안전운전불이행,포장 - 젖음/습기,비,단일로 - 교량,승용,0,23,상해없음,기타불명,2,0,기타불명,20.0,20.0
2979,2019100500100358,15,토요일,남해,경상남도,경상사고,0,0,7,0,차대차 - 추돌,안전거리미확보,포장 - 건조,맑음,단일로 - 기타,승용,0,30,경상,화물,0,55,경상,20.0,20.0
2980,2019100800100381,14,화요일,남해,경상남도,중상사고,0,1,0,1,차대차 - 추돌,안전운전불이행,포장 - 건조,맑음,단일로 - 기타,특수,0,58,상해없음,화물,0,75,중상,50.0,50.0
2981,2019100800100738,22,화요일,남해,경상남도,경상사고,0,0,1,0,차대차 - 추돌,안전운전불이행,포장 - 건조,맑음,단일로 - 기타,승용,0,57,상해없음,승용,0,45,경상,50.0,50.0
2982,2019101100100345,13,금요일,남해,경상남도,경상사고,0,0,1,0,차대차 - 측면충돌,안전운전불이행,포장 - 건조,맑음,단일로 - 기타,화물,0,61,상해없음,승용,0,32,경상,,
2983,2019101200100605,18,토요일,남해,전라남도,경상사고,0,0,2,0,차대차 - 기타,안전운전불이행,포장 - 건조,맑음,단일로 - 기타,승용,1,46,상해없음,승용,1,45,경상,40.0,40.0
2984,2019101300100310,15,일요일,남해,경상남도,중상사고,0,2,0,0,차대차 - 측면충돌,안전운전불이행,포장 - 건조,맑음,단일로 - 기타,특수,0,47,상해없음,승용,1,46,중상,40.0,40.0
2985,2019101500100149,8,화요일,남해,경상남도,중상사고,0,1,0,0,차대차 - 기타,안전거리미확보,포장 - 건조,맑음,단일로 - 기타,승합,0,53,상해없음,화물,0,38,중상,50.0,50.0
2986,2019101600100170,8,수요일,남해,경상남도,경상사고,0,0,2,0,차대차 - 측면충돌,안전운전불이행,포장 - 건조,맑음,단일로 - 기타,기타불명,2,0,기타불명,승용,1,47,상해없음,20.0,20.0
2987,2019101900100461,16,토요일,남해,전라남도,경상사고,0,0,1,0,차대차 - 기타,안전거리미확보,포장 - 건조,맑음,기타 - 기타,화물,0,32,상해없음,화물,0,50,경상,30.0,30.0
2988,2019102000100259,13,일요일,남해,경상남도,중상사고,0,2,1,0,차대차 - 추돌,안전운전불이행,포장 - 건조,맑음,단일로 - 기타,승용,0,66,경상,특수,0,43,중상,60.0,60.0
2989,2019102200100136,8,화요일,남해,경상남도,중상사고,0,1,0,0,차대차 - 추돌,안전운전불이행,포장 - 건조,맑음,단일로 - 기타,승용,0,47,상해없음,승용,1,46,중상,40.0,40.0
2990,2019102300100043,0,수요일,남해,경상남도,중상사고,0,1,2,0,차대차 - 측면충돌,안전운전불이행,포장 - 건조,맑음,단일로 - 기타,승용,1,49,상해없음,승용,0,60,경상,40.0,40.0
2991,2019102500100536,17,금요일,남해,경상남도,경상사고,0,0,1,0,차대차 - 기타,안전거리미확보,포장 - 건조,맑음,단일로 - 기타,화물,0,60,상해없음,화물,0,55,경상,50.0,50.0
2992,2019102700100264,12,일요일,남해,경상남도,경상사고,0,0,1,4,차대차 - 추돌,안전운전불이행,포장 - 건조,맑음,단일로 - 기타,승용,0,22,상해없음,승용,0,66,경상,20.0,20.0
2993,2019102700100301,13,일요일,남해,경상남도,중상사고,0,1,0,0,차대사람 - 기타,안전운전불이행,포장 - 건조,맑음,단일로 - 기타,특수,0,42,상해없음,보행자,0,74,중상,40.0,40.0
2994,2019102700100528,19,일요일,남해,부산광역시,경상사고,0,0,3,0,차대차 - 추돌,안전거리미확보,포장 - 건조,맑음,단일로 - 기타,승용,0,36,경상,승용,1,62,경상,30.0,30.0
2995,2019102700100603,21,일요일,남해,경상남도,경상사고,0,0,2,0,차대차 - 기타,안전운전불이행,포장 - 건조,맑음,단일로 - 기타,특수,0,63,상해없음,승용,0,29,경상,60.0,60.0
2996,2019102800100619,19,월요일,남해,경상남도,중상사고,0,1,0,0,차대차 - 추돌,안전운전불이행,포장 - 건조,맑음,단일로 - 터널,화물,0,33,기타불명,승용,0,67,중상,30.0,30.0
2997,2019102900100141,8,화요일,남해,경상남도,경상사고,0,0,1,0,차대차 - 추돌,안전운전불이행,포장 - 건조,맑음,단일로 - 기타,화물,0,53,경상,화물,0,52,상해없음,50.0,50.0
2998,2019103000100061,2,수요일,남해,경상남도,사망사고,1,0,0,0,차대차 - 추돌,안전운전불이행,포장 - 건조,맑음,단일로 - 기타,승용,0,55,사망,특수,0,22,상해없음,50.0,50.0
2999,2019110100100305,11,금요일,남해,경상남도,중상사고,0,1,3,0,차대차 - 추돌,안전운전불이행,포장 - 건조,맑음,단일로 - 터널,화물,0,36,중상,화물,1,51,경상,30.0,30.0
3000,2019110200100162,8,토요일,남해,경상남도,경상사고,0,0,2,0,차대차 - 추돌,안전운전불이행,포장 - 건조,맑음,기타 - 기타,승용,1,50,경상,화물,0,51,경상,40.0,40.0
3001,2019110200100614,19,토요일,남해,경상남도,경상사고,0,0,1,0,차대차 - 추돌,안전거리미확보,포장 - 건조,맑음,단일로 - 기타,승합,0,61,상해없음,승용,1,44,상해없음,,
3002,2019110300100089,5,일요일,남해,경상남도,경상사고,0,0,2,0,차대차 - 추돌,안전운전불이행,포장 - 건조,맑음,단일로 - 기타,승용,0,29,상해없음,승용,0,52,경상,20.0,20.0
3003,2019110400100622,18,월요일,남해,전라남도,경상사고,0,0,1,0,차대차 - 기타,안전운전불이행,포장 - 건조,맑음,단일로 - 기타,기타불명,2,0,기타불명,승용,1,61,경상,20.0,20.0
3004,2019111000100310,15,일요일,남해,경상남도,경상사고,0,0,3,0,차대차 - 기타,안전운전불이행,포장 - 건조,맑음,단일로 - 기타,승용,0,64,상해없음,승용,1,52,경상,60.0,60.0
3005,2019111200100066,5,화요일,남해,경상남도,경상사고,0,0,6,0,차대차 - 측면충돌,안전운전불이행,포장 - 건조,맑음,단일로 - 기타,승용,0,66,경상,승용,0,41,경상,60.0,60.0
3006,2019111300100301,13,수요일,남해,경상남도,중상사고,0,2,2,0,차대차 - 측면충돌,과속,포장 - 건조,맑음,단일로 - 기타,승용,1,23,상해없음,승용,1,57,중상,20.0,20.0
3007,2019111400100153,8,목요일,남해,경상남도,경상사고,0,0,1,0,차대차 - 추돌,안전운전불이행,포장 - 건조,맑음,단일로 - 교량,화물,0,59,기타불명,승용,1,51,경상,50.0,50.0
3008,2019112100100036,1,목요일,남해,경상남도,경상사고,0,0,2,0,차대차 - 추돌,안전운전불이행,포장 - 건조,맑음,단일로 - 기타,화물,0,42,경상,건설기계,0,49,경상,40.0,40.0
3009,2019112200100576,17,금요일,남해,경상남도,경상사고,0,0,2,0,차대차 - 추돌,안전운전불이행,포장 - 건조,맑음,단일로 - 기타,승용,0,65,상해없음,승용,0,39,경상,60.0,60.0
3010,2019112300100426,15,토요일,남해,경상남도,중상사고,0,5,1,0,차대차 - 추돌,안전운전불이행,포장 - 건조,맑음,단일로 - 기타,승용,0,65,상해없음,승용,0,53,중상,60.0,60.0
3011,2019112600100064,2,화요일,남해,전라남도,경상사고,0,0,1,0,차대차 - 추돌,안전운전불이행,포장 - 건조,맑음,기타 - 기타,승용,0,53,상해없음,화물,0,60,경상,50.0,50.0
3012,2019112800100189,9,목요일,남해,경상남도,경상사고,0,0,2,0,차대차 - 추돌,안전거리미확보,포장 - 건조,맑음,단일로 - 기타,승용,1,48,기타불명,승용,0,33,경상,40.0,40.0
3013,2019112800100229,10,목요일,남해,경상남도,중상사고,0,2,0,0,차대차 - 추돌,안전운전불이행,포장 - 건조,맑음,단일로 - 기타,특수,0,56,기타불명,화물,0,55,중상,50.0,50.0
3014,2019112900100600,18,금요일,남해,부산광역시,중상사고,0,3,2,0,차대차 - 추돌,안전운전불이행,포장 - 건조,맑음,단일로 - 기타,승용,0,30,상해없음,승용,1,55,경상,20.0,20.0
3015,2019120100100050,1,일요일,남해,경상남도,경상사고,0,0,2,0,차대차 - 측면충돌,안전운전불이행,포장 - 젖음/습기,비,단일로 - 기타,승용,0,28,상해없음,승용,0,31,경상,20.0,20.0
3016,2019120100100288,14,일요일,남해,경상남도,경상사고,0,0,5,1,차대차 - 추돌,안전운전불이행,포장 - 젖음/습기,비,단일로 - 기타,승용,0,54,상해없음,승용,1,42,경상,50.0,50.0
3017,2019120200100310,14,월요일,남해,경상남도,경상사고,0,0,2,0,차대차 - 추돌,안전운전불이행,포장 - 건조,맑음,단일로 - 터널,승용,0,57,상해없음,화물,0,69,경상,50.0,50.0
3018,2019120700100161,9,토요일,남해,경상남도,중상사고,0,4,1,0,차대차 - 추돌,안전운전불이행,포장 - 건조,맑음,단일로 - 기타,승용,0,58,기타불명,승용,1,41,중상,50.0,50.0
3019,2019120700100227,11,토요일,남해,경상남도,중상사고,0,2,3,0,차대차 - 추돌,안전거리미확보,포장 - 건조,맑음,단일로 - 기타,승용,1,22,상해없음,승용,0,52,상해없음,20.0,20.0
3020,2019120800100171,9,일요일,남해,경상남도,중상사고,0,1,2,0,차대차 - 추돌,안전운전불이행,포장 - 건조,맑음,단일로 - 기타,승용,0,28,중상,승용,0,64,기타불명,20.0,20.0
3021,2019121400100485,15,토요일,남해,경상남도,중상사고,0,1,7,0,차대차 - 기타,안전운전불이행,포장 - 건조,맑음,단일로 - 기타,승합,0,57,상해없음,화물,0,58,중상,50.0,50.0
3022,2019121400100605,18,토요일,남해,경상남도,경상사고,0,0,2,0,차대차 - 추돌,안전거리미확보,포장 - 건조,맑음,단일로 - 기타,승용,1,37,상해없음,승용,1,44,경상,30.0,30.0
3023,2019121800100099,7,수요일,남해,전라남도,경상사고,0,0,1,0,차대차 - 기타,안전거리미확보,포장 - 건조,맑음,기타 - 기타,화물,0,49,상해없음,화물,0,68,경상,40.0,40.0
3024,2019121800100585,22,수요일,남해,경상남도,중상사고,0,1,0,0,차대차 - 추돌,안전운전불이행,포장 - 건조,맑음,단일로 - 기타,승용,0,30,상해없음,승용,0,58,중상,20.0,20.0
3025,2019121900100038,0,목요일,남해,경상남도,경상사고,0,0,1,0,차대차 - 추돌,안전운전불이행,포장 - 건조,맑음,단일로 - 기타,승용,0,42,상해없음,승용,0,47,경상,40.0,40.0
3026,2019122800100036,0,토요일,남해,전라남도,중상사고,0,6,2,0,차대차 - 측면충돌,신호위반,포장 - 건조,맑음,단일로 - 터널,승용,0,37,상해없음,승합,0,59,중상,30.0,30.0
3027,2019122900100050,2,일요일,남해,전라남도,경상사고,0,0,1,0,차대차 - 추돌,안전운전불이행,포장 - 건조,맑음,단일로 - 기타,승용,0,40,상해없음,화물,0,41,경상,30.0,30.0
3028,2020010300100525,20,금요일,남해,경상남도,중상사고,0,1,0,0,차대차 - 측면충돌,안전거리미확보,포장 - 건조,맑음,단일로 - 기타,승용,1,40,상해없음,승용,0,74,중상,30.0,30.0
3029,2020010600100582,20,월요일,남해,경상남도,중상사고,0,1,0,0,차대차 - 기타,안전운전불이행,포장 - 젖음/습기,비,단일로 - 기타,기타불명,2,0,기타불명,특수,0,60,중상,20.0,20.0
3030,2020010800100496,19,수요일,남해,부산광역시,경상사고,0,0,1,0,차대차 - 기타,안전운전불이행,포장 - 건조,맑음,단일로 - 교량,승용,0,25,상해없음,승용,1,37,경상,20.0,20.0
3031,2020011400100179,10,화요일,남해,경상남도,사망사고,1,1,0,0,차대차 - 추돌,안전운전불이행,포장 - 건조,흐림,단일로 - 교량,화물,0,62,상해없음,화물,0,47,사망,60.0,60.0
3032,2020011400100180,10,화요일,남해,경상남도,경상사고,0,0,3,0,차대차 - 측면충돌,안전거리미확보,포장 - 건조,맑음,단일로 - 기타,승용,1,38,경상,승용,1,19,경상,30.0,30.0
3033,2020011900100379,19,일요일,남해,경상남도,경상사고,0,0,2,0,차대차 - 추돌,안전운전불이행,포장 - 건조,맑음,단일로 - 기타,승용,0,33,상해없음,화물,1,62,경상,30.0,30.0
3034,2020012000100029,4,월요일,남해,경상남도,경상사고,0,0,1,0,차대차 - 추돌,안전운전불이행,포장 - 건조,맑음,단일로 - 기타,화물,0,41,상해없음,화물,0,38,경상,,
3035,2020012200100474,18,수요일,남해,경상남도,경상사고,0,0,1,0,차대차 - 측면충돌,안전운전불이행,포장 - 젖음/습기,비,단일로 - 기타,승용,1,44,경상,승용,0,67,상해없음,40.0,40.0
3036,2020012300100562,18,목요일,남해,부산광역시,경상사고,0,0,1,0,차대차 - 추돌,안전운전불이행,포장 - 건조,맑음,단일로 - 기타,승용,0,27,상해없음,승용,1,50,경상,20.0,20.0
3037,2020013000100363,15,목요일,남해,전라남도,중상사고,0,2,0,0,차대차 - 기타,차로위반,포장 - 건조,맑음,단일로 - 기타,화물,0,47,중상,승용,0,62,중상,40.0,40.0
3038,2020020100100056,4,토요일,남해,경상남도,경상사고,0,0,1,0,차대차 - 추돌,안전운전불이행,포장 - 건조,맑음,단일로 - 기타,승용,0,34,상해없음,화물,0,64,경상,30.0,30.0
3039,2020020400100028,3,화요일,남해,부산광역시,경상사고,0,0,1,0,차대차 - 기타,안전거리미확보,포장 - 건조,맑음,단일로 - 기타,승용,0,39,상해없음,승합,0,46,경상,30.0,30.0
3040,2020020400100175,10,화요일,남해,경상남도,중상사고,0,1,0,0,차대차 - 추돌,안전거리미확보,포장 - 건조,맑음,단일로 - 기타,화물,0,53,상해없음,승용,0,49,중상,50.0,50.0