,사고번호,사고일시,요일,도로종류,시군구,사고내용,사망자수,중상자수,경상자수,부상신고자수,사고유형,법규위반,노면상태,기상상태,도로형태,가해운전자 차종,가해운전자 성별,가해운전자 연령,가해운전자 상해정도,피해운전자 차종,피해운전자 성별,피해운전자 연령,피해운전자 상해정도,연령대,가해연령대
3041,2020020500100597,20,수요일,남해,경상남도,중상사고,0,1,0,0,차대차 - 측면충돌,안전거리미확보,포장 - 건조,맑음,단일로 - 기타,화물,0,61,상해없음,승용,0,55,중상,,
3042,2020021000100501,18,월요일,남해,경상남도,경상사고,0,0,2,0,차대차 - 추돌,안전운전불이행,포장 - 건조,맑음,단일로 - 기타,화물,0,42,상해없음,승용,1,56,상해없음,40.0,40.0
3043,2020021500100260,13,토요일,남해,경상남도,중상사고,0,1,4,1,차대차 - 추돌,안전거리미확보,포장 - 건조,맑음,단일로 - 기타,승용,0,36,부상신고,승용,0,48,경상,30.0,30.0
3044,2020022400100069,7,월요일,남해,전라남도,경상사고,0,0,2,0,차대차 - 추돌,안전거리미확보,포장 - 건조,맑음,기타 - 기타,승용,0,28,상해없음,승합,0,54,경상,20.0,20.0
3045,2020030600100311,15,금요일,남해,경상남도,중상사고,0,2,1,0,차대차 - 추돌,안전운전불이행,포장 - 건조,맑음,단일로 - 기타,승용,0,62,상해없음,승용,0,59,중상,60.0,60.0
3046,2020030600100370,17,금요일,남해,경상남도,중상사고,0,1,2,0,차대차 - 추돌,안전거리미확보,포장 - 건조,맑음,단일로 - 기타,승용,0,32,상해없음,승용,1,52,중상,30.0,30.0
3047,2020030700100322,18,토요일,남해,경상남도,경상사고,0,0,2,0,차대차 - 추돌,안전거리미확보,포장 - 건조,맑음,단일로 - 터널,화물,0,64,상해없음,승용,0,39,경상,60.0,60.0
3048,2020030800100178,14,일요일,남해,경상남도,중상사고,0,1,3,0,차대차 - 추돌,안전운전불이행,포장 - 건조,맑음,단일로 - 터널,승용,0,28,상해없음,승용,0,34,중상,20.0,20.0
3049,2020031300100248,14,금요일,남해,경상남도,경상사고,0,0,3,0,차대차 - 추돌,안전운전불이행,포장 - 건조,맑음,단일로 - 기타,승용,1,44,상해없음,승용,1,42,경상,40.0,40.0
3050,2020031400100356,16,토요일,남해,경상남도,경상사고,0,0,1,0,차대차 - 추돌,안전운전불이행,포장 - 건조,맑음,단일로 - 기타,승용,2,0,기타불명,승용,0,53,경상,20.0,20.0
3051,2020032200100136,11,일요일,남해,경상남도,경상사고,0,0,3,0,차대차 - 추돌,안전운전불이행,포장 - 건조,맑음,단일로 - 기타,승용,0,27,상해없음,승용,0,46,경상,20.0,20.0
3052,2020032400100535,22,화요일,남해,경상남도,중상사고,0,1,0,1,차대차 - 추돌,안전운전불이행,포장 - 건조,맑음,단일로 - 기타,화물,0,44,부상신고,화물,0,67,중상,40.0,40.0
3053,2020040500100060,5,일요일,남해,경상남도,경상사고,0,0,2,0,차대차 - 기타,안전운전불이행,포장 - 건조,맑음,단일로 - 기타,승용,0,28,상해없음,승용,0,59,상해없음,20.0,20.0
3054,2020041000100584,23,금요일,남해,경상남도,중상사고,0,1,0,1,차대차 - 추돌,안전운전불이행,포장 - 건조,맑음,단일로 - 기타,승용,0,36,상해없음,화물,0,73,상해없음,30.0,30.0
3055,2020041700100171,11,금요일,남해,경상남도,경상사고,0,0,2,0,차대차 - 추돌,안전운전불이행,비포장 - 젖음/습기,비,단일로 - 기타,화물,0,48,경상,승용,0,37,경상,40.0,40.0
3056,2020041700100231,13,금요일,남해,경상남도,경상사고,0,0,2,0,차대차 - 기타,안전거리미확보,포장 - 젖음/습기,비,단일로 - 기타,특수,0,27,상해없음,승용,1,39,경상,20.0,20.0
3057,2020042100100098,8,화요일,남해,경상남도,경상사고,0,0,1,0,차대차 - 기타,안전거리미확보,포장 - 건조,맑음,단일로 - 기타,기타불명,2,0,기타불명,화물,0,37,경상,20.0,20.0
3058,2020042500100037,2,토요일,남해,경상남도,경상사고,0,0,2,0,차대차 - 추돌,안전운전불이행,포장 - 건조,맑음,단일로 - 기타,승용,0,56,상해없음,승용,1,40,경상,50.0,50.0
3059,2020042700100306,14,월요일,남해,경상남도,경상사고,0,0,2,0,차대차 - 기타,차로위반,포장 - 건조,맑음,기타 - 기타,승용,1,35,경상,승용,1,49,경상,30.0,30.0
3060,2020050200100182,11,토요일,남해,경상남도,중상사고,0,1,0,0,차대차 - 기타,안전운전불이행,포장 - 건조,맑음,단일로 - 교량,기타불명,2,0,기타불명,승용,0,42,중상,20.0,20.0
3061,2020050200100253,13,토요일,남해,경상남도,경상사고,0,0,3,0,차대차 - 추돌,안전거리미확보,포장 - 건조,맑음,단일로 - 기타,승용,1,36,상해없음,승용,0,34,경상,30.0,30.0
3062,2020050400100499,18,월요일,남해,경상남도,경상사고,0,0,2,0,차대차 - 측면충돌,안전운전불이행,포장 - 건조,맑음,단일로 - 기타,승용,0,59,상해없음,승용,0,32,경상,50.0,50.0
3063,2020050800100201,11,금요일,남해,경상남도,중상사고,0,2,1,0,차대차 - 기타,안전운전불이행,포장 - 건조,맑음,단일로 - 기타,승용,0,66,상해없음,승용,1,46,경상,60.0,60.0
3064,2020051000100129,11,일요일,남해,전라남도,경상사고,0,0,6,0,차대차 - 측면충돌,안전운전불이행,포장 - 건조,맑음,단일로 - 기타,화물,0,56,경상,승용,0,56,경상,50.0,50.0
3065,2020051600100258,13,토요일,남해,경상남도,경상사고,0,0,2,0,차대차 - 후진중충돌,안전운전불이행,포장 - 건조,맑음,기타 - 기타,승용,0,47,상해없음,승용,0,31,경상,40.0,40.0
3066,2020051800100487,18,월요일,남해,전라남도,경상사고,0,0,1,0,차대차 - 후진중충돌,기타,포장 - 건조,맑음,주차장 - 주차장,화물,0,55,상해없음,화물,0,33,경상,50.0,50.0
3067,2020052000100160,9,수요일,남해,경상남도,사망사고,1,0,0,0,차대차 - 추돌,안전운전불이행,포장 - 건조,맑음,단일로 - 기타,승용,1,51,상해없음,승용,1,44,사망,,
3068,2020052600100484,19,화요일,남해,경상남도,중상사고,0,1,0,0,차대차 - 측면충돌,안전거리미확보,포장 - 건조,맑음,단일로 - 기타,화물,0,68,상해없음,승용,1,27,중상,60.0,60.0
3069,2020053000100234,11,토요일,남해,경상남도,경상사고,0,0,3,0,차대차 - 추돌,안전운전불이행,포장 - 건조,맑음,단일로 - 터널,승용,0,31,상해없음,승용,1,65,경상,,
3070,2020060100100112,8,월요일,남해,경상남도,경상사고,0,0,1,0,차대차 - 기타,안전운전불이행,포장 - 건조,맑음,단일로 - 기타,건설기계,0,38,상해없음,승용,0,32,경상,30.0,30.0
3071,2020060100100457,16,월요일,남해,전라남도,경상사고,0,0,3,0,차대차 - 추돌,안전운전불이행,포장 - 건조,맑음,단일로 - 기타,승용,0,19,상해없음,승합,0,60,상해없음,20.0,20.0
3072,2020060100100511,17,월요일,남해,전라남도,중상사고,0,2,2,1,차대차 - 기타,안전운전불이행,포장 - 건조,맑음,단일로 - 기타,특수,0,43,중상,승용,0,44,중상,40.0,40.0
3073,2020060200100589,22,화요일,남해,경상남도,경상사고,0,0,2,0,차대차 - 추돌,안전운전불이행,포장 - 건조,맑음,단일로 - 기타,승용,0,26,상해없음,승용,0,38,경상,20.0,20.0
3074,2020061400100033,1,일요일,남해,경상남도,사망사고,1,2,1,0,차대차 - 정면충돌,기타,포장 - 젖음/습기,비,단일로 - 기타,승용,1,39,중상,승용,0,65,중상,30.0,30.0
3075,2020061600100630,21,화요일,남해,경상남도,경상사고,0,0,1,0,차대차 - 추돌,안전운전불이행,포장 - 건조,맑음,단일로 - 기타,승용,0,57,상해없음,승용,1,40,경상,50.0,50.0
3076,2020061800100323,13,목요일,남해,경상남도,중상사고,0,1,0,0,차대차 - 추돌,안전운전불이행,포장 - 젖음/습기,비,단일로 - 기타,승용,0,28,상해없음,승용,0,67,중상,20.0,20.0
3077,2020061800100441,17,목요일,남해,경상남도,경상사고,0,0,4,0,차대차 - 측면충돌,안전운전불이행,포장 - 젖음/습기,비,단일로 - 기타,승용,1,20,상해없음,화물,0,56,경상,20.0,20.0
3078,2020062000100518,18,토요일,남해,경상남도,경상사고,0,0,3,0,차대차 - 측면충돌,안전운전불이행,포장 - 건조,맑음,단일로 - 기타,승용,0,62,경상,승용,0,60,경상,60.0,60.0
3079,2020062100100130,9,일요일,남해,경상남도,중상사고,0,1,1,0,차대차 - 추돌,안전운전불이행,포장 - 건조,맑음,단일로 - 터널,승용,0,27,상해없음,승용,0,42,경상,20.0,20.0
3080,2020062800100360,17,일요일,남해,경상남도,경상사고,0,0,2,0,차대차 - 추돌,안전운전불이행,포장 - 건조,맑음,단일로 - 기타,승용,0,61,상해없음,승용,1,45,경상,,
3081,2020062900100437,18,월요일,남해,부산광역시,경상사고,0,0,2,0,차대차 - 측면충돌,안전운전불이행,포장 - 젖음/습기,비,단일로 - 기타,승용,0,51,상해없음,화물,0,53,경상,,
3082,2020070200100169,10,목요일,남해,경상남도,경상사고,0,0,2,0,차대차 - 측면충돌,안전거리미확보,포장 - 건조,맑음,단일로 - 기타,화물,0,60,상해없음,승용,1,58,경상,50.0,50.0
3083,2020070300100019,1,금요일,남해,부산광역시,중상사고,0,1,1,0,차대차 - 기타,안전운전불이행,포장 - 건조,맑음,단일로 - 고가도로위,특수,0,52,상해없음,승용,1,40,경상,50.0,50.0
3084,2020070300100034,2,금요일,남해,경상남도,경상사고,0,0,2,0,차대차 - 기타,안전운전불이행,포장 - 건조,맑음,단일로 - 터널,기타불명,2,0,기타불명,승용,1,25,경상,20.0,20.0
3085,2020070300100228,11,금요일,남해,경상남도,중상사고,0,1,0,0,차대차 - 추돌,안전거리미확보,포장 - 건조,맑음,단일로 - 기타,특수,0,61,상해없음,화물,0,60,상해없음,,
3086,2020071000100130,9,금요일,남해,경상남도,경상사고,0,0,1,0,차량단독 - 공작물충돌,안전운전불이행,포장 - 젖음/습기,비,단일로 - 기타,승용,1,25,경상,기타불명,2,0,기타불명,20.0,20.0
3087,2020071300100194,11,월요일,남해,경상남도,중상사고,0,3,0,0,차대차 - 기타,안전운전불이행,포장 - 젖음/습기,비,단일로 - 기타,화물,0,38,상해없음,승용,0,64,중상,30.0,30.0
3088,2020072200100526,19,수요일,남해,경상남도,중상사고,0,1,0,0,차대차 - 기타,안전운전불이행,포장 - 젖음/습기,비,단일로 - 기타,승용,0,53,상해없음,승용,0,59,중상,50.0,50.0
3089,2020072500100164,9,토요일,남해,경상남도,중상사고,0,2,2,1,차대차 - 추돌,안전운전불이행,포장 - 건조,흐림,단일로 - 터널,승용,1,29,경상,승용,0,60,부상신고,20.0,20.0
3090,2020072700100442,17,월요일,남해,경상남도,경상사고,0,0,4,0,차대차 - 기타,안전운전불이행,포장 - 젖음/습기,비,단일로 - 기타,승용,0,64,상해없음,승용,1,20,경상,60.0,60.0
3091,2020073000100425,18,목요일,남해,경상남도,경상사고,0,0,1,0,차대차 - 기타,안전운전불이행,포장 - 건조,맑음,단일로 - 기타,화물,0,36,상해없음,승용,1,41,경상,30.0,30.0
3092,2020073100100511,19,금요일,남해,경상남도,경상사고,0,0,1,0,차대차 - 기타,안전거리미확보,포장 - 건조,맑음,단일로 - 기타,화물,0,27,상해없음,화물,0,48,경상,20.0,20.0
3093,2020080100100084,6,토요일,남해,경상남도,경상사고,0,0,2,0,차대차 - 추돌,안전거리미확보,포장 - 건조,맑음,단일로 - 기타,승용,0,57,상해없음,승용,0,60,경상,50.0,50.0
3094,2020080500100141,10,수요일,남해,경상남도,경상사고,0,0,7,0,차대차 - 측면충돌,교차로운행방법위반,포장 - 건조,맑음,교차로 - 교차로안,승용,0,40,경상,승용,1,67,경상,30.0,30.0
3095,2020080700100236,12,금요일,남해,경상남도,경상사고,0,0,4,0,차대차 - 추돌,안전거리미확보,포장 - 건조,맑음,단일로 - 기타,승용,0,28,상해없음,승용,0,28,경상,20.0,20.0
3096,2020080700100551,21,금요일,남해,경상남도,경상사고,0,0,1,0,차대차 - 기타,안전운전불이행,포장 - 젖음/습기,비,단일로 - 기타,화물,0,33,상해없음,화물,0,42,경상,30.0,30.0
3097,2020081700100317,15,월요일,남해,경상남도,경상사고,0,0,1,0,차대차 - 추돌,안전운전불이행,포장 - 건조,맑음,단일로 - 기타,승용,0,49,상해없음,승용,1,30,경상,40.0,40.0
3098,2020082300100011,0,일요일,남해,전라남도,중상사고,0,2,1,0,차대차 - 추돌,기타,포장 - 건조,맑음,단일로 - 기타,승용,0,18,중상,승용,0,41,경상,20.0,20.0
3099,2020090400100332,15,금요일,남해,경상남도,중상사고,0,1,0,0,차대차 - 기타,안전거리미확보,포장 - 건조,맑음,단일로 - 기타,승용,0,24,상해없음,승용,0,31,중상,20.0,20.0
3100,2020090700100013,1,월요일,남해,경상남도,사망사고,1,0,4,0,차대차 - 기타,안전운전불이행,포장 - 젖음/습기,비,단일로 - 기타,승용,0,48,경상,승용,0,49,사망,40.0,40.0
3101,2020091300100060,7,일요일,남해,전라남도,중상사고,0,1,1,0,차대차 - 추돌,안전운전불이행,포장 - 젖음/습기,흐림,기타 - 기타,승용,0,21,상해없음,화물,0,56,경상,20.0,20.0
3102,2020091800100464,17,금요일,남해,부산광역시,경상사고,0,0,1,0,차대차 - 추돌,안전거리미확보,포장 - 건조,맑음,단일로 - 기타,화물,0,34,상해없음,화물,0,78,경상,30.0,30.0
3103,2020092000100072,5,일요일,남해,경상남도,중상사고,0,1,0,0,차량단독 - 기타,안전운전불이행,포장 - 건조,맑음,단일로 - 기타,승용,0,48,중상,기타불명,2,0,기타불명,40.0,40.0
3104,2020092600100193,10,토요일,남해,경상남도,경상사고,0,0,4,0,차대차 - 추돌,안전거리미확보,포장 - 건조,맑음,단일로 - 기타,승용,0,51,상해없음,승용,0,63,경상,,
3105,2020092900100577,17,화요일,남해,경상남도,경상사고,0,0,3,0,차대차 - 추돌,안전운전불이행,포장 - 건조,맑음,단일로 - 터널,승용,0,68,상해없음,화물,0,60,경상,60.0,60.0
3106,2020100200100102,11,금요일,남해,경상남도,경상사고,0,0,1,0,차대차 - 추돌,안전거리미확보,포장 - 건조,맑음,단일로 - 기타,승용,0,73,상해없음,승용,0,30,경상,70.0,70.0
3107,2020100200100287,18,금요일,남해,경상남도,중상사고,0,1,5,0,차대차 - 추돌,안전거리미확보,포장 - 건조,맑음,단일로 - 기타,기타불명,2,0,기타불명,승용,0,39,상해없음,20.0,20.0
3108,2020100300100166,13,토요일,남해,경상남도,중상사고,0,1,3,0,차대차 - 측면충돌,안전거리미확보,포장 - 건조,맑음,단일로 - 기타,승용,1,52,경상,승용,0,55,경상,50.0,50.0
3109,2020100500100035,6,월요일,남해,경상남도,중상사고,0,1,0,0,차대차 - 추돌,안전운전불이행,포장 - 건조,맑음,단일로 - 기타,특수,0,66,상해없음,승용,1,77,중상,60.0,60.0
3110,2020100700100584,21,수요일,남해,전라남도,경상사고,0,0,1,0,차대차 - 기타,안전거리미확보,포장 - 건조,맑음,기타 - 기타,화물,0,62,상해없음,승용,1,54,경상,60.0,60.0
3111,2020100800100050,5,목요일,남해,경상남도,사망사고,1,0,0,0,차대차 - 추돌,안전운전불이행,포장 - 건조,맑음,단일로 - 기타,화물,0,77,사망,특수,0,50,상해없음,70.0,70.0
3112,2020101000100394,16,토요일,남해,경상남도,중상사고,0,1,1,0,차대차 - 추돌,안전거리미확보,포장 - 건조,맑음,단일로 - 기타,화물,0,25,상해없음,승용,0,59,경상,20.0,20.0
3113,2020101100100127,11,일요일,남해,부산광역시,경상사고,0,0,1,0,차대차 - 추돌,안전운전불이행,포장 - 건조,맑음,단일로 - 기타,승용,0,26,상해없음,승용,1,52,경상,20.0,20.0
3114,2020101400100534,19,수요일,남해,전라남도,사망사고,1,0,0,0,차대차 - 기타,과속,포장 - 건조,맑음,단일로 - 교량,승용,0,58,상해없음,화물,0,63,상해없음,50.0,50.0
3115,2020101500100481,17,목요일,남해,경상남도,중상사고,0,1,1,0,차대차 - 측면충돌,안전거리미확보,포장 - 건조,맑음,단일로 - 기타,승용,1,53,상해없음,승용,1,47,중상,50.0,50.0
3116,2020101600100227,12,금요일,남해,경상남도,경상사고,0,0,5,0,차대차 - 측면충돌,안전운전불이행,포장 - 건조,맑음,단일로 - 기타,승용,1,64,상해없음,승용,0,57,경상,60.0,60.0
3117,2020101900100697,22,월요일,남해,경상남도,경상사고,0,0,2,0,차대차 - 추돌,안전운전불이행,포장 - 건조,맑음,단일로 - 기타,승용,0,49,상해없음,승용,1,45,경상,40.0,40.0
3118,2020102000100188,10,화요일,남해,경상남도,중상사고,0,1,1,0,차대차 - 추돌,안전운전불이행,포장 - 건조,맑음,단일로 - 터널,화물,0,53,상해없음,화물,0,67,중상,50.0,50.0
3119,2020102200100547,19,목요일,남해,전라남도,경상사고,0,0,1,0,차대차 - 추돌,안전거리미확보,포장 - 건조,맑음,단일로 - 기타,승용,0,39,상해없음,승용,0,43,경상,30.0,30.0
3120,2020103000100181,9,금요일,남해,전라남도,경상사고,0,0,1,0,차대차 - 추돌,안전거리미확보,포장 - 건조,맑음,기타 - 기타,승용,0,39,상해없음,승용,0,31,경상,30.0,30.0
3121,2020103100100583,19,토요일,남해,경상남도,경상사고,0,0,4,0,차대차 - 추돌,안전운전불이행,포장 - 건조,맑음,단일로 - 기타,화물,0,60,상해없음,승용,0,53,경상,50.0,50.0
3122,2020110300100316,13,화요일,남해,경상남도,경상사고,0,0,1,0,차대차 - 측면충돌,안전운전불이행,포장 - 건조,맑음,교차로 - 교차로안,승용,1,30,상해없음,승용,1,73,경상,20.0,20.0
3123,2020110300100533,18,화요일,남해,전라남도,사망사고,1,0,0,0,차대차 - 추돌,안전운전불이행,포장 - 건조,맑음,기타 - 기타,승용,0,61,사망,건설기계,0,49,상해없음,,
3124,2020110600100462,18,금요일,남해,경상남도,경상사고,0,0,1,0,차대차 - 추돌,안전운전불이행,포장 - 건조,맑음,단일로 - 기타,화물,0,50,상해없음,승용,0,27,상해없음,40.0,40.0
3125,2020110700100144,10,토요일,남해,경상남도,경상사고,0,0,2,0,차대차 - 추돌,안전운전불이행,포장 - 건조,맑음,단일로 - 기타,승용,0,19,상해없음,승용,0,26,경상,20.0,20.0
3126,2020110700100163,10,토요일,남해,경상남도,경상사고,0,0,2,0,차대차 - 추돌,안전거리미확보,포장 - 건조,맑음,단일로 - 기타,화물,0,64,상해없음,승용,0,64,경상,60.0,60.0
3127,2020110800100081,7,일요일,남해,경상남도,사망사고,1,0,0,0,차량단독 - 기타,안전운전불이행,포장 - 건조,맑음,단일로 - 교량,화물,0,23,상해없음,기타불명,2,0,기타불명,20.0,20.0
3128,2020110800100295,15,일요일,남해,경상남도,경상사고,0,0,1,0,차대차 - 측면충돌,안전거리미확보,포장 - 건조,맑음,단일로 - 기타,승용,1,47,상해없음,승용,0,44,경상,40.0,40.0
3129,2020110900100665,22,월요일,남해,경상남도,중상사고,0,2,2,0,차대차 - 추돌,안전운전불이행,포장 - 건조,맑음,단일로 - 기타,승합,0,73,상해없음,승용,0,50,경상,70.0,70.0
3130,2020110900100688,23,월요일,남해,경상남도,경상사고,0,0,1,0,차대차 - 측면충돌,안전운전불이행,포장 - 건조,맑음,단일로 - 기타,승용,0,62,상해없음,승용,1,52,경상,60.0,60.0
3131,2020111300100504,18,금요일,남해,경상남도,중상사고,0,2,4,0,차대차 - 추돌,안전운전불이행,포장 - 건조,맑음,단일로 - 기타,승용,0,48,상해없음,화물,0,44,경상,40.0,40.0
3132,2020112100100010,0,토요일,남해,전라남도,중상사고,0,1,0,0,차대차 - 추돌,안전운전불이행,포장 - 건조,맑음,단일로 - 기타,화물,0,43,중상,화물,0,59,상해없음,40.0,40.0
3133,2020112100100011,0,토요일,남해,전라남도,경상사고,0,0,1,0,차량단독 - 기타,안전운전불이행,포장 - 건조,맑음,단일로 - 기타,승용,0,45,경상,기타불명,2,0,기타불명,40.0,40.0
3134,2020112200100114,9,일요일,남해,경상남도,중상사고,0,1,2,0,차대차 - 추돌,안전운전불이행,포장 - 젖음/습기,비,단일로 - 기타,승용,0,55,상해없음,승용,1,33,중상,50.0,50.0
3135,2020112400100104,8,화요일,남해,경상남도,경상사고,0,0,2,0,차대차 - 기타,기타,포장 - 건조,맑음,단일로 - 기타,특수,0,41,상해없음,화물,0,52,경상,,
3136,2020112500100383,16,수요일,남해,경상남도,경상사고,0,0,2,0,차대차 - 추돌,안전거리미확보,포장 - 건조,맑음,단일로 - 기타,승용,1,38,상해없음,승용,0,72,경상,30.0,30.0
3137,2020112700100088,8,금요일,남해,전라남도,경상사고,0,0,1,0,차대차 - 추돌,안전운전불이행,포장 - 건조,맑음,단일로 - 기타,승용,1,40,상해없음,승용,1,32,경상,30.0,30.0
3138,2020112800100446,18,토요일,남해,전라남도,중상사고,0,1,2,0,차대차 - 추돌,안전운전불이행,포장 - 건조,맑음,기타 - 기타,승용,1,66,중상,화물,0,58,상해없음,60.0,60.0
3139,2020120200100159,11,수요일,남해,경상남도,중상사고,0,1,3,0,차대차 - 추돌,안전거리미확보,포장 - 건조,맑음,단일로 - 기타,화물,0,59,경상,화물,0,25,중상,50.0,50.0
3140,2020120200100160,11,수요일,남해,경상남도,경상사고,0,0,3,0,차대차 - 측면충돌,안전운전불이행,포장 - 건조,맑음,단일로 - 기타,승용,0,28,상해없음,승용,0,49,경상,20.0,20.0
3141,2020120300100005,0,목요일,남해,경상남도,사망사고,1,0,0,1,차대차 - 추돌,안전운전불이행,포장 - 건조,맑음,단일로 - 기타,화물,0,46,부상신고,화물,0,42,사망,40.0,40.0
3142,2020120500100339,16,토요일,남해,전라남도,경상사고,0,0,1,0,차대차 - 추돌,안전운전불이행,포장 - 건조,맑음,주차장 - 주차장,승용,0,28,상해없음,승용,0,50,경상,20.0,20.0
3143,2020120800100279,14,화요일,남해,부산광역시,중상사고,0,1,2,0,차대차 - 추돌,안전운전불이행,포장 - 건조,맑음,단일로 - 기타,특수,0,50,상해없음,화물,0,50,중상,40.0,40.0
3144,2020121000100025,6,목요일,남해,경상남도,경상사고,0,0,1,0,차대차 - 기타,안전운전불이행,포장 - 건조,맑음,교차로 - 교차로부근,화물,0,62,상해없음,승용,0,44,경상,60.0,60.0
3145,2020121400100335,16,월요일,남해,경상남도,경상사고,0,0,3,0,차대차 - 추돌,안전운전불이행,포장 - 건조,맑음,단일로 - 기타,승용,0,50,상해없음,승용,0,30,경상,40.0,40.0
3146,2020121900100343,17,토요일,남해,전라남도,경상사고,0,0,1,0,차대차 - 기타,안전운전불이행,포장 - 건조,맑음,단일로 - 기타,화물,0,50,상해없음,승용,1,63,경상,40.0,40.0
3147,2020122000100152,14,일요일,남해,경상남도,경상사고,0,0,1,0,차대차 - 추돌,신호위반,포장 - 건조,맑음,단일로 - 기타,승용,0,54,상해없음,화물,0,70,경상,50.0,50.0
3148,2020122100100269,13,월요일,남해,전라남도,경상사고,0,0,2,0,차대차 - 정면충돌,중앙선침범,포장 - 건조,맑음,단일로 - 교량,승용,0,49,경상,승용,1,59,경상,40.0,40.0
3149,2020123100100132,11,목요일,남해,경상남도,중상사고,0,1,0,0,차대차 - 추돌,안전거리미확보,포장 - 건조,맑음,단일로 - 기타,승용,0,43,상해없음,승용,0,61,중상,40.0,40.0
3150,2020123100100203,13,목요일,남해,경상남도,경상사고,0,0,1,0,차대차 - 기타,안전운전불이행,포장 - 건조,맑음,단일로 - 기타,승용,0,58,상해없음,특수,0,34,경상,50.0,50.0
3151,2020123100100356,17,목요일,남해,경상남도,경상사고,0,0,1,0,차대차 - 측면충돌,안전운전불이행,포장 - 건조,맑음,교차로 - 교차로안,화물,0,49,상해없음,승용,1,52,경상,40.0,40.0
3152,2021010700100353,21,목요일,남해,경상남도,경상사고,0,0,1,0,차대차 - 측면충돌,안전거리미확보,-,맑음,단일로 - 기타,기타불명,2,0,기타불명,승용,0,65,상해없음,20.0,20.0
3153,2021011200100321,17,화요일,남해,전라남도,경상사고,0,0,2,0,차대차 - 기타,안전거리미확보,-,맑음,기타 - 기타,승용,0,47,상해없음,화물,0,43,경상,40.0,40.0
3154,2021011600100228,15,토요일,남해,경상남도,경상사고,0,0,2,0,차대차 - 추돌,안전운전불이행,-,맑음,단일로 - 터널,승용,0,22,상해없음,승합,0,34,경상,20.0,20.0
3155,2021011700100155,16,일요일,남해,경상남도,경상사고,0,0,1,0,차대차 - 추돌,안전운전불이행,-,맑음,단일로 - 기타,승용,1,60,상해없음,승용,1,37,경상,50.0,50.0
3156,2021011800100036,7,월요일,남해,경상남도,사망사고,1,0,0,0,차대차 - 추돌,안전운전불이행,-,맑음,단일로 - 기타,화물,0,59,사망,화물,0,52,상해없음,50.0,50.0
3157,2021011800100037,7,월요일,남해,경상남도,중상사고,0,2,0,0,차대차 - 기타,안전거리미확보,-,눈,단일로 - 기타,화물,0,46,상해없음,승용,0,57,중상,40.0,40.0
3158,2021012700100428,19,수요일,남해,전라남도,경상사고,0,0,1,0,차대차 - 기타,안전운전불이행,-,맑음,단일로 - 기타,승용,0,57,상해없음,승용,0,36,상해없음,50.0,50.0
3159,2021012800100505,21,목요일,남해,경상남도,경상사고,0,0,1,0,차대차 - 측면충돌,안전거리미확보,-,눈,단일로 - 기타,승용,0,41,상해없음,특수,0,46,경상,,
3160,2021020900100143,10,화요일,남해,경상남도,경상사고,0,0,1,0,차대차 - 추돌,안전운전불이행,-,맑음,교차로 - 교차로부근,승용,1,56,상해없음,승용,1,34,경상,50.0,50.0
3161,2021021300100121,13,토요일,남해,경상남도,경상사고,0,0,2,0,차대차 - 추돌,안전운전불이행,-,맑음,단일로 - 기타,승용,1,23,상해없음,승용,0,34,경상,20.0,20.0
3162,2021021600100335,16,화요일,남해,전라남도,중상사고,0,2,1,0,차대차 - 기타,중앙선침범,-,비,단일로 - 교량,승용,1,28,상해없음,화물,0,37,중상,20.0,20.0
3163,2021021700100089,8,수요일,남해,경상남도,경상사고,0,0,1,0,차대차 - 추돌,안전운전불이행,-,맑음,단일로 - 기타,화물,0,41,상해없음,승용,0,25,경상,,
3164,2021022100100356,20,일요일,남해,경상남도,경상사고,0,0,2,0,차대차 - 기타,안전운전불이행,-,맑음,단일로 - 기타,승용,0,24,상해없음,승용,0,26,경상,20.0,20.0
3165,2021022300100273,14,화요일,남해,경상남도,경상사고,0,0,1,0,차대차 - 기타,안전운전불이행,-,맑음,단일로 - 기타,승용,0,57,상해없음,특수,0,47,경상,50.0,50.0
3166,2021022400100238,14,수요일,남해,경상남도,중상사고,0,2,2,0,차대차 - 추돌,안전운전불이행,-,맑음,단일로 - 기타,화물,0,61,상해없음,승용,0,30,중상,,
3167,2021022500100122,10,목요일,남해,경상남도,중상사고,0,3,6,0,차대차 - 추돌,안전운전불이행,-,맑음,단일로 - 터널,건설기계,0,58,상해없음,화물,0,48,경상,50.0,50.0
3168,2021022500100253,15,목요일,남해,전라남도,경상사고,0,0,1,0,차대차 - 기타,안전운전불이행,-,흐림,단일로 - 기타,승용,1,40,상해없음,승용,0,30,경상,30.0,30.0
3169,2021030200100465,20,화요일,남해,경상남도,경상사고,0,0,1,0,차대차 - 기타,안전운전불이행,-,맑음,단일로 - 기타,화물,0,67,상해없음,승용,0,58,경상,60.0,60.0
3170,2021030300100156,10,수요일,남해,경상남도,중상사고,0,1,0,0,차대차 - 기타,안전운전불이행,-,맑음,단일로 - 기타,화물,0,66,상해없음,승용,0,32,중상,60.0,60.0
3171,2021030900100166,11,화요일,남해,경상남도,중상사고,0,2,1,3,차대차 - 추돌,안전운전불이행,-,맑음,단일로 - 기타,화물,0,27,중상,화물,0,54,경상,20.0,20.0