,사고번호,사고일시,요일,도로종류,시군구,사고내용,사망자수,중상자수,경상자수,부상신고자수,사고유형,법규위반,노면상태,기상상태,도로형태,가해운전자 차종,가해운전자 성별,가해운전자 연령,가해운전자 상해정도,피해운전자 차종,피해운전자 성별,피해운전자 연령,피해운전자 상해정도,연령대,가해연령대
3172,2021031200100032,6,금요일,남해,부산광역시,경상사고,0,0,2,0,차대차 - 추돌,안전거리미확보,-,비,단일로 - 기타,승용,0,69,경상,승용,1,59,경상,60.0,60.0
3173,2021031200100239,14,금요일,남해,부산광역시,중상사고,0,1,1,1,차대차 - 측면충돌,안전운전불이행,-,비,단일로 - 기타,화물,0,63,부상신고,승용,1,19,중상,60.0,60.0
3174,2021031300100077,8,토요일,남해,경상남도,중상사고,0,2,0,0,차대차 - 추돌,안전운전불이행,-,맑음,단일로 - 기타,승용,0,29,상해없음,승용,1,28,중상,20.0,20.0
3175,2021031700100487,20,수요일,남해,경상남도,경상사고,0,0,2,0,차대차 - 측면충돌,안전운전불이행,-,맑음,단일로 - 기타,승용,1,29,상해없음,승용,1,62,경상,20.0,20.0
3176,2021032000100289,16,토요일,남해,부산광역시,중상사고,0,2,1,0,차대차 - 기타,안전운전불이행,-,비,단일로 - 기타,승용,0,56,상해없음,승용,0,42,중상,50.0,50.0
3177,2021032100100254,16,일요일,남해,경상남도,중상사고,0,1,1,0,차대차 - 추돌,안전거리미확보,-,맑음,단일로 - 기타,승용,1,25,상해없음,승용,1,39,중상,20.0,20.0
3178,2021032700100503,19,토요일,남해,경상남도,중상사고,0,1,0,0,차대차 - 기타,신호위반,-,비,단일로 - 기타,특수,0,46,상해없음,승용,0,54,중상,40.0,40.0
3179,2021032800100079,7,일요일,남해,부산광역시,중상사고,0,1,0,0,차대차 - 추돌,안전운전불이행,-,맑음,단일로 - 교량,화물,0,28,상해없음,승용,1,59,상해없음,20.0,20.0
3180,2021032800100247,15,일요일,남해,경상남도,중상사고,0,1,2,0,차대차 - 기타,안전운전불이행,-,맑음,단일로 - 기타,승용,0,46,기타불명,승용,0,54,경상,40.0,40.0
3181,2021032900100092,8,월요일,남해,경상남도,중상사고,0,1,2,0,차대차 - 추돌,안전운전불이행,-,맑음,단일로 - 기타,화물,0,56,중상,화물,0,61,경상,50.0,50.0
3182,2021032900100146,9,월요일,남해,경상남도,중상사고,0,2,0,0,차대차 - 추돌,안전운전불이행,-,맑음,단일로 - 기타,승용,1,60,상해없음,승용,0,49,중상,50.0,50.0
3183,2021032900100301,13,월요일,남해,전라남도,경상사고,0,0,1,0,차대차 - 기타,안전운전불이행,-,맑음,단일로 - 터널,건설기계,0,53,상해없음,승용,0,40,경상,50.0,50.0
3184,2021040400100290,17,일요일,남해,경상남도,경상사고,0,0,2,0,차대차 - 기타,안전운전불이행,-,맑음,단일로 - 기타,승용,0,27,상해없음,화물,0,49,경상,20.0,20.0
3185,2021040500100016,2,월요일,남해,경상남도,중상사고,0,1,0,0,차대차 - 추돌,안전운전불이행,-,맑음,단일로 - 기타,승용,0,38,상해없음,승용,0,43,중상,30.0,30.0
3186,2021040800100417,17,목요일,남해,부산광역시,중상사고,0,1,0,0,차대차 - 기타,차로위반,-,맑음,단일로 - 기타,승합,1,48,상해없음,건설기계,0,63,중상,40.0,40.0
3187,2021041700100300,14,토요일,남해,경상남도,경상사고,0,0,4,0,차대차 - 추돌,안전운전불이행,-,맑음,단일로 - 기타,화물,0,47,상해없음,승용,0,42,경상,40.0,40.0
3188,2021041800100096,11,일요일,남해,경상남도,중상사고,0,2,2,0,차대차 - 기타,안전운전불이행,-,맑음,단일로 - 터널,승용,0,41,상해없음,승용,0,59,중상,,
3189,2021041800100186,14,일요일,남해,경상남도,경상사고,0,0,2,0,차대차 - 기타,과속,-,맑음,단일로 - 기타,승용,1,43,상해없음,승용,1,22,경상,40.0,40.0
3190,2021041800100215,15,일요일,남해,경상남도,경상사고,0,0,1,0,차대차 - 기타,안전운전불이행,-,맑음,단일로 - 기타,승용,0,60,상해없음,승용,0,43,경상,50.0,50.0
3191,2021042400100197,12,토요일,남해,부산광역시,경상사고,0,0,1,0,차대차 - 추돌,안전운전불이행,-,맑음,단일로 - 기타,승용,0,61,상해없음,특수,0,40,경상,,
3192,2021042700100545,21,화요일,남해,경상남도,중상사고,0,1,0,0,차대차 - 추돌,안전운전불이행,-,맑음,단일로 - 기타,승용,0,47,상해없음,승용,1,37,중상,40.0,40.0
3193,2021042900100445,18,목요일,남해,부산광역시,중상사고,0,1,2,0,차대차 - 추돌,안전운전불이행,-,맑음,단일로 - 기타,화물,0,53,상해없음,승용,0,72,중상,50.0,50.0
3194,2021050600100556,22,목요일,남해,경상남도,중상사고,0,1,0,0,차대차 - 추돌,신호위반,-,맑음,단일로 - 터널,화물,0,48,상해없음,화물,0,47,중상,40.0,40.0
3195,2021050700100004,0,금요일,남해,경상남도,경상사고,0,0,1,0,차대차 - 측면충돌,안전거리미확보,-,맑음,단일로 - 기타,화물,0,63,상해없음,승용,0,32,경상,60.0,60.0
3196,2021051500100375,16,토요일,남해,경상남도,중상사고,0,1,2,0,차대차 - 기타,안전운전불이행,-,비,단일로 - 기타,화물,0,64,상해없음,승용,0,36,중상,60.0,60.0
3197,2021051800100104,9,화요일,남해,경상남도,중상사고,0,1,0,0,차량단독 - 기타,안전운전불이행,-,비,단일로 - 기타,화물,0,35,중상,기타불명,2,0,기타불명,30.0,30.0
3198,2021051800100525,20,화요일,남해,전라남도,중상사고,0,1,2,0,차대차 - 기타,안전운전불이행,-,맑음,단일로 - 기타,승용,1,26,중상,승용,1,32,경상,20.0,20.0
3199,2021052000100015,2,목요일,남해,전라남도,중상사고,0,1,1,0,차대차 - 추돌,안전운전불이행,-,맑음,단일로 - 기타,화물,0,47,경상,승용,0,47,중상,40.0,40.0
3200,2021052800100379,16,금요일,남해,경상남도,중상사고,0,1,0,0,차대차 - 측면충돌,안전운전불이행,-,비,단일로 - 터널,특수,0,53,상해없음,승용,0,35,중상,50.0,50.0
3201,2021060400100441,17,금요일,남해,경상남도,경상사고,0,0,2,0,차대차 - 추돌,안전거리미확보,-,맑음,단일로 - 기타,승용,1,45,상해없음,승용,0,38,경상,40.0,40.0
3202,2021060400100681,23,금요일,남해,전라남도,경상사고,0,0,6,0,차대차 - 추돌,안전운전불이행,-,맑음,단일로 - 기타,승용,0,23,경상,승용,1,40,경상,20.0,20.0
3203,2021060800100120,9,화요일,남해,전라남도,경상사고,0,0,1,0,차대차 - 추돌,안전운전불이행,-,맑음,단일로 - 터널,승용,0,21,상해없음,화물,0,44,경상,20.0,20.0
3204,2021060900100042,7,수요일,남해,경상남도,경상사고,0,0,1,0,차대차 - 기타,안전운전불이행,-,맑음,단일로 - 기타,기타불명,2,0,기타불명,건설기계,0,62,상해없음,20.0,20.0
3205,2021061000100069,7,목요일,남해,경상남도,중상사고,0,1,0,0,차대차 - 기타,안전운전불이행,-,맑음,단일로 - 기타,승용,0,71,상해없음,화물,0,64,상해없음,70.0,70.0
3206,2021061200100366,15,토요일,남해,경상남도,중상사고,0,1,2,0,차대차 - 측면충돌,안전운전불이행,-,비,단일로 - 기타,승용,1,24,상해없음,승용,0,57,경상,20.0,20.0
3207,2021061900100362,15,토요일,남해,경상남도,경상사고,0,0,3,0,차대차 - 측면충돌,안전운전불이행,-,맑음,단일로 - 기타,화물,0,61,상해없음,화물,0,61,경상,,
3208,2021062600100040,1,토요일,남해,경상남도,중상사고,0,4,1,0,차대차 - 추돌,안전운전불이행,-,맑음,단일로 - 기타,승용,0,24,중상,승용,0,61,경상,20.0,20.0
3209,2021062900100055,7,화요일,남해,경상남도,경상사고,0,0,1,0,차대차 - 측면충돌,안전거리미확보,-,맑음,단일로 - 기타,화물,0,54,상해없음,승용,0,28,경상,50.0,50.0
3210,2021070100100036,6,목요일,남해,부산광역시,중상사고,0,1,1,0,차대차 - 추돌,안전운전불이행,-,맑음,단일로 - 기타,승합,0,24,상해없음,화물,0,55,경상,20.0,20.0
3211,2021070500100462,18,월요일,남해,경상남도,경상사고,0,0,1,0,차대차 - 기타,안전운전불이행,-,비,단일로 - 기타,승용,0,52,상해없음,승용,0,28,경상,50.0,50.0
3212,2021070900100154,10,금요일,남해,경상남도,중상사고,0,1,5,0,차대차 - 기타,안전운전불이행,-,맑음,단일로 - 기타,화물,0,58,상해없음,승용,1,40,경상,50.0,50.0
3213,2021070900100328,15,금요일,남해,경상남도,중상사고,0,1,1,0,차대차 - 기타,과속,-,맑음,단일로 - 기타,승용,0,24,상해없음,화물,0,45,상해없음,20.0,20.0
3214,2021071000100483,18,토요일,남해,경상남도,경상사고,0,0,2,0,차대차 - 기타,안전운전불이행,-,맑음,단일로 - 기타,화물,0,65,상해없음,승용,0,32,경상,60.0,60.0
3215,2021071200100026,6,월요일,남해,부산광역시,경상사고,0,0,1,0,차량단독 - 기타,안전운전불이행,-,비,단일로 - 기타,승용,0,59,상해없음,기타불명,2,0,기타불명,50.0,50.0
3216,2021071300100488,18,화요일,남해,부산광역시,경상사고,0,0,4,1,차대차 - 측면충돌,안전운전불이행,-,맑음,단일로 - 기타,화물,0,44,상해없음,화물,0,56,경상,40.0,40.0
3217,2021071300100638,23,화요일,남해,전라남도,중상사고,0,6,0,0,차대차 - 정면충돌,안전운전불이행,-,맑음,단일로 - 기타,승용,0,60,중상,승용,1,24,중상,50.0,50.0
3218,2021071400100027,3,수요일,남해,경상남도,경상사고,0,0,1,0,차대차 - 추돌,안전운전불이행,-,맑음,단일로 - 기타,승용,0,34,상해없음,화물,0,52,경상,30.0,30.0
3219,2021071700100317,14,토요일,남해,전라남도,경상사고,0,0,1,0,차대차 - 후진중충돌,안전운전불이행,-,맑음,단일로 - 기타,승용,0,53,상해없음,승용,0,28,경상,50.0,50.0
3220,2021071900100056,7,월요일,남해,경상남도,경상사고,0,0,2,0,차대차 - 추돌,안전거리미확보,-,맑음,단일로 - 기타,승용,1,51,상해없음,승용,1,31,경상,,
3221,2021071900100375,16,월요일,남해,경상남도,경상사고,0,0,2,0,차대차 - 측면충돌,안전운전불이행,-,맑음,단일로 - 기타,승용,0,66,경상,화물,1,40,경상,60.0,60.0
3222,2021071900100584,22,월요일,남해,경상남도,경상사고,0,0,1,0,차대차 - 추돌,안전운전불이행,-,맑음,단일로 - 기타,승용,0,46,상해없음,특수,0,47,경상,40.0,40.0
3223,2021072400100334,15,토요일,남해,경상남도,중상사고,0,2,0,0,차대차 - 기타,안전운전불이행,-,맑음,단일로 - 기타,특수,0,39,상해없음,승용,0,32,상해없음,30.0,30.0
3224,2021072600100450,17,월요일,남해,경상남도,경상사고,0,0,1,0,차대차 - 추돌,안전운전불이행,-,맑음,단일로 - 기타,화물,0,48,상해없음,승용,0,62,경상,40.0,40.0
3225,2021072900100346,16,목요일,남해,경상남도,경상사고,0,0,3,0,차대차 - 추돌,안전거리미확보,-,맑음,교차로 - 교차로부근,화물,0,56,상해없음,승용,1,42,경상,50.0,50.0
3226,2021073000100268,13,금요일,남해,경상남도,경상사고,0,0,1,0,차대차 - 추돌,안전운전불이행,-,맑음,단일로 - 터널,승용,0,33,상해없음,승용,0,30,경상,30.0,30.0
3227,2021073100100302,15,토요일,남해,부산광역시,부상신고사고,0,0,0,1,차대차 - 기타,안전운전불이행,-,맑음,단일로 - 기타,승용,1,36,상해없음,승용,0,27,상해없음,30.0,30.0
3228,2021080200100504,20,월요일,남해,경상남도,경상사고,0,0,1,0,차대차 - 기타,안전운전불이행,-,맑음,단일로 - 기타,승용,0,32,상해없음,화물,0,40,경상,30.0,30.0
3229,2021080400100165,11,수요일,남해,부산광역시,중상사고,0,2,4,1,차대차 - 추돌,안전운전불이행,-,맑음,단일로 - 기타,승합,0,58,상해없음,승용,1,38,중상,50.0,50.0
3230,2021080500100199,11,목요일,남해,경상남도,경상사고,0,0,1,0,차대차 - 기타,안전운전불이행,-,맑음,단일로 - 기타,특수,0,51,상해없음,특수,0,28,경상,,
3231,2021081000100270,14,화요일,남해,경상남도,경상사고,0,0,1,0,차대차 - 측면충돌,안전운전불이행,-,맑음,단일로 - 기타,특수,0,51,상해없음,승용,0,61,경상,,
3232,2021081300100344,16,금요일,남해,경상남도,경상사고,0,0,1,0,차대차 - 기타,안전운전불이행,-,맑음,단일로 - 기타,승용,0,65,상해없음,승용,0,69,경상,60.0,60.0
3233,2021081400100034,4,토요일,남해,부산광역시,경상사고,0,0,3,0,차대차 - 측면충돌,안전거리미확보,-,비,단일로 - 기타,승용,0,18,상해없음,승용,0,19,상해없음,20.0,20.0
3234,2021081600100216,14,월요일,남해,전라남도,중상사고,0,3,2,0,차대차 - 추돌,안전운전불이행,-,맑음,단일로 - 기타,화물,0,55,상해없음,승용,1,46,중상,50.0,50.0
3235,2021082500100037,6,수요일,남해,경상남도,중상사고,0,1,0,0,차대차 - 추돌,안전운전불이행,-,맑음,단일로 - 기타,승용,0,38,상해없음,승용,2,0,기타불명,30.0,30.0
3236,2021082500100069,8,수요일,남해,부산광역시,경상사고,0,0,1,0,차대차 - 기타,안전운전불이행,-,비,단일로 - 기타,화물,0,81,상해없음,승용,1,31,경상,70.0,70.0
3237,2021090300100019,3,금요일,남해,경상남도,사망사고,1,0,0,0,차량단독 - 기타,안전운전불이행,-,비,단일로 - 터널,승용,0,46,사망,기타불명,2,0,기타불명,40.0,40.0
3238,2021090500100062,10,일요일,남해,경상남도,중상사고,0,1,3,0,차대차 - 추돌,안전운전불이행,-,맑음,단일로 - 터널,승합,0,53,상해없음,승용,0,67,경상,50.0,50.0
3239,2021090500100294,18,일요일,남해,경상남도,경상사고,0,0,6,0,차대차 - 추돌,안전운전불이행,-,맑음,단일로 - 기타,승용,0,62,상해없음,승용,0,57,경상,60.0,60.0
3240,2021090800100420,16,수요일,남해,경상남도,경상사고,0,0,2,0,차대차 - 측면충돌,안전운전불이행,-,맑음,단일로 - 기타,화물,0,62,상해없음,화물,0,58,상해없음,60.0,60.0
3241,2021090900100197,11,목요일,남해,경상남도,경상사고,0,0,2,0,차대차 - 추돌,안전운전불이행,-,맑음,단일로 - 기타,승합,0,30,상해없음,승용,0,28,경상,20.0,20.0
3242,2021090900100383,16,목요일,남해,경상남도,경상사고,0,0,2,0,차대차 - 추돌,안전운전불이행,-,맑음,단일로 - 기타,화물,0,69,상해없음,승용,0,63,경상,60.0,60.0
3243,2021091200100408,20,일요일,남해,경상남도,경상사고,0,0,1,0,차대차 - 추돌,안전운전불이행,-,맑음,단일로 - 터널,승용,0,32,상해없음,승용,0,37,경상,30.0,30.0
3244,2021091600100151,9,목요일,남해,경상남도,경상사고,0,0,1,0,차대차 - 추돌,안전운전불이행,-,맑음,단일로 - 기타,승용,1,52,상해없음,화물,0,67,상해없음,50.0,50.0
3245,2021091800100463,17,토요일,남해,부산광역시,중상사고,0,1,4,0,차대차 - 추돌,안전운전불이행,-,맑음,단일로 - 기타,승용,0,36,상해없음,승용,0,65,경상,30.0,30.0
3246,2021092100100099,12,화요일,남해,경상남도,부상신고사고,0,0,0,1,차대차 - 기타,안전운전불이행,-,맑음,단일로 - 기타,승용,0,26,상해없음,승용,0,38,부상신고,20.0,20.0
3247,2021092600100082,10,일요일,남해,경상남도,경상사고,0,0,2,0,차대차 - 측면충돌,안전운전불이행,-,맑음,단일로 - 기타,승용,0,74,상해없음,승용,1,42,경상,70.0,70.0
3248,2021092600100294,18,일요일,남해,경상남도,경상사고,0,0,2,0,차대차 - 기타,차로위반,-,맑음,단일로 - 기타,승용,1,54,상해없음,승용,0,66,경상,50.0,50.0
3249,2021092800100464,19,화요일,남해,부산광역시,경상사고,0,0,3,0,차대차 - 추돌,안전거리미확보,-,맑음,단일로 - 기타,승용,0,31,상해없음,승용,0,38,경상,,
3250,2021092900100324,15,수요일,남해,경상남도,경상사고,0,0,4,0,차대차 - 측면충돌,안전운전불이행,-,맑음,단일로 - 기타,특수,0,51,상해없음,승용,1,23,경상,,
3251,2021092900100607,22,수요일,남해,전라남도,중상사고,0,2,0,0,차대차 - 측면충돌,안전운전불이행,-,비,단일로 - 기타,승용,0,59,상해없음,승용,1,49,중상,50.0,50.0
3252,2021093000100078,7,목요일,남해,경상남도,사망사고,1,0,0,0,차량단독 - 기타,안전운전불이행,-,비,단일로 - 기타,화물,0,47,사망,기타불명,2,0,기타불명,40.0,40.0
3253,2021100700100201,11,목요일,남해,경상남도,경상사고,0,0,1,0,차대차 - 기타,안전운전불이행,-,맑음,단일로 - 기타,특수,0,55,상해없음,승용,1,31,경상,50.0,50.0
3254,2021100900100076,9,토요일,남해,경상남도,경상사고,0,0,1,0,차대차 - 측면충돌,안전운전불이행,-,맑음,단일로 - 기타,화물,0,60,상해없음,승용,1,53,경상,50.0,50.0
3255,2021101200100178,10,화요일,남해,경상남도,중상사고,0,2,0,0,차대차 - 기타,안전거리미확보,-,맑음,단일로 - 기타,승용,0,74,상해없음,승용,1,53,중상,70.0,70.0
3256,2021101400100065,7,목요일,남해,경상남도,경상사고,0,0,4,0,차대차 - 추돌,안전거리미확보,-,맑음,단일로 - 기타,승용,0,33,경상,승용,0,30,상해없음,30.0,30.0
3257,2021101800100041,6,월요일,남해,경상남도,경상사고,0,0,1,0,차대차 - 측면충돌,안전운전불이행,-,맑음,단일로 - 기타,승용,1,45,상해없음,승용,0,42,경상,40.0,40.0
3258,2021102500100216,12,월요일,남해,경상남도,경상사고,0,0,1,0,차대차 - 후진중충돌,차로위반,-,맑음,단일로 - 기타,기타불명,2,0,기타불명,승용,1,34,경상,20.0,20.0
3259,2021102600100554,21,화요일,남해,경상남도,경상사고,0,0,1,0,차대차 - 측면충돌,안전운전불이행,-,맑음,단일로 - 기타,승용,0,63,상해없음,화물,0,45,경상,60.0,60.0
3260,2021103100100389,19,일요일,남해,부산광역시,경상사고,0,0,4,0,차대차 - 기타,안전거리미확보,-,맑음,단일로 - 기타,승용,1,64,상해없음,승용,0,45,경상,60.0,60.0
3261,2021110600100007,0,토요일,남해,경상남도,중상사고,0,1,2,0,차대차 - 추돌,안전운전불이행,-,맑음,단일로 - 기타,승용,0,40,상해없음,승용,0,56,경상,30.0,30.0
3262,2021110800100412,16,월요일,남해,경상남도,중상사고,0,3,0,0,차대차 - 기타,안전운전불이행,-,맑음,단일로 - 기타,화물,0,42,상해없음,특수,0,35,상해없음,40.0,40.0
3263,2021111200100154,9,금요일,남해,경상남도,중상사고,0,1,2,0,차대차 - 기타,안전운전불이행,-,맑음,단일로 - 기타,화물,0,53,상해없음,승용,1,46,경상,50.0,50.0
3264,2021111300100413,16,토요일,남해,경상남도,중상사고,0,2,0,0,차대차 - 기타,안전운전불이행,-,맑음,단일로 - 기타,승용,0,28,상해없음,승용,0,66,중상,20.0,20.0
3265,2021111900100279,13,금요일,남해,경상남도,경상사고,0,0,1,0,차대차 - 기타,안전운전불이행,-,맑음,단일로 - 기타,승용,0,29,상해없음,승용,0,0,상해없음,20.0,20.0
3266,2021111900100305,14,금요일,남해,경상남도,중상사고,0,1,1,0,차대차 - 추돌,안전운전불이행,-,맑음,단일로 - 기타,승용,1,42,상해없음,승용,0,65,경상,40.0,40.0
3267,2021112400100128,9,수요일,남해,경상남도,중상사고,0,2,0,0,차대차 - 측면충돌,안전운전불이행,-,맑음,단일로 - 기타,화물,0,60,상해없음,승용,0,63,중상,50.0,50.0
3268,2021112400100274,14,수요일,남해,경상남도,경상사고,0,0,1,0,차대차 - 기타,안전운전불이행,-,맑음,단일로 - 기타,화물,0,55,상해없음,승용,1,31,경상,50.0,50.0
3269,2021112900100174,10,월요일,남해,경상남도,중상사고,0,2,0,0,차대차 - 추돌,안전운전불이행,-,맑음,단일로 - 기타,화물,0,40,상해없음,화물,0,54,중상,30.0,30.0
3270,2021113000100170,9,화요일,남해,경상남도,사망사고,1,0,0,0,차대차 - 측면충돌,과속,-,비,단일로 - 기타,승용,0,31,상해없음,화물,0,60,사망,,
3271,2021120200100465,18,목요일,남해,경상남도,경상사고,0,0,1,0,차대차 - 추돌,안전운전불이행,-,맑음,단일로 - 기타,화물,0,39,상해없음,승용,0,33,경상,30.0,30.0
3272,2021120300100039,5,금요일,남해,부산광역시,경상사고,0,0,2,0,차대차 - 추돌,안전운전불이행,-,맑음,단일로 - 기타,화물,0,52,상해없음,승용,0,28,경상,50.0,50.0
3273,2021120600100033,6,월요일,남해,경상남도,경상사고,0,0,1,0,차대차 - 측면충돌,신호위반,-,맑음,단일로 - 터널,화물,0,52,상해없음,승용,0,53,경상,50.0,50.0
3274,2021120700100576,22,화요일,남해,부산광역시,중상사고,0,1,0,0,차대차 - 측면충돌,안전거리미확보,-,맑음,단일로 - 기타,승용,1,18,상해없음,승용,1,31,중상,20.0,20.0
3275,2021121600100020,1,목요일,남해,경상남도,경상사고,0,0,1,0,차대차 - 기타,안전운전불이행,-,맑음,단일로 - 기타,기타불명,2,0,기타불명,승용,1,46,경상,20.0,20.0
3276,2021121600100293,15,목요일,남해,경상남도,중상사고,0,2,0,0,차대차 - 추돌,안전운전불이행,-,맑음,단일로 - 기타,승용,0,32,상해없음,승용,0,49,중상,30.0,30.0
3277,2021121700100081,7,금요일,남해,경상남도,부상신고사고,0,0,0,1,차대차 - 기타,기타,-,맑음,단일로 - 기타,기타불명,2,0,기타불명,승용,0,59,부상신고,20.0,20.0
3278,2021121800100388,16,토요일,남해,전라남도,중상사고,0,2,3,0,차대차 - 추돌,안전운전불이행,-,맑음,기타 - 기타,승용,0,39,경상,화물,0,50,경상,30.0,30.0
3279,2021121900100172,14,일요일,남해,경상남도,중상사고,0,1,5,0,차대차 - 추돌,안전운전불이행,-,맑음,단일로 - 기타,승용,0,66,상해없음,승용,0,74,경상,60.0,60.0
3280,2021122200100311,15,수요일,남해,경상남도,경상사고,0,0,3,0,차대차 - 기타,안전운전불이행,-,맑음,단일로 - 기타,승용,1,29,경상,승용,1,21,상해없음,20.0,20.0
3281,2021122300100367,17,목요일,남해,경상남도,경상사고,0,0,1,0,차대차 - 추돌,안전운전불이행,-,맑음,단일로 - 기타,승용,0,56,상해없음,승용,0,58,경상,50.0,50.0
3282,2021122500100086,10,토요일,남해,경상남도,경상사고,0,0,3,0,차대차 - 추돌,안전운전불이행,-,맑음,단일로 - 기타,화물,0,44,상해없음,승용,0,64,경상,40.0,40.0
3283,2021122600100081,12,일요일,남해,경상남도,경상사고,0,0,2,0,차대차 - 기타,신호위반,-,맑음,단일로 - 기타,특수,0,47,상해없음,승용,0,31,경상,40.0,40.0
3284,2021123100100397,17,금요일,남해,경상남도,경상사고,0,0,3,0,차대차 - 추돌,안전운전불이행,-,맑음,단일로 - 터널,승용,0,31,상해없음,승용,0,29,경상,,
3285,2019031100100249,13,월요일,남해진입로,경상남도,중상사고,0,1,0,0,차대차 - 측면충돌,안전운전불이행,포장 - 건조,맑음,단일로 - 기타,화물,0,59,상해없음,승용,1,56,중상,50.0,50.0
3286,2019011000100307,16,목요일,남해2고속도로,경상남도,경상사고,0,0,1,0,차대차 - 기타,안전운전불이행,포장 - 건조,맑음,단일로 - 기타,승용,0,70,상해없음,승용,0,33,경상,60.0,60.0
3287,2019011700100418,18,목요일,남해2고속도로,부산광역시,중상사고,0,1,0,0,차대차 - 추돌,안전운전불이행,포장 - 건조,맑음,단일로 - 기타,승용,0,67,상해없음,승용,0,27,중상,60.0,60.0
3288,2019020300100286,15,일요일,남해2고속도로,부산광역시,경상사고,0,0,3,0,차대차 - 기타,안전운전불이행,포장 - 젖음/습기,흐림,단일로 - 기타,승용,0,57,상해없음,승용,1,34,경상,50.0,50.0
3289,2019021100100392,18,월요일,남해2고속도로,경상남도,경상사고,0,0,1,0,차대차 - 측면충돌,안전거리미확보,포장 - 건조,맑음,단일로 - 기타,화물,0,40,상해없음,승용,0,23,경상,30.0,30.0
3290,2019021500100599,20,금요일,남해2고속도로,부산광역시,중상사고,0,1,3,0,차대차 - 추돌,안전운전불이행,포장 - 건조,맑음,단일로 - 기타,승용,0,37,상해없음,승용,0,70,중상,30.0,30.0
3291,2019022100100184,10,목요일,남해2고속도로,부산광역시,경상사고,0,0,2,0,차대차 - 추돌,안전운전불이행,포장 - 건조,맑음,단일로 - 기타,승용,0,37,상해없음,승합,1,39,경상,30.0,30.0
3292,2019022200100455,19,금요일,남해2고속도로,부산광역시,경상사고,0,0,1,0,차대차 - 추돌,신호위반,포장 - 건조,맑음,단일로 - 기타,승용,0,43,상해없음,승용,0,27,경상,40.0,40.0
3293,2019022700100160,10,수요일,남해2고속도로,부산광역시,경상사고,0,0,2,0,차대차 - 측면충돌,안전운전불이행,포장 - 건조,맑음,단일로 - 기타,특수,0,51,상해없음,승용,0,69,경상,,
3294,2019022800100542,20,목요일,남해2고속도로,경상남도,경상사고,0,0,1,0,차대차 - 측면충돌,안전거리미확보,포장 - 건조,맑음,단일로 - 기타,승용,0,59,상해없음,승용,0,28,경상,50.0,50.0
3295,2019030300100090,9,일요일,남해2고속도로,경상남도,중상사고,0,1,1,0,차대차 - 추돌,안전운전불이행,포장 - 건조,맑음,단일로 - 기타,승용,0,57,상해없음,승용,0,60,경상,50.0,50.0
3296,2019030400100085,8,월요일,남해2고속도로,경상남도,경상사고,0,0,1,0,차대차 - 추돌,안전운전불이행,포장 - 건조,맑음,단일로 - 기타,승용,0,41,상해없음,승용,1,37,경상,,
3297,2019030600100189,10,수요일,남해2고속도로,경상남도,경상사고,0,0,1,0,차대차 - 추돌,안전거리미확보,포장 - 건조,맑음,단일로 - 기타,화물,0,45,상해없음,승용,0,36,경상,40.0,40.0
3298,2019032700100457,19,수요일,남해2고속도로,경상남도,경상사고,0,0,1,0,차대차 - 기타,기타,포장 - 건조,맑음,단일로 - 기타,화물,0,41,상해없음,승용,0,56,상해없음,,
3299,2019040600100380,15,토요일,남해2고속도로,경상남도,경상사고,0,0,2,0,차대차 - 추돌,안전운전불이행,포장 - 건조,맑음,단일로 - 기타,승용,0,29,상해없음,승용,0,37,경상,20.0,20.0
3300,2019050500100120,9,일요일,남해2고속도로,경상남도,경상사고,0,0,2,0,차대차 - 측면충돌,안전거리미확보,포장 - 건조,맑음,단일로 - 기타,승용,0,38,상해없음,승용,0,31,경상,30.0,30.0
3301,2019050900100238,11,목요일,남해2고속도로,부산광역시,경상사고,0,0,4,0,차대차 - 기타,안전운전불이행,포장 - 건조,맑음,단일로 - 기타,승용,0,70,상해없음,승용,0,34,경상,60.0,60.0
3302,2019051800100531,18,토요일,남해2고속도로,부산광역시,경상사고,0,0,1,0,차대차 - 추돌,안전운전불이행,포장 - 젖음/습기,비,단일로 - 기타,승용,0,39,상해없음,승용,0,57,경상,30.0,30.0
3303,2019052100100244,10,화요일,남해2고속도로,경상남도,경상사고,0,0,2,0,차대차 - 추돌,안전운전불이행,포장 - 건조,맑음,단일로 - 기타,승용,1,42,상해없음,승용,0,37,경상,40.0,40.0
3304,2019052500100209,10,토요일,남해2고속도로,경상남도,중상사고,0,1,0,0,차대차 - 추돌,안전운전불이행,포장 - 건조,맑음,단일로 - 기타,승용,0,32,상해없음,화물,0,49,중상,30.0,30.0
3305,2019052700100137,8,월요일,남해2고속도로,부산광역시,경상사고,0,0,3,0,차대차 - 측면충돌,안전운전불이행,포장 - 젖음/습기,비,단일로 - 고가도로위,화물,0,60,경상,승용,0,33,경상,50.0,50.0
3306,2019062600100475,17,수요일,남해2고속도로,부산광역시,경상사고,0,0,1,0,차대차 - 추돌,안전거리미확보,포장 - 젖음/습기,비,단일로 - 기타,승용,0,37,상해없음,화물,0,34,경상,30.0,30.0