,사고번호,사고일시,요일,도로종류,시군구,사고내용,사망자수,중상자수,경상자수,부상신고자수,사고유형,법규위반,노면상태,기상상태,도로형태,가해운전자 차종,가해운전자 성별,가해운전자 연령,가해운전자 상해정도,피해운전자 차종,피해운전자 성별,피해운전자 연령,피해운전자 상해정도,연령대,가해연령대
3307,2019062700100090,7,목요일,남해2고속도로,부산광역시,경상사고,0,0,1,0,차대차 - 기타,안전운전불이행,포장 - 건조,맑음,단일로 - 기타,특수,0,53,상해없음,승용,1,32,경상,50.0,50.0
3308,2019070100100568,19,월요일,남해2고속도로,부산광역시,중상사고,0,1,0,0,차량단독 - 공작물충돌,안전운전불이행,포장 - 건조,맑음,단일로 - 기타,화물,1,55,중상,기타불명,2,0,기타불명,50.0,50.0
3309,2019071800100080,7,목요일,남해2고속도로,부산광역시,경상사고,0,0,1,0,차대차 - 추돌,안전운전불이행,포장 - 젖음/습기,비,단일로 - 기타,기타불명,2,0,기타불명,화물,0,38,경상,20.0,20.0
3310,2019071900100097,6,금요일,남해2고속도로,부산광역시,경상사고,0,0,1,0,차량단독 - 기타,안전운전불이행,포장 - 젖음/습기,비,단일로 - 기타,승용,0,36,상해없음,기타불명,2,0,기타불명,30.0,30.0
3311,2019071900100450,16,금요일,남해2고속도로,부산광역시,중상사고,0,1,0,0,차대차 - 추돌,안전운전불이행,포장 - 젖음/습기,비,단일로 - 기타,화물,0,65,상해없음,승용,1,50,중상,60.0,60.0
3312,2019072000100362,15,토요일,남해2고속도로,경상남도,중상사고,0,3,4,0,차대차 - 측면충돌,안전운전불이행,포장 - 젖음/습기,비,단일로 - 기타,승용,0,45,상해없음,승용,0,20,경상,40.0,40.0
3313,2019072900100559,19,월요일,남해2고속도로,부산광역시,부상신고사고,0,0,0,2,차대차 - 기타,안전거리미확보,포장 - 건조,맑음,단일로 - 기타,승합,0,48,부상신고,화물,0,52,상해없음,40.0,40.0
3314,2019072900100615,21,월요일,남해2고속도로,경상남도,중상사고,0,1,1,0,차대차 - 추돌,안전운전불이행,포장 - 건조,맑음,단일로 - 기타,승용,0,47,상해없음,승용,0,35,경상,40.0,40.0
3315,2019073000100471,17,화요일,남해2고속도로,부산광역시,중상사고,0,1,0,0,차대차 - 측면충돌,안전거리미확보,포장 - 건조,맑음,단일로 - 기타,특수,0,61,상해없음,승용,0,40,중상,,
3316,2019080500100263,12,월요일,남해2고속도로,경상남도,경상사고,0,0,1,0,차대차 - 측면충돌,안전거리미확보,포장 - 건조,맑음,단일로 - 기타,승용,0,58,상해없음,승용,0,30,경상,50.0,50.0
3317,2019080500100350,14,월요일,남해2고속도로,부산광역시,중상사고,0,2,2,0,차대차 - 추돌,안전운전불이행,포장 - 건조,맑음,단일로 - 기타,승용,0,66,상해없음,승용,1,30,경상,60.0,60.0
3318,2019082500100463,20,일요일,남해2고속도로,부산광역시,경상사고,0,0,1,1,차대차 - 추돌,안전운전불이행,포장 - 건조,맑음,단일로 - 기타,승용,1,60,상해없음,승용,1,58,부상신고,50.0,50.0
3319,2019082800100474,18,수요일,남해2고속도로,부산광역시,중상사고,0,1,0,0,차대차 - 측면충돌,안전운전불이행,포장 - 젖음/습기,비,단일로 - 기타,특수,0,35,상해없음,화물,0,37,중상,30.0,30.0
3320,2019082900100177,10,목요일,남해2고속도로,부산광역시,경상사고,0,0,1,0,차대차 - 측면충돌,안전거리미확보,포장 - 건조,맑음,단일로 - 교량,승용,0,58,상해없음,승용,0,54,경상,50.0,50.0
3321,2019092400100620,19,화요일,남해2고속도로,부산광역시,경상사고,0,0,1,0,차대차 - 추돌,안전운전불이행,포장 - 건조,맑음,단일로 - 기타,화물,0,66,상해없음,승용,1,59,경상,60.0,60.0
3322,2019101000100068,6,목요일,남해2고속도로,부산광역시,사망사고,1,1,4,0,차대차 - 추돌,안전거리미확보,포장 - 건조,맑음,단일로 - 교량,특수,0,40,상해없음,승용,0,56,사망,30.0,30.0
3323,2019101800100249,10,금요일,남해2고속도로,경상남도,경상사고,0,0,1,0,차대차 - 측면충돌,안전운전불이행,포장 - 젖음/습기,비,단일로 - 기타,승용,1,46,상해없음,화물,0,54,경상,40.0,40.0
3324,2019111400100589,18,목요일,남해2고속도로,부산광역시,경상사고,0,0,2,0,차대차 - 추돌,안전거리미확보,포장 - 건조,맑음,단일로 - 기타,승용,0,29,상해없음,승용,0,50,경상,20.0,20.0
3325,2019112800100406,16,목요일,남해2고속도로,경상남도,사망사고,1,0,0,0,차량단독 - 공작물충돌,안전운전불이행,포장 - 건조,맑음,단일로 - 기타,승용,0,62,사망,기타불명,2,0,기타불명,60.0,60.0
3326,2019120100100423,18,일요일,남해2고속도로,부산광역시,경상사고,0,0,1,0,차대차 - 측면충돌,안전거리미확보,포장 - 젖음/습기,비,단일로 - 기타,승용,1,58,상해없음,승용,1,37,경상,50.0,50.0
3327,2019121300100533,18,금요일,남해2고속도로,부산광역시,경상사고,0,0,2,0,차대차 - 측면충돌,안전거리미확보,포장 - 건조,맑음,단일로 - 기타,승용,0,30,경상,승용,1,25,경상,20.0,20.0
3328,2019121600100468,17,월요일,남해2고속도로,부산광역시,경상사고,0,0,1,0,차대차 - 측면충돌,안전운전불이행,포장 - 건조,맑음,단일로 - 교량,화물,0,56,상해없음,승용,0,24,경상,50.0,50.0
3329,2020010400100283,15,토요일,남해2고속도로,경상남도,경상사고,0,0,2,0,차대차 - 측면충돌,안전운전불이행,포장 - 건조,맑음,단일로 - 기타,승용,0,47,상해없음,승용,0,29,경상,40.0,40.0
3330,2020011300100587,23,월요일,남해2고속도로,경상남도,경상사고,0,0,2,0,차대차 - 측면충돌,안전거리미확보,포장 - 건조,맑음,단일로 - 기타,화물,0,59,경상,승용,0,71,경상,50.0,50.0
3331,2020012100100497,17,화요일,남해2고속도로,부산광역시,경상사고,0,0,1,0,차대차 - 측면충돌,안전거리미확보,포장 - 건조,맑음,단일로 - 기타,특수,0,38,상해없음,승용,0,57,상해없음,30.0,30.0
3332,2020012300100294,13,목요일,남해2고속도로,경상남도,경상사고,0,0,1,0,차대차 - 기타,안전운전불이행,포장 - 건조,맑음,단일로 - 기타,승용,1,47,상해없음,승용,0,31,경상,40.0,40.0
3333,2020012700100023,1,월요일,남해2고속도로,경상남도,사망사고,1,1,3,0,차대차 - 측면충돌,안전운전불이행,포장 - 건조,흐림,단일로 - 기타,승용,0,37,경상,승용,0,55,사망,30.0,30.0
3334,2020031500100142,13,일요일,남해2고속도로,부산광역시,경상사고,0,0,2,0,차대차 - 기타,안전운전불이행,포장 - 건조,맑음,단일로 - 기타,승용,0,59,상해없음,승용,0,45,경상,50.0,50.0
3335,2020031800100057,7,수요일,남해2고속도로,경상남도,중상사고,0,1,0,0,차대차 - 추돌,안전운전불이행,포장 - 건조,맑음,단일로 - 기타,승용,0,25,상해없음,화물,0,31,중상,20.0,20.0
3336,2020052500100570,22,월요일,남해2고속도로,부산광역시,경상사고,0,0,1,0,차대차 - 추돌,안전운전불이행,포장 - 건조,맑음,단일로 - 기타,승용,0,28,상해없음,승용,0,38,경상,20.0,20.0
3337,2020052800100566,21,목요일,남해2고속도로,경상남도,경상사고,0,0,1,0,차대차 - 측면충돌,과속,포장 - 건조,맑음,단일로 - 기타,승용,0,45,상해없음,승용,1,44,경상,40.0,40.0
3338,2020071400100155,9,화요일,남해2고속도로,경상남도,경상사고,0,0,3,0,차대차 - 측면충돌,안전운전불이행,포장 - 젖음/습기,비,단일로 - 기타,승용,0,45,상해없음,승용,1,25,경상,40.0,40.0
3339,2020072700100126,9,월요일,남해2고속도로,부산광역시,중상사고,0,1,0,0,차대차 - 기타,안전운전불이행,포장 - 젖음/습기,비,단일로 - 기타,승용,0,57,상해없음,승용,1,61,중상,50.0,50.0
3340,2020072800100213,13,화요일,남해2고속도로,경상남도,경상사고,0,0,2,0,차대차 - 추돌,안전운전불이행,포장 - 건조,맑음,단일로 - 기타,특수,0,61,상해없음,승용,1,54,경상,,
3341,2020073000100076,7,목요일,남해2고속도로,경상남도,중상사고,0,2,1,0,차대차 - 측면충돌,과속,포장 - 건조,맑음,단일로 - 기타,승용,0,24,상해없음,화물,0,38,중상,20.0,20.0
3342,2020100200100046,7,금요일,남해2고속도로,경상남도,경상사고,0,0,2,0,차대차 - 측면충돌,안전운전불이행,포장 - 건조,맑음,단일로 - 기타,승용,0,20,상해없음,승용,0,52,경상,20.0,20.0
3343,2020101200100297,13,월요일,남해2고속도로,부산광역시,중상사고,0,1,0,0,차대차 - 추돌,안전운전불이행,포장 - 건조,맑음,단일로 - 기타,특수,0,64,상해없음,승용,1,64,중상,60.0,60.0
3344,2020102600100677,22,월요일,남해2고속도로,부산광역시,중상사고,0,1,0,0,차대차 - 기타,안전운전불이행,포장 - 건조,맑음,단일로 - 기타,승용,0,30,상해없음,승용,0,47,중상,20.0,20.0
3345,2020111400100501,18,토요일,남해2고속도로,경상남도,경상사고,0,0,1,0,차대차 - 추돌,안전거리미확보,포장 - 건조,맑음,단일로 - 기타,화물,0,31,상해없음,승용,1,58,경상,,
3346,2020121000100300,17,목요일,남해2고속도로,경상남도,중상사고,0,1,1,0,차대차 - 추돌,안전거리미확보,포장 - 건조,맑음,단일로 - 기타,승용,0,26,중상,승용,0,71,경상,20.0,20.0
3347,2020121100100466,19,금요일,남해2고속도로,부산광역시,경상사고,0,0,1,0,차대차 - 추돌,안전운전불이행,포장 - 건조,맑음,단일로 - 기타,승용,0,47,상해없음,특수,0,47,경상,40.0,40.0
3348,2021022400100029,6,수요일,남해2고속도로,부산광역시,경상사고,0,0,1,0,차대차 - 측면충돌,차로위반,-,맑음,단일로 - 기타,화물,0,51,상해없음,승용,0,40,경상,,
3349,2021030900100093,9,화요일,남해2고속도로,경상남도,경상사고,0,0,1,0,차대차 - 추돌,안전운전불이행,-,맑음,단일로 - 기타,특수,0,58,기타불명,승용,1,29,경상,50.0,50.0
3350,2021061500100431,18,화요일,남해2고속도로,부산광역시,경상사고,0,0,1,0,차대차 - 측면충돌,안전거리미확보,-,비,단일로 - 기타,승용,0,35,상해없음,특수,0,62,경상,30.0,30.0
3351,2021110400100456,18,목요일,남해2고속도로,부산광역시,경상사고,0,0,1,0,차대차 - 추돌,안전운전불이행,-,맑음,단일로 - 기타,승용,0,19,상해없음,승용,0,31,경상,20.0,20.0
3352,2021111600100572,20,화요일,남해2고속도로,부산광역시,경상사고,0,0,1,0,차대차 - 추돌,안전운전불이행,-,맑음,단일로 - 기타,승용,0,60,상해없음,화물,0,47,경상,50.0,50.0
3353,2019011900100208,12,토요일,남해3고속도로,경상남도,경상사고,0,0,2,0,차대차 - 측면충돌,차로위반,포장 - 건조,맑음,단일로 - 기타,승용,0,56,상해없음,승용,0,27,경상,50.0,50.0
3354,2020081700100297,15,월요일,남해3고속도로,경상남도,경상사고,0,0,1,0,차대차 - 기타,안전운전불이행,포장 - 건조,맑음,단일로 - 기타,특수,0,43,상해없음,승용,1,39,경상,40.0,40.0
3355,2021090600100304,14,월요일,남해3고속도로,경상남도,경상사고,0,0,1,0,차대차 - 측면충돌,안전거리미확보,-,맑음,단일로 - 기타,승용,1,47,상해없음,승용,1,50,경상,40.0,40.0
3356,2020030900100423,19,월요일,남해제1지선,경상남도,중상사고,0,1,0,0,차대차 - 추돌,안전운전불이행,포장 - 젖음/습기,비,단일로 - 기타,승용,0,58,상해없음,화물,0,49,중상,50.0,50.0
3357,2020031000100225,13,화요일,남해제1지선,경상남도,경상사고,0,0,2,0,차대차 - 측면충돌,안전운전불이행,포장 - 젖음/습기,비,단일로 - 기타,화물,0,62,경상,승용,0,24,경상,60.0,60.0
3358,2020050400100265,13,월요일,남해제1지선,경상남도,경상사고,0,0,1,0,차대차 - 기타,과속,포장 - 건조,맑음,단일로 - 기타,승용,0,36,경상,승합,0,60,상해없음,30.0,30.0
3359,2020050800100522,19,금요일,남해제1지선,경상남도,중상사고,0,1,3,0,차대차 - 추돌,안전운전불이행,포장 - 건조,흐림,단일로 - 기타,승용,0,61,상해없음,승용,0,37,경상,,
3360,2020062300100092,7,화요일,남해제1지선,경상남도,경상사고,0,0,1,0,차대차 - 추돌,안전거리미확보,포장 - 건조,맑음,단일로 - 기타,승용,0,32,상해없음,화물,0,38,경상,30.0,30.0
3361,2020062800100359,17,일요일,남해제1지선,경상남도,경상사고,0,0,1,0,차대차 - 기타,안전거리미확보,포장 - 건조,맑음,단일로 - 기타,승합,0,53,상해없음,승용,0,45,경상,50.0,50.0
3362,2020072100100066,5,화요일,남해제1지선,경상남도,중상사고,0,1,0,0,차대차 - 정면충돌,중앙선침범,포장 - 건조,맑음,단일로 - 기타,승용,1,45,상해없음,건설기계,0,44,중상,40.0,40.0
3363,2020080300100460,18,월요일,남해제1지선,경상남도,중상사고,0,2,0,0,차대차 - 기타,안전운전불이행,포장 - 건조,맑음,단일로 - 기타,승용,0,34,상해없음,승용,0,62,중상,30.0,30.0
3364,2020080400100151,10,화요일,남해제1지선,경상남도,경상사고,0,0,1,0,차대차 - 추돌,안전운전불이행,포장 - 건조,맑음,단일로 - 기타,승용,0,73,상해없음,승용,0,38,상해없음,70.0,70.0
3365,2020101100100396,19,일요일,남해제1지선,경상남도,사망사고,1,0,0,0,차대사람 - 차도통행중,과속,포장 - 건조,맑음,단일로 - 기타,승용,0,54,상해없음,보행자,0,59,사망,50.0,50.0
3366,2020122600100233,16,토요일,남해제1지선,경상남도,경상사고,0,0,1,0,차대차 - 측면충돌,안전운전불이행,포장 - 건조,맑음,단일로 - 기타,화물,0,51,상해없음,승용,0,58,경상,,
3367,2021011300100267,15,수요일,남해제1지선,경상남도,경상사고,0,0,1,0,차대차 - 추돌,안전운전불이행,-,맑음,단일로 - 기타,화물,0,56,상해없음,승용,0,63,경상,50.0,50.0
3368,2021012200100078,8,금요일,남해제1지선,경상남도,중상사고,0,1,0,0,차대차 - 측면충돌,안전거리미확보,-,비,단일로 - 기타,화물,0,67,상해없음,승합,0,53,중상,60.0,60.0
3369,2021022700100066,8,토요일,남해제1지선,경상남도,사망사고,1,0,0,0,차량단독 - 공작물충돌,안전운전불이행,-,맑음,단일로 - 기타,화물,0,81,사망,기타불명,2,0,기타불명,70.0,70.0
3370,2021031700100177,11,수요일,남해제1지선,경상남도,경상사고,0,0,1,0,차대차 - 추돌,신호위반,-,맑음,단일로 - 기타,화물,0,57,상해없음,승용,0,66,경상,50.0,50.0
3371,2021052900100115,9,토요일,남해제1지선,경상남도,경상사고,0,0,1,0,차대차 - 추돌,안전운전불이행,-,맑음,단일로 - 기타,승용,0,39,상해없음,승용,0,59,상해없음,30.0,30.0
3372,2021082200100076,10,일요일,남해제1지선,경상남도,중상사고,0,3,0,0,차대차 - 추돌,안전운전불이행,-,비,단일로 - 기타,승용,0,55,상해없음,승용,0,57,중상,50.0,50.0
3373,2021100300100136,11,일요일,남해제1지선,경상남도,경상사고,0,0,2,0,차대차 - 기타,안전운전불이행,-,맑음,단일로 - 기타,승용,0,34,상해없음,승용,0,34,경상,30.0,30.0
3374,2020010600100124,9,월요일,남해제2지선,부산광역시,경상사고,0,0,1,0,차대차 - 측면충돌,안전거리미확보,포장 - 젖음/습기,비,단일로 - 기타,승용,1,51,상해없음,승용,1,59,경상,,
3375,2020022000100549,19,목요일,남해제2지선,부산광역시,중상사고,0,2,1,0,차대차 - 측면충돌,안전거리미확보,포장 - 건조,맑음,단일로 - 교량,특수,0,70,상해없음,승용,1,43,경상,60.0,60.0
3376,2020042100100481,21,화요일,남해제2지선,부산광역시,경상사고,0,0,1,0,차대사람 - 기타,안전운전불이행,포장 - 건조,맑음,단일로 - 교량,승용,0,63,상해없음,보행자,0,49,경상,60.0,60.0
3377,2020052900100425,16,금요일,남해제2지선,부산광역시,경상사고,0,0,1,0,차대차 - 측면충돌,안전거리미확보,포장 - 건조,맑음,단일로 - 기타,화물,0,25,상해없음,승용,1,61,경상,20.0,20.0
3378,2020083100100380,17,월요일,남해제2지선,부산광역시,경상사고,0,0,1,0,차대차 - 측면충돌,안전거리미확보,포장 - 건조,맑음,단일로 - 교량,승용,1,32,상해없음,승용,0,57,경상,30.0,30.0
3379,2020092500100324,14,금요일,남해제2지선,부산광역시,경상사고,0,0,1,0,차대차 - 기타,안전운전불이행,포장 - 건조,맑음,단일로 - 기타,승용,0,39,상해없음,승용,1,38,경상,30.0,30.0
3380,2020112400100408,17,화요일,남해제2지선,부산광역시,경상사고,0,0,3,0,차대차 - 추돌,안전운전불이행,포장 - 건조,맑음,단일로 - 기타,승용,0,59,상해없음,승용,0,27,경상,50.0,50.0
3381,2021013100100320,20,일요일,남해제2지선,부산광역시,경상사고,0,0,1,0,차대차 - 측면충돌,안전거리미확보,-,맑음,단일로 - 기타,화물,0,59,상해없음,승용,0,46,경상,50.0,50.0
3382,2021020500100036,7,금요일,남해제2지선,부산광역시,경상사고,0,0,1,0,차대차 - 측면충돌,안전운전불이행,-,맑음,단일로 - 기타,승용,1,56,상해없음,승용,1,33,경상,50.0,50.0
3383,2021031100100215,13,목요일,남해제2지선,경상남도,중상사고,0,1,0,0,차대차 - 측면충돌,차로위반,-,맑음,단일로 - 기타,화물,0,60,상해없음,승용,0,70,중상,50.0,50.0
3384,2021032100100395,21,일요일,남해제2지선,경상남도,중상사고,0,2,0,0,차대차 - 추돌,안전운전불이행,-,맑음,단일로 - 기타,승용,0,37,상해없음,승용,1,53,중상,30.0,30.0
3385,2021033000100459,18,화요일,남해제2지선,부산광역시,경상사고,0,0,1,0,차대차 - 추돌,안전운전불이행,-,맑음,단일로 - 기타,승용,0,29,상해없음,화물,0,41,경상,20.0,20.0
3386,2021040100100460,18,목요일,남해제2지선,경상남도,경상사고,0,0,1,0,차대차 - 추돌,안전운전불이행,-,맑음,단일로 - 기타,화물,0,56,상해없음,승용,1,48,경상,50.0,50.0
3387,2021040800100055,7,목요일,남해제2지선,부산광역시,경상사고,0,0,2,0,차대차 - 추돌,안전거리미확보,-,맑음,단일로 - 기타,승용,1,33,경상,특수,0,66,경상,30.0,30.0
3388,2021041500100023,4,목요일,남해제2지선,경상남도,경상사고,0,0,1,0,차량단독 - 공작물충돌,안전운전불이행,-,맑음,기타 - 기타,화물,0,48,경상,기타불명,2,0,기타불명,40.0,40.0
3389,2021050100100079,8,토요일,남해제2지선,부산광역시,경상사고,0,0,1,1,차대차 - 측면충돌,안전거리미확보,-,맑음,단일로 - 기타,승용,1,53,경상,특수,0,59,상해없음,50.0,50.0
3390,2021051100100625,22,화요일,남해제2지선,경상남도,경상사고,0,0,1,0,차대차 - 추돌,안전거리미확보,-,맑음,단일로 - 기타,승용,0,32,상해없음,승용,1,29,경상,30.0,30.0
3391,2021060400100252,13,금요일,남해제2지선,부산광역시,중상사고,0,1,0,0,차대차 - 추돌,안전거리미확보,-,맑음,단일로 - 기타,화물,0,62,상해없음,승용,0,47,중상,60.0,60.0
3392,2021060700100032,7,월요일,남해제2지선,경상남도,중상사고,0,1,0,0,차대차 - 측면충돌,안전거리미확보,-,맑음,단일로 - 기타,화물,0,54,상해없음,승용,0,53,중상,50.0,50.0
3393,2021061400100019,4,월요일,남해제2지선,부산광역시,중상사고,0,1,1,0,차대차 - 추돌,안전운전불이행,-,흐림,단일로 - 기타,승용,0,52,상해없음,화물,0,46,경상,50.0,50.0
3394,2021061800100452,19,금요일,남해제2지선,부산광역시,경상사고,0,0,1,0,차대차 - 기타,안전운전불이행,-,맑음,단일로 - 기타,승용,0,67,상해없음,승용,0,70,경상,60.0,60.0
3395,2021062800100084,8,월요일,남해제2지선,부산광역시,경상사고,0,0,1,0,차대차 - 추돌,안전운전불이행,-,맑음,단일로 - 기타,승용,0,28,상해없음,화물,0,42,경상,20.0,20.0
3396,2021070400100081,7,일요일,남해제2지선,경상남도,중상사고,0,3,2,1,차대차 - 추돌,안전운전불이행,-,비,단일로 - 기타,화물,0,43,상해없음,승용,0,28,경상,40.0,40.0
3397,2021071900100086,8,월요일,남해제2지선,부산광역시,경상사고,0,0,1,0,차대차 - 추돌,안전운전불이행,-,맑음,단일로 - 기타,승용,0,57,상해없음,승용,0,52,경상,50.0,50.0
3398,2021081700100204,12,화요일,남해제2지선,경상남도,경상사고,0,0,1,0,차대차 - 측면충돌,안전거리미확보,-,맑음,단일로 - 기타,승용,0,55,상해없음,승용,0,37,경상,50.0,50.0
3399,2021082100100333,17,토요일,남해제2지선,경상남도,경상사고,0,0,2,0,차대차 - 측면충돌,안전운전불이행,-,비,단일로 - 기타,승용,0,57,상해없음,승용,0,56,경상,50.0,50.0
3400,2021082300100264,14,월요일,남해제2지선,경상남도,사망사고,1,0,0,0,차대차 - 추돌,안전운전불이행,-,비,단일로 - 기타,특수,0,55,사망,승용,0,22,상해없음,50.0,50.0
3401,2021091000100660,23,금요일,남해제2지선,경상남도,중상사고,0,1,0,0,차대차 - 기타,안전운전불이행,-,맑음,단일로 - 기타,승용,0,26,상해없음,승용,0,28,중상,20.0,20.0
3402,2021091500100562,18,수요일,남해제2지선,부산광역시,경상사고,0,0,1,0,차대차 - 기타,안전운전불이행,-,맑음,단일로 - 기타,승용,0,31,상해없음,승용,1,27,경상,,
3403,2021091800100660,22,토요일,남해제2지선,부산광역시,중상사고,0,1,0,0,차대차 - 추돌,안전운전불이행,-,맑음,단일로 - 기타,승용,0,39,상해없음,승용,1,50,중상,30.0,30.0
3404,2021092900100531,20,수요일,남해제2지선,부산광역시,경상사고,0,0,2,1,차대차 - 기타,안전거리미확보,-,비,단일로 - 기타,특수,0,47,상해없음,승용,1,60,경상,40.0,40.0
3405,2021100100100558,19,금요일,남해제2지선,부산광역시,경상사고,0,0,11,0,차대차 - 기타,안전운전불이행,-,맑음,단일로 - 기타,특수,0,51,상해없음,승용,1,51,경상,,
3406,2021101300100597,22,수요일,남해제2지선,부산광역시,경상사고,0,0,1,0,차대차 - 측면충돌,안전거리미확보,-,맑음,단일로 - 기타,특수,0,58,상해없음,승용,1,47,경상,50.0,50.0
3407,2021101400100434,17,목요일,남해제2지선,부산광역시,경상사고,0,0,1,0,차대차 - 기타,안전운전불이행,-,맑음,단일로 - 교량,특수,0,48,상해없음,승용,0,68,경상,40.0,40.0
3408,2021101700100006,0,일요일,남해제2지선,부산광역시,경상사고,0,0,1,3,차대차 - 추돌,과속,-,맑음,단일로 - 기타,승용,0,22,상해없음,승용,0,45,경상,20.0,20.0
3409,2021102000100450,18,수요일,남해제2지선,경상남도,중상사고,0,1,0,0,차대차 - 추돌,안전운전불이행,-,맑음,단일로 - 기타,승용,0,61,상해없음,승용,0,38,중상,,
3410,2021102800100553,19,목요일,남해제2지선,부산광역시,경상사고,0,0,1,0,차대차 - 측면충돌,차로위반,-,맑음,단일로 - 기타,특수,0,53,상해없음,승용,1,67,경상,50.0,50.0
3411,2021103100100343,18,일요일,남해제2지선,경상남도,중상사고,0,1,4,0,차대차 - 추돌,안전운전불이행,-,맑음,단일로 - 기타,승용,0,44,상해없음,승용,0,41,중상,40.0,40.0
3412,2021112500100280,13,목요일,남해제2지선,부산광역시,사망사고,1,0,0,1,차대차 - 기타,안전운전불이행,-,맑음,단일로 - 기타,승용,1,69,사망,승합,0,63,부상신고,60.0,60.0
3413,2021112500100315,14,목요일,남해제2지선,부산광역시,경상사고,0,0,1,0,차대차 - 측면충돌,안전운전불이행,-,맑음,단일로 - 고가도로위,화물,0,56,상해없음,승용,0,46,경상,50.0,50.0
3414,2021121100100222,13,토요일,남해제2지선,경상남도,경상사고,0,0,4,2,차대차 - 추돌,안전거리미확보,-,맑음,단일로 - 기타,승용,1,49,상해없음,승용,0,38,경상,40.0,40.0
3415,2021122300100107,9,목요일,남해제2지선,경상남도,중상사고,0,1,0,0,차대차 - 기타,안전운전불이행,-,맑음,단일로 - 기타,특수,0,44,상해없음,승용,1,42,중상,40.0,40.0
3416,2021122900100302,16,수요일,남해제2지선,부산광역시,경상사고,0,0,2,1,차대차 - 추돌,안전운전불이행,-,맑음,단일로 - 기타,승용,0,24,상해없음,승용,0,24,경상,20.0,20.0
3417,2020021300100186,11,목요일,남해제3지선,경상남도,경상사고,0,0,1,0,차대차 - 기타,안전거리미확보,포장 - 건조,맑음,단일로 - 기타,승용,0,45,상해없음,승용,0,32,경상,40.0,40.0
3418,2021040300100087,9,토요일,남해제3지선,경상남도,중상사고,0,1,0,0,차대사람 - 기타,안전운전불이행,-,맑음,단일로 - 기타,건설기계,0,49,상해없음,보행자,0,52,중상,40.0,40.0
3419,2021072100100363,15,수요일,남해제3지선,경상남도,경상사고,0,0,1,0,차대차 - 기타,신호위반,-,맑음,단일로 - 교량,특수,0,49,상해없음,화물,0,33,경상,40.0,40.0
3420,2021120600100413,18,월요일,남해제3지선,경상남도,경상사고,0,0,1,0,차대차 - 기타,안전운전불이행,-,맑음,단일로 - 기타,화물,0,73,상해없음,특수,0,63,경상,70.0,70.0
3421,2019032700100056,3,수요일,남해지선,경상남도,중상사고,0,1,0,0,차대사람 - 차도통행중,안전운전불이행,포장 - 건조,맑음,단일로 - 기타,승용,0,47,상해없음,보행자,0,79,중상,40.0,40.0
3422,2019061700100454,16,월요일,남해지선,경상남도,경상사고,0,0,1,0,차대차 - 기타,기타,포장 - 건조,맑음,단일로 - 기타,화물,0,26,상해없음,승용,1,28,경상,20.0,20.0
3423,2019073000100401,15,화요일,남해지선,경상남도,경상사고,0,0,1,0,차대차 - 측면충돌,신호위반,포장 - 건조,맑음,단일로 - 기타,화물,0,60,상해없음,승용,0,58,경상,50.0,50.0
3424,2019081600100257,11,금요일,남해지선,경상남도,중상사고,0,6,24,13,차대차 - 추돌,안전거리미확보,포장 - 건조,맑음,단일로 - 기타,승합,0,59,상해없음,승용,0,58,경상,50.0,50.0
3425,2019081800100273,15,일요일,남해지선,경상남도,경상사고,0,0,1,0,차대차 - 측면충돌,안전운전불이행,포장 - 건조,맑음,단일로 - 기타,승용,0,51,상해없음,화물,0,33,경상,,
3426,2019083000100547,17,금요일,남해지선,경상남도,중상사고,0,2,1,0,차대차 - 기타,안전거리미확보,포장 - 건조,맑음,단일로 - 기타,승용,0,64,기타불명,승용,0,60,중상,60.0,60.0
3427,2019100800100588,18,화요일,남해지선,경상남도,중상사고,0,1,0,0,차대차 - 측면충돌,안전운전불이행,포장 - 건조,맑음,단일로 - 기타,화물,0,58,상해없음,승용,0,45,중상,50.0,50.0
3428,2019111600100348,13,토요일,남해지선,경상남도,경상사고,0,0,2,0,차대차 - 추돌,안전운전불이행,포장 - 건조,맑음,단일로 - 기타,승용,0,47,상해없음,승용,1,26,상해없음,40.0,40.0
3429,2019112900100774,21,금요일,남해지선,경상남도,중상사고,0,1,0,0,차대사람 - 횡단중,안전운전불이행,포장 - 건조,맑음,단일로 - 기타,화물,0,68,상해없음,보행자,0,52,중상,60.0,60.0
3430,2019121300100568,18,금요일,남해지선,경상남도,경상사고,0,0,1,0,차대차 - 추돌,안전운전불이행,포장 - 건조,맑음,단일로 - 기타,승용,0,51,상해없음,승용,0,26,경상,,
3431,2019122500100428,21,수요일,남해지선,경상남도,경상사고,0,0,1,0,차대차 - 기타,안전운전불이행,포장 - 건조,맑음,단일로 - 기타,승용,0,22,상해없음,승용,0,32,경상,20.0,20.0
3432,2020011600100293,14,목요일,논산천안,충청남도,중상사고,0,2,3,0,차대차 - 기타,안전운전불이행,포장 - 건조,맑음,단일로 - 터널,승용,1,60,상해없음,승용,0,22,중상,50.0,50.0
3433,2020011600100362,16,목요일,논산천안,충청남도,중상사고,0,1,1,0,차대차 - 기타,신호위반,포장 - 건조,맑음,단일로 - 기타,승용,1,46,상해없음,승합,0,62,경상,40.0,40.0