,사고번호,사고일시,요일,도로종류,시군구,사고내용,사망자수,중상자수,경상자수,부상신고자수,사고유형,법규위반,노면상태,기상상태,도로형태,가해운전자 차종,가해운전자 성별,가해운전자 연령,가해운전자 상해정도,피해운전자 차종,피해운전자 성별,피해운전자 연령,피해운전자 상해정도,연령대,가해연령대
3434,2020012000100484,17,월요일,논산천안,충청남도,경상사고,0,0,1,0,차대차 - 추돌,안전운전불이행,포장 - 건조,흐림,단일로 - 터널,화물,0,39,상해없음,승용,0,59,경상,30.0,30.0
3435,2020020300100245,12,월요일,논산천안,충청남도,사망사고,1,0,1,0,차대차 - 기타,안전운전불이행,포장 - 건조,맑음,단일로 - 터널,화물,0,50,사망,화물,0,64,상해없음,40.0,40.0
3436,2020022000100333,14,목요일,논산천안,충청남도,경상사고,0,0,1,0,차대차 - 추돌,안전운전불이행,포장 - 건조,맑음,단일로 - 기타,승합,0,32,상해없음,승용,0,51,경상,30.0,30.0
3437,2020022300100150,13,일요일,논산천안,충청남도,경상사고,0,0,9,0,차대차 - 추돌,안전운전불이행,포장 - 건조,맑음,기타 - 기타,승용,0,47,상해없음,승용,1,47,경상,40.0,40.0
3438,2020022300100359,23,일요일,논산천안,충청남도,중상사고,0,1,0,0,차대차 - 기타,안전운전불이행,포장 - 건조,맑음,단일로 - 기타,승용,0,26,상해없음,승합,0,54,중상,20.0,20.0
3439,2020022700100431,23,목요일,논산천안,충청남도,중상사고,0,4,1,0,차대차 - 기타,과속,포장 - 건조,맑음,단일로 - 기타,승용,0,61,상해없음,승용,0,49,중상,,
3440,2020032700100175,11,금요일,논산천안,충청남도,경상사고,0,0,3,0,차대차 - 추돌,안전운전불이행,포장 - 건조,맑음,단일로 - 기타,승용,0,36,상해없음,승용,1,37,경상,30.0,30.0
3441,2020040100100134,10,수요일,논산천안,충청남도,경상사고,0,0,2,0,차대차 - 추돌,안전운전불이행,포장 - 건조,맑음,단일로 - 터널,승용,0,42,기타불명,승용,1,61,경상,40.0,40.0
3442,2020040500100191,13,일요일,논산천안,충청남도,경상사고,0,0,6,0,차대차 - 기타,안전운전불이행,포장 - 건조,맑음,단일로 - 기타,승용,0,52,상해없음,승용,0,54,경상,50.0,50.0
3443,2020040700100356,17,화요일,논산천안,충청남도,경상사고,0,0,7,0,차대차 - 기타,안전운전불이행,포장 - 건조,맑음,단일로 - 기타,승용,0,30,경상,승용,0,45,경상,20.0,20.0
3444,2020041200100024,1,일요일,논산천안,충청남도,중상사고,0,1,4,0,차대차 - 정면충돌,안전운전불이행,포장 - 건조,맑음,기타 - 기타,승용,1,48,상해없음,승용,0,41,경상,40.0,40.0
3445,2020041300100049,7,월요일,논산천안,충청남도,중상사고,0,3,1,0,차대차 - 추돌,안전운전불이행,포장 - 건조,맑음,단일로 - 기타,승용,0,32,상해없음,승용,1,36,중상,30.0,30.0
3446,2020041400100344,16,화요일,논산천안,충청남도,경상사고,0,0,2,0,차대차 - 측면충돌,안전운전불이행,포장 - 건조,맑음,단일로 - 기타,승용,0,50,상해없음,승용,0,57,경상,40.0,40.0
3447,2020042900100260,13,수요일,논산천안,충청남도,사망사고,1,0,2,0,차대차 - 추돌,안전거리미확보,포장 - 건조,맑음,단일로 - 기타,화물,0,63,사망,화물,0,53,경상,60.0,60.0
3448,2020051300100260,12,수요일,논산천안,충청남도,경상사고,0,0,2,0,차대차 - 기타,안전운전불이행,포장 - 건조,맑음,단일로 - 터널,승용,0,32,상해없음,승용,1,44,경상,30.0,30.0
3449,2020051900100008,0,화요일,논산천안,충청남도,경상사고,0,0,1,0,차대차 - 측면충돌,안전운전불이행,포장 - 건조,맑음,단일로 - 기타,승용,0,46,상해없음,화물,0,67,경상,40.0,40.0
3450,2020052100100010,1,목요일,논산천안,충청남도,경상사고,0,0,2,0,차대차 - 측면충돌,안전운전불이행,포장 - 건조,맑음,단일로 - 기타,승용,0,34,상해없음,승용,0,30,경상,30.0,30.0
3451,2020060900100439,16,화요일,논산천안,충청남도,중상사고,0,1,0,0,차대차 - 측면충돌,안전운전불이행,포장 - 건조,맑음,단일로 - 기타,특수,0,42,상해없음,화물,0,54,중상,40.0,40.0
3452,2020061900100060,6,금요일,논산천안,충청남도,중상사고,0,1,0,0,차대차 - 추돌,안전운전불이행,포장 - 건조,맑음,단일로 - 기타,화물,0,52,상해없음,승용,0,29,중상,50.0,50.0
3453,2020061900100493,17,금요일,논산천안,충청남도,중상사고,0,1,1,0,차대차 - 추돌,안전운전불이행,포장 - 건조,맑음,단일로 - 기타,승용,0,63,상해없음,승용,0,49,경상,60.0,60.0
3454,2020062100100147,10,일요일,논산천안,충청남도,경상사고,0,0,1,0,차대차 - 추돌,안전운전불이행,포장 - 건조,맑음,기타 - 기타,승용,0,50,상해없음,승용,0,28,경상,40.0,40.0
3455,2020070500100097,8,일요일,논산천안,충청남도,경상사고,0,0,3,0,차대차 - 추돌,안전운전불이행,포장 - 건조,맑음,단일로 - 기타,승용,0,74,상해없음,승용,0,55,경상,70.0,70.0
3456,2020071000100303,14,금요일,논산천안,충청남도,경상사고,0,0,3,0,차대차 - 추돌,안전운전불이행,포장 - 건조,맑음,단일로 - 기타,승용,0,29,상해없음,승용,0,45,경상,20.0,20.0
3457,2020072000100031,4,월요일,논산천안,충청남도,중상사고,0,2,0,0,차대차 - 기타,안전운전불이행,포장 - 젖음/습기,비,단일로 - 기타,승용,0,29,중상,승용,0,40,상해없음,20.0,20.0
3458,2020073000100107,8,목요일,논산천안,충청남도,경상사고,0,0,1,0,차대차 - 측면충돌,안전운전불이행,포장 - 건조,맑음,단일로 - 기타,화물,0,52,상해없음,승용,1,55,경상,50.0,50.0
3459,2020080900100263,16,일요일,논산천안,충청남도,경상사고,0,0,16,0,차대차 - 기타,안전운전불이행,포장 - 건조,맑음,단일로 - 터널,승용,0,41,경상,승용,0,46,경상,,
3460,2020081000100172,11,월요일,논산천안,충청남도,경상사고,0,0,3,0,차대차 - 추돌,안전운전불이행,포장 - 건조,맑음,단일로 - 기타,승용,1,58,상해없음,승용,0,54,경상,50.0,50.0
3461,2020081800100688,23,화요일,논산천안,충청남도,사망사고,2,2,0,0,차대차 - 기타,안전운전불이행,포장 - 건조,맑음,단일로 - 기타,화물,0,42,중상,화물,0,50,기타불명,40.0,40.0
3462,2020081900100168,10,수요일,논산천안,충청남도,경상사고,0,0,1,0,차대차 - 기타,안전운전불이행,포장 - 건조,맑음,단일로 - 기타,승용,0,32,상해없음,승용,1,27,경상,30.0,30.0
3463,2020082200100029,1,토요일,논산천안,충청남도,경상사고,0,0,1,0,차대차 - 추돌,안전운전불이행,포장 - 건조,맑음,단일로 - 기타,화물,0,25,상해없음,화물,0,61,경상,20.0,20.0
3464,2020091100100151,10,금요일,논산천안,충청남도,중상사고,0,1,2,0,차대차 - 추돌,안전운전불이행,포장 - 건조,맑음,단일로 - 기타,승용,0,29,상해없음,승용,0,33,경상,20.0,20.0
3465,2020091300100130,11,일요일,논산천안,충청남도,경상사고,0,0,4,0,차대차 - 추돌,안전운전불이행,포장 - 건조,맑음,단일로 - 교량,승용,0,37,경상,화물,0,32,경상,30.0,30.0
3466,2020091300100484,23,일요일,논산천안,충청남도,경상사고,0,0,2,0,차대차 - 추돌,안전운전불이행,포장 - 건조,맑음,기타 - 기타,승용,0,49,경상,승용,0,30,경상,40.0,40.0
3467,2020092400100329,14,목요일,논산천안,충청남도,경상사고,0,0,4,0,차대차 - 기타,안전운전불이행,포장 - 건조,맑음,단일로 - 기타,승용,0,42,상해없음,승용,0,35,경상,40.0,40.0
3468,2020102000100041,5,화요일,논산천안,충청남도,경상사고,0,0,1,0,차대차 - 측면충돌,안전운전불이행,포장 - 건조,맑음,기타 - 기타,특수,0,49,상해없음,화물,0,40,경상,40.0,40.0
3469,2020102400100362,14,토요일,논산천안,충청남도,경상사고,0,0,3,0,차대차 - 추돌,안전운전불이행,포장 - 건조,맑음,단일로 - 기타,승용,0,55,상해없음,승용,0,38,상해없음,50.0,50.0
3470,2020102900100091,7,목요일,논산천안,충청남도,중상사고,0,1,1,0,차대차 - 추돌,안전운전불이행,포장 - 건조,맑음,단일로 - 기타,화물,0,43,상해없음,승용,0,41,경상,40.0,40.0
3471,2020103000100243,11,금요일,논산천안,충청남도,경상사고,0,0,1,0,차대차 - 기타,안전운전불이행,포장 - 건조,맑음,단일로 - 터널,승용,0,51,상해없음,승용,0,25,경상,,
3472,2020110300100473,17,화요일,논산천안,충청남도,경상사고,0,0,8,0,차대차 - 추돌,안전운전불이행,포장 - 건조,맑음,기타 - 기타,승용,0,22,상해없음,승용,1,34,경상,20.0,20.0
3473,2020110600100033,2,금요일,논산천안,충청남도,경상사고,0,0,1,0,차대차 - 기타,안전운전불이행,포장 - 건조,맑음,단일로 - 기타,승용,1,22,상해없음,승용,1,35,경상,20.0,20.0
3474,2020111200100296,13,목요일,논산천안,충청남도,경상사고,0,0,2,0,차대차 - 추돌,안전운전불이행,포장 - 건조,맑음,단일로 - 터널,승용,0,52,상해없음,승용,0,31,경상,50.0,50.0
3475,2020111300100017,1,금요일,논산천안,충청남도,경상사고,0,0,1,0,차대차 - 기타,안전운전불이행,포장 - 건조,맑음,단일로 - 기타,특수,0,57,상해없음,승용,0,25,상해없음,50.0,50.0
3476,2020112900100242,16,일요일,논산천안,충청남도,경상사고,0,0,1,0,차대차 - 추돌,안전운전불이행,포장 - 건조,맑음,기타 - 기타,승용,0,29,상해없음,승용,0,51,경상,20.0,20.0
3477,2020120400100374,16,금요일,논산천안,충청남도,경상사고,0,0,2,0,차대차 - 추돌,안전운전불이행,포장 - 건조,맑음,단일로 - 터널,승용,0,53,상해없음,승용,0,29,상해없음,50.0,50.0
3478,2020121400100467,19,월요일,논산천안,충청남도,중상사고,0,1,1,0,차대차 - 추돌,안전운전불이행,포장 - 건조,맑음,단일로 - 기타,승용,0,57,중상,화물,0,70,경상,50.0,50.0
3479,2020121700100295,14,목요일,논산천안,충청남도,경상사고,0,0,1,0,차대차 - 측면충돌,안전운전불이행,포장 - 건조,맑음,기타 - 기타,승용,0,27,상해없음,승용,0,64,경상,20.0,20.0
3480,2020121700100551,21,목요일,논산천안,충청남도,경상사고,0,0,1,0,차대차 - 측면충돌,차로위반,포장 - 건조,맑음,단일로 - 기타,승용,0,45,상해없음,승용,0,29,경상,40.0,40.0
3481,2020122700100237,19,일요일,논산천안,충청남도,경상사고,0,0,3,0,차대차 - 측면충돌,안전운전불이행,포장 - 건조,맑음,단일로 - 기타,승용,0,40,상해없음,승용,0,31,경상,30.0,30.0
3482,2019010900100482,20,수요일,당진영덕,경상북도,중상사고,0,1,1,0,차대차 - 기타,안전운전불이행,포장 - 건조,맑음,단일로 - 기타,기타불명,2,0,기타불명,승용,0,26,중상,20.0,20.0
3483,2019011300100022,0,일요일,당진영덕,충청북도,경상사고,0,0,5,0,차대차 - 기타,중앙선침범,포장 - 건조,맑음,단일로 - 기타,승용,1,42,경상,승용,0,40,경상,40.0,40.0
3484,2019011800100592,21,금요일,당진영덕,충청남도,경상사고,0,0,1,0,차대차 - 측면충돌,안전운전불이행,포장 - 건조,맑음,단일로 - 기타,승용,0,22,상해없음,화물,0,57,경상,20.0,20.0
3485,2019020500100120,12,화요일,당진영덕,충청남도,경상사고,0,0,1,0,차대차 - 추돌,안전거리미확보,포장 - 건조,맑음,단일로 - 기타,승용,0,46,상해없음,승용,1,50,경상,40.0,40.0
3486,2019021300100508,20,수요일,당진영덕,충청북도,중상사고,0,1,4,0,차대차 - 추돌,안전거리미확보,포장 - 건조,맑음,단일로 - 기타,승용,0,58,경상,승용,0,30,중상,50.0,50.0
3487,2019021800100538,22,월요일,당진영덕,세종특별자치시,중상사고,0,1,0,0,차대차 - 측면충돌,기타,포장 - 젖음/습기,비,단일로 - 기타,화물,0,35,상해없음,승용,0,49,중상,30.0,30.0
3488,2019022200100078,5,금요일,당진영덕,충청남도,경상사고,0,0,1,0,차대차 - 기타,안전운전불이행,포장 - 건조,맑음,단일로 - 기타,화물,0,42,상해없음,화물,0,54,경상,40.0,40.0
3489,2019022500100037,2,월요일,당진영덕,세종특별자치시,중상사고,0,1,0,0,차대차 - 추돌,안전운전불이행,포장 - 건조,맑음,단일로 - 기타,화물,0,46,상해없음,화물,0,68,중상,40.0,40.0
3490,2019030100100268,14,금요일,당진영덕,충청북도,경상사고,0,0,1,0,차대차 - 추돌,안전거리미확보,포장 - 건조,맑음,단일로 - 기타,승용,0,32,상해없음,승용,0,29,경상,30.0,30.0
3491,2019030400100549,23,월요일,당진영덕,충청북도,중상사고,0,1,1,0,차대차 - 추돌,안전운전불이행,포장 - 건조,맑음,단일로 - 기타,승용,0,28,중상,화물,0,53,경상,20.0,20.0
3492,2019030500100029,0,화요일,당진영덕,충청북도,경상사고,0,0,2,0,차대차 - 추돌,안전운전불이행,포장 - 건조,맑음,단일로 - 기타,화물,0,58,상해없음,화물,0,35,경상,50.0,50.0
3493,2019030800100036,1,금요일,당진영덕,충청북도,중상사고,0,1,1,0,차대차 - 추돌,안전운전불이행,포장 - 건조,맑음,단일로 - 기타,화물,0,34,경상,화물,0,60,중상,30.0,30.0
3494,2019032100100589,21,목요일,당진영덕,충청남도,사망사고,1,0,0,0,차대차 - 추돌,안전운전불이행,포장 - 건조,맑음,단일로 - 터널,승용,0,39,사망,화물,0,43,상해없음,30.0,30.0
3495,2019040300100268,12,수요일,당진영덕,경상북도,사망사고,1,0,1,0,차대차 - 추돌,안전운전불이행,포장 - 건조,맑음,단일로 - 기타,화물,0,53,사망,화물,0,37,경상,50.0,50.0
3496,2019040700100382,17,일요일,당진영덕,충청남도,경상사고,0,0,1,0,차대차 - 측면충돌,안전운전불이행,포장 - 건조,맑음,기타 - 기타,승용,0,20,상해없음,승용,0,25,경상,20.0,20.0
3497,2019042700100559,18,토요일,당진영덕,경상북도,중상사고,0,3,0,0,차대차 - 추돌,안전운전불이행,포장 - 건조,맑음,단일로 - 기타,화물,0,42,상해없음,승용,1,31,중상,40.0,40.0
3498,2019051000100465,16,금요일,당진영덕,충청북도,경상사고,0,0,5,0,차대차 - 추돌,안전운전불이행,포장 - 건조,맑음,단일로 - 기타,승용,0,28,경상,승용,1,37,경상,20.0,20.0
3499,2019051300100278,12,월요일,당진영덕,경상북도,중상사고,0,1,0,0,차대차 - 추돌,안전운전불이행,포장 - 건조,맑음,단일로 - 터널,승합,0,54,상해없음,승용,0,53,중상,50.0,50.0
3500,2019051900100564,22,일요일,당진영덕,충청남도,경상사고,0,0,4,0,차대차 - 측면충돌,안전운전불이행,포장 - 건조,맑음,단일로 - 기타,승합,0,58,상해없음,승용,0,43,상해없음,50.0,50.0
3501,2019052400100591,18,금요일,당진영덕,충청남도,경상사고,0,0,3,4,차대차 - 추돌,안전거리미확보,포장 - 건조,맑음,단일로 - 기타,승용,0,68,상해없음,승용,0,23,경상,60.0,60.0
3502,2019052500100294,12,토요일,당진영덕,충청북도,중상사고,0,1,0,0,차대차 - 기타,안전운전불이행,포장 - 건조,맑음,단일로 - 기타,승용,1,37,상해없음,승용,0,58,중상,30.0,30.0
3503,2019052800100225,10,화요일,당진영덕,충청북도,사망사고,1,3,3,0,차대차 - 추돌,안전운전불이행,포장 - 건조,맑음,단일로 - 기타,화물,0,53,상해없음,승용,0,74,경상,50.0,50.0
3504,2019053000100348,14,목요일,당진영덕,경상북도,중상사고,0,1,3,0,차대차 - 추돌,안전운전불이행,포장 - 건조,맑음,단일로 - 터널,화물,0,73,중상,승합,0,52,경상,70.0,70.0
3505,2019060200100399,19,일요일,당진영덕,세종특별자치시,중상사고,0,1,0,0,차량단독 - 기타,안전운전불이행,포장 - 건조,맑음,단일로 - 기타,승용,1,59,중상,기타불명,2,0,기타불명,50.0,50.0
3506,2019060400100098,7,화요일,당진영덕,충청남도,사망사고,3,1,0,0,차대차 - 정면충돌,중앙선침범,포장 - 건조,맑음,기타 - 기타,화물,0,40,사망,승용,1,29,사망,30.0,30.0
3507,2019061700100020,0,월요일,당진영덕,충청북도,경상사고,0,0,6,0,차량단독 - 공작물충돌,안전운전불이행,포장 - 건조,맑음,단일로 - 기타,승합,0,21,상해없음,기타불명,2,0,기타불명,20.0,20.0
3508,2019062100100066,4,금요일,당진영덕,충청남도,중상사고,0,1,0,0,차대차 - 기타,안전운전불이행,포장 - 건조,맑음,단일로 - 기타,승용,1,40,상해없음,화물,0,45,중상,30.0,30.0
3509,2019062300100429,17,일요일,당진영덕,충청남도,중상사고,0,1,2,0,차량단독 - 기타,안전운전불이행,포장 - 건조,맑음,단일로 - 기타,승합,0,61,상해없음,기타불명,2,0,기타불명,,
3510,2019062400100301,12,월요일,당진영덕,충청북도,중상사고,0,1,2,0,차대차 - 추돌,안전운전불이행,포장 - 건조,맑음,단일로 - 기타,승용,0,43,상해없음,승용,0,43,중상,40.0,40.0
3511,2019070500100385,15,금요일,당진영덕,충청북도,중상사고,0,1,4,0,차대차 - 추돌,안전거리미확보,포장 - 건조,맑음,단일로 - 터널,승용,0,33,상해없음,승용,0,25,경상,30.0,30.0
3512,2019070600100085,3,토요일,당진영덕,충청남도,중상사고,0,1,0,0,차량단독 - 기타,과속,포장 - 건조,맑음,단일로 - 기타,승용,0,25,상해없음,기타불명,2,0,기타불명,20.0,20.0
3513,2019070800100051,4,월요일,당진영덕,충청남도,경상사고,0,0,1,0,차대차 - 추돌,안전운전불이행,포장 - 건조,맑음,단일로 - 기타,화물,0,57,기타불명,승용,0,49,경상,50.0,50.0
3514,2019071200100510,17,금요일,당진영덕,경상북도,중상사고,0,1,0,0,차대사람 - 기타,안전운전불이행,포장 - 건조,맑음,기타 - 기타,승합,1,48,상해없음,보행자,1,64,중상,40.0,40.0
3515,2019071700100495,18,수요일,당진영덕,충청남도,사망사고,1,0,1,0,차량단독 - 전도전복 - 전복,안전운전불이행,포장 - 건조,흐림,단일로 - 기타,승용,1,24,사망,기타불명,2,0,기타불명,20.0,20.0
3516,2019071900100039,0,금요일,당진영덕,충청북도,중상사고,0,1,0,0,차대차 - 기타,안전운전불이행,포장 - 건조,맑음,단일로 - 지하차도(도로)내,화물,0,67,상해없음,화물,0,54,중상,60.0,60.0
3517,2019072300100043,1,화요일,당진영덕,충청북도,중상사고,0,1,0,0,차대차 - 추돌,안전운전불이행,포장 - 건조,맑음,단일로 - 기타,화물,0,44,상해없음,화물,0,62,중상,40.0,40.0
3518,2019072900100382,15,월요일,당진영덕,충청북도,중상사고,0,2,6,0,차대차 - 추돌,안전운전불이행,포장 - 건조,맑음,단일로 - 기타,승용,0,28,상해없음,승용,0,49,경상,20.0,20.0
3519,2019080200100068,4,금요일,당진영덕,충청북도,사망사고,1,0,1,0,차대차 - 추돌,안전운전불이행,포장 - 건조,맑음,단일로 - 기타,화물,0,68,사망,화물,0,69,경상,60.0,60.0
3520,2019081400100279,11,수요일,당진영덕,충청남도,경상사고,0,0,1,0,차대차 - 추돌,안전운전불이행,포장 - 건조,맑음,단일로 - 기타,화물,0,24,상해없음,특수,0,27,경상,20.0,20.0
3521,2019081400100486,16,수요일,당진영덕,충청남도,경상사고,0,0,1,0,차대차 - 기타,안전운전불이행,포장 - 건조,맑음,기타 - 기타,화물,0,75,상해없음,승용,1,47,경상,70.0,70.0
3522,2019082000100368,15,화요일,당진영덕,충청북도,경상사고,0,0,3,1,차대차 - 추돌,안전운전불이행,포장 - 건조,맑음,단일로 - 기타,승용,0,21,상해없음,화물,0,28,경상,20.0,20.0
3523,2019082700100601,20,화요일,당진영덕,경상북도,경상사고,0,0,1,0,차대차 - 추돌,안전운전불이행,포장 - 건조,맑음,단일로 - 기타,기타불명,2,0,기타불명,승용,0,49,상해없음,20.0,20.0
3524,2019091100100722,19,수요일,당진영덕,충청북도,경상사고,0,0,2,0,차대차 - 추돌,안전운전불이행,포장 - 건조,맑음,단일로 - 터널,승용,0,26,경상,승용,0,32,경상,20.0,20.0
3525,2019091300100334,17,금요일,당진영덕,충청북도,중상사고,0,3,1,2,차대차 - 추돌,안전거리미확보,포장 - 건조,맑음,단일로 - 터널,승용,1,38,중상,승용,0,51,상해없음,30.0,30.0
3526,2019092200100283,15,일요일,당진영덕,충청북도,경상사고,0,0,4,0,차대차 - 측면충돌,안전운전불이행,포장 - 젖음/습기,비,단일로 - 교량,승용,0,58,상해없음,승용,1,45,경상,50.0,50.0
3527,2019092800100131,6,토요일,당진영덕,충청남도,경상사고,0,0,1,0,차대차 - 추돌,안전운전불이행,포장 - 건조,맑음,단일로 - 기타,승용,0,38,상해없음,승용,0,38,상해없음,30.0,30.0
3528,2019092800100132,6,토요일,당진영덕,충청남도,사망사고,1,0,1,0,차대차 - 추돌,안전운전불이행,포장 - 건조,맑음,단일로 - 기타,특수,0,55,경상,건설기계,0,65,사망,50.0,50.0
3529,2019100200100515,17,수요일,당진영덕,충청남도,중상사고,0,1,1,0,차대차 - 추돌,안전운전불이행,포장 - 젖음/습기,비,기타 - 기타,승용,0,44,상해없음,화물,0,60,경상,40.0,40.0
3530,2019100700100373,14,월요일,당진영덕,충청남도,경상사고,0,0,3,0,차대차 - 측면충돌,안전운전불이행,포장 - 젖음/습기,비,단일로 - 기타,화물,0,72,상해없음,승용,0,31,경상,70.0,70.0
3531,2019100800100431,15,화요일,당진영덕,경상북도,경상사고,0,0,2,0,차대차 - 측면충돌,과속,포장 - 건조,맑음,단일로 - 터널,승용,0,81,상해없음,승용,1,43,상해없음,70.0,70.0
3532,2019101700100655,21,목요일,당진영덕,경상북도,경상사고,0,0,2,0,차대차 - 기타,안전운전불이행,포장 - 건조,맑음,단일로 - 기타,승용,1,51,상해없음,승용,0,61,경상,,
3533,2019101800100533,17,금요일,당진영덕,경상북도,중상사고,0,2,10,0,차대차 - 추돌,안전운전불이행,포장 - 건조,맑음,단일로 - 기타,화물,0,47,상해없음,승합,0,44,중상,40.0,40.0
3534,2019102100100447,15,월요일,당진영덕,경상북도,사망사고,1,0,0,0,차량단독 - 전도전복 - 전도,안전운전불이행,포장 - 건조,맑음,단일로 - 기타,건설기계,0,42,사망,기타불명,2,0,기타불명,40.0,40.0
3535,2019102700100494,18,일요일,당진영덕,충청남도,경상사고,0,0,2,0,차대차 - 추돌,신호위반,포장 - 건조,맑음,단일로 - 기타,승합,0,54,상해없음,승용,0,66,경상,50.0,50.0
3536,2019110800100475,15,금요일,당진영덕,경상북도,경상사고,0,0,1,0,차대차 - 기타,안전운전불이행,포장 - 건조,맑음,단일로 - 기타,승용,0,26,상해없음,화물,0,34,경상,20.0,20.0
3537,2019111900100449,15,화요일,당진영덕,충청북도,중상사고,0,1,1,0,차대차 - 추돌,안전운전불이행,포장 - 건조,맑음,단일로 - 기타,승용,0,47,상해없음,승용,0,45,중상,40.0,40.0
3538,2019112200100214,9,금요일,당진영덕,충청남도,경상사고,0,0,1,0,차대차 - 추돌,안전운전불이행,포장 - 건조,맑음,단일로 - 기타,승용,0,72,상해없음,화물,0,36,경상,70.0,70.0
3539,2019112400100281,15,일요일,당진영덕,충청남도,경상사고,0,0,3,0,차대차 - 추돌,안전운전불이행,포장 - 건조,맑음,단일로 - 기타,승용,1,44,상해없음,승용,0,52,경상,40.0,40.0
3540,2019112400100465,19,일요일,당진영덕,충청남도,사망사고,1,0,0,0,차대차 - 기타,안전운전불이행,포장 - 젖음/습기,비,단일로 - 기타,화물,0,63,사망,승용,0,37,상해없음,60.0,60.0
3541,2019112700100076,6,수요일,당진영덕,충청남도,경상사고,0,0,1,1,차대차 - 측면충돌,안전운전불이행,포장 - 젖음/습기,안개,단일로 - 기타,승용,0,60,상해없음,화물,0,75,경상,50.0,50.0
3542,2019112700100262,12,수요일,당진영덕,충청북도,중상사고,0,1,1,0,차대차 - 추돌,안전거리미확보,포장 - 건조,맑음,단일로 - 터널,승합,0,56,상해없음,화물,0,39,중상,50.0,50.0
3543,2019120200100574,20,월요일,당진영덕,경상북도,경상사고,0,0,1,0,차대차 - 추돌,안전운전불이행,포장 - 건조,맑음,단일로 - 기타,승용,0,29,상해없음,화물,0,49,경상,20.0,20.0
3544,2019120600100260,11,금요일,당진영덕,경상북도,중상사고,0,2,1,0,차대차 - 측면충돌,안전운전불이행,포장 - 건조,맑음,단일로 - 기타,화물,0,64,상해없음,승용,1,64,중상,60.0,60.0
3545,2019120600100532,18,금요일,당진영덕,대전광역시,중상사고,0,1,1,0,차대차 - 추돌,안전운전불이행,포장 - 건조,맑음,단일로 - 기타,화물,0,44,상해없음,특수,0,40,경상,40.0,40.0
3546,2019121500100419,18,일요일,당진영덕,충청북도,경상사고,0,0,2,0,차대차 - 추돌,안전운전불이행,포장 - 건조,맑음,기타 - 기타,승용,1,36,상해없음,승용,0,23,경상,30.0,30.0
3547,2019122000100532,18,금요일,당진영덕,충청남도,경상사고,0,0,1,0,차대차 - 추돌,안전운전불이행,포장 - 건조,맑음,단일로 - 기타,화물,0,58,상해없음,승용,1,46,경상,50.0,50.0
3548,2020011400100013,0,화요일,당진영덕,충청북도,중상사고,0,1,1,0,차대차 - 추돌,안전운전불이행,포장 - 건조,맑음,단일로 - 기타,특수,0,43,중상,화물,0,57,경상,40.0,40.0
3549,2020012200100733,23,수요일,당진영덕,충청북도,경상사고,0,0,2,0,차대차 - 기타,안전운전불이행,포장 - 젖음/습기,비,단일로 - 기타,화물,0,70,상해없음,승용,0,36,경상,60.0,60.0
3550,2020012400100177,12,금요일,당진영덕,충청북도,경상사고,0,0,2,0,차대차 - 추돌,안전운전불이행,포장 - 건조,맑음,단일로 - 지하차도(도로)내,승용,0,39,상해없음,승용,0,35,경상,30.0,30.0
3551,2020020800100403,18,토요일,당진영덕,충청북도,경상사고,0,0,1,0,차대차 - 추돌,안전운전불이행,포장 - 건조,맑음,단일로 - 기타,승용,0,51,상해없음,승용,0,58,상해없음,,
3552,2020021100100597,22,화요일,당진영덕,경상북도,중상사고,0,2,0,0,차대차 - 추돌,안전운전불이행,포장 - 건조,맑음,단일로 - 기타,특수,0,37,상해없음,승용,0,36,중상,30.0,30.0
3553,2020021700100024,5,월요일,당진영덕,충청남도,사망사고,1,0,0,0,차대차 - 추돌,안전운전불이행,포장 - 적설,눈,단일로 - 기타,화물,0,57,상해없음,화물,0,58,사망,50.0,50.0
3554,2020022200100021,0,토요일,당진영덕,경상북도,중상사고,0,1,0,0,차대차 - 추돌,안전운전불이행,포장 - 젖음/습기,비,단일로 - 기타,화물,0,54,상해없음,화물,0,61,중상,50.0,50.0
3555,2020030500100006,0,목요일,당진영덕,충청북도,사망사고,2,0,2,0,차대차 - 추돌,안전운전불이행,포장 - 건조,맑음,기타 - 기타,특수,0,57,경상,화물,0,56,경상,50.0,50.0
3556,2020031100100141,10,수요일,당진영덕,충청북도,경상사고,0,0,1,0,차대차 - 기타,기타,포장 - 건조,맑음,단일로 - 기타,승용,0,36,상해없음,화물,0,37,경상,30.0,30.0
3557,2020031400100315,15,토요일,당진영덕,충청남도,사망사고,1,2,9,0,차대차 - 추돌,안전운전불이행,포장 - 건조,맑음,기타 - 기타,승용,0,25,경상,승용,0,51,경상,20.0,20.0
3558,2020031700100376,19,화요일,당진영덕,경기도,경상사고,0,0,2,0,차대차 - 기타,안전운전불이행,포장 - 건조,맑음,기타 - 기타,특수,0,56,상해없음,승용,1,43,경상,50.0,50.0
3559,2020032200100336,19,일요일,당진영덕,경상북도,경상사고,0,0,1,0,차대차 - 추돌,안전운전불이행,포장 - 건조,맑음,단일로 - 기타,승용,0,25,상해없음,화물,0,65,경상,20.0,20.0
3560,2020032800100199,12,토요일,당진영덕,충청북도,경상사고,0,0,1,0,차대차 - 추돌,안전운전불이행,포장 - 건조,맑음,단일로 - 교량,화물,0,51,상해없음,화물,0,41,경상,,
3561,2020042100100033,5,화요일,당진영덕,충청남도,중상사고,0,3,0,0,차대차 - 추돌,안전운전불이행,포장 - 건조,맑음,단일로 - 기타,화물,0,37,상해없음,화물,2,0,기타불명,30.0,30.0