,사고번호,사고일시,요일,도로종류,시군구,사고내용,사망자수,중상자수,경상자수,부상신고자수,사고유형,법규위반,노면상태,기상상태,도로형태,가해운전자 차종,가해운전자 성별,가해운전자 연령,가해운전자 상해정도,피해운전자 차종,피해운전자 성별,피해운전자 연령,피해운전자 상해정도,연령대,가해연령대
3694,2019122700100583,20,금요일,대전남부순환,대전광역시,경상사고,0,0,3,0,차대차 - 추돌,안전운전불이행,포장 - 건조,맑음,단일로 - 기타,승용,0,32,상해없음,승용,0,43,경상,30.0,30.0
3695,2020012200100199,11,수요일,대전남부순환,대전광역시,사망사고,1,0,0,0,차대차 - 추돌,안전운전불이행,포장 - 건조,흐림,단일로 - 터널,건설기계,0,62,상해없음,화물,0,37,상해없음,60.0,60.0
3696,2020021100100143,9,화요일,대전남부순환,대전광역시,중상사고,0,1,0,0,차대차 - 기타,안전운전불이행,포장 - 건조,맑음,단일로 - 터널,승용,0,22,상해없음,화물,0,42,중상,20.0,20.0
3697,2020102900100035,3,목요일,대전남부순환,대전광역시,경상사고,0,0,1,0,차대차 - 측면충돌,안전운전불이행,포장 - 건조,맑음,단일로 - 기타,승용,0,47,상해없음,승용,0,29,경상,40.0,40.0
3698,2020120200100421,18,수요일,대전남부순환,대전광역시,경상사고,0,0,1,0,차대차 - 후진중충돌,안전운전불이행,포장 - 건조,맑음,단일로 - 기타,화물,0,62,상해없음,승용,0,39,경상,60.0,60.0
3699,2021010600100359,18,수요일,대전남부순환,대전광역시,경상사고,0,0,1,0,차대차 - 측면충돌,안전운전불이행,-,맑음,기타 - 기타,승용,0,39,경상,승용,1,49,상해없음,30.0,30.0
3700,2021031500100336,16,월요일,대전남부순환,대전광역시,경상사고,0,0,2,0,차대차 - 기타,신호위반,-,맑음,단일로 - 터널,화물,0,49,상해없음,승용,0,31,경상,40.0,40.0
3701,2021040800100385,16,목요일,대전남부순환,대전광역시,부상신고사고,0,0,0,2,차대차 - 후진중충돌,안전운전불이행,-,맑음,기타 - 기타,화물,0,69,상해없음,승용,0,38,부상신고,60.0,60.0
3702,2021082300100089,9,월요일,대전남부순환,대전광역시,경상사고,0,0,2,0,차대차 - 기타,안전운전불이행,-,비,단일로 - 기타,화물,0,55,경상,승용,0,48,경상,50.0,50.0
3703,2021090600100618,21,월요일,대전남부순환,대전광역시,경상사고,0,0,1,0,차대차 - 기타,안전운전불이행,-,비,단일로 - 기타,승용,0,56,상해없음,승용,1,39,경상,50.0,50.0
3704,2021091400100558,18,화요일,대전남부순환,대전광역시,경상사고,0,0,1,0,차대차 - 기타,안전운전불이행,-,맑음,단일로 - 터널,승용,0,31,상해없음,승용,1,30,경상,,
3705,2021102400100102,10,일요일,대전남부순환,대전광역시,경상사고,0,0,1,0,차대차 - 측면충돌,안전운전불이행,-,맑음,단일로 - 기타,승용,0,67,상해없음,승용,0,41,경상,60.0,60.0
3706,2021102400100199,13,일요일,대전남부순환,대전광역시,중상사고,0,1,0,0,차량단독 - 전도전복 - 전도,안전운전불이행,-,맑음,단일로 - 기타,특수,0,65,상해없음,기타불명,2,0,기타불명,60.0,60.0
3707,2021111900100010,0,금요일,대전남부순환,대전광역시,사망사고,1,0,1,0,차대차 - 추돌,안전운전불이행,-,맑음,단일로 - 터널,화물,0,40,사망,화물,0,44,경상,30.0,30.0
3708,2019010100100106,8,화요일,동해,울산광역시,경상사고,0,0,2,0,차대차 - 추돌,안전운전불이행,포장 - 건조,맑음,단일로 - 기타,화물,0,27,상해없음,화물,0,66,경상,20.0,20.0
3709,2019010100100131,10,화요일,동해,강원도,경상사고,0,0,1,0,차대차 - 기타,안전거리미확보,포장 - 건조,맑음,단일로 - 기타,승용,0,24,상해없음,승용,0,44,상해없음,20.0,20.0
3710,2019010600100071,6,일요일,동해,부산광역시,경상사고,0,0,3,0,차대차 - 추돌,안전거리미확보,포장 - 건조,맑음,단일로 - 기타,승용,0,27,상해없음,승용,0,30,경상,20.0,20.0
3711,2019010800100306,15,화요일,동해,경상북도,경상사고,0,0,1,0,차대차 - 추돌,안전운전불이행,포장 - 건조,맑음,단일로 - 터널,화물,0,55,상해없음,승용,0,25,경상,50.0,50.0
3712,2019013100100280,13,목요일,동해,강원도,중상사고,0,1,5,0,차대차 - 추돌,안전운전불이행,포장 - 적설,눈,단일로 - 기타,승용,0,29,경상,승용,0,37,상해없음,20.0,20.0
3713,2019020400100171,13,월요일,동해,강원도,경상사고,0,0,10,2,차대차 - 추돌,안전거리미확보,포장 - 건조,맑음,단일로 - 기타,승용,0,45,경상,승용,0,53,경상,40.0,40.0
3714,2019030200100126,10,토요일,동해,강원도,경상사고,0,0,2,0,차대차 - 추돌,안전거리미확보,포장 - 건조,맑음,단일로 - 기타,승용,1,48,상해없음,승용,1,47,경상,40.0,40.0
3715,2019031200100387,17,화요일,동해,부산광역시,경상사고,0,0,1,0,차대차 - 측면충돌,안전거리미확보,포장 - 건조,맑음,단일로 - 기타,승용,0,28,상해없음,승용,0,31,경상,20.0,20.0
3716,2019032000100104,7,수요일,동해,부산광역시,중상사고,0,1,0,0,차대차 - 추돌,안전운전불이행,포장 - 건조,맑음,단일로 - 기타,승용,0,43,중상,화물,0,50,상해없음,40.0,40.0
3717,2019032700100195,10,수요일,동해,울산광역시,경상사고,0,0,2,0,차대차 - 추돌,안전운전불이행,포장 - 건조,맑음,단일로 - 기타,특수,0,65,경상,화물,0,59,경상,60.0,60.0
3718,2019040200100371,14,화요일,동해,강원도,경상사고,0,0,2,0,차대차 - 측면충돌,안전운전불이행,포장 - 건조,맑음,단일로 - 기타,승용,0,60,경상,승용,0,39,경상,50.0,50.0
3719,2019042600100277,12,금요일,동해,부산광역시,경상사고,0,0,5,0,차대차 - 추돌,중앙선침범,포장 - 젖음/습기,흐림,교차로 - 교차로안,승용,1,39,상해없음,승용,1,57,경상,30.0,30.0
3720,2019050400100368,14,토요일,동해,강원도,경상사고,0,0,2,0,차대차 - 측면충돌,안전운전불이행,포장 - 건조,맑음,단일로 - 기타,승용,1,42,상해없음,승용,0,24,경상,40.0,40.0
3721,2019051800100300,12,토요일,동해,울산광역시,경상사고,0,0,1,0,차대차 - 기타,안전운전불이행,포장 - 건조,맑음,기타 - 기타,승용,0,49,상해없음,승용,0,33,경상,40.0,40.0
3722,2019060300100041,0,월요일,동해,강원도,중상사고,0,1,0,0,차대차 - 측면충돌,안전운전불이행,포장 - 건조,맑음,단일로 - 기타,승용,1,57,상해없음,승합,0,62,상해없음,50.0,50.0
3723,2019061400100676,22,금요일,동해,강원도,경상사고,0,0,2,0,차대차 - 추돌,안전운전불이행,포장 - 건조,맑음,단일로 - 기타,승용,0,51,상해없음,승용,1,45,경상,,
3724,2019070200100259,12,화요일,동해,울산광역시,중상사고,0,1,1,0,차대차 - 추돌,안전운전불이행,포장 - 건조,맑음,단일로 - 기타,화물,0,61,중상,화물,0,40,경상,,
3725,2019070600100106,5,토요일,동해,부산광역시,경상사고,0,0,2,0,차대차 - 기타,안전운전불이행,포장 - 건조,맑음,단일로 - 기타,승용,0,58,상해없음,승용,0,26,경상,50.0,50.0
3726,2019070900100286,12,화요일,동해,울산광역시,경상사고,0,0,1,0,차대차 - 추돌,안전운전불이행,포장 - 건조,맑음,단일로 - 기타,화물,0,56,상해없음,건설기계,0,66,경상,50.0,50.0
3727,2019072200100281,12,월요일,동해,강원도,경상사고,0,0,2,0,차대차 - 추돌,안전거리미확보,포장 - 건조,맑음,단일로 - 교량,화물,0,47,상해없음,승용,0,67,경상,40.0,40.0
3728,2019072500100127,8,목요일,동해,울산광역시,경상사고,0,0,1,0,차대차 - 측면충돌,안전거리미확보,포장 - 건조,맑음,단일로 - 기타,승용,0,67,상해없음,승용,1,44,경상,60.0,60.0
3729,2019072700100258,11,토요일,동해,강원도,중상사고,0,1,1,0,차대차 - 측면충돌,안전운전불이행,포장 - 건조,맑음,단일로 - 기타,승용,0,52,상해없음,승용,0,28,중상,50.0,50.0
3730,2019072800100085,6,일요일,동해,울산광역시,경상사고,0,0,1,0,차대차 - 추돌,안전운전불이행,포장 - 건조,맑음,단일로 - 기타,승용,0,34,상해없음,화물,0,46,경상,30.0,30.0
3731,2019080300100041,1,토요일,동해,강원도,경상사고,0,0,3,0,차대차 - 측면충돌,안전운전불이행,포장 - 건조,맑음,단일로 - 기타,승용,1,25,상해없음,승용,0,40,경상,20.0,20.0
3732,2019080400100271,14,일요일,동해,강원도,부상신고사고,0,0,0,3,차대차 - 추돌,안전거리미확보,포장 - 건조,맑음,단일로 - 기타,승용,0,25,상해없음,승용,0,23,부상신고,20.0,20.0
3733,2019081300100236,11,화요일,동해,강원도,중상사고,0,2,0,0,차대사람 - 기타,안전운전불이행,포장 - 건조,맑음,단일로 - 터널,화물,0,44,상해없음,보행자,0,24,중상,40.0,40.0
3734,2019081400100034,0,수요일,동해,부산광역시,경상사고,0,0,1,0,차대차 - 추돌,안전운전불이행,포장 - 건조,맑음,단일로 - 기타,승용,0,64,상해없음,승용,0,40,경상,60.0,60.0
3735,2019081500100122,9,목요일,동해,경상북도,경상사고,0,0,1,0,차대차 - 추돌,안전운전불이행,포장 - 젖음/습기,비,단일로 - 기타,화물,0,53,상해없음,승용,0,50,상해없음,50.0,50.0
3736,2019081800100178,12,일요일,동해,강원도,경상사고,0,0,2,0,차대차 - 추돌,안전거리미확보,포장 - 건조,맑음,단일로 - 기타,화물,0,45,상해없음,승용,1,68,경상,40.0,40.0
3737,2019090100100321,16,일요일,동해,강원도,경상사고,0,0,3,0,차대차 - 기타,안전운전불이행,포장 - 건조,맑음,단일로 - 기타,승용,0,60,상해없음,승용,1,37,경상,50.0,50.0
3738,2019092000100340,13,금요일,동해,강원도,경상사고,0,0,1,0,차대차 - 측면충돌,안전운전불이행,포장 - 건조,맑음,단일로 - 기타,승용,0,35,상해없음,승용,0,53,경상,30.0,30.0
3739,2019092700100302,12,금요일,동해,울산광역시,중상사고,0,1,0,0,차대차 - 기타,안전운전불이행,포장 - 건조,맑음,단일로 - 기타,승용,0,55,상해없음,승용,0,48,중상,50.0,50.0
3740,2019100100100303,13,화요일,동해,울산광역시,중상사고,0,1,0,0,차대차 - 측면충돌,안전거리미확보,포장 - 건조,맑음,단일로 - 기타,승용,0,27,상해없음,승용,0,59,중상,20.0,20.0
3741,2019100200100426,15,수요일,동해,강원도,경상사고,0,0,2,0,차량단독 - 기타,안전운전불이행,포장 - 젖음/습기,비,단일로 - 기타,승합,0,45,상해없음,기타불명,2,0,기타불명,40.0,40.0
3742,2019100900100254,12,수요일,동해,부산광역시,경상사고,0,0,5,0,차대차 - 추돌,안전운전불이행,포장 - 건조,맑음,단일로 - 기타,승용,1,41,경상,승용,0,49,경상,,
3743,2019101300100431,19,일요일,동해,강원도,경상사고,0,0,1,0,차대차 - 기타,안전운전불이행,포장 - 건조,맑음,단일로 - 기타,승용,0,61,상해없음,승합,0,57,상해없음,,
3744,2019101500100187,9,화요일,동해,강원도,중상사고,0,3,2,0,차량단독 - 공작물충돌,안전운전불이행,포장 - 건조,맑음,단일로 - 기타,승합,0,60,상해없음,기타불명,2,0,기타불명,50.0,50.0
3745,2019101700100099,7,목요일,동해,부산광역시,중상사고,0,1,0,0,차대차 - 기타,안전운전불이행,포장 - 건조,맑음,단일로 - 기타,승용,0,19,상해없음,승용,0,39,중상,20.0,20.0
3746,2019102500100594,18,금요일,동해,강원도,중상사고,0,2,4,2,차대차 - 측면충돌,차로위반,포장 - 건조,맑음,단일로 - 기타,승용,0,61,상해없음,승용,0,51,상해없음,,
3747,2019111100100287,11,월요일,동해,강원도,중상사고,0,1,0,2,차대차 - 추돌,안전운전불이행,포장 - 건조,맑음,단일로 - 기타,화물,0,48,상해없음,화물,0,45,부상신고,40.0,40.0
3748,2019111600100334,13,토요일,동해,강원도,경상사고,0,0,4,0,차대차 - 추돌,안전거리미확보,포장 - 건조,맑음,단일로 - 기타,승용,1,33,상해없음,승용,0,26,경상,30.0,30.0
3749,2019111700100057,1,일요일,동해,부산광역시,경상사고,0,0,2,0,차대차 - 추돌,안전운전불이행,포장 - 건조,맑음,단일로 - 기타,승용,0,26,상해없음,승용,0,30,경상,20.0,20.0
3750,2019111800100263,11,월요일,동해,울산광역시,경상사고,0,0,1,0,차대차 - 측면충돌,안전거리미확보,포장 - 건조,맑음,기타 - 기타,화물,0,38,상해없음,건설기계,0,37,경상,30.0,30.0
3751,2019112100100129,8,목요일,동해,부산광역시,중상사고,0,1,4,0,차대차 - 추돌,안전거리미확보,포장 - 건조,맑음,단일로 - 기타,승용,1,28,경상,승용,1,35,경상,20.0,20.0
3752,2019121300100777,23,금요일,동해,부산광역시,경상사고,0,0,1,0,차대차 - 측면충돌,안전운전불이행,포장 - 건조,맑음,단일로 - 기타,승용,0,26,상해없음,승용,0,29,경상,20.0,20.0
3753,2019121700100464,18,화요일,동해,부산광역시,경상사고,0,0,3,0,차대차 - 추돌,안전거리미확보,포장 - 건조,맑음,단일로 - 기타,승용,0,28,상해없음,승합,0,31,경상,20.0,20.0
3754,2019122000100362,15,금요일,동해,경상북도,경상사고,0,0,1,0,차대사람 - 기타,안전운전불이행,포장 - 건조,맑음,단일로 - 기타,화물,0,62,상해없음,보행자,1,58,경상,60.0,60.0
3755,2019122700100193,10,금요일,동해,부산광역시,경상사고,0,0,1,0,차대차 - 측면충돌,안전거리미확보,포장 - 건조,맑음,단일로 - 기타,승합,0,51,상해없음,승용,1,55,경상,,
3756,2019122800100533,22,토요일,동해,울산광역시,중상사고,0,1,8,0,차대차 - 추돌,안전운전불이행,포장 - 건조,맑음,단일로 - 기타,승용,0,45,경상,승용,1,55,중상,40.0,40.0
3757,2019122900100238,16,일요일,동해,강원도,중상사고,0,1,2,0,차대차 - 추돌,안전운전불이행,포장 - 건조,맑음,단일로 - 기타,승합,1,59,경상,승용,0,60,경상,50.0,50.0
3758,2020010500100248,15,일요일,동해,강원도,부상신고사고,0,0,0,7,차대차 - 추돌,안전거리미확보,포장 - 건조,맑음,단일로 - 기타,화물,0,42,상해없음,승용,0,31,부상신고,40.0,40.0
3759,2020010600100267,14,월요일,동해,부산광역시,경상사고,0,0,2,0,차대차 - 추돌,안전거리미확보,포장 - 젖음/습기,비,단일로 - 기타,승용,1,43,상해없음,승용,0,48,경상,40.0,40.0
3760,2020011200100183,14,일요일,동해,부산광역시,경상사고,0,0,1,0,차대차 - 기타,안전운전불이행,포장 - 건조,맑음,단일로 - 기타,승용,0,39,경상,승용,1,46,상해없음,30.0,30.0
3761,2020012400100147,11,금요일,동해,울산광역시,경상사고,0,0,4,0,차대차 - 측면충돌,안전거리미확보,포장 - 건조,맑음,단일로 - 기타,승용,0,31,경상,화물,0,43,경상,,
3762,2020013000100215,11,목요일,동해,강원도,경상사고,0,0,1,0,차대차 - 측면충돌,안전운전불이행,포장 - 서리/결빙,눈,단일로 - 기타,승용,0,34,상해없음,승용,0,43,경상,30.0,30.0
3763,2020013000100354,15,목요일,동해,강원도,부상신고사고,0,0,0,1,차대차 - 추돌,안전운전불이행,포장 - 적설,눈,단일로 - 기타,승용,0,44,상해없음,특수,0,51,상해없음,40.0,40.0
3764,2020020600100628,23,목요일,동해,경상북도,사망사고,1,0,1,0,차대차 - 추돌,안전운전불이행,포장 - 건조,맑음,주차장 - 주차장,화물,0,47,사망,화물,0,56,경상,40.0,40.0
3765,2020022000100059,6,목요일,동해,울산광역시,사망사고,1,0,0,0,차대차 - 기타,안전운전불이행,포장 - 건조,맑음,단일로 - 기타,승용,0,65,상해없음,승용,0,28,사망,60.0,60.0
3766,2020022200100246,13,토요일,동해,강원도,중상사고,0,1,0,0,차대차 - 기타,안전운전불이행,포장 - 건조,맑음,단일로 - 기타,승용,0,56,상해없음,승용,1,36,중상,50.0,50.0
3767,2020030100100128,14,일요일,동해,부산광역시,경상사고,0,0,3,0,차대차 - 측면충돌,안전거리미확보,포장 - 건조,맑음,단일로 - 기타,승용,0,42,상해없음,승용,0,39,경상,40.0,40.0
3768,2020032700100195,12,금요일,동해,울산광역시,경상사고,0,0,1,0,차대차 - 추돌,안전운전불이행,포장 - 젖음/습기,비,단일로 - 기타,특수,0,60,상해없음,승용,0,30,경상,50.0,50.0
3769,2020041400100144,10,화요일,동해,경상북도,경상사고,0,0,1,0,차대차 - 측면충돌,안전운전불이행,포장 - 건조,맑음,단일로 - 기타,특수,0,56,상해없음,승용,1,53,경상,50.0,50.0
3770,2020041800100107,8,토요일,동해,강원도,중상사고,0,1,1,0,차대차 - 추돌,과속,포장 - 젖음/습기,비,단일로 - 교량,승용,0,28,경상,승용,0,40,중상,20.0,20.0
3771,2020041800100493,21,토요일,동해,경상북도,부상신고사고,0,0,0,1,차대차 - 기타,안전운전불이행,포장 - 건조,맑음,단일로 - 기타,승용,0,39,상해없음,승용,1,43,부상신고,30.0,30.0
3772,2020042500100434,18,토요일,동해,부산광역시,경상사고,0,0,1,0,차대차 - 추돌,안전운전불이행,포장 - 건조,맑음,단일로 - 기타,화물,0,59,상해없음,승용,0,58,상해없음,50.0,50.0
3773,2020060700100023,1,일요일,동해,강원도,경상사고,0,0,1,0,차대차 - 측면충돌,안전운전불이행,포장 - 건조,맑음,단일로 - 기타,승용,0,22,상해없음,화물,0,24,경상,20.0,20.0
3774,2020061100100524,19,목요일,동해,강원도,사망사고,1,0,0,0,차량단독 - 공작물충돌,기타,포장 - 건조,맑음,단일로 - 기타,화물,0,23,상해없음,기타불명,2,0,기타불명,20.0,20.0
3775,2020062000100196,11,토요일,동해,부산광역시,경상사고,0,0,2,0,차대차 - 추돌,안전거리미확보,포장 - 건조,맑음,단일로 - 기타,승용,1,22,상해없음,승용,0,33,경상,20.0,20.0
3776,2020062800100189,12,일요일,동해,강원도,중상사고,0,1,0,0,차대차 - 측면충돌,안전운전불이행,포장 - 건조,맑음,단일로 - 기타,승용,0,64,상해없음,승용,1,44,중상,60.0,60.0
3777,2020070600100539,21,월요일,동해,강원도,사망사고,1,1,0,0,차대차 - 정면충돌,중앙선침범,포장 - 건조,기타,단일로 - 기타,승용,0,49,사망,승용,0,21,중상,40.0,40.0
3778,2020071000100597,21,금요일,동해,강원도,사망사고,1,3,0,0,차대차 - 측면충돌,안전운전불이행,포장 - 젖음/습기,비,단일로 - 기타,승합,0,74,상해없음,승용,0,40,중상,70.0,70.0
3779,2020072700100165,10,월요일,동해,경상북도,경상사고,0,0,1,0,차대차 - 추돌,안전운전불이행,포장 - 건조,맑음,단일로 - 기타,승용,1,45,상해없음,건설기계,0,50,경상,40.0,40.0
3780,2020073100100164,11,금요일,동해,경상북도,경상사고,0,0,1,0,차대차 - 기타,중앙선침범,포장 - 건조,맑음,단일로 - 기타,승용,1,57,상해없음,승용,0,53,경상,50.0,50.0
3781,2020080700100253,13,금요일,동해,부산광역시,경상사고,0,0,2,0,차대차 - 측면충돌,차로위반,포장 - 건조,맑음,단일로 - 기타,승용,1,54,상해없음,화물,0,64,경상,50.0,50.0
3782,2020080800100063,4,토요일,동해,부산광역시,중상사고,0,1,0,0,차대차 - 추돌,안전운전불이행,포장 - 젖음/습기,비,단일로 - 기타,승용,0,23,상해없음,승용,0,69,중상,20.0,20.0
3783,2020081300100108,9,목요일,동해,부산광역시,중상사고,0,2,1,0,차대차 - 추돌,안전거리미확보,포장 - 건조,맑음,단일로 - 기타,화물,0,68,중상,승용,0,46,상해없음,60.0,60.0
3784,2020081400100169,10,금요일,동해,울산광역시,경상사고,0,0,1,0,차대차 - 기타,안전운전불이행,포장 - 건조,맑음,단일로 - 기타,특수,0,45,상해없음,승용,0,43,경상,40.0,40.0
3785,2020082600100362,17,수요일,동해,울산광역시,경상사고,0,0,1,0,차대차 - 추돌,안전운전불이행,포장 - 건조,맑음,단일로 - 기타,승용,0,39,상해없음,승용,1,18,경상,30.0,30.0
3786,2020082900100234,12,토요일,동해,강원도,경상사고,0,0,1,0,차대차 - 기타,안전운전불이행,포장 - 건조,맑음,단일로 - 기타,화물,0,34,상해없음,승용,0,41,상해없음,30.0,30.0
3787,2020093000100031,1,수요일,동해,강원도,중상사고,0,3,0,0,차대차 - 추돌,안전운전불이행,포장 - 건조,맑음,단일로 - 기타,화물,0,42,상해없음,특수,0,44,중상,40.0,40.0
3788,2020101600100458,18,금요일,동해,부산광역시,중상사고,0,1,2,0,차대차 - 추돌,안전운전불이행,포장 - 건조,맑음,단일로 - 기타,승용,0,31,상해없음,승용,0,36,중상,,
3789,2020110500100396,17,목요일,동해,부산광역시,경상사고,0,0,1,0,차대차 - 추돌,안전운전불이행,포장 - 건조,맑음,단일로 - 기타,승용,0,19,상해없음,승용,0,27,상해없음,20.0,20.0
3790,2020110700100356,15,토요일,동해,부산광역시,경상사고,0,0,1,0,차대차 - 추돌,안전운전불이행,포장 - 건조,맑음,단일로 - 기타,승용,0,49,상해없음,승용,1,29,경상,40.0,40.0
3791,2020111000100057,6,화요일,동해,부산광역시,중상사고,0,1,0,0,차대차 - 측면충돌,안전거리미확보,포장 - 건조,맑음,단일로 - 기타,화물,0,57,상해없음,승용,0,50,중상,50.0,50.0
3792,2020112300100494,18,월요일,동해,강원도,중상사고,0,2,0,0,차대차 - 추돌,안전운전불이행,포장 - 건조,맑음,단일로 - 기타,승용,0,47,상해없음,승용,1,51,중상,40.0,40.0
3793,2020113000100335,15,월요일,동해,울산광역시,경상사고,0,0,1,0,차대차 - 기타,안전운전불이행,포장 - 건조,맑음,단일로 - 기타,화물,0,66,상해없음,화물,0,53,경상,60.0,60.0
3794,2020120300100361,17,목요일,동해,울산광역시,경상사고,0,0,2,0,차대차 - 기타,안전운전불이행,포장 - 건조,맑음,단일로 - 기타,승용,0,42,상해없음,승용,0,52,경상,40.0,40.0
3795,2020123100100536,21,목요일,동해,경상북도,중상사고,0,1,1,0,차대차 - 추돌,안전운전불이행,포장 - 건조,맑음,단일로 - 기타,승용,0,20,상해없음,화물,0,42,중상,20.0,20.0
3796,2021012400100040,8,일요일,동해,강원도,경상사고,0,0,1,0,차대차 - 추돌,안전운전불이행,-,맑음,단일로 - 기타,승용,0,23,상해없음,승용,0,44,경상,20.0,20.0
3797,2021013100100263,18,일요일,동해,경상북도,경상사고,0,0,2,0,차대차 - 측면충돌,안전거리미확보,-,맑음,단일로 - 기타,승용,0,65,상해없음,승용,0,46,경상,60.0,60.0
3798,2021020500100490,19,금요일,동해,경상북도,중상사고,0,1,1,0,차대차 - 추돌,안전운전불이행,-,맑음,단일로 - 기타,승용,0,34,상해없음,승용,0,26,상해없음,30.0,30.0
3799,2021020800100432,17,월요일,동해,강원도,경상사고,0,0,1,0,차대차 - 측면충돌,안전운전불이행,-,맑음,단일로 - 기타,화물,0,61,상해없음,승용,1,46,경상,,
3800,2021021900100393,16,금요일,동해,부산광역시,경상사고,0,0,1,0,차대차 - 기타,안전거리미확보,-,맑음,단일로 - 기타,승용,1,50,상해없음,승용,0,31,경상,40.0,40.0
3801,2021030100100136,14,월요일,동해,부산광역시,경상사고,0,0,1,0,차대차 - 측면충돌,안전운전불이행,-,비,단일로 - 기타,승용,1,41,상해없음,승용,1,66,경상,,
3802,2021030100100206,16,월요일,동해,강원도,중상사고,0,1,1,0,차대차 - 측면충돌,안전운전불이행,-,눈,단일로 - 기타,승용,0,47,상해없음,승용,0,52,경상,40.0,40.0
3803,2021031200100061,8,금요일,동해,울산광역시,경상사고,0,0,1,0,차대차 - 추돌,신호위반,-,비,단일로 - 기타,화물,0,72,상해없음,특수,0,65,경상,70.0,70.0
3804,2021031200100502,20,금요일,동해,경상북도,부상신고사고,0,0,0,1,차대차 - 측면충돌,안전운전불이행,-,비,단일로 - 기타,승용,0,48,상해없음,승용,1,29,부상신고,40.0,40.0
3805,2021031200100544,21,금요일,동해,부산광역시,경상사고,0,0,1,0,차대차 - 추돌,안전운전불이행,-,비,단일로 - 기타,승용,0,35,상해없음,승용,0,60,경상,30.0,30.0
3806,2021032600100453,18,금요일,동해,부산광역시,중상사고,0,1,0,0,차대차 - 추돌,안전거리미확보,-,맑음,단일로 - 기타,승용,1,19,상해없음,승용,0,26,중상,20.0,20.0
3807,2021032700100615,22,토요일,동해,부산광역시,사망사고,2,0,0,0,차대차 - 추돌,안전운전불이행,-,비,단일로 - 기타,승용,0,39,상해없음,승용,0,52,사망,30.0,30.0
3808,2021040600100172,11,화요일,동해,강원도,중상사고,0,1,1,0,차대차 - 측면충돌,신호위반,-,맑음,단일로 - 터널,승용,0,52,중상,승용,1,45,경상,50.0,50.0
3809,2021042000100415,17,화요일,동해,경상북도,중상사고,0,1,0,0,차대차 - 측면충돌,안전운전불이행,-,맑음,단일로 - 기타,화물,0,63,상해없음,승용,1,46,중상,60.0,60.0
3810,2021051500100290,14,토요일,동해,부산광역시,경상사고,0,0,7,0,차대차 - 추돌,안전운전불이행,-,비,단일로 - 기타,승용,1,46,상해없음,승용,0,24,경상,40.0,40.0
3811,2021052400100014,5,월요일,동해,울산광역시,경상사고,0,0,1,0,차대사람 - 기타,안전운전불이행,-,맑음,단일로 - 기타,승용,0,63,상해없음,보행자,0,38,경상,60.0,60.0
3812,2021060500100101,9,토요일,동해,강원도,경상사고,0,0,1,0,차대차 - 측면충돌,안전운전불이행,-,맑음,단일로 - 기타,승용,0,52,상해없음,승용,0,61,경상,50.0,50.0
3813,2021061000100206,11,목요일,동해,강원도,중상사고,0,1,0,0,차대차 - 측면충돌,안전운전불이행,-,맑음,단일로 - 기타,화물,0,60,상해없음,승용,0,64,중상,50.0,50.0
3814,2021061200100269,13,토요일,동해,강원도,중상사고,0,1,0,0,차대차 - 추돌,안전운전불이행,-,맑음,단일로 - 기타,승용,0,66,상해없음,승용,1,59,중상,60.0,60.0
3815,2021061200100347,15,토요일,동해,부산광역시,경상사고,0,0,2,0,차대차 - 추돌,안전운전불이행,-,비,단일로 - 기타,승용,0,60,상해없음,승용,1,48,경상,50.0,50.0
3816,2021061200100428,17,토요일,동해,부산광역시,경상사고,0,0,2,0,차대차 - 추돌,안전운전불이행,-,비,단일로 - 기타,승용,0,22,상해없음,승용,0,21,경상,20.0,20.0
3817,2021061300100237,15,일요일,동해,부산광역시,경상사고,0,0,2,0,차대차 - 추돌,안전거리미확보,-,맑음,단일로 - 기타,승용,0,30,상해없음,승용,0,26,경상,20.0,20.0
3818,2021070200100608,20,금요일,동해,강원도,경상사고,0,0,1,0,차대차 - 기타,기타,-,맑음,단일로 - 기타,특수,0,57,상해없음,승용,0,45,경상,50.0,50.0
3819,2021070500100188,11,월요일,동해,부산광역시,경상사고,0,0,1,0,차대차 - 기타,안전운전불이행,-,맑음,주차장 - 주차장,특수,0,38,상해없음,특수,0,43,경상,30.0,30.0
3820,2021070600100279,14,화요일,동해,강원도,경상사고,0,0,4,0,차대차 - 추돌,안전거리미확보,-,맑음,단일로 - 기타,승용,0,29,경상,승용,0,36,경상,20.0,20.0
3821,2021071200100250,14,월요일,동해,울산광역시,경상사고,0,0,1,0,차대차 - 기타,안전거리미확보,-,맑음,단일로 - 기타,특수,0,73,상해없음,승용,0,42,상해없음,70.0,70.0
3822,2021071300100170,10,화요일,동해,강원도,경상사고,0,0,4,0,차대차 - 추돌,안전운전불이행,-,맑음,단일로 - 기타,승용,1,21,상해없음,승용,0,25,경상,20.0,20.0
3823,2021072400100051,7,토요일,동해,강원도,경상사고,0,0,3,0,차대차 - 추돌,안전운전불이행,-,맑음,단일로 - 터널,승용,1,31,상해없음,승용,1,31,경상,,
3824,2021072500100217,15,일요일,동해,부산광역시,중상사고,0,1,0,0,차대차 - 추돌,안전거리미확보,-,맑음,단일로 - 기타,승용,0,39,상해없음,승용,0,29,중상,30.0,30.0