,사고번호,사고일시,요일,도로종류,시군구,사고내용,사망자수,중상자수,경상자수,부상신고자수,사고유형,법규위반,노면상태,기상상태,도로형태,가해운전자 차종,가해운전자 성별,가해운전자 연령,가해운전자 상해정도,피해운전자 차종,피해운전자 성별,피해운전자 연령,피해운전자 상해정도,연령대,가해연령대
3956,2019051900100097,5,일요일,상주영천,경상북도,중상사고,0,2,0,0,차량단독 - 전도전복 - 전복,안전운전불이행,포장 - 건조,맑음,단일로 - 기타,승용,0,40,중상,기타불명,2,0,기타불명,30.0,30.0
3957,2019052100100386,14,화요일,상주영천,경상북도,경상사고,0,0,2,0,차대차 - 추돌,안전운전불이행,포장 - 건조,맑음,단일로 - 기타,화물,0,48,경상,화물,0,66,경상,40.0,40.0
3958,2019053000100452,17,목요일,상주영천,경상북도,경상사고,0,0,1,0,차대차 - 기타,기타,포장 - 건조,맑음,단일로 - 기타,특수,0,38,상해없음,승용,0,42,경상,30.0,30.0
3959,2019060500100410,15,수요일,상주영천,경상북도,중상사고,0,2,0,0,차량단독 - 공작물충돌,안전운전불이행,포장 - 건조,맑음,단일로 - 기타,승합,0,52,중상,기타불명,2,0,기타불명,50.0,50.0
3960,2019060500100620,19,수요일,상주영천,경상북도,경상사고,0,0,1,0,차대차 - 측면충돌,안전운전불이행,포장 - 건조,맑음,단일로 - 기타,승용,0,54,상해없음,승용,0,56,상해없음,50.0,50.0
3961,2019060500100654,20,수요일,상주영천,경상북도,중상사고,0,1,0,0,차대차 - 측면충돌,차로위반,포장 - 건조,맑음,단일로 - 기타,특수,0,48,상해없음,승용,0,38,중상,40.0,40.0
3962,2019080400100339,16,일요일,상주영천,경상북도,경상사고,0,0,2,0,차대차 - 추돌,안전운전불이행,포장 - 건조,맑음,단일로 - 기타,승용,1,24,상해없음,승용,0,21,경상,20.0,20.0
3963,2019082400100214,10,토요일,상주영천,경상북도,중상사고,0,1,0,0,차대차 - 기타,안전운전불이행,포장 - 건조,맑음,단일로 - 기타,승합,0,60,상해없음,승용,1,31,중상,50.0,50.0
3964,2019091700100245,10,화요일,상주영천,경상북도,경상사고,0,0,1,0,차대차 - 측면충돌,기타,포장 - 건조,맑음,단일로 - 기타,승용,0,63,상해없음,특수,0,32,경상,60.0,60.0
3965,2019101100100473,16,금요일,상주영천,경상북도,중상사고,0,1,0,0,차대차 - 추돌,안전운전불이행,포장 - 건조,맑음,단일로 - 기타,특수,0,45,상해없음,화물,0,26,중상,40.0,40.0
3966,2019102900100469,16,화요일,상주영천,경상북도,경상사고,0,0,3,0,차대차 - 추돌,안전운전불이행,포장 - 건조,맑음,단일로 - 기타,화물,0,36,상해없음,승합,0,21,경상,30.0,30.0
3967,2019111100100604,18,월요일,상주영천,경상북도,경상사고,0,0,1,0,차대차 - 추돌,안전운전불이행,포장 - 건조,맑음,기타 - 기타,특수,0,55,상해없음,특수,0,45,경상,50.0,50.0
3968,2019120700100373,15,토요일,상주영천,경상북도,경상사고,0,0,1,0,차대차 - 측면충돌,안전운전불이행,포장 - 건조,맑음,단일로 - 기타,승용,0,64,상해없음,승용,0,56,경상,60.0,60.0
3969,2019122800100321,15,토요일,상주영천,경상북도,경상사고,0,0,3,0,차대차 - 추돌,안전운전불이행,포장 - 건조,맑음,단일로 - 기타,승용,0,21,상해없음,승용,1,53,경상,20.0,20.0
3970,2020010500100104,9,일요일,상주영천,경상북도,경상사고,0,0,1,0,차대차 - 측면충돌,안전운전불이행,포장 - 건조,맑음,단일로 - 기타,승용,0,32,상해없음,승용,0,36,경상,30.0,30.0
3971,2020012900100011,0,수요일,상주영천,경상북도,경상사고,0,0,1,0,차대차 - 추돌,안전운전불이행,포장 - 건조,맑음,단일로 - 기타,승용,0,31,상해없음,화물,0,36,경상,,
3972,2020031600100252,13,월요일,상주영천,경상북도,경상사고,0,0,1,0,차대차 - 기타,안전운전불이행,포장 - 건조,맑음,단일로 - 기타,승용,0,32,상해없음,승용,1,34,경상,30.0,30.0
3973,2020050300100355,19,일요일,상주영천,경상북도,경상사고,0,0,2,0,차대차 - 측면충돌,안전운전불이행,포장 - 건조,맑음,단일로 - 기타,승용,1,50,상해없음,승용,0,62,경상,40.0,40.0
3974,2020052100100144,9,목요일,상주영천,경상북도,중상사고,0,1,0,0,차대차 - 측면충돌,신호위반,포장 - 건조,맑음,단일로 - 교량,화물,0,66,상해없음,승용,1,54,중상,60.0,60.0
3975,2020062000100151,9,토요일,상주영천,경상북도,중상사고,0,2,0,0,차대차 - 추돌,안전운전불이행,포장 - 건조,맑음,단일로 - 기타,승용,0,20,상해없음,승용,0,68,중상,20.0,20.0
3976,2020062200100166,9,월요일,상주영천,경상북도,경상사고,0,0,1,0,차대차 - 추돌,안전운전불이행,포장 - 건조,맑음,단일로 - 터널,승용,0,32,상해없음,화물,0,46,경상,30.0,30.0
3977,2020070500100259,15,일요일,상주영천,경상북도,경상사고,0,0,2,0,차대차 - 추돌,안전운전불이행,포장 - 건조,맑음,단일로 - 기타,승용,0,60,상해없음,승용,1,49,경상,50.0,50.0
3978,2020070900100023,1,목요일,상주영천,경상북도,경상사고,0,0,1,0,차대차 - 측면충돌,안전운전불이행,포장 - 건조,맑음,단일로 - 기타,기타불명,2,0,기타불명,승용,0,35,경상,20.0,20.0
3979,2020070900100678,23,목요일,상주영천,경상북도,중상사고,0,1,0,0,차대차 - 측면충돌,안전운전불이행,포장 - 건조,맑음,단일로 - 기타,승용,0,31,상해없음,승용,0,62,상해없음,,
3980,2020072200100249,11,수요일,상주영천,경상북도,경상사고,0,0,1,0,차대차 - 측면충돌,안전운전불이행,포장 - 젖음/습기,비,단일로 - 기타,승용,0,22,상해없음,승합,0,55,경상,20.0,20.0
3981,2020080300100318,14,월요일,상주영천,경상북도,경상사고,0,0,2,0,차대차 - 추돌,안전운전불이행,포장 - 건조,맑음,단일로 - 기타,승용,0,25,상해없음,승용,0,47,경상,20.0,20.0
3982,2020082200100439,17,토요일,상주영천,경상북도,경상사고,0,0,1,0,차대차 - 기타,안전운전불이행,포장 - 건조,맑음,단일로 - 기타,승용,0,28,상해없음,승용,0,33,경상,20.0,20.0
3983,2020090900100064,7,수요일,상주영천,경상북도,경상사고,0,0,1,0,차대차 - 추돌,안전거리미확보,포장 - 건조,맑음,단일로 - 기타,화물,0,31,상해없음,화물,0,41,경상,,
3984,2020091100100330,16,금요일,상주영천,경상북도,경상사고,0,0,2,0,차대차 - 측면충돌,안전운전불이행,포장 - 건조,맑음,단일로 - 기타,화물,0,33,상해없음,화물,0,76,경상,30.0,30.0
3985,2020091200100014,0,토요일,상주영천,경상북도,경상사고,0,0,1,0,차대차 - 추돌,안전운전불이행,포장 - 건조,맑음,단일로 - 기타,승용,1,28,상해없음,특수,0,34,경상,20.0,20.0
3986,2020091300100032,3,일요일,상주영천,경상북도,경상사고,0,0,3,0,차량단독 - 공작물충돌,안전운전불이행,포장 - 건조,맑음,단일로 - 기타,승용,0,27,상해없음,기타불명,2,0,기타불명,20.0,20.0
3987,2020092300100117,8,수요일,상주영천,경상북도,경상사고,0,0,1,0,차대차 - 추돌,과속,포장 - 건조,맑음,단일로 - 기타,승용,0,57,상해없음,화물,0,55,경상,50.0,50.0
3988,2020093000100464,20,수요일,상주영천,경상북도,중상사고,0,1,0,0,차대차 - 추돌,안전운전불이행,포장 - 건조,맑음,단일로 - 기타,승용,0,46,상해없음,승용,1,56,중상,40.0,40.0
3989,2020102800100615,20,수요일,상주영천,경상북도,중상사고,0,2,0,0,차대차 - 기타,안전운전불이행,포장 - 건조,맑음,단일로 - 기타,화물,0,46,중상,화물,0,61,상해없음,40.0,40.0
3990,2020111000100065,6,화요일,상주영천,경상북도,사망사고,1,0,0,0,차대차 - 후진중충돌,불법유턴,포장 - 건조,맑음,단일로 - 기타,화물,0,63,상해없음,승용,0,35,사망,60.0,60.0
3991,2020111700100420,17,화요일,상주영천,경상북도,경상사고,0,0,1,0,차대차 - 추돌,안전운전불이행,포장 - 건조,맑음,단일로 - 기타,화물,0,61,상해없음,승용,0,36,경상,,
3992,2020111900100177,8,목요일,상주영천,경상북도,경상사고,0,0,2,0,차대차 - 측면충돌,안전운전불이행,포장 - 젖음/습기,비,단일로 - 기타,승용,0,56,상해없음,화물,0,52,경상,50.0,50.0
3993,2020121800100004,0,금요일,상주영천,경상북도,사망사고,1,0,1,0,차대차 - 추돌,안전운전불이행,포장 - 건조,맑음,단일로 - 기타,화물,0,49,사망,화물,0,65,경상,40.0,40.0
3994,2020121900100108,10,토요일,상주영천,경상북도,중상사고,0,1,0,0,차대차 - 기타,안전운전불이행,포장 - 건조,맑음,단일로 - 기타,승용,0,66,상해없음,승합,0,59,중상,60.0,60.0
3995,2020122200100177,11,화요일,상주영천,경상북도,중상사고,0,1,2,0,차대차 - 측면충돌,안전운전불이행,포장 - 건조,맑음,단일로 - 기타,화물,0,35,경상,승용,0,22,경상,30.0,30.0
3996,2021012600100187,11,화요일,상주영천,경상북도,경상사고,0,0,1,0,차대차 - 측면충돌,안전운전불이행,-,비,단일로 - 고가도로위,화물,0,59,상해없음,화물,0,51,경상,50.0,50.0
3997,2021022700100339,16,토요일,상주영천,경상북도,경상사고,0,0,1,0,차대차 - 측면충돌,안전운전불이행,-,맑음,교차로 - 교차로부근,승용,1,51,상해없음,승용,1,28,경상,,
3998,2021030100100213,16,월요일,상주영천,경상북도,경상사고,0,0,2,0,차대차 - 측면충돌,안전운전불이행,-,비,단일로 - 기타,승용,0,25,상해없음,승용,1,23,경상,20.0,20.0
3999,2021030400100193,12,목요일,상주영천,경상북도,경상사고,0,0,2,0,차대차 - 기타,안전운전불이행,-,맑음,단일로 - 기타,건설기계,0,45,상해없음,승용,0,30,경상,40.0,40.0
4000,2021031700100020,4,수요일,상주영천,경상북도,경상사고,0,0,1,0,차대차 - 측면충돌,안전운전불이행,-,맑음,단일로 - 기타,화물,0,48,상해없음,화물,0,55,경상,40.0,40.0
4001,2021042600100010,3,월요일,상주영천,경상북도,중상사고,0,1,1,0,차대차 - 추돌,안전운전불이행,-,맑음,단일로 - 기타,화물,0,33,중상,특수,0,60,경상,30.0,30.0
4002,2021050100100070,7,토요일,상주영천,경상북도,경상사고,0,0,1,0,차량단독 - 기타,안전운전불이행,-,맑음,단일로 - 기타,승용,0,62,경상,기타불명,2,0,기타불명,60.0,60.0
4003,2021050700100331,15,금요일,상주영천,경상북도,중상사고,0,1,1,0,차대차 - 추돌,과속,-,맑음,단일로 - 기타,승용,1,43,상해없음,승용,0,32,중상,40.0,40.0
4004,2021051400100283,13,금요일,상주영천,경상북도,중상사고,0,1,2,0,차대차 - 정면충돌,안전운전불이행,-,맑음,단일로 - 기타,승합,0,25,경상,화물,0,68,상해없음,20.0,20.0
4005,2021051600100176,13,일요일,상주영천,경상북도,중상사고,0,2,0,0,차대차 - 추돌,안전운전불이행,-,비,기타 - 기타,승용,0,27,상해없음,승용,0,74,중상,20.0,20.0
4006,2021051600100241,15,일요일,상주영천,경상북도,중상사고,0,4,4,0,차대차 - 추돌,안전운전불이행,-,비,단일로 - 터널,승용,0,25,상해없음,승용,1,49,상해없음,20.0,20.0
4007,2021052800100622,23,금요일,상주영천,경상북도,중상사고,0,1,1,0,차대차 - 추돌,안전운전불이행,-,맑음,단일로 - 기타,화물,0,42,중상,화물,0,48,경상,40.0,40.0
4008,2021060900100328,15,수요일,상주영천,경상북도,중상사고,0,2,0,0,차대차 - 후진중충돌,기타,-,맑음,단일로 - 기타,승용,1,60,중상,화물,0,57,중상,50.0,50.0
4009,2021061300100220,14,일요일,상주영천,경상북도,경상사고,0,0,3,0,차대차 - 측면충돌,안전운전불이행,-,맑음,단일로 - 기타,승용,1,62,상해없음,승용,0,33,경상,60.0,60.0
4010,2021061700100154,10,목요일,상주영천,경상북도,경상사고,0,0,1,0,차량단독 - 공작물충돌,안전운전불이행,-,맑음,단일로 - 기타,승용,1,23,상해없음,기타불명,2,0,기타불명,20.0,20.0
4011,2021070300100657,23,토요일,상주영천,경상북도,부상신고사고,0,0,0,1,차대차 - 측면충돌,안전운전불이행,-,비,단일로 - 기타,승용,0,54,부상신고,승용,0,44,상해없음,50.0,50.0
4012,2021071100100238,16,일요일,상주영천,경상북도,중상사고,0,2,0,0,차대차 - 추돌,안전운전불이행,-,맑음,단일로 - 기타,승합,0,61,상해없음,승용,0,56,중상,,
4013,2021072200100240,12,목요일,상주영천,경상북도,경상사고,0,0,1,0,차대차 - 측면충돌,안전운전불이행,-,맑음,단일로 - 기타,승용,1,46,상해없음,승용,1,35,경상,40.0,40.0
4014,2021072200100633,22,목요일,상주영천,경상북도,경상사고,0,0,2,0,차대차 - 추돌,안전운전불이행,-,맑음,단일로 - 기타,화물,0,64,경상,화물,0,60,경상,60.0,60.0
4015,2021072200100634,22,목요일,상주영천,경상북도,사망사고,1,0,0,0,차대차 - 추돌,안전운전불이행,-,맑음,단일로 - 기타,화물,0,71,사망,화물,0,60,기타불명,70.0,70.0
4016,2021072700100018,3,화요일,상주영천,경상북도,사망사고,1,0,1,0,차대차 - 추돌,안전운전불이행,-,맑음,단일로 - 기타,화물,0,59,사망,특수,0,69,경상,50.0,50.0
4017,2021073000100015,4,금요일,상주영천,경상북도,경상사고,0,0,1,0,차량단독 - 기타,안전운전불이행,-,맑음,단일로 - 기타,승용,0,68,경상,기타불명,2,0,기타불명,60.0,60.0
4018,2021073000100524,20,금요일,상주영천,경상북도,중상사고,0,1,0,0,차대차 - 정면충돌,안전운전불이행,-,맑음,단일로 - 기타,승용,0,44,중상,화물,0,49,상해없음,40.0,40.0
4019,2021073000100590,22,금요일,상주영천,경상북도,경상사고,0,0,1,0,차대차 - 추돌,안전운전불이행,-,맑음,단일로 - 기타,승용,0,28,상해없음,화물,0,50,상해없음,20.0,20.0
4020,2021080100100218,15,일요일,상주영천,경상북도,중상사고,0,2,4,0,차대차 - 기타,안전운전불이행,-,비,단일로 - 기타,승용,0,38,경상,승용,0,33,경상,30.0,30.0
4021,2021081200100283,14,목요일,상주영천,경상북도,경상사고,0,0,1,0,차대차 - 추돌,차로위반,-,맑음,단일로 - 기타,화물,0,59,상해없음,화물,0,42,경상,50.0,50.0
4022,2021081300100266,14,금요일,상주영천,경상북도,경상사고,0,0,1,0,차대차 - 추돌,안전운전불이행,-,맑음,단일로 - 기타,화물,0,49,상해없음,승용,0,49,경상,40.0,40.0
4023,2021081600100354,18,월요일,상주영천,경상북도,경상사고,0,0,3,0,차대차 - 기타,기타,-,맑음,단일로 - 기타,화물,0,50,상해없음,승용,0,28,경상,40.0,40.0
4024,2021082100100081,9,토요일,상주영천,경상북도,경상사고,0,0,2,1,차대차 - 추돌,안전운전불이행,-,비,단일로 - 기타,승용,0,49,상해없음,승용,0,44,경상,40.0,40.0
4025,2021090800100418,16,수요일,상주영천,경상북도,중상사고,0,1,1,0,차대차 - 측면충돌,차로위반,-,맑음,단일로 - 기타,화물,0,55,경상,승용,1,55,중상,50.0,50.0
4026,2021091700100389,14,금요일,상주영천,경상북도,중상사고,0,1,0,0,차대차 - 정면충돌,차로위반,-,맑음,단일로 - 기타,승용,0,61,상해없음,승용,0,66,중상,,
4027,2021092600100157,13,일요일,상주영천,경상북도,부상신고사고,0,0,0,2,차대차 - 후진중충돌,안전운전불이행,-,맑음,주차장 - 주차장,승용,0,68,상해없음,승용,0,40,부상신고,60.0,60.0
4028,2021103100100428,20,일요일,상주영천,경상북도,경상사고,0,0,2,0,차대차 - 추돌,안전운전불이행,-,맑음,단일로 - 기타,승용,0,31,상해없음,승용,0,32,경상,,
4029,2021111200100368,15,금요일,상주영천,경상북도,중상사고,0,1,1,1,차대차 - 측면충돌,안전운전불이행,-,맑음,단일로 - 기타,화물,0,61,부상신고,승용,0,51,경상,,
4030,2021113000100626,21,화요일,상주영천,경상북도,경상사고,0,0,1,0,차대차 - 추돌,안전운전불이행,-,맑음,단일로 - 터널,화물,0,32,상해없음,화물,0,45,경상,30.0,30.0
4031,2021121300100544,20,월요일,상주영천,경상북도,경상사고,0,0,1,1,차대차 - 측면충돌,차로위반,-,맑음,단일로 - 기타,화물,0,59,부상신고,승용,1,38,경상,50.0,50.0
4032,2021121900100088,11,일요일,상주영천,경상북도,경상사고,0,0,1,0,차량단독 - 공작물충돌,기타,-,맑음,단일로 - 기타,승용,0,38,경상,기타불명,2,0,기타불명,30.0,30.0
4033,2021122400100430,18,금요일,상주영천,경상북도,경상사고,0,0,1,0,차대차 - 측면충돌,차로위반,-,맑음,단일로 - 기타,승용,0,58,상해없음,승용,0,36,경상,50.0,50.0
4034,2019010100100340,22,화요일,새만금포항,경상북도,경상사고,0,0,2,0,차대차 - 추돌,안전운전불이행,포장 - 건조,맑음,단일로 - 기타,화물,0,58,상해없음,승용,0,25,경상,50.0,50.0
4035,2019020500100184,14,화요일,새만금포항,경상북도,경상사고,0,0,1,0,차대차 - 추돌,안전운전불이행,포장 - 건조,맑음,단일로 - 기타,화물,0,58,상해없음,승용,1,52,경상,50.0,50.0
4036,2019021400100354,16,목요일,새만금포항,경상북도,경상사고,0,0,1,0,차대차 - 추돌,안전운전불이행,포장 - 건조,맑음,단일로 - 기타,화물,0,52,상해없음,화물,0,51,경상,50.0,50.0
4037,2019022200100352,15,금요일,새만금포항,경상북도,경상사고,0,0,1,0,차대차 - 측면충돌,안전운전불이행,포장 - 건조,맑음,단일로 - 기타,승용,0,62,상해없음,화물,0,65,경상,60.0,60.0
4038,2019022600100407,17,화요일,새만금포항,경상북도,중상사고,0,1,1,0,차대차 - 기타,과속,포장 - 건조,맑음,단일로 - 기타,승용,0,59,경상,승합,0,57,상해없음,50.0,50.0
4039,2019041800100277,12,목요일,새만금포항,경상북도,경상사고,0,0,3,0,차대차 - 측면충돌,안전운전불이행,포장 - 건조,맑음,단일로 - 기타,화물,0,27,경상,승용,1,26,경상,20.0,20.0
4040,2019051800100367,13,토요일,새만금포항,경상북도,중상사고,0,4,1,0,차대차 - 측면충돌,안전운전불이행,포장 - 건조,맑음,단일로 - 기타,승용,0,61,상해없음,승용,0,47,중상,,
4041,2019053000100618,22,목요일,새만금포항,전라북도,경상사고,0,0,1,0,차대차 - 기타,차로위반,포장 - 건조,맑음,단일로 - 기타,특수,0,54,상해없음,특수,0,40,경상,50.0,50.0
4042,2019061100100461,17,화요일,새만금포항,경상북도,경상사고,0,0,1,1,차대차 - 추돌,안전운전불이행,포장 - 건조,맑음,단일로 - 기타,승용,0,32,상해없음,승용,0,55,부상신고,30.0,30.0
4043,2019061900100597,21,수요일,새만금포항,경상북도,중상사고,0,2,0,0,차대차 - 측면충돌,안전운전불이행,포장 - 건조,맑음,단일로 - 기타,화물,0,42,중상,승용,0,45,중상,40.0,40.0
4044,2019062200100443,15,토요일,새만금포항,대구광역시,중상사고,0,4,2,0,차대차 - 추돌,안전운전불이행,포장 - 건조,맑음,단일로 - 기타,승용,0,66,상해없음,승용,1,25,중상,60.0,60.0
4045,2019071200100235,10,금요일,새만금포항,대구광역시,중상사고,0,1,1,0,차대차 - 측면충돌,안전운전불이행,포장 - 건조,맑음,단일로 - 기타,건설기계,0,47,상해없음,승용,1,49,경상,40.0,40.0
4046,2019080200100681,22,금요일,새만금포항,전라북도,중상사고,0,1,0,0,차대차 - 추돌,안전운전불이행,포장 - 건조,맑음,기타 - 기타,화물,0,42,상해없음,화물,0,60,중상,40.0,40.0
4047,2019080900100228,10,금요일,새만금포항,경상북도,경상사고,0,0,1,0,차대차 - 기타,기타,포장 - 건조,맑음,단일로 - 터널,특수,0,59,상해없음,승용,0,34,경상,50.0,50.0
4048,2019082800100552,19,수요일,새만금포항,대구광역시,경상사고,0,0,1,0,차대차 - 기타,안전운전불이행,포장 - 건조,맑음,단일로 - 기타,화물,0,60,상해없음,승용,0,35,경상,50.0,50.0
4049,2019091400100100,10,토요일,새만금포항,전라북도,경상사고,0,0,2,0,차대차 - 추돌,안전운전불이행,포장 - 건조,맑음,단일로 - 기타,승용,0,48,경상,승용,0,54,경상,40.0,40.0
4050,2019100800100691,20,화요일,새만금포항,경상북도,경상사고,0,0,4,0,차대차 - 기타,기타,포장 - 건조,맑음,단일로 - 기타,화물,0,62,상해없음,승용,0,33,경상,60.0,60.0
4051,2019102600100220,10,토요일,새만금포항,경상북도,중상사고,0,1,0,0,차대차 - 기타,안전운전불이행,포장 - 건조,맑음,단일로 - 기타,승용,0,59,상해없음,승용,1,55,중상,50.0,50.0
4052,2019102600100466,16,토요일,새만금포항,경상북도,경상사고,0,0,1,0,차대차 - 기타,안전운전불이행,포장 - 건조,맑음,단일로 - 기타,승용,1,34,상해없음,승용,0,34,상해없음,30.0,30.0
4053,2019102800100307,12,월요일,새만금포항,대구광역시,경상사고,0,0,1,0,차대차 - 기타,안전운전불이행,포장 - 건조,맑음,단일로 - 기타,승용,0,53,상해없음,화물,0,31,경상,50.0,50.0
4054,2019111100100603,18,월요일,새만금포항,경상북도,경상사고,0,0,2,0,차대차 - 추돌,안전운전불이행,포장 - 건조,맑음,단일로 - 기타,승용,0,44,기타불명,승용,1,44,경상,40.0,40.0
4055,2019112000100411,14,수요일,새만금포항,전라북도,경상사고,0,0,1,0,차대차 - 기타,안전거리미확보,포장 - 건조,맑음,기타 - 기타,승합,0,85,상해없음,화물,0,39,경상,70.0,70.0
4056,2019121600100438,16,월요일,새만금포항,전라북도,중상사고,0,1,1,0,차대차 - 추돌,안전운전불이행,포장 - 건조,맑음,단일로 - 기타,승용,0,28,상해없음,화물,0,46,경상,20.0,20.0
4057,2020042600100434,21,일요일,새만금포항,경상북도,중상사고,0,1,0,0,차량단독 - 공작물충돌,안전운전불이행,포장 - 건조,맑음,단일로 - 기타,승용,1,34,상해없음,기타불명,2,0,기타불명,30.0,30.0
4058,2020042800100043,4,화요일,새만금포항,경상북도,경상사고,0,0,1,0,차대차 - 추돌,안전운전불이행,포장 - 건조,맑음,단일로 - 기타,승용,0,19,상해없음,화물,0,47,경상,20.0,20.0
4059,2020050300100184,13,일요일,새만금포항,전라북도,중상사고,0,1,1,0,차대차 - 추돌,안전운전불이행,포장 - 건조,맑음,기타 - 기타,승용,0,30,상해없음,승용,0,28,중상,20.0,20.0
4060,2020051700100146,11,일요일,새만금포항,대구광역시,경상사고,0,0,1,0,차대차 - 기타,안전운전불이행,포장 - 건조,맑음,단일로 - 기타,승용,0,35,상해없음,승용,1,28,경상,30.0,30.0
4061,2020060400100487,18,목요일,새만금포항,전라북도,경상사고,0,0,1,0,차대차 - 기타,차로위반,포장 - 건조,맑음,단일로 - 기타,화물,0,72,상해없음,승용,0,29,경상,70.0,70.0
4062,2020060500100255,12,금요일,새만금포항,전라북도,경상사고,0,0,2,0,차대차 - 추돌,안전운전불이행,포장 - 건조,맑음,단일로 - 기타,화물,0,59,상해없음,화물,0,29,경상,50.0,50.0
4063,2020061400100094,7,일요일,새만금포항,경상북도,경상사고,0,0,1,0,차량단독 - 기타,안전운전불이행,포장 - 건조,맑음,단일로 - 기타,승합,0,42,상해없음,기타불명,2,0,기타불명,40.0,40.0
4064,2020070500100050,3,일요일,새만금포항,경상북도,중상사고,0,1,0,0,차대차 - 기타,안전운전불이행,포장 - 건조,맑음,단일로 - 기타,기타불명,2,0,기타불명,승용,0,26,상해없음,20.0,20.0
4065,2020070600100209,11,월요일,새만금포항,경상북도,중상사고,0,1,1,0,차대차 - 추돌,안전운전불이행,포장 - 건조,흐림,단일로 - 기타,특수,0,59,상해없음,승용,1,52,중상,50.0,50.0
4066,2020072200100136,8,수요일,새만금포항,경상북도,경상사고,0,0,1,0,차대차 - 기타,안전운전불이행,포장 - 건조,맑음,주차장 - 주차장,승용,0,39,상해없음,승용,0,63,경상,30.0,30.0
4067,2020073000100134,9,목요일,새만금포항,대구광역시,사망사고,1,0,0,0,차량단독 - 공작물충돌,안전운전불이행,포장 - 젖음/습기,비,단일로 - 기타,승용,0,61,사망,기타불명,2,0,기타불명,,
4068,2020080200100307,18,일요일,새만금포항,경상북도,경상사고,0,0,1,0,차대차 - 추돌,안전운전불이행,포장 - 건조,맑음,단일로 - 기타,승용,0,29,상해없음,승용,0,63,상해없음,20.0,20.0
4069,2020080300100104,8,월요일,새만금포항,경상북도,경상사고,0,0,2,0,차대차 - 기타,기타,포장 - 건조,맑음,단일로 - 기타,건설기계,0,52,상해없음,승용,0,46,경상,50.0,50.0
4070,2020081000100050,7,월요일,새만금포항,대구광역시,경상사고,0,0,1,0,차대차 - 추돌,안전운전불이행,포장 - 젖음/습기,비,단일로 - 기타,승용,1,27,기타불명,승용,0,25,경상,20.0,20.0
4071,2020082600100376,17,수요일,새만금포항,전라북도,경상사고,0,0,2,0,차대차 - 기타,안전거리미확보,포장 - 젖음/습기,비,단일로 - 기타,승용,1,32,상해없음,승용,1,49,경상,30.0,30.0
4072,2020091200100102,7,토요일,새만금포항,전라북도,경상사고,0,0,1,0,차대차 - 추돌,안전운전불이행,포장 - 건조,맑음,단일로 - 기타,특수,0,63,상해없음,특수,0,54,경상,60.0,60.0
4073,2020091500100055,6,화요일,새만금포항,경상북도,경상사고,0,0,1,0,차대차 - 추돌,안전운전불이행,포장 - 건조,맑음,단일로 - 기타,승용,1,34,기타불명,건설기계,0,48,경상,30.0,30.0
4074,2020100200100353,20,금요일,새만금포항,대구광역시,중상사고,0,2,3,0,차대차 - 기타,안전운전불이행,포장 - 건조,맑음,단일로 - 기타,승용,1,27,상해없음,승용,0,43,경상,20.0,20.0
4075,2020110400100412,15,수요일,새만금포항,경상북도,중상사고,0,1,0,0,차대차 - 추돌,안전운전불이행,포장 - 건조,맑음,단일로 - 기타,승용,0,29,중상,화물,0,45,상해없음,20.0,20.0
4076,2020120400100027,4,금요일,새만금포항,경상북도,사망사고,1,0,0,0,차량단독 - 기타,안전운전불이행,포장 - 건조,맑음,단일로 - 기타,건설기계,0,58,사망,기타불명,2,0,기타불명,50.0,50.0
4077,2020120500100470,19,토요일,새만금포항,경상북도,경상사고,0,0,1,0,차대차 - 측면충돌,차로위반,포장 - 건조,맑음,단일로 - 기타,승용,0,40,상해없음,승용,0,55,경상,30.0,30.0
4078,2020121700100197,11,목요일,새만금포항,전라북도,경상사고,0,0,3,0,차대차 - 측면충돌,안전운전불이행,포장 - 건조,맑음,단일로 - 기타,화물,0,60,상해없음,화물,0,65,경상,50.0,50.0
4079,2020122100100482,18,월요일,새만금포항,경상북도,경상사고,0,0,3,0,차대차 - 추돌,안전운전불이행,포장 - 건조,맑음,단일로 - 기타,승용,0,21,경상,승용,0,52,경상,20.0,20.0
4080,2021010100100031,5,금요일,새만금포항,경상북도,중상사고,0,2,0,0,차대차 - 추돌,안전운전불이행,-,맑음,단일로 - 기타,승용,0,23,상해없음,화물,0,59,중상,20.0,20.0
4081,2021011100100178,12,월요일,새만금포항,전라북도,경상사고,0,0,1,0,차대차 - 측면충돌,차로위반,-,맑음,기타 - 기타,화물,0,48,상해없음,화물,0,31,경상,40.0,40.0
4082,2021011300100418,19,수요일,새만금포항,경상북도,경상사고,0,0,2,0,차대차 - 측면충돌,안전운전불이행,-,맑음,단일로 - 기타,특수,0,54,상해없음,승용,0,34,경상,50.0,50.0
4083,2021011700100145,15,일요일,새만금포항,대구광역시,경상사고,0,0,3,0,차대차 - 기타,중앙선침범,-,맑음,단일로 - 기타,승용,1,74,상해없음,승용,0,20,상해없음,70.0,70.0
4084,2021020900100621,20,화요일,새만금포항,경상북도,사망사고,1,0,1,0,차대차 - 추돌,안전운전불이행,-,맑음,단일로 - 기타,화물,0,47,사망,승용,0,43,상해없음,40.0,40.0
4085,2021030700100197,15,일요일,새만금포항,경상북도,경상사고,0,0,4,0,차대차 - 추돌,안전거리미확보,-,흐림,단일로 - 기타,승용,0,22,상해없음,승용,1,35,경상,20.0,20.0