,사고번호,사고일시,요일,도로종류,시군구,사고내용,사망자수,중상자수,경상자수,부상신고자수,사고유형,법규위반,노면상태,기상상태,도로형태,가해운전자 차종,가해운전자 성별,가해운전자 연령,가해운전자 상해정도,피해운전자 차종,피해운전자 성별,피해운전자 연령,피해운전자 상해정도,연령대,가해연령대
4216,2019102800100690,22,월요일,서울양양,경기도,부상신고사고,0,0,0,2,차대차 - 측면충돌,안전운전불이행,포장 - 젖음/습기,비,단일로 - 기타,화물,0,49,부상신고,특수,0,53,부상신고,40.0,40.0
4217,2019102900100411,15,화요일,서울양양,강원도,중상사고,0,1,4,0,차대차 - 추돌,안전거리미확보,포장 - 건조,맑음,단일로 - 터널,승용,1,35,상해없음,승용,0,44,경상,30.0,30.0
4218,2019110100100590,18,금요일,서울양양,경기도,경상사고,0,0,1,0,차대차 - 기타,안전거리미확보,포장 - 건조,맑음,단일로 - 기타,승용,1,26,상해없음,화물,0,31,경상,20.0,20.0
4219,2019110300100303,15,일요일,서울양양,강원도,경상사고,0,0,1,0,차대차 - 측면충돌,차로위반,포장 - 건조,맑음,단일로 - 기타,승용,0,31,상해없음,승용,1,50,경상,,
4220,2019110600100661,20,수요일,서울양양,경기도,경상사고,0,0,3,1,차대차 - 기타,안전운전불이행,포장 - 건조,맑음,단일로 - 기타,기타불명,2,0,기타불명,화물,0,38,상해없음,20.0,20.0
4221,2019111000100406,18,일요일,서울양양,경기도,경상사고,0,0,2,1,차대차 - 추돌,안전운전불이행,포장 - 건조,흐림,단일로 - 기타,승용,0,55,상해없음,승용,1,45,경상,50.0,50.0
4222,2019111400100352,13,목요일,서울양양,경기도,경상사고,0,0,3,0,차대차 - 측면충돌,신호위반,포장 - 건조,맑음,단일로 - 기타,승용,0,76,경상,승용,1,43,경상,70.0,70.0
4223,2019111600100496,17,토요일,서울양양,강원도,경상사고,0,0,15,0,차대차 - 추돌,안전거리미확보,포장 - 건조,맑음,단일로 - 기타,승합,0,50,상해없음,승용,0,47,경상,40.0,40.0
4224,2019112300100495,17,토요일,서울양양,경기도,경상사고,0,0,3,0,차대차 - 측면충돌,안전거리미확보,포장 - 건조,맑음,단일로 - 기타,승용,1,63,상해없음,승용,0,56,경상,60.0,60.0
4225,2019120900100386,15,월요일,서울양양,경기도,경상사고,0,0,1,0,차대차 - 추돌,안전운전불이행,포장 - 건조,맑음,기타 - 기타,승용,0,50,상해없음,승용,0,54,경상,40.0,40.0
4226,2019121500100071,3,일요일,서울양양,강원도,경상사고,0,0,1,0,차대차 - 추돌,안전운전불이행,포장 - 건조,맑음,단일로 - 터널,승용,0,29,상해없음,승용,0,55,경상,20.0,20.0
4227,2019121600100184,9,월요일,서울양양,경기도,경상사고,0,0,1,0,차대차 - 기타,안전거리미확보,포장 - 건조,맑음,단일로 - 기타,승용,0,61,상해없음,승용,0,53,경상,,
4228,2019121700100396,16,화요일,서울양양,경기도,경상사고,0,0,1,0,차대차 - 추돌,안전거리미확보,포장 - 건조,맑음,단일로 - 기타,승용,0,22,상해없음,승용,0,34,경상,20.0,20.0
4229,2019122000100281,13,금요일,서울양양,경기도,경상사고,0,0,3,0,차대차 - 추돌,안전운전불이행,포장 - 건조,맑음,단일로 - 기타,승용,1,28,상해없음,승용,0,36,경상,20.0,20.0
4230,2019122100100626,23,토요일,서울양양,경기도,경상사고,0,0,2,0,차대차 - 기타,안전운전불이행,포장 - 건조,맑음,단일로 - 기타,승용,1,25,상해없음,승용,1,50,경상,20.0,20.0
4231,2019123000100347,16,월요일,서울양양,경기도,경상사고,0,0,2,1,차대차 - 기타,안전운전불이행,포장 - 건조,맑음,단일로 - 기타,승용,0,31,부상신고,승용,0,42,상해없음,,
4232,2020010300100018,1,금요일,서울양양,경기도,중상사고,0,1,0,0,차대차 - 기타,안전운전불이행,포장 - 건조,맑음,단일로 - 기타,승용,0,30,상해없음,승용,0,43,중상,20.0,20.0
4233,2020010500100220,14,일요일,서울양양,경기도,경상사고,0,0,5,0,차대차 - 기타,차로위반,포장 - 건조,맑음,단일로 - 기타,승용,0,31,상해없음,승용,1,53,경상,,
4234,2020012000100301,13,월요일,서울양양,경기도,경상사고,0,0,6,2,차대차 - 추돌,안전운전불이행,포장 - 건조,맑음,단일로 - 기타,승용,1,46,상해없음,승용,0,28,경상,40.0,40.0
4235,2020012200100195,11,수요일,서울양양,경기도,경상사고,0,0,2,0,차대차 - 측면충돌,안전거리미확보,포장 - 건조,맑음,단일로 - 기타,화물,0,34,상해없음,승용,1,64,경상,30.0,30.0
4236,2020012500100254,18,토요일,서울양양,경기도,경상사고,0,0,2,0,차대차 - 추돌,안전운전불이행,포장 - 건조,맑음,단일로 - 기타,승용,0,22,상해없음,승용,0,30,경상,20.0,20.0
4237,2020012500100350,23,토요일,서울양양,강원도,중상사고,0,2,2,0,차대차 - 추돌,안전거리미확보,포장 - 건조,맑음,단일로 - 기타,승용,0,64,중상,승용,0,53,경상,60.0,60.0
4238,2020012800100359,17,화요일,서울양양,경기도,중상사고,0,1,1,0,차대차 - 추돌,신호위반,포장 - 건조,맑음,단일로 - 터널,화물,0,60,중상,화물,0,54,경상,50.0,50.0
4239,2020013100100067,7,금요일,서울양양,경기도,경상사고,0,0,3,1,차대차 - 기타,안전운전불이행,포장 - 건조,맑음,단일로 - 기타,화물,0,26,부상신고,화물,0,57,경상,20.0,20.0
4240,2020020600100068,6,목요일,서울양양,경기도,중상사고,0,1,0,0,차량단독 - 공작물충돌,안전운전불이행,포장 - 건조,맑음,단일로 - 터널,승용,0,22,상해없음,기타불명,2,0,기타불명,20.0,20.0
4241,2020020600100607,22,목요일,서울양양,경기도,경상사고,0,0,2,0,차대차 - 측면충돌,안전운전불이행,포장 - 건조,맑음,단일로 - 기타,승용,1,30,상해없음,승용,1,29,경상,20.0,20.0
4242,2020021300100250,13,목요일,서울양양,경기도,경상사고,0,0,1,0,차대차 - 추돌,안전운전불이행,포장 - 건조,맑음,단일로 - 기타,승용,0,33,상해없음,승용,0,61,경상,30.0,30.0
4243,2020021600100336,17,일요일,서울양양,강원도,경상사고,0,0,2,0,차대차 - 측면충돌,안전운전불이행,포장 - 건조,맑음,단일로 - 기타,승용,0,40,상해없음,승용,0,34,경상,30.0,30.0
4244,2020021700100631,21,월요일,서울양양,경기도,경상사고,0,0,1,0,차대차 - 추돌,안전운전불이행,포장 - 건조,맑음,단일로 - 기타,기타불명,2,0,기타불명,승용,0,38,경상,20.0,20.0
4245,2020022400100307,15,월요일,서울양양,강원도,경상사고,0,0,1,0,차대차 - 기타,안전운전불이행,포장 - 건조,맑음,단일로 - 기타,승용,0,19,상해없음,승용,1,47,경상,20.0,20.0
4246,2020022700100280,16,목요일,서울양양,경기도,중상사고,0,1,0,0,차대차 - 추돌,안전운전불이행,포장 - 건조,맑음,단일로 - 기타,승용,0,22,상해없음,화물,0,51,상해없음,20.0,20.0
4247,2020030200100396,20,월요일,서울양양,서울특별시,경상사고,0,0,4,1,차대차 - 추돌,안전운전불이행,포장 - 건조,흐림,단일로 - 기타,승용,0,59,상해없음,승용,0,27,경상,50.0,50.0
4248,2020030900100509,22,월요일,서울양양,경기도,경상사고,0,0,1,0,차량단독 - 기타,안전운전불이행,포장 - 건조,맑음,단일로 - 기타,승합,0,51,상해없음,기타불명,2,0,기타불명,,
4249,2020031400100242,13,토요일,서울양양,강원도,중상사고,0,1,0,1,차대차 - 추돌,신호위반,포장 - 건조,맑음,단일로 - 기타,승용,0,38,상해없음,화물,0,62,부상신고,30.0,30.0
4250,2020031700100377,19,화요일,서울양양,경기도,경상사고,0,0,1,0,차대차 - 측면충돌,안전거리미확보,포장 - 건조,맑음,기타 - 기타,승용,0,62,상해없음,화물,0,53,경상,60.0,60.0
4251,2020031900100456,23,목요일,서울양양,서울특별시,중상사고,0,1,0,0,차대차 - 측면충돌,차로위반,포장 - 건조,맑음,단일로 - 기타,승용,0,31,상해없음,승용,1,51,중상,,
4252,2020032500100211,12,수요일,서울양양,경기도,경상사고,0,0,2,0,차대차 - 추돌,안전운전불이행,포장 - 건조,맑음,단일로 - 기타,승용,0,49,상해없음,화물,0,59,상해없음,40.0,40.0
4253,2020032900100291,18,일요일,서울양양,경기도,경상사고,0,0,1,0,차대차 - 측면충돌,안전거리미확보,포장 - 건조,맑음,기타 - 기타,기타불명,2,0,기타불명,승용,1,57,경상,20.0,20.0
4254,2020032900100320,20,일요일,서울양양,경기도,중상사고,0,1,1,1,차대차 - 추돌,안전거리미확보,포장 - 건조,맑음,기타 - 기타,승용,0,22,상해없음,승용,0,59,부상신고,20.0,20.0
4255,2020033100100011,1,화요일,서울양양,경기도,부상신고사고,0,0,0,1,차량단독 - 전도전복 - 전복,안전운전불이행,포장 - 건조,맑음,단일로 - 기타,승용,0,50,부상신고,기타불명,2,0,기타불명,40.0,40.0
4256,2020040100100196,12,수요일,서울양양,강원도,경상사고,0,0,3,0,차대차 - 기타,신호위반,포장 - 건조,맑음,단일로 - 터널,승용,0,23,상해없음,승용,1,37,경상,20.0,20.0
4257,2020040500100217,14,일요일,서울양양,경기도,중상사고,0,1,1,5,차대차 - 추돌,안전운전불이행,포장 - 건조,맑음,단일로 - 기타,승용,0,24,상해없음,승용,0,47,중상,20.0,20.0
4258,2020041200100269,16,일요일,서울양양,강원도,중상사고,0,1,0,0,차대차 - 추돌,안전거리미확보,포장 - 건조,맑음,단일로 - 기타,승용,0,30,상해없음,승용,0,41,중상,20.0,20.0
4259,2020041500100110,9,수요일,서울양양,강원도,경상사고,0,0,3,0,차대차 - 측면충돌,안전운전불이행,포장 - 건조,맑음,단일로 - 기타,승용,0,58,상해없음,승용,1,58,경상,50.0,50.0
4260,2020041500100334,17,수요일,서울양양,서울특별시,경상사고,0,0,3,0,차대차 - 측면충돌,안전거리미확보,포장 - 건조,맑음,단일로 - 기타,승용,0,31,상해없음,승용,1,27,상해없음,,
4261,2020041800100119,9,토요일,서울양양,경기도,중상사고,0,1,1,0,차대차 - 추돌,과속,포장 - 건조,맑음,단일로 - 교량,승용,0,36,경상,승용,0,46,중상,30.0,30.0
4262,2020041900100194,15,일요일,서울양양,경기도,중상사고,0,1,1,0,차대차 - 추돌,안전운전불이행,포장 - 건조,맑음,단일로 - 기타,승용,0,58,상해없음,승용,1,31,중상,50.0,50.0
4263,2020043000100595,23,목요일,서울양양,경기도,경상사고,0,0,2,0,차대차 - 추돌,안전운전불이행,포장 - 건조,맑음,단일로 - 기타,승용,0,34,상해없음,승용,0,28,경상,30.0,30.0
4264,2020050100100159,11,금요일,서울양양,강원도,경상사고,0,0,3,0,차대차 - 추돌,안전거리미확보,포장 - 건조,기타,단일로 - 터널,승용,0,57,상해없음,승용,1,36,경상,50.0,50.0
4265,2020050200100163,11,토요일,서울양양,경기도,중상사고,0,1,4,2,차대차 - 측면충돌,안전거리미확보,포장 - 건조,흐림,단일로 - 기타,승용,0,74,부상신고,승용,0,38,경상,70.0,70.0
4266,2020051200100039,3,화요일,서울양양,경기도,중상사고,0,1,1,0,차대차 - 추돌,안전운전불이행,포장 - 건조,맑음,단일로 - 터널,승용,1,58,상해없음,승용,0,31,경상,50.0,50.0
4267,2020051600100511,22,토요일,서울양양,경기도,부상신고사고,0,0,0,3,차대차 - 추돌,안전운전불이행,포장 - 건조,맑음,단일로 - 기타,승합,0,62,상해없음,승용,0,44,부상신고,60.0,60.0
4268,2020052800100144,9,목요일,서울양양,강원도,중상사고,0,1,0,0,차대사람 - 기타,과속,포장 - 건조,맑음,단일로 - 교량,승용,0,55,상해없음,보행자,0,51,중상,50.0,50.0
4269,2020052900100073,7,금요일,서울양양,강원도,경상사고,0,0,2,0,차대차 - 추돌,안전운전불이행,포장 - 건조,맑음,단일로 - 터널,승용,0,22,상해없음,승용,0,47,경상,20.0,20.0
4270,2020053000100220,11,토요일,서울양양,강원도,경상사고,0,0,2,0,차대차 - 추돌,안전운전불이행,포장 - 건조,맑음,단일로 - 기타,승용,0,68,상해없음,승용,1,28,경상,60.0,60.0
4271,2020060200100042,6,화요일,서울양양,경기도,중상사고,0,1,2,0,차대차 - 기타,안전거리미확보,포장 - 건조,맑음,단일로 - 기타,화물,0,67,중상,화물,0,43,경상,60.0,60.0
4272,2020060400100476,18,목요일,서울양양,경기도,부상신고사고,0,0,0,6,차대차 - 기타,안전거리미확보,포장 - 건조,맑음,단일로 - 기타,승용,1,61,부상신고,승용,0,61,부상신고,,
4273,2020060500100463,17,금요일,서울양양,경기도,중상사고,0,1,0,0,차대차 - 추돌,안전운전불이행,포장 - 건조,맑음,단일로 - 기타,승합,0,45,상해없음,승용,0,46,중상,40.0,40.0
4274,2020060600100222,12,토요일,서울양양,강원도,경상사고,0,0,1,1,차대차 - 추돌,안전거리미확보,포장 - 건조,기타,단일로 - 기타,승용,0,24,상해없음,승용,0,41,경상,20.0,20.0
4275,2020061200100728,23,금요일,서울양양,경기도,경상사고,0,0,1,0,차대차 - 측면충돌,안전운전불이행,포장 - 건조,맑음,기타 - 기타,화물,0,48,상해없음,특수,0,26,경상,40.0,40.0
4276,2020061300100372,15,토요일,서울양양,강원도,중상사고,0,1,3,0,차대차 - 추돌,안전운전불이행,포장 - 건조,맑음,단일로 - 기타,승용,0,40,상해없음,승용,0,34,경상,30.0,30.0
4277,2020061400100100,8,일요일,서울양양,강원도,사망사고,1,0,1,0,차대차 - 측면충돌,안전운전불이행,포장 - 건조,맑음,단일로 - 터널,승용,0,35,상해없음,승용,1,29,사망,30.0,30.0
4278,2020061400100490,22,일요일,서울양양,경기도,경상사고,0,0,3,0,차대차 - 기타,안전운전불이행,포장 - 건조,맑음,단일로 - 기타,승용,0,29,상해없음,화물,0,52,경상,20.0,20.0
4279,2020061600100282,13,화요일,서울양양,강원도,중상사고,0,1,0,0,차대사람 - 횡단중,안전운전불이행,포장 - 건조,맑음,단일로 - 기타,승용,0,37,상해없음,보행자,1,51,중상,30.0,30.0
4280,2020061700100362,15,수요일,서울양양,강원도,경상사고,0,0,4,0,차대차 - 추돌,안전운전불이행,포장 - 건조,맑음,단일로 - 기타,특수,0,50,상해없음,승용,0,50,경상,40.0,40.0
4281,2020062100100123,9,일요일,서울양양,경기도,경상사고,0,0,2,0,차대차 - 추돌,안전운전불이행,포장 - 건조,맑음,단일로 - 기타,승용,0,46,상해없음,화물,0,41,경상,40.0,40.0
4282,2020062200100008,0,월요일,서울양양,강원도,경상사고,0,0,3,0,차대차 - 측면충돌,안전운전불이행,포장 - 건조,맑음,단일로 - 터널,승용,0,19,상해없음,승용,1,37,경상,20.0,20.0
4283,2020062400100167,10,수요일,서울양양,경기도,중상사고,0,2,0,0,차대차 - 측면충돌,안전거리미확보,포장 - 건조,맑음,단일로 - 기타,승용,0,62,상해없음,승용,0,72,중상,60.0,60.0
4284,2020070400100022,0,토요일,서울양양,강원도,경상사고,0,0,1,0,차대차 - 추돌,안전운전불이행,포장 - 건조,맑음,단일로 - 기타,승용,0,32,상해없음,승합,0,58,경상,30.0,30.0
4285,2020070400100300,13,토요일,서울양양,경기도,중상사고,0,1,2,0,차대차 - 추돌,안전거리미확보,포장 - 건조,맑음,단일로 - 터널,승용,0,36,상해없음,승용,0,30,중상,30.0,30.0
4286,2020071800100149,10,토요일,서울양양,경기도,경상사고,0,0,2,0,차대차 - 측면충돌,안전운전불이행,포장 - 건조,맑음,단일로 - 기타,화물,0,39,상해없음,승용,0,31,경상,30.0,30.0
4287,2020071800100150,10,토요일,서울양양,경기도,경상사고,0,0,2,0,차대차 - 추돌,안전운전불이행,포장 - 건조,맑음,단일로 - 기타,승용,0,56,상해없음,승용,0,30,경상,50.0,50.0
4288,2020072300100280,14,목요일,서울양양,경기도,경상사고,0,0,1,0,차대차 - 측면충돌,안전거리미확보,포장 - 젖음/습기,비,단일로 - 기타,건설기계,0,54,상해없음,승용,0,28,경상,50.0,50.0
4289,2020072600100258,15,일요일,서울양양,경기도,경상사고,0,0,2,0,차대차 - 추돌,안전거리미확보,포장 - 건조,맑음,단일로 - 기타,승용,0,63,상해없음,승용,0,33,경상,60.0,60.0
4290,2020072600100354,18,일요일,서울양양,강원도,경상사고,0,0,3,0,차대차 - 추돌,안전운전불이행,포장 - 건조,기타,단일로 - 기타,승용,0,25,경상,승용,1,63,경상,20.0,20.0
4291,2020073100100370,16,금요일,서울양양,강원도,중상사고,0,1,4,0,차대차 - 추돌,안전운전불이행,포장 - 건조,맑음,단일로 - 터널,화물,0,45,상해없음,승용,1,43,중상,40.0,40.0
4292,2020080900100144,12,일요일,서울양양,경기도,경상사고,0,0,2,0,차대차 - 측면충돌,안전거리미확보,포장 - 젖음/습기,비,단일로 - 기타,승용,0,19,상해없음,승용,1,53,경상,20.0,20.0
4293,2020081400100296,13,금요일,서울양양,경기도,경상사고,0,0,2,0,차대차 - 측면충돌,안전운전불이행,포장 - 건조,맑음,단일로 - 터널,화물,0,27,상해없음,승용,0,33,경상,20.0,20.0
4294,2020081500100014,0,토요일,서울양양,경기도,경상사고,0,0,2,0,차대차 - 측면충돌,안전운전불이행,포장 - 건조,맑음,기타 - 기타,승용,0,43,상해없음,승용,0,23,경상,40.0,40.0
4295,2020081700100150,11,월요일,서울양양,강원도,경상사고,0,0,2,0,차대차 - 추돌,안전거리미확보,포장 - 건조,맑음,단일로 - 터널,승용,0,74,상해없음,승용,0,28,상해없음,70.0,70.0
4296,2020082000100069,7,목요일,서울양양,경기도,경상사고,0,0,1,0,차대차 - 측면충돌,안전거리미확보,포장 - 건조,맑음,단일로 - 기타,기타불명,2,0,기타불명,승용,0,51,상해없음,20.0,20.0
4297,2020082100100394,17,금요일,서울양양,경기도,경상사고,0,0,2,0,차대차 - 추돌,안전운전불이행,포장 - 건조,맑음,단일로 - 교량,승용,0,40,상해없음,승용,0,64,경상,30.0,30.0
4298,2020082300100423,21,일요일,서울양양,경기도,부상신고사고,0,0,0,3,차대차 - 측면충돌,안전거리미확보,포장 - 건조,맑음,기타 - 기타,승용,0,54,상해없음,승용,1,46,부상신고,50.0,50.0
4299,2020082400100005,0,월요일,서울양양,강원도,경상사고,0,0,1,0,차대차 - 추돌,안전운전불이행,포장 - 건조,맑음,단일로 - 터널,승용,0,50,상해없음,승용,0,25,경상,40.0,40.0
4300,2020082400100177,10,월요일,서울양양,경기도,부상신고사고,0,0,0,5,차대차 - 측면충돌,안전운전불이행,포장 - 건조,맑음,단일로 - 기타,승용,0,49,부상신고,화물,0,61,부상신고,40.0,40.0
4301,2020082400100580,20,월요일,서울양양,경기도,경상사고,0,0,2,1,차대차 - 추돌,안전운전불이행,포장 - 건조,맑음,기타 - 기타,승용,0,32,상해없음,화물,0,36,경상,30.0,30.0
4302,2020082700100344,16,목요일,서울양양,경기도,부상신고사고,0,0,0,1,차대차 - 기타,기타,포장 - 건조,맑음,단일로 - 터널,기타불명,2,0,기타불명,승용,1,43,부상신고,20.0,20.0
4303,2020082800100039,3,금요일,서울양양,강원도,중상사고,0,1,0,1,차량단독 - 기타,안전운전불이행,포장 - 젖음/습기,기타,단일로 - 터널,승용,0,31,상해없음,기타불명,2,0,기타불명,,
4304,2020090100100167,11,화요일,서울양양,강원도,중상사고,0,1,1,0,차대차 - 추돌,안전운전불이행,포장 - 건조,맑음,단일로 - 기타,승용,0,50,상해없음,승용,0,38,중상,40.0,40.0
4305,2020090100100256,14,화요일,서울양양,경기도,중상사고,0,1,5,1,차대차 - 추돌,안전운전불이행,포장 - 건조,맑음,단일로 - 기타,승용,0,40,경상,승용,0,28,상해없음,30.0,30.0
4306,2020090300100092,8,목요일,서울양양,강원도,중상사고,0,1,0,0,차량단독 - 기타,안전운전불이행,포장 - 젖음/습기,비,단일로 - 기타,승용,0,39,상해없음,기타불명,2,0,기타불명,30.0,30.0
4307,2020090500100296,15,토요일,서울양양,경기도,경상사고,0,0,2,0,차대차 - 기타,안전운전불이행,포장 - 건조,맑음,단일로 - 기타,승용,0,72,상해없음,승용,1,78,경상,70.0,70.0
4308,2020090600100336,20,일요일,서울양양,경기도,경상사고,0,0,2,0,차대차 - 추돌,안전거리미확보,포장 - 젖음/습기,비,단일로 - 교량,승용,1,33,상해없음,승용,0,55,경상,30.0,30.0
4309,2020091200100276,13,토요일,서울양양,강원도,경상사고,0,0,1,0,차대차 - 추돌,안전거리미확보,포장 - 건조,기타,단일로 - 터널,화물,0,68,상해없음,승용,0,61,경상,60.0,60.0
4310,2020091200100277,13,토요일,서울양양,강원도,경상사고,0,0,2,0,차대차 - 측면충돌,안전운전불이행,포장 - 젖음/습기,비,단일로 - 기타,승용,1,24,상해없음,승용,0,47,경상,20.0,20.0
4311,2020091600100035,5,수요일,서울양양,경기도,경상사고,0,0,1,0,차대차 - 기타,신호위반,포장 - 젖음/습기,흐림,단일로 - 기타,화물,0,57,상해없음,화물,0,60,경상,50.0,50.0
4312,2020092000100219,13,일요일,서울양양,경기도,부상신고사고,0,0,0,4,차대차 - 측면충돌,안전거리미확보,포장 - 건조,맑음,단일로 - 기타,승용,1,56,상해없음,화물,0,44,부상신고,50.0,50.0
4313,2020092000100469,20,일요일,서울양양,경기도,경상사고,0,0,9,0,차대차 - 측면충돌,안전운전불이행,포장 - 건조,맑음,단일로 - 터널,승용,1,51,상해없음,승합,0,32,경상,,
4314,2020092700100346,16,일요일,서울양양,경기도,경상사고,0,0,3,0,차대차 - 추돌,안전운전불이행,포장 - 건조,맑음,단일로 - 터널,기타불명,2,0,기타불명,승용,1,23,경상,20.0,20.0
4315,2020092800100375,14,월요일,서울양양,경기도,경상사고,0,0,2,0,차대차 - 추돌,안전거리미확보,포장 - 건조,맑음,기타 - 기타,승용,0,19,기타불명,승용,0,43,경상,20.0,20.0
4316,2020093000100271,14,수요일,서울양양,경기도,경상사고,0,0,3,0,차대차 - 추돌,안전운전불이행,포장 - 건조,맑음,단일로 - 기타,승용,0,48,상해없음,승용,0,30,경상,40.0,40.0
4317,2020100100100101,12,목요일,서울양양,서울특별시,중상사고,0,4,0,0,차대차 - 추돌,안전운전불이행,포장 - 건조,맑음,단일로 - 기타,승용,0,40,기타불명,승용,0,59,중상,30.0,30.0
4318,2020100100100301,21,목요일,서울양양,경기도,경상사고,0,0,2,0,차대차 - 추돌,안전운전불이행,포장 - 건조,맑음,단일로 - 기타,승용,0,56,상해없음,승용,1,43,경상,50.0,50.0
4319,2020100200100408,23,금요일,서울양양,경기도,경상사고,0,0,2,0,차대차 - 기타,안전거리미확보,포장 - 건조,맑음,단일로 - 기타,승용,0,47,상해없음,승용,0,55,경상,40.0,40.0
4320,2020100700100039,6,수요일,서울양양,경기도,경상사고,0,0,3,0,차대차 - 추돌,안전운전불이행,포장 - 건조,맑음,단일로 - 터널,승용,0,21,상해없음,승용,0,63,경상,20.0,20.0
4321,2020100700100334,15,수요일,서울양양,강원도,경상사고,0,0,4,0,차대차 - 추돌,안전운전불이행,포장 - 건조,맑음,단일로 - 터널,승용,1,52,상해없음,승용,0,37,경상,50.0,50.0
4322,2020101100100252,15,일요일,서울양양,강원도,경상사고,0,0,1,0,차대차 - 추돌,안전운전불이행,포장 - 건조,맑음,단일로 - 기타,승용,0,27,상해없음,승용,0,25,상해없음,20.0,20.0
4323,2020101800100346,16,일요일,서울양양,강원도,경상사고,0,0,2,0,차대차 - 추돌,안전거리미확보,포장 - 건조,맑음,단일로 - 터널,승용,0,22,상해없음,승용,0,35,경상,20.0,20.0
4324,2020102300100671,18,금요일,서울양양,경기도,경상사고,0,0,4,0,차대차 - 추돌,안전운전불이행,포장 - 건조,맑음,단일로 - 기타,승용,0,73,상해없음,승용,0,49,상해없음,70.0,70.0
4325,2020102400100113,7,토요일,서울양양,경기도,경상사고,0,0,4,0,차대차 - 추돌,안전운전불이행,포장 - 건조,맑음,단일로 - 기타,승용,0,28,상해없음,승용,0,41,경상,20.0,20.0
4326,2020102400100624,20,토요일,서울양양,경기도,경상사고,0,0,6,0,차대차 - 측면충돌,신호위반,포장 - 건조,맑음,단일로 - 기타,승용,0,51,상해없음,승용,1,61,경상,,
4327,2020102500100399,17,일요일,서울양양,경기도,중상사고,0,1,3,0,차대차 - 추돌,안전운전불이행,포장 - 건조,맑음,단일로 - 기타,승용,0,26,상해없음,승용,0,66,경상,20.0,20.0
4328,2020102700100684,23,화요일,서울양양,경기도,사망사고,1,0,0,0,차대사람 - 차도통행중,기타,포장 - 건조,맑음,단일로 - 기타,승용,0,39,상해없음,보행자,1,38,사망,30.0,30.0
4329,2020103000100074,6,금요일,서울양양,경기도,경상사고,0,0,3,2,차대차 - 기타,기타,포장 - 건조,맑음,단일로 - 기타,화물,0,69,상해없음,승용,1,39,경상,60.0,60.0
4330,2020110700100265,12,토요일,서울양양,경기도,경상사고,0,0,2,0,차대차 - 기타,신호위반,포장 - 건조,맑음,기타 - 기타,승용,1,54,상해없음,승용,0,31,경상,50.0,50.0
4331,2020110800100290,14,일요일,서울양양,경기도,중상사고,0,1,2,0,차대차 - 측면충돌,안전거리미확보,포장 - 건조,맑음,단일로 - 기타,승용,0,31,상해없음,승용,1,30,경상,,
4332,2020110800100405,17,일요일,서울양양,경기도,경상사고,0,0,3,0,차대차 - 추돌,안전거리미확보,포장 - 건조,맑음,단일로 - 기타,승용,0,31,상해없음,승용,0,28,경상,,
4333,2020112000100609,19,금요일,서울양양,경기도,경상사고,0,0,1,0,차대차 - 추돌,안전운전불이행,포장 - 건조,맑음,단일로 - 기타,승용,0,43,상해없음,승용,1,52,경상,40.0,40.0
4334,2020112200100052,2,일요일,서울양양,경기도,중상사고,0,1,0,0,차대차 - 측면충돌,중앙선침범,포장 - 젖음/습기,비,단일로 - 기타,승용,0,35,상해없음,승용,1,36,중상,30.0,30.0
4335,2020112300100245,12,월요일,서울양양,강원도,경상사고,0,0,5,0,차대차 - 추돌,안전거리미확보,포장 - 건조,맑음,단일로 - 터널,화물,0,66,기타불명,승용,1,32,경상,60.0,60.0
4336,2020112700100313,15,금요일,서울양양,경기도,중상사고,0,2,0,0,차대차 - 측면충돌,안전운전불이행,포장 - 건조,맑음,단일로 - 기타,기타불명,1,23,상해없음,승용,1,60,중상,20.0,20.0
4337,2020112700100678,23,금요일,서울양양,경기도,중상사고,0,1,1,0,차대차 - 추돌,신호위반,포장 - 건조,맑음,단일로 - 기타,승용,0,23,상해없음,승용,0,27,경상,20.0,20.0
4338,2020120500100034,2,토요일,서울양양,경기도,경상사고,0,0,1,0,차대차 - 기타,기타,포장 - 건조,맑음,단일로 - 터널,화물,0,56,상해없음,승용,0,26,경상,50.0,50.0
4339,2020120500100098,9,토요일,서울양양,경기도,경상사고,0,0,4,1,차대차 - 기타,신호위반,포장 - 건조,맑음,단일로 - 기타,화물,0,50,상해없음,승용,0,25,부상신고,40.0,40.0
4340,2020120600100147,12,일요일,서울양양,경기도,경상사고,0,0,1,0,차대차 - 기타,기타,포장 - 건조,맑음,단일로 - 기타,승용,0,29,상해없음,승용,1,27,경상,20.0,20.0
4341,2020121200100228,14,토요일,서울양양,강원도,경상사고,0,0,4,2,차대차 - 추돌,기타,포장 - 건조,맑음,단일로 - 기타,화물,0,68,기타불명,승용,0,28,경상,60.0,60.0
4342,2020121300100013,0,일요일,서울양양,경기도,경상사고,0,0,1,0,차대차 - 정면충돌,중앙선침범,포장 - 건조,맑음,단일로 - 기타,승용,0,29,기타불명,승용,1,25,경상,20.0,20.0
4343,2020121900100054,7,토요일,서울양양,강원도,사망사고,1,0,0,0,차량단독 - 공작물충돌,안전운전불이행,포장 - 건조,맑음,단일로 - 기타,화물,0,51,사망,기타불명,2,0,기타불명,,