,사고번호,사고일시,요일,도로종류,시군구,사고내용,사망자수,중상자수,경상자수,부상신고자수,사고유형,법규위반,노면상태,기상상태,도로형태,가해운전자 차종,가해운전자 성별,가해운전자 연령,가해운전자 상해정도,피해운전자 차종,피해운전자 성별,피해운전자 연령,피해운전자 상해정도,연령대,가해연령대
4480,2021101100100486,20,월요일,서울양양,경기도,경상사고,0,0,2,0,차대차 - 측면충돌,안전거리미확보,-,맑음,단일로 - 기타,승합,0,53,상해없음,화물,0,57,경상,50.0,50.0
4481,2021101600100066,6,토요일,서울양양,경기도,중상사고,0,1,2,0,차대차 - 추돌,안전거리미확보,-,맑음,단일로 - 기타,승용,0,27,경상,승용,0,34,경상,20.0,20.0
4482,2021101700100278,17,일요일,서울양양,강원도,경상사고,0,0,6,0,차대차 - 추돌,안전거리미확보,-,맑음,단일로 - 터널,승용,0,69,상해없음,승용,0,24,상해없음,60.0,60.0
4483,2021101800100082,7,월요일,서울양양,경기도,경상사고,0,0,2,0,차대차 - 기타,차로위반,-,맑음,단일로 - 기타,승용,1,27,상해없음,승용,0,43,경상,20.0,20.0
4484,2021101900100274,15,화요일,서울양양,강원도,경상사고,0,0,1,0,차대차 - 추돌,안전운전불이행,-,맑음,단일로 - 기타,승용,0,21,상해없음,승용,1,30,경상,20.0,20.0
4485,2021102000100231,12,수요일,서울양양,경기도,경상사고,0,0,2,0,차대차 - 추돌,안전운전불이행,-,맑음,단일로 - 터널,승용,0,78,상해없음,승용,1,60,경상,70.0,70.0
4486,2021102000100393,16,수요일,서울양양,경기도,경상사고,0,0,1,0,차대차 - 추돌,안전운전불이행,-,맑음,단일로 - 기타,승용,0,32,상해없음,승용,0,49,경상,30.0,30.0
4487,2021102200100325,14,금요일,서울양양,강원도,경상사고,0,0,1,5,차대차 - 추돌,안전거리미확보,-,맑음,단일로 - 기타,승용,0,29,상해없음,승용,0,39,부상신고,20.0,20.0
4488,2021102200100351,14,금요일,서울양양,경기도,중상사고,0,1,0,0,차대사람 - 기타,안전운전불이행,-,맑음,단일로 - 기타,승용,1,30,상해없음,보행자,0,53,중상,20.0,20.0
4489,2021102400100354,17,일요일,서울양양,경기도,경상사고,0,0,1,0,차대차 - 측면충돌,안전운전불이행,-,맑음,단일로 - 기타,화물,0,61,상해없음,승용,0,67,경상,,
4490,2021102800100062,6,목요일,서울양양,경기도,경상사고,0,0,3,0,차대차 - 기타,신호위반,-,맑음,단일로 - 교량,승용,1,43,상해없음,승용,0,55,경상,40.0,40.0
4491,2021102900100250,13,금요일,서울양양,강원도,중상사고,0,3,2,0,차대차 - 추돌,안전운전불이행,-,맑음,단일로 - 기타,화물,0,69,상해없음,승용,1,40,경상,60.0,60.0
4492,2021103000100121,10,토요일,서울양양,강원도,경상사고,0,0,2,3,차대차 - 추돌,안전거리미확보,-,맑음,단일로 - 기타,승용,0,67,상해없음,승합,0,67,경상,60.0,60.0
4493,2021103000100526,21,토요일,서울양양,경기도,경상사고,0,0,1,0,차대차 - 추돌,안전거리미확보,-,맑음,단일로 - 기타,승용,0,61,상해없음,화물,0,25,상해없음,,
4494,2021103100100264,15,일요일,서울양양,경기도,부상신고사고,0,0,0,1,차대차 - 추돌,안전거리미확보,-,맑음,단일로 - 기타,승용,0,55,상해없음,승용,0,26,부상신고,50.0,50.0
4495,2021110100100157,10,월요일,서울양양,강원도,중상사고,0,1,4,1,차대차 - 추돌,안전거리미확보,-,맑음,단일로 - 기타,승용,0,39,상해없음,승용,1,25,경상,30.0,30.0
4496,2021110100100336,15,월요일,서울양양,강원도,중상사고,0,5,3,0,차대차 - 추돌,안전거리미확보,-,맑음,단일로 - 기타,화물,0,60,상해없음,승용,0,29,경상,50.0,50.0
4497,2021110700100478,22,일요일,서울양양,경기도,경상사고,0,0,1,0,차대차 - 측면충돌,안전운전불이행,-,맑음,단일로 - 기타,승용,1,60,상해없음,승용,0,45,경상,50.0,50.0
4498,2021110800100060,6,월요일,서울양양,경기도,경상사고,0,0,2,0,차대차 - 기타,안전거리미확보,-,맑음,단일로 - 기타,승용,0,53,상해없음,승용,1,48,경상,50.0,50.0
4499,2021110800100178,9,월요일,서울양양,경기도,경상사고,0,0,1,0,차대차 - 측면충돌,신호위반,-,비,단일로 - 기타,승용,0,66,상해없음,화물,0,39,경상,60.0,60.0
4500,2021110800100200,10,월요일,서울양양,경기도,경상사고,0,0,2,0,차대차 - 추돌,안전운전불이행,-,비,단일로 - 기타,승용,0,61,상해없음,승용,1,34,경상,,
4501,2021111000100032,3,수요일,서울양양,강원도,중상사고,0,1,2,0,차대차 - 추돌,안전운전불이행,-,맑음,단일로 - 기타,승용,0,26,중상,화물,0,60,경상,20.0,20.0
4502,2021111600100146,8,화요일,서울양양,서울특별시,경상사고,0,0,1,0,차대차 - 기타,차로위반,-,맑음,단일로 - 기타,승용,0,55,상해없음,승용,0,31,경상,50.0,50.0
4503,2021111600100213,10,화요일,서울양양,경기도,중상사고,0,1,2,0,차대차 - 기타,안전운전불이행,-,맑음,단일로 - 기타,건설기계,0,38,상해없음,승용,0,64,중상,30.0,30.0
4504,2021112700100116,9,토요일,서울양양,경기도,경상사고,0,0,1,0,차대차 - 측면충돌,안전거리미확보,-,맑음,단일로 - 기타,승용,0,30,상해없음,승용,0,32,경상,20.0,20.0
4505,2021112700100276,13,토요일,서울양양,경기도,경상사고,0,0,1,0,차대차 - 추돌,안전거리미확보,-,맑음,단일로 - 기타,화물,0,57,상해없음,승용,0,37,경상,50.0,50.0
4506,2021112900100561,19,월요일,서울양양,경기도,중상사고,0,2,0,0,차대차 - 추돌,안전운전불이행,-,맑음,단일로 - 기타,화물,0,36,상해없음,승용,0,33,중상,30.0,30.0
4507,2021120900100489,21,목요일,서울양양,강원도,경상사고,0,0,1,0,차대차 - 정면충돌,중앙선침범,-,맑음,단일로 - 기타,승용,0,63,상해없음,승용,0,27,경상,60.0,60.0
4508,2021121200100119,11,일요일,서울양양,경기도,경상사고,0,0,4,0,차대차 - 추돌,안전거리미확보,-,맑음,단일로 - 기타,화물,0,54,상해없음,승용,0,46,경상,50.0,50.0
4509,2021121800100155,10,토요일,서울양양,경기도,경상사고,0,0,3,0,차대차 - 측면충돌,신호위반,-,맑음,단일로 - 터널,승용,0,67,상해없음,승용,0,34,경상,60.0,60.0
4510,2021121900100130,13,일요일,서울양양,강원도,경상사고,0,0,1,0,차대차 - 추돌,안전거리미확보,-,맑음,단일로 - 기타,승용,0,53,상해없음,승용,0,83,경상,50.0,50.0
4511,2021122000100095,8,월요일,서울양양,경기도,부상신고사고,0,0,0,3,차대차 - 추돌,안전거리미확보,-,맑음,단일로 - 교량,승용,0,46,상해없음,승용,0,42,부상신고,40.0,40.0
4512,2021122100100045,6,화요일,서울양양,경기도,경상사고,0,0,1,0,차대차 - 추돌,안전거리미확보,-,맑음,단일로 - 터널,승용,0,29,상해없음,화물,0,43,경상,20.0,20.0
4513,2021122800100355,17,화요일,서울양양,경기도,중상사고,0,1,0,0,차량단독 - 기타,안전운전불이행,-,맑음,단일로 - 기타,승합,0,44,상해없음,기타불명,2,0,기타불명,40.0,40.0
4514,2021123100100223,13,금요일,서울양양,경기도,경상사고,0,0,1,0,차대차 - 추돌,안전운전불이행,-,맑음,단일로 - 기타,승용,1,29,상해없음,승용,0,34,경상,20.0,20.0
4515,2021123100100414,17,금요일,서울양양,경기도,경상사고,0,0,1,0,차대차 - 측면충돌,신호위반,-,맑음,단일로 - 기타,승용,0,58,상해없음,승용,0,28,경상,50.0,50.0
4516,2021123100100415,17,금요일,서울양양,경기도,경상사고,0,0,2,0,차대차 - 측면충돌,안전거리미확보,-,맑음,단일로 - 기타,기타불명,2,0,기타불명,화물,0,51,경상,20.0,20.0
4517,2020010100100088,6,수요일,서울외곽순환,경기도,경상사고,0,0,1,0,차대차 - 추돌,안전거리미확보,포장 - 젖음/습기,흐림,단일로 - 교량,승용,0,25,상해없음,승용,1,54,경상,20.0,20.0
4518,2020010200100224,13,목요일,서울외곽순환,경기도,중상사고,0,1,0,0,차대차 - 기타,안전거리미확보,포장 - 건조,맑음,단일로 - 기타,화물,0,67,상해없음,승용,1,61,중상,60.0,60.0
4519,2020010300100356,16,금요일,서울외곽순환,경기도,중상사고,0,4,1,1,차대차 - 측면충돌,안전운전불이행,포장 - 건조,맑음,단일로 - 기타,승용,1,58,중상,승용,0,39,부상신고,50.0,50.0
4520,2020010300100394,17,금요일,서울외곽순환,서울특별시,경상사고,0,0,1,0,차대차 - 측면충돌,안전운전불이행,포장 - 건조,맑음,단일로 - 기타,화물,0,37,상해없음,승용,1,59,경상,30.0,30.0
4521,2020010300100531,20,금요일,서울외곽순환,경기도,경상사고,0,0,1,0,차대차 - 측면충돌,안전거리미확보,포장 - 건조,맑음,단일로 - 기타,승용,0,33,상해없음,승용,1,34,경상,30.0,30.0
4522,2020010400100339,16,토요일,서울외곽순환,경기도,경상사고,0,0,1,0,차대차 - 측면충돌,안전거리미확보,포장 - 건조,맑음,단일로 - 기타,승용,0,63,상해없음,승용,0,46,경상,60.0,60.0
4523,2020010400100357,17,토요일,서울외곽순환,경기도,중상사고,0,1,0,0,차대차 - 추돌,안전운전불이행,포장 - 건조,맑음,단일로 - 기타,승용,0,29,상해없음,승용,0,58,중상,20.0,20.0
4524,2020010600100518,19,월요일,서울외곽순환,서울특별시,경상사고,0,0,1,1,차대차 - 측면충돌,안전거리미확보,포장 - 젖음/습기,비,단일로 - 기타,승용,0,61,부상신고,화물,0,47,경상,,
4525,2020010700100664,21,화요일,서울외곽순환,경기도,중상사고,0,3,0,0,차대차 - 추돌,안전운전불이행,포장 - 젖음/습기,비,단일로 - 기타,승용,0,42,상해없음,승용,0,64,중상,40.0,40.0
4526,2020010800100173,9,수요일,서울외곽순환,경기도,중상사고,0,1,0,0,차량단독 - 공작물충돌,안전운전불이행,포장 - 젖음/습기,흐림,단일로 - 기타,승용,0,62,상해없음,기타불명,2,0,기타불명,60.0,60.0
4527,2020010800100261,12,수요일,서울외곽순환,경기도,부상신고사고,0,0,0,1,차대차 - 추돌,안전운전불이행,포장 - 건조,맑음,단일로 - 기타,화물,0,50,상해없음,승용,1,58,부상신고,40.0,40.0
4528,2020010800100370,16,수요일,서울외곽순환,경기도,경상사고,0,0,1,0,차대차 - 기타,안전운전불이행,포장 - 건조,맑음,단일로 - 기타,승용,0,79,상해없음,승용,1,30,경상,70.0,70.0
4529,2020010900100277,14,목요일,서울외곽순환,경기도,중상사고,0,1,1,0,차대차 - 추돌,안전운전불이행,포장 - 건조,맑음,단일로 - 기타,승용,2,0,기타불명,승용,0,41,경상,20.0,20.0
4530,2020010900100399,18,목요일,서울외곽순환,경기도,경상사고,0,0,1,0,차대차 - 추돌,안전운전불이행,포장 - 건조,맑음,단일로 - 기타,승용,0,27,상해없음,승용,0,63,경상,20.0,20.0
4531,2020011000100157,9,금요일,서울외곽순환,경기도,사망사고,1,1,0,0,차대차 - 추돌,안전운전불이행,포장 - 건조,맑음,단일로 - 기타,승용,0,50,사망,화물,0,40,중상,40.0,40.0
4532,2020011100100292,14,토요일,서울외곽순환,경기도,경상사고,0,0,3,1,차대차 - 추돌,안전운전불이행,포장 - 건조,맑음,단일로 - 기타,승용,0,46,상해없음,승용,1,25,경상,40.0,40.0
4533,2020011100100383,17,토요일,서울외곽순환,경기도,부상신고사고,0,0,0,1,차대차 - 기타,안전거리미확보,포장 - 건조,흐림,단일로 - 기타,승용,0,26,상해없음,승용,0,42,부상신고,20.0,20.0
4534,2020011100100384,17,토요일,서울외곽순환,경기도,경상사고,0,0,2,2,차대차 - 기타,안전거리미확보,포장 - 건조,맑음,단일로 - 기타,승용,0,68,부상신고,승용,0,41,경상,60.0,60.0
4535,2020011100100399,17,토요일,서울외곽순환,인천광역시,경상사고,0,0,1,0,차대차 - 측면충돌,안전거리미확보,포장 - 건조,맑음,단일로 - 기타,승용,0,47,경상,승용,0,31,상해없음,40.0,40.0
4536,2020011100100463,19,토요일,서울외곽순환,경기도,부상신고사고,0,0,0,3,차대차 - 기타,안전운전불이행,포장 - 건조,맑음,단일로 - 기타,화물,0,41,상해없음,승용,1,41,부상신고,,
4537,2020011100100497,20,토요일,서울외곽순환,경기도,경상사고,0,0,1,0,차대차 - 기타,안전운전불이행,포장 - 건조,맑음,단일로 - 기타,승용,1,22,상해없음,승용,0,58,경상,20.0,20.0
4538,2020011300100299,15,월요일,서울외곽순환,서울특별시,경상사고,0,0,3,0,차대차 - 추돌,안전운전불이행,포장 - 건조,맑음,단일로 - 기타,승용,0,46,상해없음,승용,0,19,경상,40.0,40.0
4539,2020011300100478,19,월요일,서울외곽순환,서울특별시,경상사고,0,0,2,0,차대차 - 측면충돌,안전거리미확보,포장 - 건조,맑음,단일로 - 기타,승합,0,42,상해없음,화물,0,48,경상,40.0,40.0
4540,2020011400100202,11,화요일,서울외곽순환,서울특별시,경상사고,0,0,1,0,차대차 - 기타,안전운전불이행,포장 - 건조,맑음,단일로 - 기타,건설기계,0,32,상해없음,승용,1,36,경상,30.0,30.0
4541,2020011500100217,12,수요일,서울외곽순환,경기도,경상사고,0,0,1,0,차대차 - 측면충돌,안전거리미확보,포장 - 건조,맑음,단일로 - 기타,승용,0,41,상해없음,승용,0,42,경상,,
4542,2020011500100508,19,수요일,서울외곽순환,경기도,중상사고,0,1,3,3,차대차 - 추돌,안전운전불이행,포장 - 건조,맑음,단일로 - 기타,승합,0,58,부상신고,화물,0,37,중상,50.0,50.0
4543,2020011500100608,22,수요일,서울외곽순환,경기도,중상사고,0,1,0,0,차대차 - 기타,안전거리미확보,포장 - 건조,맑음,단일로 - 기타,기타불명,2,0,기타불명,승용,0,34,중상,20.0,20.0
4544,2020011600100016,1,목요일,서울외곽순환,경기도,부상신고사고,0,0,0,1,차대차 - 기타,안전거리미확보,포장 - 건조,맑음,단일로 - 기타,승용,0,26,상해없음,승용,0,31,부상신고,20.0,20.0
4545,2020011700100029,4,금요일,서울외곽순환,경기도,중상사고,0,1,0,0,차대차 - 추돌,안전거리미확보,포장 - 건조,맑음,단일로 - 기타,승용,1,42,상해없음,화물,0,25,중상,40.0,40.0
4546,2020011700100300,15,금요일,서울외곽순환,경기도,경상사고,0,0,1,0,차대차 - 측면충돌,안전운전불이행,포장 - 건조,맑음,단일로 - 기타,승용,0,60,상해없음,승용,1,28,경상,50.0,50.0
4547,2020011700100339,16,금요일,서울외곽순환,경기도,경상사고,0,0,1,0,차대차 - 측면충돌,안전운전불이행,포장 - 건조,맑음,기타 - 기타,화물,0,55,상해없음,승용,1,38,경상,50.0,50.0
4548,2020011800100159,10,토요일,서울외곽순환,경기도,경상사고,0,0,2,0,차대차 - 기타,안전거리미확보,포장 - 건조,맑음,단일로 - 교량,승용,0,33,상해없음,승용,0,43,경상,30.0,30.0
4549,2020011800100573,22,토요일,서울외곽순환,경기도,경상사고,0,0,2,1,차대차 - 추돌,안전운전불이행,포장 - 건조,맑음,단일로 - 기타,승용,0,33,상해없음,화물,0,55,경상,30.0,30.0
4550,2020012000100223,11,월요일,서울외곽순환,경기도,경상사고,0,0,2,0,차대차 - 기타,안전운전불이행,포장 - 건조,맑음,단일로 - 기타,화물,0,55,상해없음,승용,0,35,경상,50.0,50.0
4551,2020012100100116,8,화요일,서울외곽순환,경기도,경상사고,0,0,1,0,차대차 - 측면충돌,안전거리미확보,포장 - 건조,맑음,단일로 - 기타,화물,0,47,상해없음,승용,0,30,경상,40.0,40.0
4552,2020012200100730,23,수요일,서울외곽순환,경기도,경상사고,0,0,1,0,차대차 - 측면충돌,안전거리미확보,포장 - 건조,맑음,단일로 - 기타,화물,0,51,상해없음,승용,0,58,경상,,
4553,2020012300100166,9,목요일,서울외곽순환,경기도,사망사고,1,0,0,1,차대차 - 정면충돌,안전운전불이행,포장 - 건조,맑음,단일로 - 기타,화물,0,68,사망,승용,0,55,부상신고,60.0,60.0
4554,2020012400100368,19,금요일,서울외곽순환,경기도,경상사고,0,0,2,0,차대차 - 기타,안전운전불이행,포장 - 건조,맑음,단일로 - 기타,승용,0,71,상해없음,승용,0,28,경상,70.0,70.0
4555,2020012600100189,16,일요일,서울외곽순환,서울특별시,경상사고,0,0,2,0,차대차 - 추돌,안전운전불이행,포장 - 건조,맑음,단일로 - 기타,승합,0,60,상해없음,승용,0,40,경상,50.0,50.0
4556,2020012700100223,15,월요일,서울외곽순환,경기도,경상사고,0,0,2,0,차대차 - 기타,안전운전불이행,포장 - 건조,맑음,기타 - 기타,승용,0,58,기타불명,승용,1,49,경상,50.0,50.0
4557,2020012900100197,12,수요일,서울외곽순환,경기도,부상신고사고,0,0,0,1,차대차 - 기타,안전운전불이행,포장 - 건조,맑음,단일로 - 기타,승용,0,51,상해없음,기타불명,1,30,상해없음,,
4558,2020012900100446,20,수요일,서울외곽순환,경기도,경상사고,0,0,3,0,차대차 - 기타,안전거리미확보,포장 - 건조,맑음,단일로 - 기타,기타불명,2,0,기타불명,승용,0,28,경상,20.0,20.0
4559,2020013000100179,10,목요일,서울외곽순환,경기도,경상사고,0,0,1,0,차대차 - 기타,안전거리미확보,포장 - 건조,맑음,단일로 - 기타,승용,0,39,상해없음,승용,0,61,경상,30.0,30.0
4560,2020020100100144,11,토요일,서울외곽순환,서울특별시,경상사고,0,0,2,1,차대차 - 기타,안전운전불이행,포장 - 건조,맑음,단일로 - 기타,화물,0,40,부상신고,승용,1,50,경상,30.0,30.0
4561,2020020100100248,14,토요일,서울외곽순환,경기도,경상사고,0,0,1,0,차대차 - 측면충돌,안전거리미확보,포장 - 건조,맑음,단일로 - 교량,승용,0,68,상해없음,특수,0,38,경상,60.0,60.0
4562,2020020100100417,21,토요일,서울외곽순환,경기도,경상사고,0,0,2,0,차대차 - 기타,안전거리미확보,포장 - 건조,맑음,단일로 - 기타,승용,0,71,상해없음,승용,0,25,경상,70.0,70.0
4563,2020020200100020,0,일요일,서울외곽순환,인천광역시,경상사고,0,0,1,0,차대차 - 기타,안전운전불이행,포장 - 건조,맑음,단일로 - 기타,승용,0,24,상해없음,승용,0,30,경상,20.0,20.0
4564,2020020400100649,23,화요일,서울외곽순환,인천광역시,중상사고,0,1,1,0,차량단독 - 공작물충돌,안전운전불이행,포장 - 젖음/습기,흐림,단일로 - 기타,승용,0,17,상해없음,기타불명,2,0,기타불명,20.0,20.0
4565,2020020500100217,11,수요일,서울외곽순환,경기도,경상사고,0,0,1,0,차대차 - 기타,안전운전불이행,포장 - 건조,맑음,단일로 - 기타,화물,0,53,상해없음,승용,0,42,경상,50.0,50.0
4566,2020020500100566,19,수요일,서울외곽순환,인천광역시,경상사고,0,0,1,0,차대차 - 측면충돌,안전거리미확보,포장 - 건조,맑음,단일로 - 기타,화물,0,56,상해없음,승용,0,26,경상,50.0,50.0
4567,2020020500100673,23,수요일,서울외곽순환,경기도,중상사고,0,1,0,0,차대차 - 기타,안전운전불이행,포장 - 건조,맑음,단일로 - 기타,승용,0,51,상해없음,승용,0,51,중상,,
4568,2020020600100077,6,목요일,서울외곽순환,인천광역시,경상사고,0,0,1,0,차대차 - 측면충돌,안전거리미확보,포장 - 건조,맑음,단일로 - 교량,승용,1,28,상해없음,승합,0,50,경상,20.0,20.0
4569,2020020600100278,12,목요일,서울외곽순환,경기도,경상사고,0,0,1,0,차대차 - 기타,안전운전불이행,포장 - 건조,맑음,단일로 - 기타,기타불명,2,0,기타불명,승용,0,32,경상,20.0,20.0
4570,2020020600100409,16,목요일,서울외곽순환,인천광역시,경상사고,0,0,2,0,차대차 - 기타,안전거리미확보,포장 - 건조,맑음,단일로 - 기타,승용,1,18,상해없음,특수,0,48,경상,20.0,20.0
4571,2020020600100463,18,목요일,서울외곽순환,서울특별시,경상사고,0,0,1,0,차대차 - 추돌,안전운전불이행,포장 - 건조,맑음,단일로 - 기타,승용,0,49,상해없음,승용,0,39,경상,40.0,40.0
4572,2020020700100394,16,금요일,서울외곽순환,서울특별시,경상사고,0,0,1,0,차대차 - 측면충돌,안전거리미확보,포장 - 건조,맑음,단일로 - 기타,기타불명,2,0,기타불명,승용,1,40,경상,20.0,20.0
4573,2020020800100123,8,토요일,서울외곽순환,경기도,경상사고,0,0,1,0,차대차 - 측면충돌,안전운전불이행,포장 - 건조,맑음,기타 - 기타,승용,0,53,상해없음,화물,0,40,경상,50.0,50.0
4574,2020020800100220,12,토요일,서울외곽순환,경기도,경상사고,0,0,1,0,차대차 - 측면충돌,안전운전불이행,포장 - 건조,맑음,단일로 - 기타,승용,1,52,상해없음,승용,1,51,경상,50.0,50.0
4575,2020020800100461,19,토요일,서울외곽순환,경기도,경상사고,0,0,1,0,차대차 - 추돌,안전운전불이행,포장 - 건조,맑음,단일로 - 교량,승용,0,52,상해없음,승용,0,55,경상,50.0,50.0
4576,2020021000100042,5,월요일,서울외곽순환,경기도,경상사고,0,0,1,0,차대차 - 기타,안전거리미확보,포장 - 건조,맑음,단일로 - 기타,화물,0,25,상해없음,승용,1,67,경상,20.0,20.0
4577,2020021000100382,15,월요일,서울외곽순환,인천광역시,경상사고,0,0,1,0,차대차 - 측면충돌,기타,포장 - 건조,맑음,단일로 - 교량,승용,0,39,상해없음,승용,0,35,경상,30.0,30.0
4578,2020021000100595,21,월요일,서울외곽순환,경기도,경상사고,0,0,2,0,차대차 - 측면충돌,안전거리미확보,포장 - 건조,맑음,기타 - 기타,승용,0,66,상해없음,승용,0,38,경상,60.0,60.0
4579,2020021100100271,13,화요일,서울외곽순환,경기도,사망사고,1,0,1,0,차대차 - 추돌,안전운전불이행,포장 - 건조,맑음,단일로 - 기타,승용,0,48,사망,승용,0,59,경상,40.0,40.0
4580,2020021100100447,18,화요일,서울외곽순환,경기도,경상사고,0,0,1,0,차대차 - 측면충돌,안전운전불이행,포장 - 건조,맑음,기타 - 기타,승용,0,39,상해없음,화물,0,53,경상,30.0,30.0
4581,2020021100100616,23,화요일,서울외곽순환,경기도,경상사고,0,0,6,0,차대차 - 측면충돌,안전거리미확보,포장 - 건조,맑음,단일로 - 기타,승용,0,62,상해없음,승용,0,59,상해없음,60.0,60.0
4582,2020021200100124,8,수요일,서울외곽순환,경기도,경상사고,0,0,1,0,차대차 - 기타,안전운전불이행,포장 - 젖음/습기,비,단일로 - 기타,화물,0,64,상해없음,화물,0,31,경상,60.0,60.0
4583,2020021200100142,8,수요일,서울외곽순환,경기도,중상사고,0,1,0,0,차대차 - 측면충돌,안전운전불이행,포장 - 건조,맑음,단일로 - 교량,화물,0,30,상해없음,승용,0,43,중상,20.0,20.0
4584,2020021200100361,16,수요일,서울외곽순환,경기도,중상사고,0,1,0,0,차대차 - 측면충돌,안전거리미확보,포장 - 젖음/습기,비,단일로 - 기타,승용,0,45,상해없음,승용,0,54,중상,40.0,40.0
4585,2020021300100446,18,목요일,서울외곽순환,경기도,경상사고,0,0,1,0,차대차 - 측면충돌,안전운전불이행,포장 - 건조,맑음,기타 - 기타,화물,0,52,상해없음,승용,1,33,경상,50.0,50.0
4586,2020021300100561,21,목요일,서울외곽순환,경기도,경상사고,0,0,2,0,차대차 - 기타,안전운전불이행,포장 - 건조,맑음,단일로 - 터널,승용,0,42,경상,승용,0,60,경상,40.0,40.0
4587,2020021400100257,13,금요일,서울외곽순환,경기도,경상사고,0,0,3,1,차대차 - 기타,안전거리미확보,포장 - 건조,맑음,단일로 - 기타,화물,0,45,상해없음,승용,0,45,부상신고,40.0,40.0
4588,2020021400100492,18,금요일,서울외곽순환,인천광역시,경상사고,0,0,1,0,차대차 - 측면충돌,안전거리미확보,포장 - 건조,맑음,단일로 - 기타,승용,0,23,상해없음,승용,1,47,경상,20.0,20.0
4589,2020021400100538,19,금요일,서울외곽순환,경기도,경상사고,0,0,1,0,차대차 - 기타,안전거리미확보,포장 - 건조,맑음,단일로 - 기타,승용,0,42,상해없음,승용,0,22,경상,40.0,40.0
4590,2020021500100082,5,토요일,서울외곽순환,서울특별시,경상사고,0,0,1,0,차대차 - 기타,안전운전불이행,포장 - 젖음/습기,안개,단일로 - 기타,승용,0,64,경상,승용,0,38,기타불명,60.0,60.0
4591,2020021500100525,21,토요일,서울외곽순환,경기도,중상사고,0,1,0,0,차대차 - 측면충돌,안전거리미확보,포장 - 젖음/습기,비,단일로 - 기타,승용,0,17,상해없음,승용,0,43,중상,20.0,20.0
4592,2020021800100187,10,화요일,서울외곽순환,경기도,중상사고,0,1,0,0,차대차 - 추돌,안전운전불이행,포장 - 건조,맑음,단일로 - 기타,화물,0,26,상해없음,승용,0,48,중상,20.0,20.0
4593,2020021800100629,19,화요일,서울외곽순환,인천광역시,경상사고,0,0,1,0,차대차 - 추돌,안전거리미확보,포장 - 건조,맑음,단일로 - 기타,승용,0,52,상해없음,승용,0,25,경상,50.0,50.0
4594,2020021900100113,8,수요일,서울외곽순환,경기도,경상사고,0,0,3,1,차대차 - 기타,안전운전불이행,포장 - 건조,맑음,단일로 - 기타,승용,1,51,상해없음,화물,1,59,경상,,
4595,2020022000100469,17,목요일,서울외곽순환,경기도,부상신고사고,0,0,0,2,차대차 - 측면충돌,안전운전불이행,포장 - 건조,맑음,단일로 - 교량,승용,1,47,부상신고,승용,1,67,상해없음,40.0,40.0
4596,2020022100100482,18,금요일,서울외곽순환,경기도,경상사고,0,0,3,0,차대차 - 측면충돌,안전거리미확보,포장 - 건조,맑음,단일로 - 교량,승용,0,32,상해없음,화물,0,28,경상,30.0,30.0
4597,2020022200100016,0,토요일,서울외곽순환,경기도,중상사고,0,1,0,0,차량단독 - 공작물충돌,안전운전불이행,포장 - 젖음/습기,비,단일로 - 기타,승용,0,56,상해없음,기타불명,2,0,기타불명,50.0,50.0
4598,2020022200100068,2,토요일,서울외곽순환,경기도,중상사고,0,1,0,0,차대차 - 추돌,안전운전불이행,포장 - 젖음/습기,비,단일로 - 기타,승합,0,33,상해없음,승용,0,38,중상,30.0,30.0
4599,2020022200100168,10,토요일,서울외곽순환,경기도,경상사고,0,0,1,0,차대차 - 측면충돌,안전운전불이행,포장 - 건조,맑음,단일로 - 기타,승합,0,49,상해없음,승용,0,55,경상,40.0,40.0
4600,2020022300100103,11,일요일,서울외곽순환,경기도,경상사고,0,0,2,0,차대차 - 측면충돌,안전거리미확보,포장 - 건조,맑음,단일로 - 기타,승용,1,23,상해없음,승용,0,39,경상,20.0,20.0
4601,2020022400100104,8,월요일,서울외곽순환,인천광역시,경상사고,0,0,1,0,차대차 - 기타,안전거리미확보,포장 - 건조,맑음,단일로 - 기타,승용,0,48,기타불명,승용,0,31,경상,40.0,40.0
4602,2020022400100302,15,월요일,서울외곽순환,경기도,경상사고,0,0,2,0,차대차 - 측면충돌,안전운전불이행,포장 - 건조,맑음,단일로 - 기타,승용,0,66,상해없음,승용,0,66,경상,60.0,60.0
4603,2020022500100038,3,화요일,서울외곽순환,경기도,중상사고,0,1,0,0,차량단독 - 공작물충돌,안전운전불이행,포장 - 젖음/습기,비,단일로 - 기타,승용,0,54,상해없음,기타불명,2,0,기타불명,50.0,50.0
4604,2020022500100041,4,화요일,서울외곽순환,경기도,경상사고,0,0,1,0,차대차 - 추돌,안전운전불이행,포장 - 젖음/습기,비,단일로 - 터널,화물,0,27,상해없음,승용,0,37,경상,20.0,20.0
4605,2020022500100342,18,화요일,서울외곽순환,경기도,경상사고,0,0,1,0,차대차 - 추돌,안전운전불이행,포장 - 건조,맑음,단일로 - 기타,화물,0,49,상해없음,승용,0,49,경상,40.0,40.0
4606,2020022900100069,5,토요일,서울외곽순환,인천광역시,경상사고,0,0,1,0,차대차 - 측면충돌,안전운전불이행,포장 - 기타,맑음,기타 - 기타,승용,0,25,상해없음,승용,0,40,경상,20.0,20.0
4607,2020030200100032,5,월요일,서울외곽순환,경기도,경상사고,0,0,3,0,차대차 - 추돌,안전운전불이행,포장 - 건조,맑음,단일로 - 기타,승용,0,47,경상,승용,0,46,경상,40.0,40.0