,사고번호,사고일시,요일,도로종류,시군구,사고내용,사망자수,중상자수,경상자수,부상신고자수,사고유형,법규위반,노면상태,기상상태,도로형태,가해운전자 차종,가해운전자 성별,가해운전자 연령,가해운전자 상해정도,피해운전자 차종,피해운전자 성별,피해운전자 연령,피해운전자 상해정도,연령대,가해연령대
4608,2020030300100055,6,화요일,서울외곽순환,인천광역시,경상사고,0,0,2,0,차대차 - 추돌,안전거리미확보,포장 - 건조,맑음,단일로 - 기타,승용,0,67,상해없음,화물,0,29,경상,60.0,60.0
4609,2020030500100037,4,목요일,서울외곽순환,경기도,중상사고,0,1,0,0,차대차 - 추돌,안전운전불이행,포장 - 건조,맑음,단일로 - 기타,승용,0,27,상해없음,화물,0,78,중상,20.0,20.0
4610,2020030600100118,8,금요일,서울외곽순환,경기도,경상사고,0,0,1,0,차대차 - 측면충돌,안전거리미확보,포장 - 건조,맑음,단일로 - 기타,화물,0,56,상해없음,승용,1,68,경상,50.0,50.0
4611,2020030900100446,20,월요일,서울외곽순환,경기도,경상사고,0,0,2,0,차대차 - 측면충돌,안전거리미확보,포장 - 건조,맑음,단일로 - 기타,승합,0,63,상해없음,승합,0,29,경상,60.0,60.0
4612,2020031000100131,9,화요일,서울외곽순환,경기도,경상사고,0,0,4,0,차대차 - 추돌,안전운전불이행,포장 - 젖음/습기,비,단일로 - 교량,승용,0,44,상해없음,승용,0,46,경상,40.0,40.0
4613,2020031000100228,13,화요일,서울외곽순환,경기도,경상사고,0,0,3,0,차대차 - 추돌,안전운전불이행,포장 - 젖음/습기,비,단일로 - 기타,승용,1,58,상해없음,승용,1,53,경상,50.0,50.0
4614,2020031100100009,0,수요일,서울외곽순환,인천광역시,경상사고,0,0,1,0,차대차 - 추돌,안전거리미확보,포장 - 건조,맑음,단일로 - 교량,승용,0,28,상해없음,승용,0,44,경상,20.0,20.0
4615,2020031100100436,19,수요일,서울외곽순환,경기도,경상사고,0,0,1,1,차대차 - 추돌,안전운전불이행,포장 - 건조,맑음,단일로 - 터널,승용,0,30,부상신고,승용,0,52,경상,20.0,20.0
4616,2020031500100168,14,일요일,서울외곽순환,경기도,경상사고,0,0,3,0,차대차 - 측면충돌,안전운전불이행,포장 - 건조,맑음,단일로 - 기타,승용,0,79,상해없음,승용,1,47,경상,70.0,70.0
4617,2020031500100192,15,일요일,서울외곽순환,경기도,경상사고,0,0,1,0,차대차 - 기타,차로위반,포장 - 건조,맑음,단일로 - 기타,승용,0,54,상해없음,승용,0,35,경상,50.0,50.0
4618,2020031500100209,16,일요일,서울외곽순환,인천광역시,경상사고,0,0,2,0,차대차 - 측면충돌,안전거리미확보,포장 - 건조,맑음,단일로 - 기타,승용,0,37,상해없음,승용,0,31,경상,30.0,30.0
4619,2020031600100055,7,월요일,서울외곽순환,경기도,경상사고,0,0,1,0,차대차 - 추돌,안전운전불이행,포장 - 건조,맑음,단일로 - 기타,승용,0,44,상해없음,승용,1,33,경상,40.0,40.0
4620,2020031600100141,9,월요일,서울외곽순환,인천광역시,경상사고,0,0,1,1,차대차 - 추돌,안전거리미확보,포장 - 건조,맑음,단일로 - 교량,승용,1,51,경상,승용,0,36,부상신고,,
4621,2020031600100380,17,월요일,서울외곽순환,경기도,경상사고,0,0,1,3,차대차 - 측면충돌,안전거리미확보,포장 - 건조,맑음,단일로 - 교량,승용,0,33,상해없음,화물,0,56,경상,30.0,30.0
4622,2020031700100066,7,화요일,서울외곽순환,경기도,부상신고사고,0,0,0,1,차대차 - 측면충돌,안전운전불이행,포장 - 건조,맑음,기타 - 기타,화물,0,37,상해없음,승용,1,37,부상신고,30.0,30.0
4623,2020031700100343,18,화요일,서울외곽순환,경기도,경상사고,0,0,5,2,차대차 - 추돌,안전거리미확보,포장 - 건조,맑음,기타 - 기타,화물,0,52,상해없음,승용,0,54,경상,50.0,50.0
4624,2020031700100392,19,화요일,서울외곽순환,인천광역시,경상사고,0,0,1,0,차대차 - 추돌,안전거리미확보,포장 - 건조,맑음,단일로 - 터널,승용,0,51,상해없음,승용,0,35,경상,,
4625,2020031700100451,22,화요일,서울외곽순환,경기도,중상사고,0,1,4,0,차대차 - 측면충돌,안전운전불이행,포장 - 건조,맑음,단일로 - 기타,승용,0,40,상해없음,승용,0,42,중상,30.0,30.0
4626,2020031800100264,14,수요일,서울외곽순환,경기도,경상사고,0,0,1,0,차대차 - 기타,안전거리미확보,포장 - 건조,맑음,단일로 - 교량,승용,0,66,상해없음,화물,0,44,경상,60.0,60.0
4627,2020031800100385,18,수요일,서울외곽순환,경기도,경상사고,0,0,1,0,차대차 - 추돌,안전운전불이행,포장 - 건조,맑음,단일로 - 기타,승용,1,62,상해없음,승용,0,44,경상,60.0,60.0
4628,2020031900100262,16,목요일,서울외곽순환,경기도,경상사고,0,0,1,0,차대차 - 기타,안전운전불이행,포장 - 건조,맑음,단일로 - 기타,승용,1,53,상해없음,화물,0,46,경상,50.0,50.0
4629,2020032000100116,8,금요일,서울외곽순환,인천광역시,경상사고,0,0,1,0,차대차 - 추돌,안전운전불이행,포장 - 건조,맑음,단일로 - 기타,승용,0,56,상해없음,승용,0,51,경상,50.0,50.0
4630,2020032000100184,11,금요일,서울외곽순환,경기도,경상사고,0,0,1,0,차대차 - 기타,안전운전불이행,포장 - 건조,맑음,단일로 - 기타,기타불명,2,0,기타불명,화물,0,61,경상,20.0,20.0
4631,2020032000100370,16,금요일,서울외곽순환,경기도,중상사고,0,1,2,0,차대차 - 기타,신호위반,포장 - 건조,맑음,단일로 - 기타,승용,0,25,상해없음,승용,0,56,경상,20.0,20.0
4632,2020032000100372,16,금요일,서울외곽순환,경기도,경상사고,0,0,1,1,차대차 - 추돌,안전운전불이행,포장 - 건조,맑음,단일로 - 기타,승용,1,38,상해없음,화물,0,56,경상,30.0,30.0
4633,2020032000100431,17,금요일,서울외곽순환,경기도,경상사고,0,0,2,0,차대차 - 측면충돌,안전거리미확보,포장 - 건조,맑음,단일로 - 기타,승용,1,35,상해없음,승용,0,49,경상,30.0,30.0
4634,2020032000100488,19,금요일,서울외곽순환,경기도,중상사고,0,1,0,0,차대차 - 기타,안전거리미확보,포장 - 건조,맑음,단일로 - 기타,승용,0,64,상해없음,승용,0,41,중상,60.0,60.0
4635,2020032100100389,17,토요일,서울외곽순환,경기도,중상사고,0,1,9,0,차대차 - 추돌,안전운전불이행,포장 - 건조,맑음,단일로 - 기타,승용,0,25,중상,승용,0,42,경상,20.0,20.0
4636,2020032100100421,18,토요일,서울외곽순환,서울특별시,경상사고,0,0,1,0,차대차 - 측면충돌,안전운전불이행,포장 - 건조,맑음,단일로 - 기타,승용,0,41,상해없음,승용,0,32,경상,,
4637,2020032100100530,22,토요일,서울외곽순환,경기도,경상사고,0,0,1,1,차대차 - 측면충돌,안전운전불이행,포장 - 건조,맑음,단일로 - 기타,승용,0,41,기타불명,승용,0,36,경상,,
4638,2020032200100138,11,일요일,서울외곽순환,경기도,경상사고,0,0,1,0,차대차 - 측면충돌,안전운전불이행,포장 - 건조,맑음,주차장 - 주차장,승용,0,50,상해없음,승용,0,45,경상,40.0,40.0
4639,2020032300100349,16,월요일,서울외곽순환,경기도,중상사고,0,1,0,1,차대차 - 추돌,안전운전불이행,포장 - 건조,맑음,단일로 - 기타,승용,0,34,부상신고,화물,0,56,중상,30.0,30.0
4640,2020032300100473,19,월요일,서울외곽순환,경기도,경상사고,0,0,1,0,차대차 - 측면충돌,신호위반,포장 - 건조,맑음,단일로 - 기타,화물,1,64,상해없음,승합,0,52,경상,60.0,60.0
4641,2020032400100293,14,화요일,서울외곽순환,경기도,경상사고,0,0,1,0,차대차 - 기타,안전거리미확보,포장 - 건조,맑음,단일로 - 기타,승용,0,28,상해없음,화물,0,29,경상,20.0,20.0
4642,2020032500100039,5,수요일,서울외곽순환,인천광역시,경상사고,0,0,3,1,차대차 - 추돌,안전거리미확보,포장 - 건조,맑음,단일로 - 교량,승용,0,36,상해없음,승용,1,69,경상,30.0,30.0
4643,2020032500100436,18,수요일,서울외곽순환,인천광역시,경상사고,0,0,2,0,차대차 - 측면충돌,안전거리미확보,포장 - 건조,맑음,단일로 - 기타,승합,0,62,상해없음,승용,0,50,경상,60.0,60.0
4644,2020032800100230,13,토요일,서울외곽순환,서울특별시,경상사고,0,0,1,0,차대차 - 추돌,안전운전불이행,포장 - 건조,맑음,단일로 - 기타,화물,0,62,상해없음,화물,0,55,경상,60.0,60.0
4645,2020032800100465,21,토요일,서울외곽순환,경기도,중상사고,0,1,0,0,차대차 - 측면충돌,안전운전불이행,포장 - 건조,맑음,단일로 - 기타,승용,0,60,상해없음,화물,0,59,중상,50.0,50.0
4646,2020032900100240,16,일요일,서울외곽순환,서울특별시,경상사고,0,0,2,0,차대차 - 추돌,안전거리미확보,포장 - 건조,맑음,기타 - 기타,승용,0,19,상해없음,승용,1,32,경상,20.0,20.0
4647,2020033000100374,17,월요일,서울외곽순환,경기도,경상사고,0,0,1,0,차대차 - 측면충돌,안전운전불이행,포장 - 건조,맑음,단일로 - 기타,화물,0,40,상해없음,승용,1,32,경상,30.0,30.0
4648,2020033100100333,16,화요일,서울외곽순환,경기도,부상신고사고,0,0,0,1,차대차 - 기타,기타,포장 - 건조,맑음,단일로 - 기타,기타불명,2,0,기타불명,승용,0,50,부상신고,20.0,20.0
4649,2020040200100071,7,목요일,서울외곽순환,서울특별시,부상신고사고,0,0,0,2,차대차 - 측면충돌,안전거리미확보,포장 - 건조,맑음,단일로 - 기타,화물,0,69,상해없음,화물,0,50,부상신고,60.0,60.0
4650,2020040400100299,14,토요일,서울외곽순환,경기도,경상사고,0,0,2,0,차대차 - 측면충돌,안전운전불이행,포장 - 건조,맑음,기타 - 기타,화물,0,49,상해없음,승용,0,39,경상,40.0,40.0
4651,2020040400100343,15,토요일,서울외곽순환,경기도,부상신고사고,0,0,0,1,차대차 - 기타,안전운전불이행,포장 - 건조,맑음,단일로 - 교량,승용,0,45,상해없음,화물,0,38,부상신고,40.0,40.0
4652,2020040400100531,20,토요일,서울외곽순환,인천광역시,경상사고,0,0,1,0,차대차 - 측면충돌,안전운전불이행,포장 - 건조,맑음,단일로 - 교량,승용,0,40,상해없음,승용,0,22,경상,30.0,30.0
4653,2020040600100231,12,월요일,서울외곽순환,경기도,경상사고,0,0,1,0,차대차 - 측면충돌,안전운전불이행,포장 - 건조,맑음,단일로 - 기타,승용,0,28,상해없음,화물,0,41,경상,20.0,20.0
4654,2020040700100029,4,화요일,서울외곽순환,인천광역시,경상사고,0,0,2,0,차대차 - 측면충돌,안전거리미확보,포장 - 건조,맑음,기타 - 기타,승용,0,22,경상,화물,0,57,상해없음,20.0,20.0
4655,2020040800100030,2,수요일,서울외곽순환,인천광역시,중상사고,0,1,1,0,차대차 - 추돌,안전운전불이행,포장 - 건조,맑음,단일로 - 기타,승용,0,52,상해없음,화물,0,56,중상,50.0,50.0
4656,2020040800100102,8,수요일,서울외곽순환,경기도,경상사고,0,0,1,0,차대차 - 추돌,안전운전불이행,포장 - 건조,맑음,기타 - 기타,승용,0,48,상해없음,승용,0,52,경상,40.0,40.0
4657,2020040900100050,6,목요일,서울외곽순환,인천광역시,부상신고사고,0,0,0,1,차대차 - 측면충돌,안전운전불이행,포장 - 건조,맑음,단일로 - 기타,승용,0,30,상해없음,특수,0,58,부상신고,20.0,20.0
4658,2020040900100363,16,목요일,서울외곽순환,경기도,경상사고,0,0,1,0,차대차 - 기타,안전운전불이행,포장 - 건조,맑음,단일로 - 기타,기타불명,2,0,기타불명,화물,0,62,경상,20.0,20.0
4659,2020040900100487,19,목요일,서울외곽순환,경기도,경상사고,0,0,2,1,차대차 - 추돌,안전운전불이행,포장 - 건조,맑음,단일로 - 기타,화물,0,41,상해없음,승용,0,39,경상,,
4660,2020041000100097,8,금요일,서울외곽순환,경기도,중상사고,0,1,0,0,차대차 - 측면충돌,안전거리미확보,포장 - 건조,맑음,단일로 - 기타,화물,0,57,상해없음,승용,1,34,중상,50.0,50.0
4661,2020041000100218,12,금요일,서울외곽순환,경기도,경상사고,0,0,1,0,차대차 - 측면충돌,안전거리미확보,포장 - 건조,맑음,단일로 - 기타,승용,0,30,상해없음,건설기계,0,54,상해없음,20.0,20.0
4662,2020041100100041,2,토요일,서울외곽순환,경기도,경상사고,0,0,2,0,차대차 - 추돌,안전거리미확보,포장 - 건조,맑음,단일로 - 교량,승용,0,50,상해없음,화물,0,39,경상,40.0,40.0
4663,2020041100100416,18,토요일,서울외곽순환,서울특별시,경상사고,0,0,1,1,차대차 - 추돌,안전거리미확보,포장 - 건조,맑음,단일로 - 기타,화물,0,54,상해없음,승용,1,48,경상,50.0,50.0
4664,2020041300100271,14,월요일,서울외곽순환,경기도,경상사고,0,0,1,0,차대차 - 추돌,안전운전불이행,포장 - 건조,맑음,단일로 - 기타,승용,1,32,상해없음,승용,1,54,경상,30.0,30.0
4665,2020041300100300,15,월요일,서울외곽순환,경기도,경상사고,0,0,1,0,차대차 - 기타,안전운전불이행,포장 - 건조,맑음,단일로 - 기타,승용,0,60,상해없음,화물,0,48,경상,50.0,50.0
4666,2020041300100349,16,월요일,서울외곽순환,경기도,경상사고,0,0,1,0,차대차 - 추돌,안전운전불이행,포장 - 건조,맑음,단일로 - 지하차도(도로)내,승용,0,55,상해없음,화물,0,59,경상,50.0,50.0
4667,2020041400100263,13,화요일,서울외곽순환,인천광역시,경상사고,0,0,1,3,차대차 - 추돌,안전거리미확보,포장 - 건조,맑음,단일로 - 교량,승용,0,59,경상,승용,0,48,부상신고,50.0,50.0
4668,2020041400100577,22,화요일,서울외곽순환,경기도,경상사고,0,0,1,0,차대차 - 측면충돌,안전운전불이행,포장 - 건조,맑음,단일로 - 기타,승용,0,57,상해없음,승용,0,28,경상,50.0,50.0
4669,2020041500100350,17,수요일,서울외곽순환,경기도,경상사고,0,0,1,0,차대차 - 기타,안전거리미확보,포장 - 건조,맑음,단일로 - 교량,화물,0,40,상해없음,승용,0,71,상해없음,30.0,30.0
4670,2020041600100053,7,목요일,서울외곽순환,경기도,경상사고,0,0,1,0,차대차 - 측면충돌,차로위반,포장 - 건조,맑음,단일로 - 기타,승용,0,40,경상,특수,0,48,상해없음,30.0,30.0
4671,2020041600100078,8,목요일,서울외곽순환,경기도,경상사고,0,0,1,0,차대차 - 측면충돌,안전운전불이행,포장 - 건조,맑음,단일로 - 기타,건설기계,0,50,상해없음,승용,1,42,경상,40.0,40.0
4672,2020041600100135,10,목요일,서울외곽순환,인천광역시,중상사고,0,1,0,0,차대차 - 측면충돌,안전거리미확보,포장 - 건조,맑음,단일로 - 기타,화물,0,42,상해없음,승용,0,67,중상,40.0,40.0
4673,2020041600100492,21,목요일,서울외곽순환,인천광역시,경상사고,0,0,1,0,차대차 - 추돌,안전거리미확보,포장 - 건조,맑음,단일로 - 기타,승용,0,48,상해없음,승용,0,30,상해없음,40.0,40.0
4674,2020041700100363,17,금요일,서울외곽순환,인천광역시,경상사고,0,0,1,0,차대차 - 측면충돌,안전운전불이행,포장 - 건조,맑음,단일로 - 기타,특수,0,47,상해없음,특수,0,52,경상,40.0,40.0
4675,2020041800100494,21,토요일,서울외곽순환,경기도,경상사고,0,0,1,0,차대차 - 측면충돌,안전거리미확보,포장 - 건조,맑음,단일로 - 기타,승합,0,40,상해없음,승용,0,28,경상,30.0,30.0
4676,2020041900100017,0,일요일,서울외곽순환,경기도,경상사고,0,0,4,0,차대차 - 추돌,안전운전불이행,포장 - 건조,맑음,단일로 - 기타,승용,0,26,상해없음,승용,0,40,경상,20.0,20.0
4677,2020042000100137,10,월요일,서울외곽순환,경기도,중상사고,0,2,0,0,차대차 - 추돌,안전거리미확보,포장 - 건조,맑음,단일로 - 기타,승용,1,48,상해없음,승용,0,73,중상,40.0,40.0
4678,2020042100100166,11,화요일,서울외곽순환,경기도,중상사고,0,1,6,0,차대차 - 추돌,안전거리미확보,포장 - 건조,맑음,단일로 - 기타,화물,0,47,상해없음,승용,0,54,경상,40.0,40.0
4679,2020042100100167,11,화요일,서울외곽순환,서울특별시,경상사고,0,0,1,0,차대차 - 측면충돌,차로위반,포장 - 건조,맑음,단일로 - 교량,승용,0,31,상해없음,화물,0,43,경상,,
4680,2020042200100281,14,수요일,서울외곽순환,경기도,경상사고,0,0,2,0,차대차 - 측면충돌,안전거리미확보,포장 - 건조,맑음,단일로 - 교량,화물,0,51,상해없음,승용,0,66,경상,,
4681,2020042300100158,10,목요일,서울외곽순환,경기도,경상사고,0,0,1,0,차대차 - 추돌,안전거리미확보,포장 - 건조,맑음,단일로 - 기타,승용,1,37,상해없음,승용,0,51,경상,30.0,30.0
4682,2020042300100172,10,목요일,서울외곽순환,인천광역시,경상사고,0,0,1,0,차대차 - 추돌,안전운전불이행,포장 - 건조,맑음,단일로 - 기타,승용,0,72,상해없음,기타불명,0,47,상해없음,70.0,70.0
4683,2020042300100228,13,목요일,서울외곽순환,경기도,경상사고,0,0,1,0,차대차 - 추돌,안전거리미확보,포장 - 건조,맑음,단일로 - 기타,화물,0,43,상해없음,승용,0,58,경상,40.0,40.0
4684,2020042400100088,7,금요일,서울외곽순환,인천광역시,경상사고,0,0,1,0,차대차 - 측면충돌,안전거리미확보,포장 - 건조,맑음,단일로 - 교량,승용,0,46,상해없음,특수,0,47,경상,40.0,40.0
4685,2020042400100597,21,금요일,서울외곽순환,서울특별시,경상사고,0,0,2,0,차대차 - 추돌,안전운전불이행,포장 - 건조,맑음,단일로 - 기타,승용,0,48,상해없음,화물,0,57,경상,40.0,40.0
4686,2020042600100281,16,일요일,서울외곽순환,서울특별시,경상사고,0,0,5,1,차대차 - 추돌,안전거리미확보,포장 - 건조,맑음,단일로 - 기타,승용,0,54,경상,승용,1,44,경상,50.0,50.0
4687,2020042700100370,16,월요일,서울외곽순환,경기도,경상사고,0,0,3,0,차대차 - 측면충돌,안전거리미확보,포장 - 건조,맑음,단일로 - 기타,건설기계,0,45,상해없음,승용,0,44,경상,40.0,40.0
4688,2020042700100371,16,월요일,서울외곽순환,서울특별시,사망사고,1,0,2,1,차대차 - 추돌,안전운전불이행,포장 - 건조,맑음,단일로 - 기타,화물,0,48,사망,승용,0,65,부상신고,40.0,40.0
4689,2020042800100500,18,화요일,서울외곽순환,경기도,경상사고,0,0,1,0,차대차 - 기타,안전거리미확보,포장 - 건조,맑음,단일로 - 기타,승용,1,62,상해없음,승용,0,36,경상,60.0,60.0
4690,2020042900100349,15,수요일,서울외곽순환,경기도,경상사고,0,0,2,0,차대차 - 추돌,안전거리미확보,포장 - 건조,맑음,단일로 - 기타,승용,0,30,경상,승용,0,36,상해없음,20.0,20.0
4691,2020042900100350,15,수요일,서울외곽순환,인천광역시,경상사고,0,0,1,0,차대차 - 측면충돌,안전운전불이행,포장 - 건조,맑음,단일로 - 기타,화물,0,44,상해없음,승용,0,30,경상,40.0,40.0
4692,2020042900100428,17,수요일,서울외곽순환,서울특별시,경상사고,0,0,1,0,차대차 - 측면충돌,안전운전불이행,포장 - 건조,맑음,단일로 - 기타,화물,0,59,상해없음,승용,0,60,경상,50.0,50.0
4693,2020042900100575,20,수요일,서울외곽순환,경기도,경상사고,0,0,1,0,차대차 - 기타,안전거리미확보,포장 - 건조,맑음,단일로 - 기타,화물,0,61,상해없음,승용,0,39,경상,,
4694,2020042900100618,21,수요일,서울외곽순환,경기도,중상사고,0,1,3,0,차대차 - 추돌,안전운전불이행,포장 - 건조,맑음,단일로 - 기타,화물,0,52,중상,화물,0,62,경상,50.0,50.0
4695,2020042900100678,23,수요일,서울외곽순환,경기도,경상사고,0,0,2,0,차대차 - 측면충돌,안전운전불이행,포장 - 건조,맑음,단일로 - 기타,승용,0,40,상해없음,승용,0,62,경상,30.0,30.0
4696,2020043000100088,6,목요일,서울외곽순환,경기도,경상사고,0,0,1,0,차대차 - 추돌,안전거리미확보,포장 - 건조,맑음,단일로 - 기타,승용,0,51,상해없음,승용,0,48,경상,,
4697,2020050100100090,9,금요일,서울외곽순환,경기도,경상사고,0,0,4,0,차대차 - 기타,안전운전불이행,포장 - 건조,맑음,단일로 - 기타,승용,0,41,상해없음,화물,0,37,경상,,
4698,2020050200100068,6,토요일,서울외곽순환,경기도,중상사고,0,1,0,1,차대차 - 추돌,안전운전불이행,포장 - 건조,맑음,기타 - 기타,화물,0,56,상해없음,화물,0,48,부상신고,50.0,50.0
4699,2020050200100261,13,토요일,서울외곽순환,경기도,경상사고,0,0,2,0,차대차 - 측면충돌,안전거리미확보,포장 - 건조,맑음,단일로 - 기타,승용,0,66,상해없음,화물,0,68,경상,60.0,60.0
4700,2020050200100383,17,토요일,서울외곽순환,경기도,중상사고,0,3,1,2,차대차 - 측면충돌,안전운전불이행,포장 - 건조,맑음,단일로 - 기타,승용,1,50,부상신고,승용,0,48,중상,40.0,40.0
4701,2020050400100275,13,월요일,서울외곽순환,경기도,중상사고,0,1,0,0,차대차 - 측면충돌,안전거리미확보,포장 - 건조,맑음,단일로 - 기타,승용,0,74,상해없음,승용,1,48,중상,70.0,70.0
4702,2020050400100345,15,월요일,서울외곽순환,경기도,경상사고,0,0,2,0,차대차 - 기타,안전거리미확보,포장 - 건조,맑음,기타 - 기타,승용,1,61,상해없음,승용,0,39,경상,,
4703,2020050400100663,23,월요일,서울외곽순환,서울특별시,중상사고,0,1,0,0,차대차 - 추돌,안전운전불이행,포장 - 건조,맑음,단일로 - 기타,승용,1,35,상해없음,승용,0,47,중상,30.0,30.0
4704,2020050500100278,17,화요일,서울외곽순환,경기도,경상사고,0,0,1,0,차대차 - 측면충돌,안전거리미확보,포장 - 건조,맑음,단일로 - 기타,승용,1,58,상해없음,승용,0,45,상해없음,50.0,50.0
4705,2020050600100029,4,수요일,서울외곽순환,경기도,경상사고,0,0,1,0,차대차 - 기타,기타,포장 - 건조,맑음,단일로 - 교량,기타불명,2,0,기타불명,승용,0,52,경상,20.0,20.0
4706,2020050600100330,14,수요일,서울외곽순환,경기도,경상사고,0,0,2,0,차대차 - 측면충돌,신호위반,포장 - 건조,맑음,교차로 - 교차로안,승용,1,23,상해없음,승용,0,32,경상,20.0,20.0
4707,2020050600100371,15,수요일,서울외곽순환,경기도,사망사고,1,0,0,0,차대차 - 추돌,안전운전불이행,포장 - 건조,맑음,단일로 - 기타,화물,0,46,사망,화물,0,69,상해없음,40.0,40.0
4708,2020050600100399,16,수요일,서울외곽순환,서울특별시,경상사고,0,0,1,0,차대차 - 추돌,안전거리미확보,포장 - 건조,맑음,단일로 - 기타,화물,0,65,상해없음,승용,1,39,경상,60.0,60.0
4709,2020050600100514,18,수요일,서울외곽순환,서울특별시,경상사고,0,0,1,0,차대차 - 측면충돌,안전거리미확보,포장 - 건조,맑음,단일로 - 기타,화물,0,67,상해없음,승용,0,34,경상,60.0,60.0
4710,2020050800100354,15,금요일,서울외곽순환,경기도,중상사고,0,2,3,0,차대차 - 추돌,안전운전불이행,포장 - 건조,맑음,단일로 - 터널,승용,0,36,상해없음,화물,0,63,중상,30.0,30.0
4711,2020050900100028,0,토요일,서울외곽순환,인천광역시,중상사고,0,1,2,0,차대차 - 추돌,안전거리미확보,포장 - 젖음/습기,비,단일로 - 교량,승합,0,58,상해없음,화물,0,45,경상,50.0,50.0
4712,2020050900100096,5,토요일,서울외곽순환,경기도,사망사고,2,0,1,0,차대차 - 측면충돌,안전운전불이행,포장 - 젖음/습기,비,단일로 - 기타,화물,0,65,사망,화물,1,56,경상,60.0,60.0
4713,2020050900100430,18,토요일,서울외곽순환,서울특별시,경상사고,0,0,2,0,차대차 - 추돌,안전운전불이행,포장 - 젖음/습기,비,단일로 - 기타,화물,0,45,상해없음,승용,0,27,경상,40.0,40.0
4714,2020050900100510,20,토요일,서울외곽순환,경기도,경상사고,0,0,2,0,차대차 - 측면충돌,안전거리미확보,포장 - 젖음/습기,비,단일로 - 기타,승용,0,57,상해없음,승용,1,38,경상,50.0,50.0
4715,2020051100100058,6,월요일,서울외곽순환,경기도,경상사고,0,0,3,0,차대차 - 기타,안전운전불이행,포장 - 건조,맑음,단일로 - 기타,승용,0,71,상해없음,승용,0,33,경상,70.0,70.0
4716,2020051100100189,10,월요일,서울외곽순환,경기도,경상사고,0,0,1,0,차대차 - 추돌,안전운전불이행,포장 - 건조,맑음,단일로 - 기타,승용,0,56,상해없음,승용,0,27,경상,50.0,50.0
4717,2020051100100190,10,월요일,서울외곽순환,경기도,중상사고,0,2,0,0,차대차 - 측면충돌,안전거리미확보,포장 - 건조,맑음,단일로 - 기타,승용,0,68,상해없음,승용,0,65,중상,60.0,60.0
4718,2020051100100279,12,월요일,서울외곽순환,경기도,중상사고,0,1,0,0,차대차 - 추돌,안전운전불이행,포장 - 건조,맑음,단일로 - 터널,승용,0,44,상해없음,승용,1,40,중상,40.0,40.0
4719,2020051200100010,0,화요일,서울외곽순환,서울특별시,경상사고,0,0,1,0,차대차 - 측면충돌,안전운전불이행,포장 - 젖음/습기,비,단일로 - 기타,승용,0,26,상해없음,승용,0,31,경상,20.0,20.0
4720,2020051200100044,4,화요일,서울외곽순환,경기도,사망사고,1,0,0,0,차량단독 - 전도전복 - 전도,안전운전불이행,포장 - 젖음/습기,비,단일로 - 기타,특수,0,49,사망,기타불명,2,0,기타불명,40.0,40.0
4721,2020051300100064,6,수요일,서울외곽순환,경기도,중상사고,0,1,7,0,차대차 - 추돌,안전거리미확보,포장 - 건조,맑음,단일로 - 터널,승용,0,55,경상,화물,0,24,경상,50.0,50.0
4722,2020051300100363,15,수요일,서울외곽순환,경기도,경상사고,0,0,1,0,차대차 - 기타,안전거리미확보,포장 - 건조,맑음,단일로 - 기타,승용,0,20,기타불명,승용,0,46,경상,20.0,20.0
4723,2020051400100027,2,목요일,서울외곽순환,경기도,사망사고,1,0,0,0,차대차 - 추돌,안전운전불이행,포장 - 건조,맑음,단일로 - 기타,승용,1,33,상해없음,승용,0,35,사망,30.0,30.0
4724,2020051400100409,17,목요일,서울외곽순환,서울특별시,경상사고,0,0,1,0,차대차 - 측면충돌,안전거리미확보,포장 - 건조,맑음,단일로 - 기타,화물,0,59,상해없음,승용,0,37,경상,50.0,50.0
4725,2020051500100136,9,금요일,서울외곽순환,서울특별시,경상사고,0,0,2,0,차대차 - 정면충돌,안전거리미확보,포장 - 젖음/습기,비,단일로 - 기타,승용,0,50,상해없음,화물,0,46,경상,40.0,40.0
4726,2020051600100036,1,토요일,서울외곽순환,경기도,중상사고,0,2,0,0,차대차 - 추돌,안전운전불이행,포장 - 젖음/습기,비,단일로 - 기타,승용,0,28,상해없음,승용,1,49,중상,20.0,20.0
4727,2020051800100080,8,월요일,서울외곽순환,경기도,중상사고,0,1,0,0,차대차 - 기타,안전거리미확보,포장 - 건조,맑음,단일로 - 기타,화물,0,60,상해없음,승용,1,61,중상,50.0,50.0
4728,2020051800100331,15,월요일,서울외곽순환,경기도,경상사고,0,0,2,0,차대차 - 기타,기타,포장 - 건조,흐림,단일로 - 기타,화물,0,56,상해없음,화물,0,25,경상,50.0,50.0
4729,2020051800100390,16,월요일,서울외곽순환,서울특별시,경상사고,0,0,1,0,차대차 - 기타,안전거리미확보,포장 - 젖음/습기,비,단일로 - 기타,승용,1,54,상해없음,승용,0,60,경상,50.0,50.0
4730,2020051800100474,18,월요일,서울외곽순환,경기도,중상사고,0,1,3,0,차대차 - 기타,신호위반,포장 - 젖음/습기,비,단일로 - 터널,화물,0,54,상해없음,화물,0,51,경상,50.0,50.0
4731,2020051900100230,13,화요일,서울외곽순환,경기도,중상사고,0,1,5,0,차대차 - 추돌,안전운전불이행,포장 - 젖음/습기,비,단일로 - 기타,승합,0,54,경상,승용,0,53,경상,50.0,50.0
4732,2020051900100381,17,화요일,서울외곽순환,경기도,부상신고사고,0,0,0,1,차대차 - 추돌,안전운전불이행,포장 - 건조,맑음,단일로 - 기타,승용,0,22,상해없음,승용,1,35,부상신고,20.0,20.0
4733,2020052000100680,23,수요일,서울외곽순환,경기도,경상사고,0,0,1,2,차대차 - 측면충돌,안전거리미확보,포장 - 건조,맑음,단일로 - 기타,승용,0,44,상해없음,승용,0,58,경상,40.0,40.0