,사고번호,사고일시,요일,도로종류,시군구,사고내용,사망자수,중상자수,경상자수,부상신고자수,사고유형,법규위반,노면상태,기상상태,도로형태,가해운전자 차종,가해운전자 성별,가해운전자 연령,가해운전자 상해정도,피해운전자 차종,피해운전자 성별,피해운전자 연령,피해운전자 상해정도,연령대,가해연령대
4985,2020102500100481,19,일요일,서울외곽순환,경기도,경상사고,0,0,1,0,차대차 - 기타,안전거리미확보,포장 - 건조,맑음,단일로 - 기타,승용,1,44,상해없음,승용,1,30,경상,40.0,40.0
4986,2020102500100509,19,일요일,서울외곽순환,경기도,경상사고,0,0,1,0,차대차 - 측면충돌,안전거리미확보,포장 - 건조,맑음,단일로 - 기타,승용,0,69,상해없음,승용,0,36,경상,60.0,60.0
4987,2020102600100469,16,월요일,서울외곽순환,경기도,경상사고,0,0,1,0,차대차 - 측면충돌,안전운전불이행,포장 - 건조,맑음,단일로 - 기타,화물,0,37,상해없음,특수,0,49,경상,30.0,30.0
4988,2020102600100546,18,월요일,서울외곽순환,경기도,경상사고,0,0,1,0,차대차 - 측면충돌,안전거리미확보,포장 - 건조,맑음,단일로 - 기타,특수,0,53,상해없음,승용,0,35,경상,50.0,50.0
4989,2020102700100222,11,화요일,서울외곽순환,경기도,경상사고,0,0,1,0,차대차 - 추돌,안전운전불이행,포장 - 건조,맑음,단일로 - 기타,승용,0,19,상해없음,승용,0,59,경상,20.0,20.0
4990,2020102700100271,12,화요일,서울외곽순환,서울특별시,경상사고,0,0,3,0,차대차 - 추돌,안전운전불이행,포장 - 건조,맑음,단일로 - 기타,화물,0,26,상해없음,건설기계,0,72,경상,20.0,20.0
4991,2020102700100472,17,화요일,서울외곽순환,서울특별시,경상사고,0,0,2,0,차대차 - 추돌,안전운전불이행,포장 - 건조,맑음,단일로 - 기타,화물,0,54,상해없음,화물,0,54,경상,50.0,50.0
4992,2020102700100643,21,화요일,서울외곽순환,인천광역시,경상사고,0,0,1,0,차대차 - 추돌,안전운전불이행,포장 - 건조,맑음,단일로 - 기타,승용,0,55,상해없음,승용,0,29,경상,50.0,50.0
4993,2020102800100082,7,수요일,서울외곽순환,경기도,경상사고,0,0,1,0,차대차 - 추돌,안전운전불이행,포장 - 건조,맑음,단일로 - 기타,승용,0,31,상해없음,승용,1,50,경상,,
4994,2020102800100208,10,수요일,서울외곽순환,경기도,경상사고,0,0,1,0,차대차 - 추돌,안전거리미확보,포장 - 건조,맑음,단일로 - 기타,승용,0,56,상해없음,화물,0,45,경상,50.0,50.0
4995,2020102800100376,15,수요일,서울외곽순환,경기도,경상사고,0,0,2,0,차대차 - 추돌,안전운전불이행,포장 - 건조,맑음,단일로 - 기타,승용,0,27,상해없음,승용,0,68,경상,20.0,20.0
4996,2020102800100442,16,수요일,서울외곽순환,서울특별시,경상사고,0,0,2,0,차대차 - 측면충돌,안전운전불이행,포장 - 건조,맑음,단일로 - 터널,화물,0,23,상해없음,승용,1,61,경상,20.0,20.0
4997,2020102800100572,19,수요일,서울외곽순환,경기도,경상사고,0,0,2,0,차대차 - 기타,안전거리미확보,포장 - 건조,맑음,단일로 - 기타,승용,1,21,상해없음,승용,1,58,경상,20.0,20.0
4998,2020102800100610,20,수요일,서울외곽순환,경기도,경상사고,0,0,1,0,차대차 - 측면충돌,안전거리미확보,포장 - 건조,맑음,단일로 - 기타,승용,0,27,상해없음,승용,1,35,경상,20.0,20.0
4999,2020102900100221,10,목요일,서울외곽순환,경기도,경상사고,0,0,1,0,차대차 - 측면충돌,신호위반,포장 - 건조,맑음,단일로 - 기타,화물,0,45,상해없음,승용,0,41,경상,40.0,40.0
5000,2020103000100191,9,금요일,서울외곽순환,경기도,경상사고,0,0,1,0,차대차 - 측면충돌,안전거리미확보,포장 - 건조,맑음,단일로 - 기타,특수,0,47,상해없음,승용,0,36,경상,40.0,40.0
5001,2020103000100637,19,금요일,서울외곽순환,경기도,경상사고,0,0,1,0,차대차 - 측면충돌,안전거리미확보,포장 - 건조,맑음,단일로 - 기타,승용,0,31,상해없음,승용,1,56,경상,,
5002,2020103100100485,17,토요일,서울외곽순환,경기도,경상사고,0,0,1,0,차대차 - 추돌,안전거리미확보,포장 - 건조,맑음,단일로 - 기타,승용,0,38,상해없음,승용,0,39,경상,30.0,30.0
5003,2020110100100322,16,일요일,서울외곽순환,인천광역시,경상사고,0,0,4,2,차대차 - 추돌,안전거리미확보,포장 - 건조,맑음,단일로 - 교량,승용,0,64,상해없음,화물,0,24,경상,60.0,60.0
5004,2020110100100444,19,일요일,서울외곽순환,인천광역시,경상사고,0,0,1,0,차대차 - 측면충돌,안전거리미확보,포장 - 건조,맑음,단일로 - 교량,승용,0,67,상해없음,승용,0,31,경상,60.0,60.0
5005,2020110200100049,5,월요일,서울외곽순환,경기도,경상사고,0,0,1,0,차대차 - 기타,안전운전불이행,포장 - 건조,맑음,단일로 - 기타,기타불명,2,0,기타불명,화물,0,31,경상,20.0,20.0
5006,2020110200100096,7,월요일,서울외곽순환,경기도,경상사고,0,0,2,0,차대차 - 측면충돌,안전운전불이행,포장 - 건조,맑음,단일로 - 기타,승용,0,22,상해없음,승용,0,50,경상,20.0,20.0
5007,2020110200100168,9,월요일,서울외곽순환,경기도,경상사고,0,0,2,0,차대차 - 기타,안전운전불이행,포장 - 건조,맑음,단일로 - 기타,화물,0,44,상해없음,승용,0,43,경상,40.0,40.0
5008,2020110300100134,8,화요일,서울외곽순환,경기도,경상사고,0,0,1,0,차량단독 - 기타,안전운전불이행,포장 - 건조,맑음,단일로 - 기타,승합,0,44,상해없음,기타불명,2,0,기타불명,40.0,40.0
5009,2020110300100372,15,화요일,서울외곽순환,경기도,경상사고,0,0,1,0,차대차 - 측면충돌,안전운전불이행,포장 - 건조,맑음,단일로 - 기타,화물,0,77,상해없음,승용,1,25,경상,70.0,70.0
5010,2020110300100439,16,화요일,서울외곽순환,경기도,경상사고,0,0,1,0,차대차 - 측면충돌,차로위반,포장 - 건조,맑음,단일로 - 기타,화물,0,49,상해없음,승용,0,41,경상,40.0,40.0
5011,2020110400100149,8,수요일,서울외곽순환,경기도,경상사고,0,0,1,0,차대차 - 추돌,안전거리미확보,포장 - 건조,맑음,단일로 - 기타,승용,0,27,상해없음,승용,0,37,경상,20.0,20.0
5012,2020110400100277,11,수요일,서울외곽순환,경기도,경상사고,0,0,1,0,차대차 - 측면충돌,안전거리미확보,포장 - 건조,맑음,단일로 - 기타,특수,0,47,상해없음,승용,0,31,경상,40.0,40.0
5013,2020110400100316,12,수요일,서울외곽순환,경기도,경상사고,0,0,1,0,차대차 - 기타,차로위반,포장 - 건조,맑음,단일로 - 기타,승용,0,25,상해없음,승용,0,33,경상,20.0,20.0
5014,2020110500100593,20,목요일,서울외곽순환,경기도,경상사고,0,0,1,0,차대차 - 측면충돌,차로위반,포장 - 건조,맑음,단일로 - 기타,승용,0,75,상해없음,승용,0,24,경상,70.0,70.0
5015,2020110500100621,21,목요일,서울외곽순환,경기도,경상사고,0,0,1,0,차대차 - 측면충돌,안전거리미확보,포장 - 건조,맑음,단일로 - 기타,승용,0,22,상해없음,승용,1,66,경상,20.0,20.0
5016,2020110500100646,22,목요일,서울외곽순환,인천광역시,중상사고,0,1,2,0,차대차 - 추돌,안전운전불이행,포장 - 건조,맑음,단일로 - 기타,승용,0,28,상해없음,승용,0,33,경상,20.0,20.0
5017,2020110600100232,12,금요일,서울외곽순환,경기도,경상사고,0,0,1,0,차대차 - 기타,불법유턴,포장 - 건조,맑음,단일로 - 기타,승용,0,37,상해없음,승용,0,26,경상,30.0,30.0
5018,2020110700100247,12,토요일,서울외곽순환,경기도,경상사고,0,0,2,0,차대차 - 추돌,안전운전불이행,포장 - 건조,맑음,단일로 - 기타,승용,0,37,상해없음,승용,0,39,경상,30.0,30.0
5019,2020110700100347,14,토요일,서울외곽순환,경기도,경상사고,0,0,1,0,차대차 - 측면충돌,안전거리미확보,포장 - 건조,맑음,단일로 - 기타,화물,0,49,상해없음,승합,0,40,경상,40.0,40.0
5020,2020110700100435,16,토요일,서울외곽순환,경기도,경상사고,0,0,2,0,차대차 - 추돌,안전운전불이행,포장 - 건조,맑음,단일로 - 기타,승용,0,47,상해없음,승용,0,54,상해없음,40.0,40.0
5021,2020110700100451,17,토요일,서울외곽순환,서울특별시,경상사고,0,0,1,0,차대차 - 추돌,안전운전불이행,포장 - 건조,맑음,단일로 - 기타,승용,0,38,상해없음,승용,1,47,경상,30.0,30.0
5022,2020110800100013,0,일요일,서울외곽순환,경기도,경상사고,0,0,2,0,차대차 - 측면충돌,안전거리미확보,포장 - 건조,맑음,단일로 - 기타,승용,0,44,경상,승용,0,29,경상,40.0,40.0
5023,2020110900100017,1,월요일,서울외곽순환,경기도,중상사고,0,4,1,0,차대차 - 추돌,안전거리미확보,포장 - 건조,맑음,단일로 - 교량,승용,0,39,중상,화물,0,59,중상,30.0,30.0
5024,2020110900100147,9,월요일,서울외곽순환,경기도,경상사고,0,0,1,0,차대차 - 추돌,안전운전불이행,포장 - 건조,맑음,단일로 - 기타,특수,0,22,상해없음,승용,0,39,경상,20.0,20.0
5025,2020110900100523,17,월요일,서울외곽순환,경기도,경상사고,0,0,1,0,차대차 - 기타,차로위반,포장 - 건조,맑음,단일로 - 기타,화물,0,59,상해없음,승용,0,63,상해없음,50.0,50.0
5026,2020111000100261,11,화요일,서울외곽순환,경기도,경상사고,0,0,2,0,차대차 - 추돌,안전운전불이행,포장 - 건조,맑음,단일로 - 기타,특수,0,43,상해없음,승용,0,71,경상,40.0,40.0
5027,2020111100100175,9,수요일,서울외곽순환,경기도,경상사고,0,0,1,0,차대차 - 추돌,안전운전불이행,포장 - 건조,맑음,단일로 - 기타,화물,0,50,상해없음,승용,0,26,경상,40.0,40.0
5028,2020111100100191,10,수요일,서울외곽순환,서울특별시,부상신고사고,0,0,0,1,차대차 - 기타,안전운전불이행,포장 - 건조,맑음,단일로 - 기타,화물,0,58,상해없음,승용,0,45,부상신고,50.0,50.0
5029,2020111100100349,13,수요일,서울외곽순환,서울특별시,경상사고,0,0,1,0,차대차 - 추돌,안전운전불이행,포장 - 건조,맑음,단일로 - 기타,건설기계,0,69,상해없음,승용,1,64,경상,60.0,60.0
5030,2020111100100381,14,수요일,서울외곽순환,경기도,경상사고,0,0,1,0,차대차 - 추돌,안전운전불이행,포장 - 건조,맑음,단일로 - 기타,화물,0,48,상해없음,화물,0,47,경상,40.0,40.0
5031,2020111200100242,11,목요일,서울외곽순환,경기도,중상사고,0,1,2,0,차대차 - 추돌,안전운전불이행,포장 - 건조,맑음,단일로 - 기타,승용,0,42,상해없음,승용,1,26,경상,40.0,40.0
5032,2020111300100059,6,금요일,서울외곽순환,경기도,경상사고,0,0,3,1,차대차 - 추돌,안전운전불이행,포장 - 건조,맑음,단일로 - 터널,화물,0,47,부상신고,승용,0,33,경상,40.0,40.0
5033,2020111300100148,9,금요일,서울외곽순환,서울특별시,중상사고,0,1,0,0,차대차 - 추돌,안전거리미확보,포장 - 건조,맑음,단일로 - 기타,승용,0,29,상해없음,승용,0,38,중상,20.0,20.0
5034,2020111300100296,13,금요일,서울외곽순환,경기도,중상사고,0,1,1,0,차대차 - 측면충돌,안전거리미확보,포장 - 건조,맑음,단일로 - 기타,화물,0,54,상해없음,승용,1,55,중상,50.0,50.0
5035,2020111300100420,17,금요일,서울외곽순환,경기도,경상사고,0,0,1,0,차대차 - 측면충돌,안전거리미확보,포장 - 건조,맑음,단일로 - 기타,건설기계,0,62,상해없음,승용,1,51,경상,60.0,60.0
5036,2020111300100628,21,금요일,서울외곽순환,경기도,경상사고,0,0,2,0,차대차 - 추돌,안전운전불이행,포장 - 건조,맑음,단일로 - 기타,승용,0,54,상해없음,승용,0,36,경상,50.0,50.0
5037,2020111300100643,21,금요일,서울외곽순환,경기도,경상사고,0,0,1,0,차대차 - 측면충돌,안전거리미확보,포장 - 건조,맑음,단일로 - 기타,화물,0,55,상해없음,승용,0,32,경상,50.0,50.0
5038,2020111400100043,2,토요일,서울외곽순환,경기도,경상사고,0,0,2,0,차대차 - 추돌,안전운전불이행,포장 - 건조,맑음,기타 - 기타,승용,0,39,상해없음,승용,0,26,경상,30.0,30.0
5039,2020111400100132,8,토요일,서울외곽순환,경기도,경상사고,0,0,1,0,차대차 - 추돌,안전운전불이행,포장 - 건조,맑음,단일로 - 교량,화물,0,64,상해없음,승용,0,36,경상,60.0,60.0
5040,2020111400100435,16,토요일,서울외곽순환,인천광역시,경상사고,0,0,1,0,차대차 - 추돌,안전거리미확보,포장 - 건조,맑음,단일로 - 교량,승용,0,27,상해없음,승용,1,41,경상,20.0,20.0
5041,2020111400100483,17,토요일,서울외곽순환,경기도,경상사고,0,0,3,0,차대차 - 측면충돌,안전거리미확보,포장 - 건조,맑음,단일로 - 교량,승용,0,27,상해없음,승용,1,44,경상,20.0,20.0
5042,2020111500100036,5,일요일,서울외곽순환,경기도,중상사고,0,1,0,0,차대차 - 추돌,안전거리미확보,포장 - 건조,맑음,단일로 - 기타,승용,0,52,상해없음,승용,0,62,중상,50.0,50.0
5043,2020111500100334,18,일요일,서울외곽순환,경기도,경상사고,0,0,2,0,차대차 - 기타,안전거리미확보,포장 - 건조,맑음,기타 - 기타,승용,1,52,상해없음,승용,0,25,경상,50.0,50.0
5044,2020111500100430,20,일요일,서울외곽순환,경기도,부상신고사고,0,0,0,2,차대차 - 측면충돌,기타,포장 - 건조,맑음,단일로 - 기타,승용,0,36,상해없음,승합,0,58,부상신고,30.0,30.0
5045,2020111500100458,22,일요일,서울외곽순환,경기도,경상사고,0,0,1,0,차대차 - 측면충돌,안전운전불이행,포장 - 건조,맑음,단일로 - 기타,승용,0,44,상해없음,승용,0,58,경상,40.0,40.0
5046,2020111600100552,18,월요일,서울외곽순환,서울특별시,중상사고,0,1,0,0,차대차 - 추돌,안전거리미확보,포장 - 건조,맑음,단일로 - 기타,승용,0,19,상해없음,승용,0,31,중상,20.0,20.0
5047,2020111700100276,13,화요일,서울외곽순환,경기도,경상사고,0,0,1,0,차대차 - 추돌,기타,포장 - 건조,맑음,주차장 - 주차장,화물,0,55,상해없음,화물,0,31,경상,50.0,50.0
5048,2020111800100250,11,수요일,서울외곽순환,경기도,경상사고,0,0,2,0,차대차 - 측면충돌,안전운전불이행,포장 - 건조,맑음,단일로 - 교량,승용,0,56,상해없음,승용,1,32,경상,50.0,50.0
5049,2020111800100296,13,수요일,서울외곽순환,경기도,중상사고,0,1,1,0,차대차 - 추돌,안전운전불이행,포장 - 건조,맑음,단일로 - 터널,화물,0,45,상해없음,승용,0,62,중상,40.0,40.0
5050,2020111900100041,3,목요일,서울외곽순환,경기도,경상사고,0,0,1,0,차대차 - 기타,안전운전불이행,포장 - 젖음/습기,비,단일로 - 기타,승용,0,26,상해없음,화물,0,46,상해없음,20.0,20.0
5051,2020111900100044,3,목요일,서울외곽순환,인천광역시,경상사고,0,0,1,0,차대차 - 기타,안전운전불이행,포장 - 젖음/습기,비,단일로 - 기타,승용,0,39,상해없음,화물,0,60,경상,30.0,30.0
5052,2020111900100237,9,목요일,서울외곽순환,경기도,경상사고,0,0,1,0,차대차 - 측면충돌,안전거리미확보,포장 - 건조,맑음,단일로 - 기타,승용,0,52,경상,승합,0,76,상해없음,50.0,50.0
5053,2020112100100454,18,토요일,서울외곽순환,경기도,경상사고,0,0,2,0,차대차 - 측면충돌,안전거리미확보,포장 - 건조,맑음,단일로 - 기타,기타불명,0,31,상해없음,승용,0,37,경상,,
5054,2020112100100511,19,토요일,서울외곽순환,경기도,경상사고,0,0,1,0,차대차 - 측면충돌,안전거리미확보,포장 - 건조,맑음,단일로 - 기타,승용,1,60,상해없음,승용,1,54,경상,50.0,50.0
5055,2020112200100103,8,일요일,서울외곽순환,인천광역시,경상사고,0,0,8,0,차대차 - 추돌,안전운전불이행,포장 - 젖음/습기,비,단일로 - 교량,승용,0,18,상해없음,승용,0,51,경상,20.0,20.0
5056,2020112200100219,14,일요일,서울외곽순환,경기도,경상사고,0,0,1,0,차대차 - 측면충돌,안전운전불이행,포장 - 건조,맑음,단일로 - 기타,승용,0,68,상해없음,화물,0,51,상해없음,60.0,60.0
5057,2020112200100265,16,일요일,서울외곽순환,경기도,경상사고,0,0,2,0,차대차 - 기타,안전운전불이행,포장 - 건조,맑음,단일로 - 기타,승용,0,72,상해없음,승용,0,29,경상,70.0,70.0
5058,2020112300100416,16,월요일,서울외곽순환,경기도,경상사고,0,0,1,0,차대차 - 측면충돌,안전운전불이행,포장 - 건조,맑음,단일로 - 기타,승합,0,70,상해없음,승용,1,50,경상,60.0,60.0
5059,2020112400100115,8,화요일,서울외곽순환,경기도,경상사고,0,0,1,0,차대차 - 측면충돌,안전거리미확보,포장 - 건조,맑음,단일로 - 기타,승용,0,35,상해없음,화물,0,49,경상,30.0,30.0
5060,2020112400100602,21,화요일,서울외곽순환,경기도,경상사고,0,0,2,0,차대차 - 추돌,안전거리미확보,포장 - 건조,맑음,단일로 - 기타,승용,1,49,경상,승용,0,27,경상,40.0,40.0
5061,2020112500100108,8,수요일,서울외곽순환,경기도,경상사고,0,0,1,0,차대차 - 추돌,안전운전불이행,포장 - 건조,맑음,단일로 - 기타,승용,0,39,기타불명,승용,0,74,경상,30.0,30.0
5062,2020112500100179,10,수요일,서울외곽순환,경기도,경상사고,0,0,2,0,차대차 - 추돌,안전거리미확보,포장 - 건조,맑음,단일로 - 기타,화물,0,71,경상,승용,0,28,경상,70.0,70.0
5063,2020112500100391,16,수요일,서울외곽순환,인천광역시,경상사고,0,0,2,0,차대차 - 추돌,안전거리미확보,포장 - 건조,맑음,단일로 - 교량,승용,1,65,상해없음,승용,0,52,경상,60.0,60.0
5064,2020112600100201,11,목요일,서울외곽순환,경기도,경상사고,0,0,1,1,차대차 - 기타,기타,포장 - 건조,맑음,단일로 - 기타,화물,0,41,상해없음,승용,0,62,부상신고,,
5065,2020112700100333,16,금요일,서울외곽순환,경기도,경상사고,0,0,2,0,차대차 - 추돌,안전거리미확보,포장 - 건조,맑음,단일로 - 기타,승용,1,30,상해없음,승용,0,47,경상,20.0,20.0
5066,2020112800100506,20,토요일,서울외곽순환,서울특별시,경상사고,0,0,2,0,차대차 - 측면충돌,안전운전불이행,포장 - 건조,맑음,단일로 - 기타,기타불명,2,0,기타불명,화물,0,75,경상,20.0,20.0
5067,2020112900100004,0,일요일,서울외곽순환,경기도,중상사고,0,3,0,1,차대차 - 추돌,안전운전불이행,포장 - 건조,맑음,단일로 - 기타,승용,0,30,부상신고,승용,0,33,중상,20.0,20.0
5068,2020112900100381,21,일요일,서울외곽순환,경기도,경상사고,0,0,1,0,차대차 - 측면충돌,안전거리미확보,포장 - 건조,맑음,단일로 - 교량,승용,0,33,상해없음,승용,0,32,경상,30.0,30.0
5069,2020113000100488,18,월요일,서울외곽순환,경기도,경상사고,0,0,1,0,차대차 - 측면충돌,안전거리미확보,포장 - 건조,맑음,기타 - 기타,화물,0,64,상해없음,승용,0,43,경상,60.0,60.0
5070,2020120100100233,12,화요일,서울외곽순환,경기도,경상사고,0,0,1,0,차대차 - 측면충돌,차로위반,포장 - 건조,맑음,단일로 - 기타,화물,0,56,상해없음,승용,0,35,경상,50.0,50.0
5071,2020120200100060,7,수요일,서울외곽순환,경기도,경상사고,0,0,2,0,차대차 - 추돌,안전거리미확보,포장 - 건조,맑음,단일로 - 기타,승용,0,24,상해없음,승용,0,43,상해없음,20.0,20.0
5072,2020120200100140,10,수요일,서울외곽순환,경기도,경상사고,0,0,1,0,차대차 - 측면충돌,안전거리미확보,포장 - 건조,맑음,단일로 - 기타,화물,0,54,상해없음,화물,0,40,경상,50.0,50.0
5073,2020120200100441,18,수요일,서울외곽순환,경기도,경상사고,0,0,1,0,차대차 - 추돌,안전운전불이행,포장 - 건조,맑음,단일로 - 기타,승용,0,37,상해없음,승용,0,47,경상,30.0,30.0
5074,2020120200100453,18,수요일,서울외곽순환,경기도,경상사고,0,0,1,0,차대차 - 측면충돌,안전운전불이행,포장 - 건조,맑음,단일로 - 기타,화물,0,44,상해없음,승용,1,54,경상,40.0,40.0
5075,2020120300100014,1,목요일,서울외곽순환,인천광역시,경상사고,0,0,1,0,차대차 - 측면충돌,차로위반,포장 - 건조,맑음,단일로 - 기타,화물,0,60,상해없음,승용,0,52,경상,50.0,50.0
5076,2020120300100131,9,목요일,서울외곽순환,경기도,중상사고,0,2,0,0,차대차 - 측면충돌,안전운전불이행,포장 - 건조,맑음,단일로 - 기타,건설기계,0,38,상해없음,승용,0,76,중상,30.0,30.0
5077,2020120300100195,12,목요일,서울외곽순환,경기도,경상사고,0,0,1,0,차대차 - 기타,안전거리미확보,포장 - 건조,맑음,기타 - 기타,화물,0,60,상해없음,승용,0,29,경상,50.0,50.0
5078,2020120300100350,16,목요일,서울외곽순환,경기도,경상사고,0,0,1,0,차대차 - 기타,안전운전불이행,포장 - 건조,맑음,단일로 - 기타,화물,0,35,상해없음,화물,0,55,경상,30.0,30.0
5079,2020120400100014,0,금요일,서울외곽순환,서울특별시,경상사고,0,0,1,0,차대차 - 추돌,안전운전불이행,포장 - 건조,맑음,단일로 - 터널,승용,0,43,상해없음,승용,0,36,경상,40.0,40.0
5080,2020120400100070,6,금요일,서울외곽순환,경기도,경상사고,0,0,1,0,차대차 - 측면충돌,안전거리미확보,포장 - 건조,맑음,단일로 - 기타,화물,0,34,상해없음,승용,0,51,경상,30.0,30.0
5081,2020120400100143,9,금요일,서울외곽순환,경기도,경상사고,0,0,1,0,차대차 - 측면충돌,안전거리미확보,포장 - 건조,맑음,단일로 - 기타,화물,0,37,상해없음,승용,1,29,경상,30.0,30.0
5082,2020120400100634,21,금요일,서울외곽순환,서울특별시,경상사고,0,0,1,0,차대차 - 추돌,안전운전불이행,포장 - 건조,맑음,단일로 - 기타,승용,0,44,상해없음,화물,0,58,경상,40.0,40.0
5083,2020120500100099,9,토요일,서울외곽순환,경기도,경상사고,0,0,1,0,차대차 - 추돌,안전운전불이행,포장 - 건조,맑음,단일로 - 기타,화물,0,56,상해없음,승용,1,58,경상,50.0,50.0
5084,2020120600100066,7,일요일,서울외곽순환,경기도,중상사고,0,3,1,0,차대차 - 기타,안전운전불이행,포장 - 건조,맑음,단일로 - 기타,승용,0,65,상해없음,승용,0,31,경상,60.0,60.0
5085,2020120700100076,7,월요일,서울외곽순환,경기도,경상사고,0,0,2,0,차대차 - 정면충돌,안전운전불이행,포장 - 건조,맑음,단일로 - 기타,승용,1,43,상해없음,승용,1,58,경상,40.0,40.0
5086,2020120700100077,7,월요일,서울외곽순환,경기도,경상사고,0,0,1,0,차대차 - 추돌,안전운전불이행,포장 - 건조,맑음,단일로 - 기타,승용,0,38,상해없음,승용,0,27,경상,30.0,30.0
5087,2020120700100472,20,월요일,서울외곽순환,경기도,경상사고,0,0,1,0,차대차 - 측면충돌,안전운전불이행,포장 - 젖음/습기,흐림,단일로 - 기타,화물,0,60,상해없음,승용,0,40,경상,50.0,50.0
5088,2020120800100125,9,화요일,서울외곽순환,경기도,경상사고,0,0,1,0,차대차 - 측면충돌,안전거리미확보,포장 - 건조,맑음,단일로 - 기타,승용,1,71,상해없음,건설기계,0,45,경상,70.0,70.0
5089,2020120800100267,13,화요일,서울외곽순환,서울특별시,경상사고,0,0,1,0,차대차 - 측면충돌,안전운전불이행,포장 - 건조,맑음,단일로 - 기타,승용,0,28,상해없음,승용,1,62,경상,20.0,20.0
5090,2020120800100294,14,화요일,서울외곽순환,경기도,경상사고,0,0,1,0,차대차 - 기타,안전거리미확보,포장 - 건조,맑음,단일로 - 기타,승용,0,24,상해없음,화물,0,59,경상,20.0,20.0
5091,2020120800100409,17,화요일,서울외곽순환,서울특별시,경상사고,0,0,1,0,차대차 - 추돌,안전운전불이행,포장 - 건조,맑음,단일로 - 기타,화물,0,49,상해없음,승용,0,37,경상,40.0,40.0
5092,2020120900100015,4,수요일,서울외곽순환,경기도,사망사고,1,0,0,0,차량단독 - 공작물충돌,안전운전불이행,포장 - 건조,맑음,단일로 - 교량,승용,0,52,사망,기타불명,2,0,기타불명,50.0,50.0
5093,2020120900100151,9,수요일,서울외곽순환,경기도,경상사고,0,0,2,0,차대차 - 측면충돌,안전운전불이행,포장 - 건조,맑음,기타 - 기타,승용,0,51,경상,화물,0,40,경상,,
5094,2020120900100539,20,수요일,서울외곽순환,인천광역시,부상신고사고,0,0,0,1,차대차 - 추돌,안전운전불이행,포장 - 건조,맑음,단일로 - 교량,승용,0,26,상해없음,승용,0,35,부상신고,20.0,20.0
5095,2020121000100035,6,목요일,서울외곽순환,경기도,중상사고,0,2,0,0,차대차 - 측면충돌,안전거리미확보,포장 - 건조,맑음,단일로 - 고가도로위,승용,0,55,상해없음,승용,0,39,중상,50.0,50.0
5096,2020121000100065,8,목요일,서울외곽순환,경기도,경상사고,0,0,1,0,차대차 - 기타,안전운전불이행,포장 - 건조,맑음,단일로 - 기타,화물,0,45,상해없음,승용,1,40,경상,40.0,40.0
5097,2020121000100197,13,목요일,서울외곽순환,경기도,경상사고,0,0,1,0,차대차 - 측면충돌,안전거리미확보,포장 - 건조,맑음,기타 - 기타,승용,1,53,상해없음,화물,0,49,경상,50.0,50.0
5098,2020121000100209,13,목요일,서울외곽순환,인천광역시,경상사고,0,0,1,0,차대차 - 추돌,안전운전불이행,포장 - 건조,맑음,단일로 - 기타,승용,0,22,상해없음,승용,1,47,경상,20.0,20.0
5099,2020121000100548,23,목요일,서울외곽순환,경기도,경상사고,0,0,3,0,차대차 - 측면충돌,안전운전불이행,포장 - 건조,맑음,단일로 - 기타,특수,0,39,상해없음,승용,1,60,경상,30.0,30.0
5100,2020121200100345,17,토요일,서울외곽순환,경기도,경상사고,0,0,2,0,차대차 - 측면충돌,안전운전불이행,포장 - 건조,맑음,단일로 - 기타,승용,0,73,상해없음,승용,0,31,경상,70.0,70.0
5101,2020121400100339,16,월요일,서울외곽순환,경기도,경상사고,0,0,2,0,차대차 - 측면충돌,안전거리미확보,포장 - 건조,맑음,단일로 - 교량,화물,0,33,상해없음,승용,1,24,경상,30.0,30.0
5102,2020121400100379,17,월요일,서울외곽순환,경기도,중상사고,0,2,0,0,차대차 - 추돌,안전운전불이행,포장 - 건조,맑음,단일로 - 기타,승용,0,60,상해없음,승용,0,44,중상,50.0,50.0
5103,2020121400100438,18,월요일,서울외곽순환,경기도,경상사고,0,0,1,0,차대차 - 측면충돌,안전거리미확보,포장 - 건조,맑음,단일로 - 교량,승용,0,28,상해없음,승용,0,29,경상,20.0,20.0
5104,2020121400100481,19,월요일,서울외곽순환,경기도,경상사고,0,0,1,0,차대차 - 추돌,안전거리미확보,포장 - 건조,맑음,단일로 - 기타,승용,0,29,상해없음,승용,0,33,경상,20.0,20.0
5105,2020121400100530,21,월요일,서울외곽순환,경기도,경상사고,0,0,1,0,차대차 - 측면충돌,안전운전불이행,포장 - 건조,맑음,단일로 - 기타,화물,0,42,상해없음,승용,0,37,경상,40.0,40.0
5106,2020121500100191,12,화요일,서울외곽순환,경기도,중상사고,0,1,0,0,차대차 - 추돌,안전거리미확보,포장 - 건조,맑음,단일로 - 기타,승용,0,60,상해없음,승용,1,31,중상,50.0,50.0
5107,2020121600100143,10,수요일,서울외곽순환,서울특별시,경상사고,0,0,2,0,차대차 - 추돌,안전거리미확보,포장 - 건조,맑음,단일로 - 기타,화물,0,56,상해없음,승합,0,59,상해없음,50.0,50.0
5108,2020121600100267,14,수요일,서울외곽순환,경기도,경상사고,0,0,1,0,차대차 - 기타,안전운전불이행,포장 - 건조,맑음,단일로 - 기타,기타불명,2,0,기타불명,승용,0,42,상해없음,20.0,20.0
5109,2020121600100367,17,수요일,서울외곽순환,경기도,경상사고,0,0,1,0,차대차 - 추돌,안전운전불이행,포장 - 건조,맑음,단일로 - 기타,승용,0,50,상해없음,승용,0,29,경상,40.0,40.0
5110,2020121600100393,18,수요일,서울외곽순환,경기도,부상신고사고,0,0,0,1,차대차 - 측면충돌,차로위반,포장 - 건조,맑음,단일로 - 기타,승합,1,59,상해없음,화물,0,66,상해없음,50.0,50.0