,사고번호,사고일시,요일,도로종류,시군구,사고내용,사망자수,중상자수,경상자수,부상신고자수,사고유형,법규위반,노면상태,기상상태,도로형태,가해운전자 차종,가해운전자 성별,가해운전자 연령,가해운전자 상해정도,피해운전자 차종,피해운전자 성별,피해운전자 연령,피해운전자 상해정도,연령대,가해연령대
5242,2021021900100013,1,금요일,서울외곽순환,경기도,중상사고,0,1,1,0,차대차 - 추돌,안전거리미확보,-,맑음,단일로 - 기타,승용,0,52,상해없음,승용,0,27,중상,50.0,50.0
5243,2021021900100223,12,금요일,서울외곽순환,경기도,경상사고,0,0,1,0,차대차 - 기타,안전운전불이행,-,맑음,기타 - 기타,승용,0,61,상해없음,승합,0,62,상해없음,,
5244,2021021900100287,13,금요일,서울외곽순환,경기도,경상사고,0,0,3,0,차대차 - 기타,안전운전불이행,-,맑음,단일로 - 기타,화물,0,58,상해없음,승용,1,60,경상,50.0,50.0
5245,2021021900100381,15,금요일,서울외곽순환,경기도,경상사고,0,0,3,0,차대차 - 추돌,안전거리미확보,-,맑음,단일로 - 기타,승용,1,44,경상,승용,0,64,상해없음,40.0,40.0
5246,2021021900100586,19,금요일,서울외곽순환,경기도,경상사고,0,0,1,0,차대차 - 측면충돌,안전거리미확보,-,맑음,단일로 - 기타,화물,0,64,상해없음,승용,0,40,경상,60.0,60.0
5247,2021021900100736,23,금요일,서울외곽순환,서울특별시,경상사고,0,0,1,0,차대차 - 기타,안전운전불이행,-,맑음,단일로 - 기타,기타불명,2,0,기타불명,화물,0,68,경상,20.0,20.0
5248,2021022000100252,14,토요일,서울외곽순환,경기도,경상사고,0,0,1,1,차대차 - 추돌,안전운전불이행,-,맑음,단일로 - 터널,승용,0,30,상해없음,승용,0,21,경상,20.0,20.0
5249,2021022100100239,16,일요일,서울외곽순환,경기도,경상사고,0,0,2,0,차대차 - 기타,신호위반,-,맑음,단일로 - 기타,승용,0,51,경상,승용,0,29,상해없음,,
5250,2021022100100386,22,일요일,서울외곽순환,경기도,중상사고,0,1,0,0,차대차 - 추돌,안전운전불이행,-,맑음,단일로 - 기타,승용,0,63,상해없음,승용,1,29,중상,60.0,60.0
5251,2021022200100061,7,월요일,서울외곽순환,경기도,경상사고,0,0,1,0,차대차 - 추돌,안전운전불이행,-,맑음,단일로 - 기타,화물,0,57,상해없음,승용,0,52,경상,50.0,50.0
5252,2021022200100424,17,월요일,서울외곽순환,경기도,경상사고,0,0,2,0,차대차 - 측면충돌,안전운전불이행,-,맑음,단일로 - 기타,건설기계,0,62,상해없음,승용,0,55,경상,60.0,60.0
5253,2021022300100002,0,화요일,서울외곽순환,경기도,중상사고,0,1,2,0,차대차 - 추돌,안전운전불이행,-,맑음,단일로 - 기타,승용,0,67,중상,승용,0,26,경상,60.0,60.0
5254,2021022400100016,3,수요일,서울외곽순환,경기도,경상사고,0,0,1,0,차대차 - 추돌,안전운전불이행,-,맑음,단일로 - 기타,승용,0,53,상해없음,승용,0,48,경상,50.0,50.0
5255,2021022400100107,9,수요일,서울외곽순환,서울특별시,경상사고,0,0,2,0,차대차 - 추돌,안전거리미확보,-,맑음,단일로 - 기타,승용,0,58,상해없음,승용,0,60,경상,50.0,50.0
5256,2021022400100152,11,수요일,서울외곽순환,경기도,경상사고,0,0,1,0,차대차 - 추돌,안전운전불이행,-,맑음,단일로 - 기타,승용,0,47,상해없음,승용,0,35,경상,40.0,40.0
5257,2021022500100198,13,목요일,서울외곽순환,인천광역시,중상사고,0,1,0,0,차대차 - 추돌,안전운전불이행,-,맑음,기타 - 기타,화물,0,64,상해없음,승용,1,54,중상,60.0,60.0
5258,2021022500100436,19,목요일,서울외곽순환,경기도,경상사고,0,0,1,0,차대차 - 추돌,신호위반,-,맑음,단일로 - 터널,승용,0,14,상해없음,승용,0,47,경상,20.0,20.0
5259,2021022600100129,9,금요일,서울외곽순환,경기도,중상사고,0,1,4,0,차대차 - 추돌,안전운전불이행,-,맑음,단일로 - 기타,승용,0,26,경상,승용,1,51,경상,20.0,20.0
5260,2021022600100165,11,금요일,서울외곽순환,경기도,경상사고,0,0,1,0,차대차 - 기타,안전운전불이행,-,맑음,기타 - 기타,화물,0,51,상해없음,승용,1,64,경상,,
5261,2021022600100350,16,금요일,서울외곽순환,경기도,부상신고사고,0,0,0,1,차대차 - 측면충돌,안전운전불이행,-,맑음,기타 - 기타,승용,0,53,상해없음,승용,0,58,부상신고,50.0,50.0
5262,2021022600100609,23,금요일,서울외곽순환,경기도,중상사고,0,1,0,0,차대차 - 측면충돌,안전운전불이행,-,맑음,기타 - 기타,기타불명,2,0,기타불명,승용,0,32,중상,20.0,20.0
5263,2021022600100615,23,금요일,서울외곽순환,인천광역시,경상사고,0,0,1,0,차대차 - 추돌,안전운전불이행,-,맑음,기타 - 기타,승용,0,48,상해없음,승용,0,23,경상,40.0,40.0
5264,2021022700100411,18,토요일,서울외곽순환,서울특별시,경상사고,0,0,2,0,차대차 - 추돌,안전거리미확보,-,맑음,단일로 - 기타,화물,0,59,상해없음,승용,0,58,경상,50.0,50.0
5265,2021022700100428,19,토요일,서울외곽순환,경기도,경상사고,0,0,3,0,차대차 - 측면충돌,안전거리미확보,-,맑음,기타 - 기타,승용,0,58,상해없음,승용,0,42,경상,50.0,50.0
5266,2021022800100010,0,일요일,서울외곽순환,경기도,경상사고,0,0,2,0,차대차 - 추돌,안전운전불이행,-,맑음,단일로 - 기타,승용,0,35,상해없음,승용,0,54,경상,30.0,30.0
5267,2021022800100375,22,일요일,서울외곽순환,인천광역시,경상사고,0,0,1,0,차대차 - 추돌,안전운전불이행,-,맑음,단일로 - 교량,승용,0,61,상해없음,승용,0,40,경상,,
5268,2021030100100455,23,월요일,서울외곽순환,서울특별시,경상사고,0,0,1,0,차대차 - 추돌,안전운전불이행,-,눈,단일로 - 기타,승합,0,39,상해없음,화물,0,50,경상,30.0,30.0
5269,2021030200100147,10,화요일,서울외곽순환,경기도,경상사고,0,0,1,0,차대차 - 추돌,안전운전불이행,-,맑음,단일로 - 기타,기타불명,2,0,기타불명,승용,0,55,경상,20.0,20.0
5270,2021030200100176,11,화요일,서울외곽순환,경기도,중상사고,0,1,1,0,차대차 - 측면충돌,안전거리미확보,-,맑음,단일로 - 교량,승용,0,35,중상,화물,0,54,경상,30.0,30.0
5271,2021030200100230,13,화요일,서울외곽순환,서울특별시,경상사고,0,0,2,0,차대차 - 측면충돌,안전거리미확보,-,맑음,단일로 - 기타,승용,0,24,기타불명,승용,0,39,경상,20.0,20.0
5272,2021030300100126,9,수요일,서울외곽순환,경기도,경상사고,0,0,1,0,차대차 - 기타,안전거리미확보,-,맑음,기타 - 기타,승용,1,44,상해없음,화물,0,27,경상,40.0,40.0
5273,2021030300100136,9,수요일,서울외곽순환,인천광역시,경상사고,0,0,1,0,차대차 - 기타,기타,-,맑음,기타 - 기타,건설기계,0,56,상해없음,승용,0,52,경상,50.0,50.0
5274,2021030300100236,12,수요일,서울외곽순환,서울특별시,경상사고,0,0,2,0,차대차 - 측면충돌,안전거리미확보,-,맑음,단일로 - 기타,특수,0,41,상해없음,승용,0,45,경상,,
5275,2021030300100413,18,수요일,서울외곽순환,경기도,경상사고,0,0,1,0,차대차 - 추돌,안전거리미확보,-,맑음,단일로 - 기타,승용,0,55,상해없음,승용,0,33,경상,50.0,50.0
5276,2021030300100510,22,수요일,서울외곽순환,경기도,중상사고,0,1,0,1,차대차 - 기타,안전운전불이행,-,맑음,기타 - 기타,승용,0,34,부상신고,승용,0,40,중상,30.0,30.0
5277,2021030400100365,18,목요일,서울외곽순환,서울특별시,경상사고,0,0,1,0,차대차 - 측면충돌,안전거리미확보,-,맑음,단일로 - 기타,화물,0,49,상해없음,승용,0,44,경상,40.0,40.0
5278,2021030500100165,10,금요일,서울외곽순환,경기도,경상사고,0,0,1,0,차대차 - 기타,안전거리미확보,-,맑음,기타 - 기타,승용,0,62,상해없음,화물,0,41,경상,60.0,60.0
5279,2021030500100209,11,금요일,서울외곽순환,인천광역시,경상사고,0,0,1,0,차대차 - 측면충돌,기타,-,맑음,단일로 - 기타,화물,0,44,상해없음,건설기계,0,38,경상,40.0,40.0
5280,2021030500100392,17,금요일,서울외곽순환,경기도,경상사고,0,0,1,0,차대차 - 측면충돌,신호위반,-,맑음,단일로 - 기타,승용,0,57,상해없음,승용,0,48,경상,50.0,50.0
5281,2021030500100411,17,금요일,서울외곽순환,경기도,경상사고,0,0,1,0,차대차 - 측면충돌,안전운전불이행,-,맑음,단일로 - 기타,승용,0,42,상해없음,화물,0,43,경상,40.0,40.0
5282,2021030600100045,5,토요일,서울외곽순환,서울특별시,중상사고,0,1,1,0,차대차 - 추돌,안전운전불이행,-,맑음,단일로 - 기타,화물,0,61,상해없음,승용,0,46,중상,,
5283,2021030600100245,14,토요일,서울외곽순환,경기도,중상사고,0,4,0,0,차대차 - 추돌,안전운전불이행,-,맑음,단일로 - 기타,승용,0,55,기타불명,승용,0,43,중상,50.0,50.0
5284,2021030700100173,14,일요일,서울외곽순환,경기도,경상사고,0,0,2,0,차대차 - 추돌,안전운전불이행,-,맑음,단일로 - 기타,승용,1,45,상해없음,승용,0,33,경상,40.0,40.0
5285,2021030700100259,17,일요일,서울외곽순환,경기도,경상사고,0,0,1,0,차대차 - 측면충돌,신호위반,-,맑음,단일로 - 기타,승용,0,37,상해없음,승용,1,54,경상,30.0,30.0
5286,2021030700100360,21,일요일,서울외곽순환,경기도,경상사고,0,0,1,0,차대차 - 측면충돌,안전거리미확보,-,맑음,단일로 - 기타,승용,1,61,상해없음,승용,1,30,경상,,
5287,2021030800100305,14,월요일,서울외곽순환,경기도,경상사고,0,0,1,0,차대차 - 추돌,안전운전불이행,-,맑음,단일로 - 기타,승용,0,28,상해없음,승용,1,64,경상,20.0,20.0
5288,2021031000100036,5,수요일,서울외곽순환,경기도,경상사고,0,0,2,0,차대차 - 측면충돌,안전거리미확보,-,맑음,단일로 - 교량,특수,0,43,상해없음,승용,0,59,경상,40.0,40.0
5289,2021031100100262,14,목요일,서울외곽순환,경기도,경상사고,0,0,1,0,차대차 - 측면충돌,안전운전불이행,-,맑음,단일로 - 기타,화물,0,60,상해없음,화물,0,35,경상,50.0,50.0
5290,2021031100100372,17,목요일,서울외곽순환,경기도,경상사고,0,0,1,0,차대차 - 측면충돌,안전운전불이행,-,맑음,단일로 - 기타,승용,0,50,상해없음,승용,0,27,경상,40.0,40.0
5291,2021031100100409,18,목요일,서울외곽순환,경기도,경상사고,0,0,1,0,차대차 - 측면충돌,안전거리미확보,-,맑음,단일로 - 기타,승용,1,64,상해없음,건설기계,0,35,경상,60.0,60.0
5292,2021031100100430,19,목요일,서울외곽순환,경기도,경상사고,0,0,1,0,차대차 - 기타,안전거리미확보,-,맑음,단일로 - 기타,화물,0,59,상해없음,승용,0,55,경상,50.0,50.0
5293,2021031200100539,20,금요일,서울외곽순환,경기도,경상사고,0,0,2,0,차대차 - 기타,안전운전불이행,-,맑음,단일로 - 기타,기타불명,2,0,기타불명,승용,0,67,경상,20.0,20.0
5294,2021031200100621,23,금요일,서울외곽순환,경기도,중상사고,0,1,0,0,차대차 - 추돌,안전운전불이행,-,맑음,단일로 - 기타,승용,0,38,상해없음,승용,1,51,중상,30.0,30.0
5295,2021031300100004,0,토요일,서울외곽순환,경기도,경상사고,0,0,1,0,차대차 - 기타,안전운전불이행,-,맑음,기타 - 기타,화물,0,58,상해없음,승용,0,50,경상,50.0,50.0
5296,2021031300100381,17,토요일,서울외곽순환,경기도,경상사고,0,0,2,0,차대차 - 추돌,안전거리미확보,-,맑음,단일로 - 교량,승합,0,61,상해없음,승용,0,42,경상,,
5297,2021031400100340,20,일요일,서울외곽순환,서울특별시,중상사고,0,1,1,0,차대차 - 측면충돌,안전거리미확보,-,맑음,단일로 - 기타,승용,0,20,상해없음,승용,0,56,상해없음,20.0,20.0
5298,2021031500100079,8,월요일,서울외곽순환,경기도,경상사고,0,0,1,0,차대차 - 기타,안전운전불이행,-,맑음,단일로 - 기타,화물,0,44,상해없음,승용,0,45,경상,40.0,40.0
5299,2021031500100192,11,월요일,서울외곽순환,인천광역시,부상신고사고,0,0,0,1,차대차 - 측면충돌,안전운전불이행,-,맑음,단일로 - 기타,승용,0,43,상해없음,화물,0,45,부상신고,40.0,40.0
5300,2021031600100053,6,화요일,서울외곽순환,경기도,경상사고,0,0,1,0,차대차 - 측면충돌,안전거리미확보,-,맑음,단일로 - 기타,화물,0,65,상해없음,승용,0,24,경상,60.0,60.0
5301,2021031600100223,11,화요일,서울외곽순환,경기도,경상사고,0,0,1,0,차대차 - 기타,안전운전불이행,-,맑음,단일로 - 기타,특수,0,58,상해없음,화물,0,44,경상,50.0,50.0
5302,2021031600100296,14,화요일,서울외곽순환,경기도,경상사고,0,0,1,0,차대차 - 측면충돌,안전거리미확보,-,맑음,단일로 - 기타,승용,0,41,상해없음,화물,0,58,경상,,
5303,2021031700100014,2,수요일,서울외곽순환,경기도,경상사고,0,0,1,0,차대차 - 추돌,안전운전불이행,-,맑음,단일로 - 교량,특수,0,38,상해없음,승용,0,33,상해없음,30.0,30.0
5304,2021031700100376,17,수요일,서울외곽순환,경기도,경상사고,0,0,1,0,차대차 - 기타,안전거리미확보,-,맑음,단일로 - 기타,화물,0,38,상해없음,승용,0,27,경상,30.0,30.0
5305,2021031800100151,10,목요일,서울외곽순환,인천광역시,중상사고,0,1,1,0,차대차 - 추돌,안전운전불이행,-,맑음,단일로 - 기타,화물,0,25,상해없음,승용,1,33,중상,20.0,20.0
5306,2021031900100057,7,금요일,서울외곽순환,경기도,경상사고,0,0,1,0,차대차 - 추돌,안전운전불이행,-,맑음,단일로 - 기타,승용,0,33,상해없음,승용,0,39,경상,30.0,30.0
5307,2021031900100342,15,금요일,서울외곽순환,경기도,경상사고,0,0,2,1,차대차 - 측면충돌,안전거리미확보,-,맑음,단일로 - 기타,승용,1,67,상해없음,승용,0,38,경상,60.0,60.0
5308,2021031900100471,18,금요일,서울외곽순환,인천광역시,경상사고,0,0,1,0,차대차 - 추돌,안전거리미확보,-,맑음,단일로 - 기타,승용,0,54,상해없음,승용,0,41,경상,50.0,50.0
5309,2021032000100343,17,토요일,서울외곽순환,서울특별시,경상사고,0,0,2,0,차대차 - 추돌,안전운전불이행,-,비,단일로 - 기타,승용,0,60,상해없음,승용,0,44,경상,50.0,50.0
5310,2021032100100007,0,일요일,서울외곽순환,경기도,경상사고,0,0,1,0,차대차 - 측면충돌,안전거리미확보,-,맑음,단일로 - 기타,승용,0,27,상해없음,승용,0,59,경상,20.0,20.0
5311,2021032100100336,19,일요일,서울외곽순환,경기도,경상사고,0,0,2,0,차대차 - 추돌,안전운전불이행,-,맑음,기타 - 기타,승용,0,52,상해없음,승용,1,30,경상,50.0,50.0
5312,2021032100100352,19,일요일,서울외곽순환,경기도,경상사고,0,0,2,0,차대차 - 측면충돌,안전운전불이행,-,맑음,단일로 - 기타,승용,1,24,상해없음,승용,1,26,경상,20.0,20.0
5313,2021032200100064,7,월요일,서울외곽순환,경기도,경상사고,0,0,1,0,차대차 - 기타,안전운전불이행,-,맑음,기타 - 기타,화물,0,55,상해없음,승용,0,60,경상,50.0,50.0
5314,2021032200100157,10,월요일,서울외곽순환,서울특별시,경상사고,0,0,2,0,차대차 - 추돌,안전운전불이행,-,맑음,기타 - 기타,승용,0,33,상해없음,승용,0,44,경상,30.0,30.0
5315,2021032200100204,11,월요일,서울외곽순환,경기도,경상사고,0,0,2,0,차대차 - 기타,안전거리미확보,-,맑음,기타 - 기타,승용,0,39,기타불명,승용,1,29,경상,30.0,30.0
5316,2021032200100399,17,월요일,서울외곽순환,경기도,중상사고,0,1,2,0,차대차 - 추돌,안전운전불이행,-,맑음,기타 - 기타,화물,0,63,상해없음,승용,0,45,경상,60.0,60.0
5317,2021032200100418,17,월요일,서울외곽순환,인천광역시,경상사고,0,0,1,0,차대차 - 측면충돌,안전거리미확보,-,맑음,단일로 - 교량,승용,0,62,상해없음,승용,1,32,경상,60.0,60.0
5318,2021032300100078,8,화요일,서울외곽순환,경기도,경상사고,0,0,1,0,차대차 - 기타,안전운전불이행,-,맑음,단일로 - 기타,화물,0,56,경상,승용,1,64,상해없음,50.0,50.0
5319,2021032300100144,10,화요일,서울외곽순환,경기도,중상사고,0,1,2,0,차대차 - 추돌,안전운전불이행,-,맑음,단일로 - 기타,화물,0,61,기타불명,화물,0,60,중상,,
5320,2021032300100235,13,화요일,서울외곽순환,인천광역시,중상사고,0,1,1,0,차대차 - 추돌,안전운전불이행,-,맑음,단일로 - 기타,승용,0,23,상해없음,승용,1,38,경상,20.0,20.0
5321,2021032300100409,17,화요일,서울외곽순환,경기도,경상사고,0,0,1,1,차대차 - 추돌,안전운전불이행,-,맑음,단일로 - 기타,승용,0,36,상해없음,승용,0,49,부상신고,30.0,30.0
5322,2021032400100035,5,수요일,서울외곽순환,경기도,경상사고,0,0,2,0,차대차 - 측면충돌,안전운전불이행,-,맑음,단일로 - 기타,승용,0,77,상해없음,화물,0,56,경상,70.0,70.0
5323,2021032400100322,15,수요일,서울외곽순환,경기도,중상사고,0,1,0,5,차대차 - 추돌,안전거리미확보,-,맑음,단일로 - 기타,화물,0,68,상해없음,승용,0,52,중상,60.0,60.0
5324,2021032500100159,10,목요일,서울외곽순환,경기도,경상사고,0,0,1,0,차대차 - 추돌,안전운전불이행,-,맑음,단일로 - 기타,승용,0,18,상해없음,승용,0,37,경상,20.0,20.0
5325,2021032500100432,17,목요일,서울외곽순환,경기도,경상사고,0,0,1,0,차대차 - 측면충돌,신호위반,-,맑음,단일로 - 기타,승용,0,78,상해없음,화물,0,35,경상,70.0,70.0
5326,2021032600100029,5,금요일,서울외곽순환,경기도,경상사고,0,0,1,1,차대차 - 추돌,안전운전불이행,-,맑음,단일로 - 기타,승합,0,46,상해없음,화물,0,52,경상,40.0,40.0
5327,2021032600100042,6,금요일,서울외곽순환,경기도,경상사고,0,0,1,0,차대차 - 추돌,안전운전불이행,-,맑음,단일로 - 기타,화물,0,39,상해없음,건설기계,0,41,경상,30.0,30.0
5328,2021032600100150,9,금요일,서울외곽순환,경기도,경상사고,0,0,1,0,차대차 - 측면충돌,안전운전불이행,-,맑음,단일로 - 기타,승용,0,49,상해없음,화물,0,35,경상,40.0,40.0
5329,2021032700100043,4,토요일,서울외곽순환,경기도,경상사고,0,0,2,0,차대차 - 추돌,신호위반,-,맑음,단일로 - 기타,승용,0,61,상해없음,승용,0,27,상해없음,,
5330,2021032700100164,11,토요일,서울외곽순환,경기도,경상사고,0,0,2,0,차대차 - 추돌,안전운전불이행,-,맑음,단일로 - 기타,승용,0,24,경상,화물,0,37,경상,20.0,20.0
5331,2021032700100243,13,토요일,서울외곽순환,경기도,부상신고사고,0,0,0,1,차대차 - 추돌,안전거리미확보,-,비,단일로 - 기타,기타불명,2,0,기타불명,승용,0,29,부상신고,20.0,20.0
5332,2021032700100513,19,토요일,서울외곽순환,경기도,경상사고,0,0,1,0,차대차 - 기타,안전운전불이행,-,비,기타 - 기타,승용,0,43,상해없음,승용,1,37,경상,40.0,40.0
5333,2021032800100101,9,일요일,서울외곽순환,인천광역시,부상신고사고,0,0,0,1,차대차 - 기타,안전거리미확보,-,비,단일로 - 기타,승합,1,68,부상신고,승용,0,55,기타불명,60.0,60.0
5334,2021032800100145,11,일요일,서울외곽순환,인천광역시,경상사고,0,0,1,0,차대차 - 추돌,안전거리미확보,-,흐림,단일로 - 기타,승용,0,67,상해없음,승용,0,39,경상,60.0,60.0
5335,2021032900100438,17,월요일,서울외곽순환,경기도,경상사고,0,0,1,0,차대차 - 측면충돌,차로위반,-,맑음,단일로 - 기타,승용,0,44,상해없음,승용,0,32,경상,40.0,40.0
5336,2021033000100353,15,화요일,서울외곽순환,경기도,경상사고,0,0,1,0,차대차 - 추돌,안전운전불이행,-,맑음,기타 - 기타,승용,0,24,상해없음,승용,1,28,경상,20.0,20.0
5337,2021033000100495,18,화요일,서울외곽순환,인천광역시,부상신고사고,0,0,0,1,차대차 - 측면충돌,안전거리미확보,-,맑음,단일로 - 기타,기타불명,2,0,기타불명,승용,1,28,부상신고,20.0,20.0
5338,2021033100100037,5,수요일,서울외곽순환,경기도,경상사고,0,0,1,0,차대차 - 측면충돌,안전거리미확보,-,기타,단일로 - 기타,승용,0,61,상해없음,승용,1,30,상해없음,,
5339,2021040100100284,13,목요일,서울외곽순환,인천광역시,경상사고,0,0,2,0,차대차 - 추돌,기타,-,맑음,단일로 - 기타,승용,0,29,상해없음,승용,0,33,경상,20.0,20.0
5340,2021040100100510,18,목요일,서울외곽순환,경기도,경상사고,0,0,1,0,차대차 - 추돌,안전운전불이행,-,맑음,단일로 - 기타,승용,0,66,상해없음,승용,0,44,경상,60.0,60.0
5341,2021040100100545,19,목요일,서울외곽순환,경기도,경상사고,0,0,1,0,차대차 - 측면충돌,안전거리미확보,-,맑음,단일로 - 교량,승용,0,67,상해없음,승용,1,45,경상,60.0,60.0
5342,2021040300100156,11,토요일,서울외곽순환,인천광역시,경상사고,0,0,2,0,차대차 - 측면충돌,안전운전불이행,-,비,기타 - 기타,화물,0,45,상해없음,승용,0,42,경상,40.0,40.0
5343,2021040300100204,12,토요일,서울외곽순환,서울특별시,중상사고,0,1,2,0,차대차 - 측면충돌,신호위반,-,비,단일로 - 터널,화물,0,55,상해없음,승용,0,33,경상,50.0,50.0
5344,2021040300100361,16,토요일,서울외곽순환,서울특별시,경상사고,0,0,1,0,차대차 - 측면충돌,차로위반,-,비,단일로 - 기타,승용,0,45,상해없음,승용,0,45,경상,40.0,40.0
5345,2021040400100013,0,일요일,서울외곽순환,인천광역시,경상사고,0,0,1,0,차대차 - 추돌,안전운전불이행,-,비,단일로 - 교량,승용,0,44,상해없음,화물,0,23,경상,40.0,40.0
5346,2021040400100240,15,일요일,서울외곽순환,경기도,경상사고,0,0,2,0,차대차 - 측면충돌,차로위반,-,맑음,단일로 - 기타,승용,1,53,기타불명,승용,1,51,경상,50.0,50.0
5347,2021040400100382,21,일요일,서울외곽순환,경기도,부상신고사고,0,0,0,1,차대차 - 측면충돌,안전거리미확보,-,맑음,단일로 - 기타,기타불명,2,0,기타불명,승용,0,33,부상신고,20.0,20.0
5348,2021040500100614,20,월요일,서울외곽순환,경기도,경상사고,0,0,1,0,차대차 - 측면충돌,안전거리미확보,-,맑음,단일로 - 기타,승용,1,46,상해없음,승용,0,36,상해없음,40.0,40.0
5349,2021040600100356,16,화요일,서울외곽순환,인천광역시,경상사고,0,0,1,0,차대차 - 측면충돌,안전운전불이행,-,맑음,단일로 - 교량,화물,0,46,상해없음,승용,1,28,경상,40.0,40.0
5350,2021040600100368,16,화요일,서울외곽순환,경기도,경상사고,0,0,1,0,차대차 - 측면충돌,안전거리미확보,-,맑음,단일로 - 기타,건설기계,0,56,상해없음,승용,0,61,경상,50.0,50.0
5351,2021040700100267,13,수요일,서울외곽순환,경기도,경상사고,0,0,2,0,차대차 - 기타,안전거리미확보,-,맑음,단일로 - 기타,화물,0,55,상해없음,승용,0,51,상해없음,50.0,50.0
5352,2021040800100189,10,목요일,서울외곽순환,경기도,중상사고,0,1,1,0,차대차 - 추돌,안전운전불이행,-,맑음,단일로 - 기타,승용,0,67,상해없음,승용,1,32,경상,60.0,60.0
5353,2021040800100457,17,목요일,서울외곽순환,경기도,경상사고,0,0,1,0,차대차 - 측면충돌,안전거리미확보,-,맑음,단일로 - 기타,승용,1,57,상해없음,승용,1,50,경상,50.0,50.0
5354,2021040900100143,9,금요일,서울외곽순환,경기도,경상사고,0,0,1,0,차대차 - 추돌,안전운전불이행,-,맑음,단일로 - 기타,화물,0,54,상해없음,승용,0,39,경상,50.0,50.0
5355,2021040900100398,16,금요일,서울외곽순환,경기도,중상사고,0,1,2,0,차대차 - 추돌,안전운전불이행,-,맑음,단일로 - 교량,화물,0,49,상해없음,승용,0,51,중상,40.0,40.0
5356,2021040900100462,17,금요일,서울외곽순환,인천광역시,경상사고,0,0,1,0,차대차 - 기타,안전운전불이행,-,맑음,기타 - 기타,승용,0,44,상해없음,승용,0,44,경상,40.0,40.0
5357,2021041000100225,12,토요일,서울외곽순환,경기도,경상사고,0,0,1,0,차대차 - 기타,안전운전불이행,-,맑음,단일로 - 기타,승용,0,73,상해없음,승용,1,36,경상,70.0,70.0
5358,2021041000100308,14,토요일,서울외곽순환,경기도,경상사고,0,0,1,0,차대차 - 기타,안전운전불이행,-,맑음,단일로 - 기타,승용,0,51,상해없음,승용,0,31,경상,,
5359,2021041200100418,18,월요일,서울외곽순환,경기도,부상신고사고,0,0,0,2,차대차 - 기타,안전운전불이행,-,맑음,단일로 - 기타,화물,0,45,상해없음,승용,1,21,부상신고,40.0,40.0
5360,2021041300100174,10,화요일,서울외곽순환,경기도,경상사고,0,0,2,0,차대차 - 측면충돌,차로위반,-,맑음,단일로 - 기타,화물,0,45,상해없음,화물,0,64,경상,40.0,40.0
5361,2021041500100103,8,목요일,서울외곽순환,경기도,경상사고,0,0,1,0,차대차 - 측면충돌,안전거리미확보,-,맑음,단일로 - 기타,화물,0,27,상해없음,승용,0,26,경상,20.0,20.0
5362,2021041500100408,17,목요일,서울외곽순환,경기도,경상사고,0,0,1,0,차대차 - 측면충돌,차로위반,-,맑음,단일로 - 기타,승용,1,41,상해없음,승용,0,62,경상,,
5363,2021041500100626,23,목요일,서울외곽순환,경기도,경상사고,0,0,2,0,차대차 - 추돌,안전운전불이행,-,맑음,단일로 - 기타,승용,0,53,상해없음,승용,0,65,경상,50.0,50.0
5364,2021041600100155,10,금요일,서울외곽순환,인천광역시,경상사고,0,0,1,0,차대차 - 측면충돌,기타,-,비,단일로 - 교량,승용,0,68,상해없음,화물,0,49,경상,60.0,60.0
5365,2021041600100250,14,금요일,서울외곽순환,경기도,경상사고,0,0,1,0,차대차 - 추돌,안전운전불이행,-,흐림,단일로 - 기타,승용,0,45,상해없음,승용,0,29,경상,40.0,40.0
5366,2021041600100275,14,금요일,서울외곽순환,경기도,중상사고,0,1,1,0,차대차 - 기타,안전거리미확보,-,맑음,단일로 - 기타,기타불명,2,0,기타불명,승용,0,64,중상,20.0,20.0
5367,2021041700100452,18,토요일,서울외곽순환,경기도,경상사고,0,0,1,0,차대차 - 측면충돌,안전거리미확보,-,맑음,단일로 - 기타,승용,0,53,상해없음,승용,0,23,경상,50.0,50.0
5368,2021041800100020,1,일요일,서울외곽순환,경기도,중상사고,0,1,1,0,차대차 - 측면충돌,중앙선침범,-,맑음,단일로 - 기타,승용,1,25,상해없음,승용,0,60,중상,20.0,20.0
5369,2021041800100255,16,일요일,서울외곽순환,경기도,중상사고,0,1,1,0,차대차 - 추돌,신호위반,-,맑음,단일로 - 터널,승용,0,15,상해없음,승용,1,37,중상,20.0,20.0
5370,2021041800100256,16,일요일,서울외곽순환,경기도,경상사고,0,0,1,2,차대차 - 기타,안전운전불이행,-,맑음,단일로 - 기타,화물,0,50,상해없음,승용,0,46,경상,40.0,40.0
5371,2021041800100285,17,일요일,서울외곽순환,경기도,경상사고,0,0,2,0,차대차 - 측면충돌,안전거리미확보,-,맑음,단일로 - 기타,승용,0,28,상해없음,승용,0,29,경상,20.0,20.0
5372,2021042000100144,9,화요일,서울외곽순환,경기도,중상사고,0,1,0,0,차대차 - 추돌,안전운전불이행,-,맑음,단일로 - 기타,화물,0,61,상해없음,승용,1,54,중상,,
5373,2021042000100309,14,화요일,서울외곽순환,경기도,경상사고,0,0,3,2,차대차 - 추돌,신호위반,-,맑음,단일로 - 기타,승용,0,61,상해없음,승용,1,63,경상,,
5374,2021042100100072,7,수요일,서울외곽순환,경기도,경상사고,0,0,3,0,차대차 - 측면충돌,안전운전불이행,-,맑음,단일로 - 기타,승용,0,24,상해없음,승용,0,34,경상,20.0,20.0