,사고번호,사고일시,요일,도로종류,시군구,사고내용,사망자수,중상자수,경상자수,부상신고자수,사고유형,법규위반,노면상태,기상상태,도로형태,가해운전자 차종,가해운전자 성별,가해운전자 연령,가해운전자 상해정도,피해운전자 차종,피해운전자 성별,피해운전자 연령,피해운전자 상해정도,연령대,가해연령대
5375,2021042100100148,9,수요일,서울외곽순환,서울특별시,경상사고,0,0,3,0,차대차 - 측면충돌,안전거리미확보,-,맑음,단일로 - 기타,화물,0,57,상해없음,승용,1,36,경상,50.0,50.0
5376,2021042100100539,19,수요일,서울외곽순환,경기도,경상사고,0,0,1,0,차대차 - 추돌,안전운전불이행,-,맑음,단일로 - 기타,화물,0,60,상해없음,승용,0,33,경상,50.0,50.0
5377,2021042200100063,7,목요일,서울외곽순환,경기도,경상사고,0,0,1,0,차대차 - 측면충돌,안전거리미확보,-,맑음,단일로 - 기타,승용,0,64,상해없음,화물,0,32,경상,60.0,60.0
5378,2021042200100358,16,목요일,서울외곽순환,경기도,경상사고,0,0,1,0,차대차 - 측면충돌,차로위반,-,맑음,단일로 - 터널,승용,0,60,상해없음,승용,0,31,경상,50.0,50.0
5379,2021042300100417,16,금요일,서울외곽순환,서울특별시,경상사고,0,0,1,0,차대차 - 추돌,안전운전불이행,-,맑음,단일로 - 기타,화물,0,65,상해없음,승용,1,44,경상,60.0,60.0
5380,2021042300100578,20,금요일,서울외곽순환,경기도,경상사고,0,0,3,0,차대차 - 추돌,안전운전불이행,-,맑음,단일로 - 교량,화물,0,55,상해없음,승용,1,27,경상,50.0,50.0
5381,2021042300100631,22,금요일,서울외곽순환,경기도,중상사고,0,1,0,0,차대차 - 추돌,안전운전불이행,-,맑음,단일로 - 교량,승용,0,29,상해없음,승용,0,44,중상,20.0,20.0
5382,2021042400100394,17,토요일,서울외곽순환,경기도,경상사고,0,0,2,0,차대차 - 추돌,안전운전불이행,-,맑음,단일로 - 기타,화물,0,58,상해없음,화물,0,44,경상,50.0,50.0
5383,2021042600100491,18,월요일,서울외곽순환,인천광역시,경상사고,0,0,2,0,차대차 - 기타,안전거리미확보,-,맑음,기타 - 기타,승용,0,29,상해없음,화물,0,56,경상,20.0,20.0
5384,2021042600100514,19,월요일,서울외곽순환,서울특별시,경상사고,0,0,1,0,차대차 - 측면충돌,안전거리미확보,-,맑음,단일로 - 기타,승용,1,58,기타불명,승용,0,27,경상,50.0,50.0
5385,2021042700100153,10,화요일,서울외곽순환,인천광역시,경상사고,0,0,1,0,차대차 - 기타,안전거리미확보,-,맑음,기타 - 기타,승용,0,39,상해없음,승용,0,29,경상,30.0,30.0
5386,2021042700100167,11,화요일,서울외곽순환,서울특별시,중상사고,0,1,4,2,차대차 - 추돌,안전운전불이행,-,맑음,기타 - 기타,승용,1,28,상해없음,승용,0,61,중상,20.0,20.0
5387,2021042700100185,11,화요일,서울외곽순환,서울특별시,경상사고,0,0,2,0,차대차 - 측면충돌,안전운전불이행,-,맑음,단일로 - 기타,화물,0,67,경상,화물,0,60,경상,60.0,60.0
5388,2021042800100205,12,수요일,서울외곽순환,경기도,경상사고,0,0,2,0,차대차 - 추돌,안전운전불이행,-,맑음,단일로 - 기타,승용,0,53,상해없음,화물,0,62,경상,50.0,50.0
5389,2021042800100429,18,수요일,서울외곽순환,경기도,경상사고,0,0,2,0,차대차 - 기타,안전거리미확보,-,맑음,기타 - 기타,화물,0,23,상해없음,승용,0,23,경상,20.0,20.0
5390,2021042900100034,5,목요일,서울외곽순환,경기도,경상사고,0,0,2,0,차대차 - 측면충돌,안전운전불이행,-,맑음,단일로 - 기타,승용,0,56,상해없음,승용,0,32,경상,50.0,50.0
5391,2021042900100047,6,목요일,서울외곽순환,경기도,경상사고,0,0,1,0,차대차 - 측면충돌,안전거리미확보,-,맑음,단일로 - 교량,승용,0,35,상해없음,승합,0,56,경상,30.0,30.0
5392,2021043000100008,0,금요일,서울외곽순환,인천광역시,경상사고,0,0,3,0,차대차 - 추돌,안전운전불이행,-,비,단일로 - 기타,승용,0,37,상해없음,승용,0,27,경상,30.0,30.0
5393,2021043000100288,13,금요일,서울외곽순환,경기도,중상사고,0,1,0,0,차대차 - 정면충돌,신호위반,-,맑음,교차로 - 교차로안,승용,0,63,상해없음,승용,1,43,중상,60.0,60.0
5394,2021043000100659,22,금요일,서울외곽순환,경기도,중상사고,0,1,0,0,차대차 - 추돌,안전운전불이행,-,맑음,단일로 - 기타,화물,0,44,상해없음,승용,0,47,중상,40.0,40.0
5395,2021050100100185,12,토요일,서울외곽순환,경기도,부상신고사고,0,0,0,1,차대차 - 추돌,안전운전불이행,-,맑음,단일로 - 기타,화물,0,41,상해없음,승용,0,39,상해없음,,
5396,2021050100100508,21,토요일,서울외곽순환,인천광역시,경상사고,0,0,2,0,차대차 - 추돌,안전운전불이행,-,비,단일로 - 기타,승용,0,51,상해없음,승용,0,28,경상,,
5397,2021050200100371,18,일요일,서울외곽순환,경기도,중상사고,0,1,0,0,차대차 - 기타,안전거리미확보,-,맑음,기타 - 기타,승용,0,17,상해없음,승용,1,23,중상,20.0,20.0
5398,2021050300100044,6,월요일,서울외곽순환,경기도,경상사고,0,0,2,0,차대차 - 측면충돌,안전운전불이행,-,맑음,단일로 - 기타,승용,1,23,상해없음,승용,0,36,경상,20.0,20.0
5399,2021050300100190,10,월요일,서울외곽순환,경기도,경상사고,0,0,3,0,차대차 - 추돌,안전거리미확보,-,맑음,단일로 - 터널,승용,0,62,경상,승용,0,50,경상,60.0,60.0
5400,2021050400100030,5,화요일,서울외곽순환,경기도,경상사고,0,0,1,0,차대차 - 측면충돌,안전운전불이행,-,맑음,단일로 - 기타,승용,0,61,상해없음,승합,0,49,경상,,
5401,2021050400100423,18,화요일,서울외곽순환,경기도,경상사고,0,0,2,0,차대차 - 추돌,안전운전불이행,-,맑음,단일로 - 터널,승용,0,39,상해없음,승용,0,37,경상,30.0,30.0
5402,2021050400100677,22,화요일,서울외곽순환,경기도,경상사고,0,0,1,0,차대차 - 추돌,안전운전불이행,-,비,단일로 - 기타,승용,0,41,상해없음,승용,1,46,경상,,
5403,2021050400100684,22,화요일,서울외곽순환,경기도,경상사고,0,0,1,0,차대차 - 추돌,안전운전불이행,-,비,단일로 - 터널,승용,0,40,상해없음,승용,0,32,경상,30.0,30.0
5404,2021050500100169,11,수요일,서울외곽순환,경기도,경상사고,0,0,4,0,차대차 - 추돌,안전운전불이행,-,맑음,단일로 - 기타,승용,1,50,상해없음,승용,0,32,경상,40.0,40.0
5405,2021050500100333,15,수요일,서울외곽순환,경기도,중상사고,0,1,0,0,차대차 - 측면충돌,안전거리미확보,-,맑음,단일로 - 교량,승용,1,44,상해없음,승용,0,35,중상,40.0,40.0
5406,2021050500100373,16,수요일,서울외곽순환,인천광역시,경상사고,0,0,1,0,차대차 - 추돌,안전운전불이행,-,맑음,기타 - 기타,승용,0,48,상해없음,승용,1,50,경상,40.0,40.0
5407,2021050600100187,11,목요일,서울외곽순환,인천광역시,중상사고,0,1,0,0,차대차 - 측면충돌,안전거리미확보,-,맑음,단일로 - 교량,승용,0,31,상해없음,특수,0,58,중상,,
5408,2021050600100285,14,목요일,서울외곽순환,인천광역시,경상사고,0,0,2,0,차대차 - 기타,안전거리미확보,-,맑음,기타 - 기타,승용,0,46,상해없음,화물,0,66,경상,40.0,40.0
5409,2021050700100073,8,금요일,서울외곽순환,경기도,경상사고,0,0,2,0,차대차 - 측면충돌,안전거리미확보,-,맑음,기타 - 기타,화물,0,49,상해없음,승용,0,23,경상,40.0,40.0
5410,2021050700100074,8,금요일,서울외곽순환,경기도,중상사고,0,3,0,2,차대차 - 기타,기타,-,흐림,단일로 - 기타,화물,0,67,상해없음,승용,0,31,부상신고,60.0,60.0
5411,2021050700100337,15,금요일,서울외곽순환,경기도,경상사고,0,0,3,0,차대차 - 추돌,안전운전불이행,-,맑음,단일로 - 기타,화물,0,62,상해없음,화물,0,62,경상,60.0,60.0
5412,2021050700100511,19,금요일,서울외곽순환,인천광역시,경상사고,0,0,1,0,차대차 - 기타,안전거리미확보,-,맑음,기타 - 기타,승용,0,28,상해없음,화물,0,49,경상,20.0,20.0
5413,2021050700100612,22,금요일,서울외곽순환,경기도,경상사고,0,0,1,0,차대차 - 측면충돌,안전운전불이행,-,맑음,단일로 - 기타,화물,0,47,상해없음,승용,0,75,경상,40.0,40.0
5414,2021050800100038,3,토요일,서울외곽순환,경기도,경상사고,0,0,2,0,차대차 - 측면충돌,안전거리미확보,-,맑음,단일로 - 교량,승용,0,22,상해없음,화물,0,22,경상,20.0,20.0
5415,2021050800100148,10,토요일,서울외곽순환,경기도,경상사고,0,0,2,0,차대차 - 기타,안전거리미확보,-,맑음,단일로 - 기타,화물,0,60,상해없음,승용,0,51,경상,50.0,50.0
5416,2021050800100333,14,토요일,서울외곽순환,경기도,경상사고,0,0,4,0,차대차 - 추돌,안전운전불이행,-,맑음,단일로 - 기타,승용,0,23,상해없음,승용,0,30,경상,20.0,20.0
5417,2021050800100336,14,토요일,서울외곽순환,경기도,중상사고,0,1,1,0,차대차 - 측면충돌,안전운전불이행,-,맑음,단일로 - 기타,화물,0,51,상해없음,승용,1,37,중상,,
5418,2021050800100418,16,토요일,서울외곽순환,경기도,경상사고,0,0,2,0,차대차 - 측면충돌,안전운전불이행,-,맑음,단일로 - 기타,승용,0,44,상해없음,승용,0,56,경상,40.0,40.0
5419,2021050900100398,18,일요일,서울외곽순환,경기도,경상사고,0,0,2,0,차대차 - 기타,안전운전불이행,-,맑음,단일로 - 교량,승용,0,51,상해없음,승용,0,53,경상,,
5420,2021051100100174,9,화요일,서울외곽순환,경기도,경상사고,0,0,1,0,차대차 - 측면충돌,신호위반,-,맑음,기타 - 기타,승용,0,54,상해없음,승용,0,30,경상,50.0,50.0
5421,2021051100100522,18,화요일,서울외곽순환,경기도,경상사고,0,0,2,0,차대차 - 측면충돌,안전거리미확보,-,맑음,단일로 - 교량,화물,0,75,상해없음,승용,0,39,경상,70.0,70.0
5422,2021051100100629,22,화요일,서울외곽순환,경기도,경상사고,0,0,4,0,차대차 - 측면충돌,안전운전불이행,-,맑음,단일로 - 기타,승용,1,47,상해없음,승용,0,21,경상,40.0,40.0
5423,2021051200100035,6,수요일,서울외곽순환,경기도,중상사고,0,1,0,3,차대차 - 추돌,안전운전불이행,-,맑음,단일로 - 터널,승용,0,54,중상,승용,1,34,부상신고,50.0,50.0
5424,2021051200100473,18,수요일,서울외곽순환,경기도,중상사고,0,1,2,0,차대차 - 추돌,안전운전불이행,-,맑음,단일로 - 기타,화물,0,22,상해없음,승합,0,49,중상,20.0,20.0
5425,2021051300100114,8,목요일,서울외곽순환,경기도,경상사고,0,0,2,0,차대차 - 추돌,안전운전불이행,-,맑음,기타 - 기타,승용,1,33,상해없음,화물,0,32,경상,30.0,30.0
5426,2021051300100634,23,목요일,서울외곽순환,경기도,경상사고,0,0,1,0,차대차 - 측면충돌,안전운전불이행,-,맑음,단일로 - 기타,승용,0,41,상해없음,승용,1,62,경상,,
5427,2021051400100076,7,금요일,서울외곽순환,경기도,경상사고,0,0,1,0,차대차 - 추돌,안전운전불이행,-,흐림,단일로 - 교량,승용,0,38,상해없음,승용,0,52,경상,30.0,30.0
5428,2021051400100297,13,금요일,서울외곽순환,경기도,경상사고,0,0,1,0,차대차 - 측면충돌,안전운전불이행,-,맑음,단일로 - 기타,화물,0,70,상해없음,화물,0,33,경상,60.0,60.0
5429,2021051500100041,4,토요일,서울외곽순환,인천광역시,경상사고,0,0,1,0,차대차 - 측면충돌,안전거리미확보,-,맑음,단일로 - 기타,승용,0,71,상해없음,승용,0,33,경상,70.0,70.0
5430,2021051600100104,10,일요일,서울외곽순환,경기도,경상사고,0,0,1,0,차대차 - 측면충돌,안전운전불이행,-,비,단일로 - 기타,승용,1,41,상해없음,승용,1,43,경상,,
5431,2021051700100475,20,월요일,서울외곽순환,서울특별시,경상사고,0,0,2,0,차대차 - 추돌,안전운전불이행,-,맑음,단일로 - 터널,승용,1,56,경상,승용,1,36,상해없음,50.0,50.0
5432,2021051800100282,14,화요일,서울외곽순환,경기도,경상사고,0,0,2,0,차대차 - 추돌,안전운전불이행,-,맑음,단일로 - 기타,화물,0,74,상해없음,승용,0,61,경상,70.0,70.0
5433,2021051900100128,10,수요일,서울외곽순환,경기도,경상사고,0,0,1,0,차대차 - 추돌,안전운전불이행,-,맑음,단일로 - 기타,화물,0,54,상해없음,승용,1,31,경상,50.0,50.0
5434,2021051900100357,16,수요일,서울외곽순환,인천광역시,경상사고,0,0,1,0,차대차 - 측면충돌,안전운전불이행,-,비,단일로 - 고가도로위,승용,0,30,상해없음,승용,0,33,경상,20.0,20.0
5435,2021052000100161,11,목요일,서울외곽순환,서울특별시,경상사고,0,0,1,0,차대차 - 측면충돌,안전운전불이행,-,맑음,단일로 - 기타,화물,0,61,상해없음,승용,1,51,경상,,
5436,2021052100100028,4,금요일,서울외곽순환,경기도,중상사고,0,1,0,0,차대차 - 추돌,안전운전불이행,-,비,단일로 - 교량,승용,0,32,상해없음,승용,0,50,중상,30.0,30.0
5437,2021052100100113,9,금요일,서울외곽순환,경기도,경상사고,0,0,1,0,차대차 - 기타,안전거리미확보,-,맑음,기타 - 기타,승용,0,38,상해없음,화물,0,30,경상,30.0,30.0
5438,2021052100100182,11,금요일,서울외곽순환,경기도,중상사고,0,1,0,0,차대차 - 기타,기타,-,맑음,단일로 - 기타,승용,1,35,상해없음,승용,0,40,중상,30.0,30.0
5439,2021052200100139,10,토요일,서울외곽순환,인천광역시,경상사고,0,0,1,0,차대차 - 추돌,안전거리미확보,-,맑음,단일로 - 교량,화물,0,66,상해없음,승용,0,60,경상,60.0,60.0
5440,2021052200100362,15,토요일,서울외곽순환,경기도,경상사고,0,0,2,0,차대차 - 측면충돌,안전운전불이행,-,맑음,단일로 - 기타,승용,0,51,상해없음,화물,0,62,경상,,
5441,2021052200100452,17,토요일,서울외곽순환,경기도,경상사고,0,0,4,0,차대차 - 측면충돌,안전운전불이행,-,맑음,단일로 - 기타,화물,0,56,상해없음,승용,1,39,경상,50.0,50.0
5442,2021052300100285,17,일요일,서울외곽순환,경기도,경상사고,0,0,4,0,차대차 - 측면충돌,안전운전불이행,-,맑음,단일로 - 기타,특수,0,56,상해없음,승용,0,38,경상,50.0,50.0
5443,2021052300100410,22,일요일,서울외곽순환,경기도,경상사고,0,0,1,0,차대차 - 측면충돌,안전거리미확보,-,맑음,단일로 - 기타,승용,0,49,상해없음,승용,0,62,경상,40.0,40.0
5444,2021052400100460,18,월요일,서울외곽순환,경기도,경상사고,0,0,1,0,차대차 - 기타,안전운전불이행,-,맑음,단일로 - 기타,승용,0,40,상해없음,승용,0,35,경상,30.0,30.0
5445,2021052500100161,10,화요일,서울외곽순환,경기도,경상사고,0,0,1,0,차대차 - 측면충돌,안전운전불이행,-,맑음,기타 - 기타,화물,0,25,상해없음,승용,0,58,경상,20.0,20.0
5446,2021052500100178,10,화요일,서울외곽순환,인천광역시,중상사고,0,2,1,0,차대차 - 측면충돌,안전거리미확보,-,맑음,단일로 - 기타,승용,1,47,상해없음,승용,0,20,경상,40.0,40.0
5447,2021052600100141,9,수요일,서울외곽순환,경기도,경상사고,0,0,1,0,차대차 - 기타,신호위반,-,맑음,단일로 - 기타,승용,1,55,상해없음,화물,0,56,경상,50.0,50.0
5448,2021052600100339,16,수요일,서울외곽순환,인천광역시,경상사고,0,0,1,0,차대차 - 추돌,안전운전불이행,-,맑음,단일로 - 터널,승용,0,20,상해없음,승용,0,39,경상,20.0,20.0
5449,2021052600100349,16,수요일,서울외곽순환,경기도,경상사고,0,0,1,1,차대차 - 추돌,안전거리미확보,-,맑음,단일로 - 터널,승용,0,33,상해없음,승용,1,53,경상,30.0,30.0
5450,2021052600100567,23,수요일,서울외곽순환,경기도,경상사고,0,0,2,0,차대차 - 기타,안전운전불이행,-,맑음,기타 - 기타,승용,0,38,상해없음,승용,0,61,경상,30.0,30.0
5451,2021052700100143,9,목요일,서울외곽순환,경기도,경상사고,0,0,1,0,차대차 - 측면충돌,안전운전불이행,-,맑음,단일로 - 기타,승용,1,51,상해없음,건설기계,0,53,경상,,
5452,2021052800100146,9,금요일,서울외곽순환,인천광역시,경상사고,0,0,1,0,차대차 - 측면충돌,안전운전불이행,-,맑음,단일로 - 기타,특수,0,41,상해없음,승용,0,25,경상,,
5453,2021052800100151,9,금요일,서울외곽순환,경기도,경상사고,0,0,1,0,차대차 - 기타,안전거리미확보,-,비,단일로 - 기타,승용,0,47,상해없음,화물,0,37,경상,40.0,40.0
5454,2021052800100350,15,금요일,서울외곽순환,서울특별시,경상사고,0,0,4,0,차대차 - 측면충돌,안전거리미확보,-,맑음,단일로 - 기타,승용,1,60,상해없음,승용,1,60,경상,50.0,50.0
5455,2021052900100024,2,토요일,서울외곽순환,인천광역시,경상사고,0,0,2,0,차대차 - 기타,안전운전불이행,-,맑음,단일로 - 기타,승용,0,46,경상,승용,0,56,상해없음,40.0,40.0
5456,2021052900100043,4,토요일,서울외곽순환,경기도,경상사고,0,0,2,0,차대차 - 추돌,안전운전불이행,-,맑음,단일로 - 기타,승용,0,35,상해없음,승용,0,41,경상,30.0,30.0
5457,2021052900100183,11,토요일,서울외곽순환,경기도,경상사고,0,0,3,0,차대차 - 측면충돌,차로위반,-,맑음,단일로 - 기타,승용,0,47,상해없음,승용,0,20,경상,40.0,40.0
5458,2021053100100436,18,월요일,서울외곽순환,경기도,경상사고,0,0,1,0,차대차 - 측면충돌,안전운전불이행,-,맑음,단일로 - 기타,화물,0,49,상해없음,승용,0,54,경상,40.0,40.0
5459,2021060200100082,8,수요일,서울외곽순환,경기도,경상사고,0,0,3,0,차대차 - 기타,안전거리미확보,-,맑음,단일로 - 기타,승합,0,47,상해없음,승용,0,49,경상,40.0,40.0
5460,2021060200100525,19,수요일,서울외곽순환,경기도,경상사고,0,0,1,0,차대차 - 후진중충돌,안전운전불이행,-,맑음,단일로 - 기타,화물,0,65,상해없음,승용,0,50,경상,60.0,60.0
5461,2021060300100014,1,목요일,서울외곽순환,서울특별시,경상사고,0,0,1,0,차대차 - 기타,안전운전불이행,-,맑음,기타 - 기타,화물,0,59,상해없음,화물,0,45,경상,50.0,50.0
5462,2021060300100255,13,목요일,서울외곽순환,인천광역시,경상사고,0,0,2,0,차대차 - 추돌,안전운전불이행,-,흐림,단일로 - 기타,화물,0,60,경상,승용,0,32,경상,50.0,50.0
5463,2021060300100361,17,목요일,서울외곽순환,경기도,경상사고,0,0,1,0,차대차 - 추돌,안전운전불이행,-,비,단일로 - 기타,승용,0,56,상해없음,승용,0,55,경상,50.0,50.0
5464,2021060300100625,22,목요일,서울외곽순환,경기도,경상사고,0,0,1,0,차대차 - 측면충돌,안전운전불이행,-,비,단일로 - 기타,승용,0,27,상해없음,승용,0,65,경상,20.0,20.0
5465,2021060400100076,7,금요일,서울외곽순환,경기도,경상사고,0,0,1,0,차대차 - 추돌,안전운전불이행,-,맑음,단일로 - 기타,승용,0,40,상해없음,승용,0,28,경상,30.0,30.0
5466,2021060400100174,10,금요일,서울외곽순환,경기도,경상사고,0,0,1,0,차대차 - 측면충돌,안전운전불이행,-,맑음,단일로 - 기타,화물,0,52,상해없음,승용,0,28,경상,50.0,50.0
5467,2021060500100053,5,토요일,서울외곽순환,인천광역시,경상사고,0,0,1,0,차대차 - 측면충돌,안전거리미확보,-,맑음,단일로 - 기타,승용,0,28,상해없음,승용,0,27,경상,20.0,20.0
5468,2021060600100002,0,일요일,서울외곽순환,경기도,경상사고,0,0,1,0,차량단독 - 공작물충돌,안전운전불이행,-,맑음,단일로 - 기타,승용,0,19,상해없음,기타불명,2,0,기타불명,20.0,20.0
5469,2021060600100242,15,일요일,서울외곽순환,경기도,경상사고,0,0,1,0,차대차 - 추돌,안전거리미확보,-,맑음,단일로 - 기타,승용,0,26,상해없음,승용,0,50,경상,20.0,20.0
5470,2021060700100596,22,월요일,서울외곽순환,경기도,경상사고,0,0,2,0,차대차 - 측면충돌,안전거리미확보,-,맑음,단일로 - 기타,승용,1,52,상해없음,승용,0,56,경상,50.0,50.0
5471,2021060800100099,8,화요일,서울외곽순환,경기도,경상사고,0,0,1,0,차대차 - 측면충돌,안전운전불이행,-,맑음,단일로 - 기타,승용,0,40,상해없음,화물,0,54,경상,30.0,30.0
5472,2021060800100427,17,화요일,서울외곽순환,경기도,경상사고,0,0,1,0,차대차 - 측면충돌,안전운전불이행,-,맑음,단일로 - 기타,특수,0,57,상해없음,승용,1,53,경상,50.0,50.0
5473,2021060900100134,9,수요일,서울외곽순환,경기도,중상사고,0,1,0,0,차대차 - 기타,안전운전불이행,-,맑음,기타 - 기타,승용,1,31,상해없음,승용,0,37,중상,,
5474,2021060900100188,11,수요일,서울외곽순환,경기도,경상사고,0,0,1,0,차대차 - 측면충돌,안전운전불이행,-,맑음,단일로 - 교량,승용,1,50,상해없음,승용,1,33,경상,40.0,40.0
5475,2021060900100383,16,수요일,서울외곽순환,경기도,경상사고,0,0,1,0,차대차 - 측면충돌,안전운전불이행,-,맑음,단일로 - 기타,화물,0,63,상해없음,승용,0,47,경상,60.0,60.0
5476,2021060900100471,18,수요일,서울외곽순환,경기도,경상사고,0,0,1,0,차대차 - 측면충돌,안전거리미확보,-,맑음,단일로 - 기타,승용,0,32,상해없음,승용,0,55,경상,30.0,30.0
5477,2021060900100565,20,수요일,서울외곽순환,인천광역시,경상사고,0,0,1,0,차대차 - 추돌,안전운전불이행,-,맑음,단일로 - 교량,승용,0,59,상해없음,승용,0,46,경상,50.0,50.0
5478,2021061000100503,18,목요일,서울외곽순환,경기도,경상사고,0,0,1,0,차대차 - 측면충돌,차로위반,-,맑음,단일로 - 기타,승용,0,22,상해없음,승용,0,35,경상,20.0,20.0
5479,2021061000100613,22,목요일,서울외곽순환,경기도,부상신고사고,0,0,0,1,차량단독 - 공작물충돌,안전운전불이행,-,비,단일로 - 기타,승용,0,37,부상신고,기타불명,2,0,기타불명,30.0,30.0
5480,2021061100100032,3,금요일,서울외곽순환,경기도,경상사고,0,0,1,0,차대차 - 기타,안전운전불이행,-,비,단일로 - 기타,승용,1,55,경상,기타불명,2,0,기타불명,50.0,50.0
5481,2021061100100059,6,금요일,서울외곽순환,경기도,경상사고,0,0,2,0,차대차 - 측면충돌,안전거리미확보,-,비,단일로 - 기타,승용,0,56,상해없음,승용,0,61,경상,50.0,50.0
5482,2021061100100206,11,금요일,서울외곽순환,경기도,경상사고,0,0,1,0,차대차 - 측면충돌,안전운전불이행,-,맑음,단일로 - 기타,승용,0,25,상해없음,화물,0,29,경상,20.0,20.0
5483,2021061200100129,9,토요일,서울외곽순환,경기도,경상사고,0,0,2,0,차대차 - 측면충돌,안전운전불이행,-,맑음,단일로 - 기타,승용,1,53,상해없음,승용,0,57,경상,50.0,50.0
5484,2021061200100199,11,토요일,서울외곽순환,경기도,경상사고,0,0,2,0,차대차 - 측면충돌,안전운전불이행,-,맑음,기타 - 기타,승용,1,47,상해없음,승용,0,59,경상,40.0,40.0
5485,2021061200100623,23,토요일,서울외곽순환,인천광역시,경상사고,0,0,4,0,차대차 - 추돌,안전운전불이행,-,맑음,기타 - 기타,승용,0,48,상해없음,승용,0,28,경상,40.0,40.0
5486,2021061300100004,0,일요일,서울외곽순환,경기도,중상사고,0,1,1,0,차대차 - 기타,기타,-,맑음,단일로 - 기타,이륜,0,32,중상,승용,1,42,경상,30.0,30.0
5487,2021061300100043,6,일요일,서울외곽순환,경기도,경상사고,0,0,1,0,차대차 - 측면충돌,안전운전불이행,-,맑음,단일로 - 기타,승용,0,29,상해없음,화물,0,32,경상,20.0,20.0
5488,2021061400100110,8,월요일,서울외곽순환,인천광역시,경상사고,0,0,1,0,차대차 - 측면충돌,안전거리미확보,-,맑음,단일로 - 기타,화물,0,59,상해없음,승용,1,50,경상,50.0,50.0
5489,2021061400100291,13,월요일,서울외곽순환,경기도,경상사고,0,0,1,0,차대차 - 측면충돌,안전운전불이행,-,맑음,단일로 - 기타,건설기계,0,62,상해없음,승용,0,47,경상,60.0,60.0
5490,2021061400100454,17,월요일,서울외곽순환,경기도,경상사고,0,0,1,0,차대차 - 기타,안전거리미확보,-,맑음,단일로 - 기타,승용,0,60,상해없음,승용,1,23,경상,50.0,50.0
5491,2021061500100023,3,화요일,서울외곽순환,경기도,경상사고,0,0,1,0,차량단독 - 공작물충돌,안전운전불이행,-,비,단일로 - 기타,승용,0,27,상해없음,기타불명,2,0,기타불명,20.0,20.0
5492,2021061500100041,6,화요일,서울외곽순환,경기도,경상사고,0,0,1,0,차대차 - 측면충돌,안전거리미확보,-,흐림,단일로 - 기타,화물,0,64,상해없음,화물,0,47,경상,60.0,60.0
5493,2021061500100419,17,화요일,서울외곽순환,서울특별시,경상사고,0,0,1,0,차대차 - 측면충돌,안전거리미확보,-,맑음,단일로 - 기타,승용,0,70,상해없음,승용,1,50,경상,60.0,60.0
5494,2021061500100581,22,화요일,서울외곽순환,경기도,경상사고,0,0,1,0,차대차 - 측면충돌,안전운전불이행,-,맑음,단일로 - 기타,승용,1,44,상해없음,승용,0,35,경상,40.0,40.0
5495,2021061600100177,10,수요일,서울외곽순환,경기도,경상사고,0,0,1,0,차대차 - 측면충돌,안전거리미확보,-,맑음,단일로 - 기타,승용,1,44,상해없음,화물,0,44,경상,40.0,40.0
5496,2021061600100395,16,수요일,서울외곽순환,경기도,경상사고,0,0,1,0,차대차 - 측면충돌,안전운전불이행,-,맑음,단일로 - 기타,승용,1,37,상해없음,승용,0,29,경상,30.0,30.0
5497,2021061600100441,17,수요일,서울외곽순환,경기도,경상사고,0,0,3,0,차대차 - 측면충돌,안전거리미확보,-,맑음,단일로 - 기타,승용,1,40,상해없음,화물,0,65,경상,30.0,30.0
5498,2021061700100041,6,목요일,서울외곽순환,경기도,중상사고,0,3,8,0,차대차 - 추돌,안전운전불이행,-,맑음,단일로 - 기타,승합,0,28,중상,승용,0,40,경상,20.0,20.0
5499,2021061700100476,19,목요일,서울외곽순환,경기도,경상사고,0,0,2,0,차대차 - 측면충돌,안전거리미확보,-,맑음,단일로 - 기타,승용,1,53,상해없음,승용,1,34,경상,50.0,50.0
5500,2021061700100527,21,목요일,서울외곽순환,경기도,경상사고,0,0,1,0,차대차 - 측면충돌,안전거리미확보,-,맑음,단일로 - 기타,승용,1,57,상해없음,승용,1,51,경상,50.0,50.0
5501,2021061800100071,8,금요일,서울외곽순환,경기도,중상사고,0,1,1,0,차대차 - 측면충돌,차로위반,-,맑음,기타 - 기타,승용,1,51,상해없음,승용,0,28,중상,,
5502,2021061800100213,12,금요일,서울외곽순환,경기도,경상사고,0,0,1,0,차대차 - 기타,안전운전불이행,-,맑음,단일로 - 기타,화물,0,70,상해없음,승용,1,36,경상,60.0,60.0
5503,2021061800100246,13,금요일,서울외곽순환,경기도,경상사고,0,0,1,0,차대차 - 측면충돌,안전운전불이행,-,맑음,단일로 - 기타,화물,0,58,상해없음,승용,0,54,경상,50.0,50.0
5504,2021061800100568,22,금요일,서울외곽순환,경기도,경상사고,0,0,1,0,차대차 - 기타,기타,-,비,단일로 - 기타,화물,0,56,상해없음,승용,0,43,경상,50.0,50.0
5505,2021061900100171,10,토요일,서울외곽순환,경기도,경상사고,0,0,1,0,차대차 - 측면충돌,안전운전불이행,-,맑음,단일로 - 기타,승용,0,68,상해없음,승용,0,55,경상,60.0,60.0
5506,2021061900100297,13,토요일,서울외곽순환,경기도,경상사고,0,0,1,0,차대차 - 측면충돌,안전운전불이행,-,맑음,단일로 - 기타,승용,0,60,상해없음,건설기계,0,54,경상,50.0,50.0
5507,2021061900100641,23,토요일,서울외곽순환,경기도,경상사고,0,0,1,0,차대차 - 측면충돌,신호위반,-,맑음,기타 - 기타,승용,0,21,상해없음,승용,0,29,경상,20.0,20.0