,사고번호,사고일시,요일,도로종류,시군구,사고내용,사망자수,중상자수,경상자수,부상신고자수,사고유형,법규위반,노면상태,기상상태,도로형태,가해운전자 차종,가해운전자 성별,가해운전자 연령,가해운전자 상해정도,피해운전자 차종,피해운전자 성별,피해운전자 연령,피해운전자 상해정도,연령대,가해연령대
5508,2021062000100165,12,일요일,서울외곽순환,서울특별시,경상사고,0,0,3,0,차대차 - 기타,안전거리미확보,-,맑음,단일로 - 기타,승용,0,26,상해없음,승용,0,22,상해없음,20.0,20.0
5509,2021062200100050,7,화요일,서울외곽순환,경기도,경상사고,0,0,1,0,차대차 - 측면충돌,안전거리미확보,-,맑음,단일로 - 기타,화물,0,54,상해없음,승용,0,36,경상,50.0,50.0
5510,2021062200100068,7,화요일,서울외곽순환,경기도,중상사고,0,1,3,0,차대차 - 추돌,안전운전불이행,-,맑음,단일로 - 기타,특수,0,46,상해없음,승용,1,43,경상,40.0,40.0
5511,2021062200100361,15,화요일,서울외곽순환,경기도,경상사고,0,0,1,0,차대차 - 측면충돌,안전운전불이행,-,맑음,단일로 - 기타,승용,0,41,상해없음,승용,0,27,경상,,
5512,2021062300100034,4,수요일,서울외곽순환,경기도,중상사고,0,1,0,0,차대사람 - 기타,안전운전불이행,-,맑음,단일로 - 기타,승용,0,33,상해없음,보행자,1,40,중상,30.0,30.0
5513,2021062300100114,9,수요일,서울외곽순환,인천광역시,경상사고,0,0,1,0,차대차 - 측면충돌,안전거리미확보,-,맑음,단일로 - 기타,화물,0,70,상해없음,승용,1,57,경상,60.0,60.0
5514,2021062300100494,21,수요일,서울외곽순환,경기도,경상사고,0,0,3,1,차대차 - 측면충돌,신호위반,-,맑음,기타 - 기타,기타불명,2,0,기타불명,승용,0,63,경상,20.0,20.0
5515,2021062300100542,22,수요일,서울외곽순환,경기도,경상사고,0,0,2,0,차대차 - 추돌,과속,-,맑음,단일로 - 교량,승용,0,32,경상,승용,0,33,경상,30.0,30.0
5516,2021062400100411,16,목요일,서울외곽순환,경기도,사망사고,1,0,3,0,차대차 - 추돌,안전운전불이행,-,맑음,단일로 - 기타,화물,0,78,사망,화물,0,39,경상,70.0,70.0
5517,2021062400100414,16,목요일,서울외곽순환,경기도,경상사고,0,0,2,0,차대차 - 측면충돌,안전운전불이행,-,비,단일로 - 기타,건설기계,0,78,상해없음,승용,0,46,경상,70.0,70.0
5518,2021062400100661,23,목요일,서울외곽순환,경기도,경상사고,0,0,2,1,차대차 - 추돌,안전운전불이행,-,맑음,단일로 - 기타,승용,0,59,상해없음,승용,1,65,경상,50.0,50.0
5519,2021062500100376,15,금요일,서울외곽순환,경기도,경상사고,0,0,1,0,차대차 - 추돌,안전운전불이행,-,맑음,단일로 - 터널,승용,0,58,상해없음,승용,0,29,경상,50.0,50.0
5520,2021062500100382,15,금요일,서울외곽순환,경기도,경상사고,0,0,1,0,차대차 - 후진중충돌,안전운전불이행,-,맑음,단일로 - 기타,화물,0,67,상해없음,승용,0,30,경상,60.0,60.0
5521,2021062500100586,19,금요일,서울외곽순환,서울특별시,경상사고,0,0,3,0,차대차 - 측면충돌,안전운전불이행,-,맑음,단일로 - 터널,승용,0,39,상해없음,승용,1,28,경상,30.0,30.0
5522,2021062500100615,20,금요일,서울외곽순환,경기도,중상사고,0,1,0,0,차대차 - 측면충돌,안전거리미확보,-,맑음,단일로 - 기타,기타불명,2,0,기타불명,승용,0,64,중상,20.0,20.0
5523,2021062600100065,4,토요일,서울외곽순환,경기도,사망사고,1,0,0,0,차량단독 - 공작물충돌,과속,-,비,단일로 - 기타,승용,0,45,상해없음,기타불명,2,0,기타불명,40.0,40.0
5524,2021062600100077,6,토요일,서울외곽순환,경기도,중상사고,0,1,1,0,차대차 - 기타,안전운전불이행,-,비,단일로 - 기타,화물,0,36,중상,승합,0,70,상해없음,30.0,30.0
5525,2021062600100292,13,토요일,서울외곽순환,서울특별시,경상사고,0,0,3,0,차대차 - 추돌,안전운전불이행,-,맑음,단일로 - 기타,승용,0,29,상해없음,승용,0,22,경상,20.0,20.0
5526,2021062600100373,16,토요일,서울외곽순환,서울특별시,경상사고,0,0,1,0,차대차 - 추돌,안전운전불이행,-,맑음,단일로 - 기타,승용,0,49,상해없음,승용,0,54,경상,40.0,40.0
5527,2021062600100469,18,토요일,서울외곽순환,인천광역시,경상사고,0,0,2,0,차대차 - 기타,안전거리미확보,-,맑음,단일로 - 기타,승용,0,46,상해없음,승용,0,25,경상,40.0,40.0
5528,2021062600100607,22,토요일,서울외곽순환,경기도,경상사고,0,0,3,0,차대차 - 기타,안전운전불이행,-,맑음,단일로 - 기타,승용,0,46,상해없음,승용,0,42,경상,40.0,40.0
5529,2021062700100028,1,일요일,서울외곽순환,경기도,경상사고,0,0,1,0,차대차 - 추돌,안전운전불이행,-,맑음,단일로 - 기타,승용,0,29,상해없음,승용,1,60,경상,20.0,20.0
5530,2021062700100140,10,일요일,서울외곽순환,서울특별시,경상사고,0,0,6,0,차대차 - 추돌,안전운전불이행,-,맑음,단일로 - 기타,승합,0,47,상해없음,승용,1,37,경상,40.0,40.0
5531,2021062700100430,20,일요일,서울외곽순환,경기도,경상사고,0,0,1,0,차대차 - 추돌,안전운전불이행,-,맑음,단일로 - 기타,화물,0,53,상해없음,승용,1,33,경상,50.0,50.0
5532,2021062800100224,11,월요일,서울외곽순환,경기도,경상사고,0,0,5,0,차대차 - 추돌,안전거리미확보,-,비,단일로 - 교량,승용,1,40,경상,화물,0,60,경상,30.0,30.0
5533,2021062900100035,6,화요일,서울외곽순환,서울특별시,중상사고,0,1,1,0,차대차 - 측면충돌,신호위반,-,맑음,단일로 - 기타,건설기계,0,54,상해없음,화물,0,58,중상,50.0,50.0
5534,2021062900100633,22,화요일,서울외곽순환,경기도,경상사고,0,0,1,0,차대차 - 측면충돌,안전운전불이행,-,맑음,단일로 - 기타,승용,0,50,상해없음,승용,1,37,경상,40.0,40.0
5535,2021063000100059,7,수요일,서울외곽순환,서울특별시,중상사고,0,1,0,0,차대차 - 추돌,안전운전불이행,-,맑음,단일로 - 기타,승용,0,44,상해없음,승용,0,43,중상,40.0,40.0
5536,2021063000100071,7,수요일,서울외곽순환,경기도,경상사고,0,0,1,0,차대차 - 측면충돌,안전거리미확보,-,맑음,단일로 - 기타,화물,0,64,상해없음,승용,0,39,경상,60.0,60.0
5537,2021070100100127,9,목요일,서울외곽순환,경기도,경상사고,0,0,1,0,차대차 - 측면충돌,안전거리미확보,-,맑음,단일로 - 기타,화물,0,51,상해없음,승용,1,57,경상,,
5538,2021070100100179,10,목요일,서울외곽순환,경기도,중상사고,0,2,1,0,차대차 - 추돌,안전운전불이행,-,맑음,단일로 - 기타,화물,0,67,상해없음,승용,0,40,중상,60.0,60.0
5539,2021070100100217,11,목요일,서울외곽순환,경기도,중상사고,0,1,2,0,차대차 - 추돌,안전거리미확보,-,맑음,단일로 - 기타,화물,0,54,상해없음,화물,0,45,중상,50.0,50.0
5540,2021070100100503,18,목요일,서울외곽순환,경기도,경상사고,0,0,2,0,차대차 - 기타,안전거리미확보,-,맑음,단일로 - 기타,화물,0,50,상해없음,승용,0,30,경상,40.0,40.0
5541,2021070200100031,3,금요일,서울외곽순환,경기도,경상사고,0,0,1,0,차대차 - 측면충돌,차로위반,-,맑음,단일로 - 기타,승용,0,40,상해없음,승용,1,24,경상,30.0,30.0
5542,2021070200100208,11,금요일,서울외곽순환,인천광역시,경상사고,0,0,1,0,차대차 - 추돌,안전운전불이행,-,맑음,단일로 - 기타,화물,0,38,상해없음,승용,0,54,경상,30.0,30.0
5543,2021070200100559,19,금요일,서울외곽순환,경기도,경상사고,0,0,4,8,차대차 - 추돌,안전거리미확보,-,맑음,단일로 - 기타,승용,0,55,상해없음,승용,0,30,경상,50.0,50.0
5544,2021070300100024,2,토요일,서울외곽순환,경기도,경상사고,0,0,1,0,차대차 - 기타,안전거리미확보,-,맑음,단일로 - 터널,기타불명,2,0,기타불명,승용,1,49,경상,20.0,20.0
5545,2021070400100086,7,일요일,서울외곽순환,경기도,경상사고,0,0,2,0,차대차 - 추돌,안전운전불이행,-,비,단일로 - 기타,승용,1,38,상해없음,승합,0,49,상해없음,30.0,30.0
5546,2021070400100230,14,일요일,서울외곽순환,경기도,중상사고,0,1,0,0,차대차 - 기타,안전거리미확보,-,맑음,단일로 - 기타,승용,0,26,상해없음,승용,0,57,중상,20.0,20.0
5547,2021070400100293,16,일요일,서울외곽순환,경기도,경상사고,0,0,2,0,차대차 - 측면충돌,안전거리미확보,-,비,단일로 - 기타,화물,0,55,상해없음,승용,0,23,경상,50.0,50.0
5548,2021070400100380,19,일요일,서울외곽순환,인천광역시,경상사고,0,0,2,0,차대차 - 추돌,안전거리미확보,-,맑음,단일로 - 교량,화물,0,63,상해없음,승용,0,23,경상,60.0,60.0
5549,2021070500100046,6,월요일,서울외곽순환,경기도,경상사고,0,0,2,0,차대차 - 추돌,안전운전불이행,-,흐림,단일로 - 기타,승용,1,34,상해없음,승합,0,44,경상,30.0,30.0
5550,2021070500100148,9,월요일,서울외곽순환,경기도,경상사고,0,0,1,0,차대차 - 측면충돌,안전운전불이행,-,맑음,단일로 - 기타,승용,0,65,상해없음,승용,1,29,경상,60.0,60.0
5551,2021070700100108,8,수요일,서울외곽순환,경기도,경상사고,0,0,1,0,차대차 - 측면충돌,안전운전불이행,-,맑음,단일로 - 교량,화물,0,63,상해없음,승용,0,50,경상,60.0,60.0
5552,2021070700100517,19,수요일,서울외곽순환,경기도,중상사고,0,1,2,0,차대차 - 기타,안전운전불이행,-,맑음,단일로 - 기타,승용,1,31,중상,승합,0,37,경상,,
5553,2021070700100652,23,수요일,서울외곽순환,경기도,중상사고,0,1,1,0,차대차 - 추돌,안전거리미확보,-,비,단일로 - 기타,승용,0,30,상해없음,화물,0,45,중상,20.0,20.0
5554,2021070800100115,8,목요일,서울외곽순환,경기도,경상사고,0,0,2,0,차대차 - 측면충돌,안전운전불이행,-,맑음,단일로 - 기타,승용,0,63,상해없음,화물,0,42,경상,60.0,60.0
5555,2021070800100206,11,목요일,서울외곽순환,경기도,경상사고,0,0,1,0,차대차 - 기타,안전거리미확보,-,맑음,기타 - 기타,화물,0,50,상해없음,승용,1,48,경상,40.0,40.0
5556,2021070800100393,16,목요일,서울외곽순환,서울특별시,경상사고,0,0,1,0,차대차 - 추돌,안전거리미확보,-,맑음,단일로 - 기타,승용,1,29,상해없음,승용,0,34,경상,20.0,20.0
5557,2021070900100188,11,금요일,서울외곽순환,인천광역시,경상사고,0,0,2,0,차대차 - 측면충돌,안전운전불이행,-,맑음,단일로 - 기타,승용,0,30,상해없음,승용,0,67,경상,20.0,20.0
5558,2021070900100581,21,금요일,서울외곽순환,경기도,경상사고,0,0,1,0,차대차 - 측면충돌,안전거리미확보,-,맑음,단일로 - 교량,화물,0,47,상해없음,승용,1,63,경상,40.0,40.0
5559,2021071100100332,19,일요일,서울외곽순환,경기도,경상사고,0,0,1,0,차대차 - 측면충돌,안전운전불이행,-,맑음,단일로 - 기타,화물,0,43,상해없음,승용,0,72,경상,40.0,40.0
5560,2021071300100132,8,화요일,서울외곽순환,경기도,경상사고,0,0,1,0,차대차 - 측면충돌,신호위반,-,맑음,단일로 - 기타,승용,0,29,상해없음,승용,0,40,경상,20.0,20.0
5561,2021071300100445,17,화요일,서울외곽순환,경기도,경상사고,0,0,1,0,차대차 - 측면충돌,안전거리미확보,-,맑음,단일로 - 기타,승용,0,60,상해없음,화물,0,77,경상,50.0,50.0
5562,2021071400100037,4,수요일,서울외곽순환,경기도,경상사고,0,0,6,0,차대차 - 기타,안전운전불이행,-,맑음,기타 - 기타,승용,0,19,상해없음,화물,1,44,경상,20.0,20.0
5563,2021071400100282,14,수요일,서울외곽순환,경기도,경상사고,0,0,1,0,차대차 - 기타,기타,-,맑음,단일로 - 기타,화물,0,34,상해없음,승용,0,54,경상,30.0,30.0
5564,2021071400100510,19,수요일,서울외곽순환,경기도,경상사고,0,0,1,0,차대차 - 측면충돌,안전운전불이행,-,맑음,단일로 - 기타,승용,0,26,상해없음,승용,1,45,경상,20.0,20.0
5565,2021071500100263,13,목요일,서울외곽순환,경기도,경상사고,0,0,2,0,차대차 - 측면충돌,안전거리미확보,-,맑음,단일로 - 기타,승용,1,59,상해없음,승용,1,55,경상,50.0,50.0
5566,2021071500100329,14,목요일,서울외곽순환,서울특별시,경상사고,0,0,2,0,차대차 - 추돌,안전운전불이행,-,맑음,단일로 - 기타,승용,0,61,경상,승용,0,28,상해없음,,
5567,2021071500100464,18,목요일,서울외곽순환,경기도,경상사고,0,0,2,0,차대차 - 추돌,안전운전불이행,-,비,단일로 - 기타,승용,0,52,상해없음,승용,0,41,경상,50.0,50.0
5568,2021071500100544,20,목요일,서울외곽순환,경기도,경상사고,0,0,1,0,차대차 - 측면충돌,안전거리미확보,-,맑음,단일로 - 기타,승용,0,26,상해없음,화물,0,68,경상,20.0,20.0
5569,2021071600100267,13,금요일,서울외곽순환,경기도,중상사고,0,1,0,0,차대차 - 추돌,안전운전불이행,-,맑음,단일로 - 기타,화물,0,48,상해없음,승용,1,58,중상,40.0,40.0
5570,2021071600100534,19,금요일,서울외곽순환,경기도,경상사고,0,0,1,0,차대차 - 기타,안전운전불이행,-,맑음,단일로 - 기타,화물,0,58,상해없음,승용,0,66,경상,50.0,50.0
5571,2021071600100631,21,금요일,서울외곽순환,인천광역시,경상사고,0,0,1,0,차대차 - 추돌,안전거리미확보,-,맑음,단일로 - 기타,특수,0,50,상해없음,승용,1,51,경상,40.0,40.0
5572,2021072000100291,14,화요일,서울외곽순환,경기도,경상사고,0,0,2,0,차대차 - 기타,안전거리미확보,-,맑음,단일로 - 기타,승용,0,25,경상,화물,0,54,경상,20.0,20.0
5573,2021072000100523,21,화요일,서울외곽순환,경기도,경상사고,0,0,1,0,차대차 - 추돌,안전거리미확보,-,맑음,단일로 - 기타,화물,0,59,상해없음,승용,0,30,경상,50.0,50.0
5574,2021072100100030,4,수요일,서울외곽순환,경기도,경상사고,0,0,2,0,차대차 - 측면충돌,안전거리미확보,-,맑음,단일로 - 기타,승용,0,44,상해없음,승용,0,48,경상,40.0,40.0
5575,2021072100100169,10,수요일,서울외곽순환,서울특별시,경상사고,0,0,2,0,차대차 - 추돌,안전운전불이행,-,맑음,단일로 - 기타,승용,0,55,상해없음,승용,0,32,경상,50.0,50.0
5576,2021072200100645,23,목요일,서울외곽순환,경기도,경상사고,0,0,1,0,차대차 - 기타,안전운전불이행,-,맑음,기타 - 기타,승용,0,34,기타불명,승용,1,25,경상,30.0,30.0
5577,2021072300100049,6,금요일,서울외곽순환,경기도,경상사고,0,0,1,0,차대차 - 추돌,안전운전불이행,-,맑음,단일로 - 교량,승용,0,41,상해없음,화물,0,43,경상,,
5578,2021072300100087,8,금요일,서울외곽순환,경기도,경상사고,0,0,1,0,차대차 - 후진중충돌,안전거리미확보,-,맑음,기타 - 기타,승용,0,29,상해없음,특수,0,52,경상,20.0,20.0
5579,2021072300100112,9,금요일,서울외곽순환,서울특별시,경상사고,0,0,1,0,차대차 - 측면충돌,안전운전불이행,-,맑음,단일로 - 기타,승용,0,35,상해없음,승용,0,40,경상,30.0,30.0
5580,2021072300100560,19,금요일,서울외곽순환,경기도,경상사고,0,0,2,0,차대차 - 정면충돌,안전거리미확보,-,맑음,단일로 - 기타,승용,1,50,상해없음,승용,0,61,상해없음,40.0,40.0
5581,2021072500100345,18,일요일,서울외곽순환,인천광역시,경상사고,0,0,1,0,차대차 - 추돌,안전운전불이행,-,맑음,단일로 - 고가도로위,승용,0,65,상해없음,승용,1,40,경상,60.0,60.0
5582,2021072600100180,10,월요일,서울외곽순환,인천광역시,경상사고,0,0,2,0,차대차 - 측면충돌,안전거리미확보,-,맑음,단일로 - 교량,승용,0,47,경상,승용,0,36,경상,40.0,40.0
5583,2021072600100457,17,월요일,서울외곽순환,경기도,경상사고,0,0,2,0,차대차 - 기타,안전거리미확보,-,맑음,기타 - 기타,승용,0,64,상해없음,승용,0,47,경상,60.0,60.0
5584,2021072600100515,18,월요일,서울외곽순환,경기도,경상사고,0,0,1,0,차대차 - 추돌,안전운전불이행,-,흐림,단일로 - 기타,승용,0,55,상해없음,승용,0,29,상해없음,50.0,50.0
5585,2021072600100575,20,월요일,서울외곽순환,경기도,경상사고,0,0,1,0,차대차 - 추돌,안전거리미확보,-,맑음,단일로 - 기타,승용,0,72,상해없음,승용,0,33,상해없음,70.0,70.0
5586,2021072700100138,9,화요일,서울외곽순환,인천광역시,경상사고,0,0,1,0,차대차 - 측면충돌,안전운전불이행,-,맑음,단일로 - 기타,승용,1,60,상해없음,승용,0,64,경상,50.0,50.0
5587,2021072700100188,10,화요일,서울외곽순환,경기도,경상사고,0,0,1,0,차대차 - 추돌,안전거리미확보,-,맑음,단일로 - 기타,건설기계,0,31,상해없음,승용,0,56,경상,,
5588,2021072700100370,15,화요일,서울외곽순환,경기도,경상사고,0,0,2,0,차대차 - 측면충돌,안전운전불이행,-,맑음,단일로 - 기타,승용,1,53,상해없음,승용,0,28,경상,50.0,50.0
5589,2021072700100402,16,화요일,서울외곽순환,경기도,경상사고,0,0,2,0,차대차 - 측면충돌,안전운전불이행,-,맑음,기타 - 기타,화물,0,59,상해없음,승용,1,33,경상,50.0,50.0
5590,2021072700100442,17,화요일,서울외곽순환,인천광역시,중상사고,0,1,4,0,차대차 - 추돌,안전운전불이행,-,맑음,단일로 - 기타,승용,0,37,상해없음,화물,0,53,경상,30.0,30.0
5591,2021072700100494,18,화요일,서울외곽순환,경기도,경상사고,0,0,1,0,차대차 - 추돌,안전운전불이행,-,맑음,단일로 - 교량,승용,0,42,상해없음,승용,0,51,경상,40.0,40.0
5592,2021072800100045,6,수요일,서울외곽순환,서울특별시,경상사고,0,0,1,0,차대차 - 기타,안전거리미확보,-,맑음,단일로 - 기타,승합,0,43,상해없음,승용,0,50,경상,40.0,40.0
5593,2021072800100569,21,수요일,서울외곽순환,인천광역시,경상사고,0,0,1,0,차대차 - 추돌,안전거리미확보,-,맑음,단일로 - 기타,승용,1,23,상해없음,승용,0,51,경상,20.0,20.0
5594,2021072900100245,12,목요일,서울외곽순환,경기도,경상사고,0,0,1,0,차대차 - 측면충돌,안전운전불이행,-,맑음,단일로 - 기타,승용,1,25,상해없음,화물,0,68,경상,20.0,20.0
5595,2021072900100517,21,목요일,서울외곽순환,경기도,경상사고,0,0,2,0,차대차 - 기타,안전운전불이행,-,맑음,기타 - 기타,승용,0,28,상해없음,승용,0,39,경상,20.0,20.0
5596,2021073000100077,8,금요일,서울외곽순환,경기도,경상사고,0,0,1,0,차대차 - 기타,안전운전불이행,-,맑음,단일로 - 기타,승용,1,36,상해없음,승용,0,32,경상,30.0,30.0
5597,2021073000100237,12,금요일,서울외곽순환,서울특별시,경상사고,0,0,1,0,차대차 - 기타,안전거리미확보,-,맑음,단일로 - 기타,화물,0,59,상해없음,화물,0,48,경상,50.0,50.0
5598,2021073000100628,23,금요일,서울외곽순환,경기도,경상사고,0,0,1,0,차대차 - 추돌,안전운전불이행,-,맑음,단일로 - 기타,승용,0,44,상해없음,승용,0,57,경상,40.0,40.0
5599,2021073100100296,14,토요일,서울외곽순환,경기도,경상사고,0,0,1,0,차대차 - 측면충돌,안전운전불이행,-,맑음,단일로 - 기타,승용,0,60,상해없음,승용,0,39,경상,50.0,50.0
5600,2021073100100402,17,토요일,서울외곽순환,경기도,중상사고,0,2,0,0,차대차 - 추돌,안전운전불이행,-,맑음,단일로 - 기타,승용,0,53,상해없음,승용,0,44,중상,50.0,50.0
5601,2021073100100409,17,토요일,서울외곽순환,경기도,중상사고,0,1,0,0,차대차 - 추돌,안전운전불이행,-,맑음,단일로 - 교량,승용,0,25,상해없음,승용,0,49,중상,20.0,20.0
5602,2021080100100029,5,일요일,서울외곽순환,인천광역시,부상신고사고,0,0,0,1,차대차 - 측면충돌,안전거리미확보,-,맑음,단일로 - 교량,승합,0,66,상해없음,승용,0,68,부상신고,60.0,60.0
5603,2021080100100147,12,일요일,서울외곽순환,경기도,중상사고,0,1,3,0,차대차 - 측면충돌,안전운전불이행,-,맑음,단일로 - 기타,승용,0,55,상해없음,승용,0,26,경상,50.0,50.0
5604,2021080100100148,12,일요일,서울외곽순환,경기도,경상사고,0,0,1,0,차대차 - 기타,차로위반,-,맑음,단일로 - 기타,승용,0,46,상해없음,승용,0,43,경상,40.0,40.0
5605,2021080100100281,17,일요일,서울외곽순환,경기도,경상사고,0,0,3,0,차대차 - 측면충돌,안전거리미확보,-,흐림,단일로 - 기타,승용,0,46,상해없음,승용,0,30,경상,40.0,40.0
5606,2021080200100083,8,월요일,서울외곽순환,경기도,경상사고,0,0,3,0,차대차 - 추돌,안전거리미확보,-,비,단일로 - 기타,승용,0,49,상해없음,승용,0,43,경상,40.0,40.0
5607,2021080200100257,13,월요일,서울외곽순환,경기도,경상사고,0,0,1,0,차대차 - 기타,차로위반,-,맑음,단일로 - 기타,화물,0,60,상해없음,승용,1,70,경상,50.0,50.0
5608,2021080200100371,16,월요일,서울외곽순환,서울특별시,경상사고,0,0,1,0,차대차 - 측면충돌,안전거리미확보,-,맑음,단일로 - 기타,승용,0,54,상해없음,승용,1,34,경상,50.0,50.0
5609,2021080300100326,16,화요일,서울외곽순환,경기도,경상사고,0,0,2,0,차대차 - 측면충돌,안전운전불이행,-,맑음,단일로 - 기타,승용,0,49,상해없음,승용,0,47,경상,40.0,40.0
5610,2021080500100100,8,목요일,서울외곽순환,경기도,경상사고,0,0,1,0,차대차 - 측면충돌,신호위반,-,맑음,단일로 - 기타,승용,0,52,상해없음,승용,0,43,경상,50.0,50.0
5611,2021080500100327,15,목요일,서울외곽순환,서울특별시,경상사고,0,0,2,0,차대차 - 측면충돌,안전거리미확보,-,맑음,단일로 - 기타,화물,0,53,상해없음,특수,0,45,경상,50.0,50.0
5612,2021080500100350,15,목요일,서울외곽순환,경기도,중상사고,0,1,1,0,차대차 - 측면충돌,신호위반,-,맑음,단일로 - 기타,승용,0,56,경상,승용,0,60,중상,50.0,50.0
5613,2021080500100411,17,목요일,서울외곽순환,경기도,경상사고,0,0,1,1,차대차 - 측면충돌,안전거리미확보,-,맑음,단일로 - 기타,승용,1,33,부상신고,승용,0,39,경상,30.0,30.0
5614,2021080600100022,5,금요일,서울외곽순환,경기도,중상사고,0,2,0,0,차대차 - 추돌,안전운전불이행,-,맑음,단일로 - 기타,화물,0,65,상해없음,승용,0,25,중상,60.0,60.0
5615,2021080600100093,8,금요일,서울외곽순환,경기도,경상사고,0,0,1,0,차대차 - 추돌,신호위반,-,맑음,교차로 - 교차로안,건설기계,0,56,상해없음,승용,1,32,경상,50.0,50.0
5616,2021080600100094,8,금요일,서울외곽순환,경기도,경상사고,0,0,1,0,차대차 - 기타,안전거리미확보,-,맑음,단일로 - 고가도로위,승용,1,52,상해없음,승용,0,28,경상,50.0,50.0
5617,2021080600100095,8,금요일,서울외곽순환,서울특별시,경상사고,0,0,8,0,차대차 - 추돌,안전운전불이행,-,맑음,단일로 - 기타,화물,0,61,상해없음,승용,0,47,상해없음,,
5618,2021080600100185,11,금요일,서울외곽순환,경기도,경상사고,0,0,1,0,차대차 - 측면충돌,안전운전불이행,-,흐림,기타 - 기타,화물,0,35,상해없음,화물,0,52,경상,30.0,30.0
5619,2021080600100497,18,금요일,서울외곽순환,경기도,경상사고,0,0,1,0,차대차 - 기타,안전거리미확보,-,맑음,기타 - 기타,승용,0,79,상해없음,승용,1,49,경상,70.0,70.0
5620,2021080600100581,21,금요일,서울외곽순환,경기도,경상사고,0,0,3,0,차대차 - 측면충돌,차로위반,-,맑음,단일로 - 기타,승용,0,60,상해없음,승용,0,26,상해없음,50.0,50.0
5621,2021080700100056,7,토요일,서울외곽순환,인천광역시,부상신고사고,0,0,0,1,차대차 - 측면충돌,안전운전불이행,-,맑음,단일로 - 기타,승용,0,50,상해없음,승용,0,26,부상신고,40.0,40.0
5622,2021080700100170,11,토요일,서울외곽순환,서울특별시,경상사고,0,0,3,0,차대차 - 측면충돌,안전거리미확보,-,맑음,단일로 - 교량,화물,0,38,상해없음,승용,1,62,경상,30.0,30.0
5623,2021080900100406,16,월요일,서울외곽순환,경기도,경상사고,0,0,2,0,차대차 - 측면충돌,안전운전불이행,-,맑음,단일로 - 기타,승용,0,56,상해없음,승용,1,31,경상,50.0,50.0
5624,2021080900100487,18,월요일,서울외곽순환,경기도,경상사고,0,0,1,0,차대차 - 기타,안전운전불이행,-,맑음,단일로 - 교량,승용,0,53,상해없음,승용,0,35,경상,50.0,50.0
5625,2021081000100013,2,화요일,서울외곽순환,경기도,경상사고,0,0,2,0,차대차 - 추돌,안전운전불이행,-,맑음,단일로 - 기타,승용,0,46,상해없음,화물,0,50,경상,40.0,40.0
5626,2021081000100100,9,화요일,서울외곽순환,경기도,중상사고,0,1,0,0,차대차 - 측면충돌,안전운전불이행,-,맑음,단일로 - 기타,승용,0,41,상해없음,화물,0,58,중상,,
5627,2021081000100173,11,화요일,서울외곽순환,경기도,경상사고,0,0,1,0,차대차 - 추돌,기타,-,맑음,단일로 - 기타,화물,0,59,상해없음,승용,1,34,경상,50.0,50.0
5628,2021081000100247,13,화요일,서울외곽순환,경기도,경상사고,0,0,1,0,차대차 - 추돌,안전거리미확보,-,맑음,단일로 - 기타,승용,0,19,상해없음,승용,1,66,경상,20.0,20.0
5629,2021081000100423,18,화요일,서울외곽순환,서울특별시,경상사고,0,0,3,0,차대차 - 기타,기타,-,맑음,단일로 - 기타,화물,0,61,상해없음,승용,0,36,경상,,
5630,2021081100100288,15,수요일,서울외곽순환,경기도,경상사고,0,0,1,0,차대차 - 추돌,안전운전불이행,-,맑음,단일로 - 기타,승용,0,21,상해없음,승용,0,35,경상,20.0,20.0
5631,2021081200100134,9,목요일,서울외곽순환,경기도,중상사고,0,1,0,0,차대차 - 추돌,안전운전불이행,-,맑음,기타 - 기타,승용,0,32,상해없음,승용,1,44,중상,30.0,30.0
5632,2021081200100477,19,목요일,서울외곽순환,경기도,경상사고,0,0,2,0,차대차 - 추돌,안전거리미확보,-,흐림,단일로 - 기타,화물,0,36,상해없음,승용,0,32,경상,30.0,30.0
5633,2021081200100528,21,목요일,서울외곽순환,인천광역시,경상사고,0,0,1,0,차대차 - 추돌,안전거리미확보,-,맑음,단일로 - 기타,화물,0,49,상해없음,화물,0,39,경상,40.0,40.0
5634,2021081300100004,0,금요일,서울외곽순환,서울특별시,경상사고,0,0,1,0,차대차 - 측면충돌,안전거리미확보,-,맑음,단일로 - 기타,승용,1,66,상해없음,승용,1,38,경상,60.0,60.0
5635,2021081300100273,14,금요일,서울외곽순환,경기도,경상사고,0,0,1,0,차대차 - 기타,안전거리미확보,-,맑음,기타 - 기타,승용,1,59,상해없음,승용,0,33,경상,50.0,50.0
5636,2021081300100571,22,금요일,서울외곽순환,경기도,경상사고,0,0,2,0,차대차 - 측면충돌,안전거리미확보,-,맑음,단일로 - 기타,승용,1,46,경상,승용,0,56,경상,40.0,40.0
5637,2021081400100184,12,토요일,서울외곽순환,서울특별시,경상사고,0,0,1,0,차대차 - 추돌,안전운전불이행,-,맑음,단일로 - 기타,화물,0,58,상해없음,승용,0,29,경상,50.0,50.0
5638,2021081400100402,19,토요일,서울외곽순환,경기도,경상사고,0,0,1,0,차대차 - 기타,안전거리미확보,-,맑음,단일로 - 기타,승용,0,59,상해없음,승용,0,44,경상,50.0,50.0
5639,2021081400100462,21,토요일,서울외곽순환,경기도,경상사고,0,0,3,0,차대차 - 측면충돌,안전운전불이행,-,맑음,단일로 - 기타,승용,0,50,상해없음,승용,1,37,경상,40.0,40.0
5640,2021081700100012,1,화요일,서울외곽순환,인천광역시,중상사고,0,1,0,0,차대차 - 추돌,안전운전불이행,-,맑음,기타 - 기타,승용,0,36,상해없음,화물,0,44,중상,30.0,30.0