,사고번호,사고일시,요일,도로종류,시군구,사고내용,사망자수,중상자수,경상자수,부상신고자수,사고유형,법규위반,노면상태,기상상태,도로형태,가해운전자 차종,가해운전자 성별,가해운전자 연령,가해운전자 상해정도,피해운전자 차종,피해운전자 성별,피해운전자 연령,피해운전자 상해정도,연령대,가해연령대
5641,2021081700100124,9,화요일,서울외곽순환,경기도,경상사고,0,0,2,0,차대차 - 측면충돌,안전거리미확보,-,맑음,단일로 - 교량,승용,1,33,상해없음,승용,1,57,경상,30.0,30.0
5642,2021081700100198,11,화요일,서울외곽순환,경기도,경상사고,0,0,1,0,차대차 - 기타,차로위반,-,맑음,단일로 - 기타,특수,0,42,상해없음,승용,0,46,경상,40.0,40.0
5643,2021081700100298,14,화요일,서울외곽순환,경기도,경상사고,0,0,4,0,차대차 - 기타,안전거리미확보,-,맑음,단일로 - 기타,화물,0,45,상해없음,승용,0,41,경상,40.0,40.0
5644,2021081700100528,20,화요일,서울외곽순환,경기도,경상사고,0,0,1,0,차대차 - 추돌,안전운전불이행,-,비,단일로 - 기타,승용,0,44,상해없음,승용,0,42,경상,40.0,40.0
5645,2021081900100087,8,목요일,서울외곽순환,경기도,경상사고,0,0,1,0,차대차 - 추돌,안전운전불이행,-,맑음,단일로 - 기타,승용,1,55,상해없음,승용,1,54,경상,50.0,50.0
5646,2021081900100238,12,목요일,서울외곽순환,경기도,경상사고,0,0,3,0,차대차 - 기타,안전운전불이행,-,맑음,단일로 - 기타,승용,0,75,상해없음,승용,0,35,경상,70.0,70.0
5647,2021081900100270,13,목요일,서울외곽순환,경기도,경상사고,0,0,4,0,차대차 - 추돌,안전운전불이행,-,맑음,단일로 - 기타,승용,1,66,상해없음,승용,1,46,경상,60.0,60.0
5648,2021082000100034,6,금요일,서울외곽순환,경기도,경상사고,0,0,1,0,차대차 - 추돌,안전운전불이행,-,맑음,기타 - 기타,화물,0,50,상해없음,특수,0,51,경상,40.0,40.0
5649,2021082000100336,15,금요일,서울외곽순환,경기도,경상사고,0,0,4,0,차대차 - 추돌,안전운전불이행,-,맑음,단일로 - 터널,승용,1,42,경상,승합,0,36,경상,40.0,40.0
5650,2021082000100371,16,금요일,서울외곽순환,경기도,중상사고,0,2,1,0,차대차 - 정면충돌,안전운전불이행,-,맑음,단일로 - 교량,승용,0,59,상해없음,승용,0,53,중상,50.0,50.0
5651,2021082000100372,16,금요일,서울외곽순환,경기도,경상사고,0,0,1,0,차대차 - 측면충돌,안전거리미확보,-,맑음,기타 - 기타,화물,0,53,상해없음,특수,0,39,경상,50.0,50.0
5652,2021082000100380,16,금요일,서울외곽순환,경기도,경상사고,0,0,1,0,차대차 - 측면충돌,안전거리미확보,-,맑음,단일로 - 기타,승용,0,37,상해없음,승용,0,27,경상,30.0,30.0
5653,2021082000100429,17,금요일,서울외곽순환,경기도,부상신고사고,0,0,0,4,차대차 - 측면충돌,안전운전불이행,-,맑음,단일로 - 교량,화물,0,39,상해없음,승용,0,56,부상신고,30.0,30.0
5654,2021082200100065,9,일요일,서울외곽순환,경기도,경상사고,0,0,1,0,차대차 - 기타,안전거리미확보,-,맑음,기타 - 기타,승용,0,47,상해없음,승용,1,49,경상,40.0,40.0
5655,2021082200100290,18,일요일,서울외곽순환,경기도,경상사고,0,0,1,0,차대차 - 측면충돌,안전거리미확보,-,맑음,단일로 - 기타,화물,0,53,상해없음,승용,1,57,경상,50.0,50.0
5656,2021082300100388,17,월요일,서울외곽순환,경기도,경상사고,0,0,1,0,차대차 - 추돌,안전거리미확보,-,비,단일로 - 기타,기타불명,0,19,상해없음,승용,0,26,경상,20.0,20.0
5657,2021082300100480,19,월요일,서울외곽순환,경기도,경상사고,0,0,4,0,차대차 - 측면충돌,안전운전불이행,-,비,단일로 - 기타,기타불명,2,0,기타불명,승용,0,25,상해없음,20.0,20.0
5658,2021082400100040,6,화요일,서울외곽순환,경기도,부상신고사고,0,0,0,1,차대차 - 기타,안전거리미확보,-,맑음,단일로 - 기타,화물,0,27,상해없음,승용,1,51,상해없음,20.0,20.0
5659,2021082400100062,7,화요일,서울외곽순환,경기도,경상사고,0,0,2,0,차대차 - 기타,차로위반,-,비,단일로 - 기타,화물,0,37,기타불명,승용,0,27,경상,30.0,30.0
5660,2021082400100223,13,화요일,서울외곽순환,인천광역시,경상사고,0,0,1,0,차대차 - 측면충돌,안전운전불이행,-,맑음,단일로 - 기타,승용,0,69,상해없음,승용,0,25,경상,60.0,60.0
5661,2021082400100446,19,화요일,서울외곽순환,경기도,경상사고,0,0,1,0,차대차 - 기타,차로위반,-,비,단일로 - 기타,승용,0,66,상해없음,승용,0,60,경상,60.0,60.0
5662,2021082500100164,11,수요일,서울외곽순환,경기도,경상사고,0,0,2,0,차대차 - 기타,안전거리미확보,-,맑음,단일로 - 기타,화물,0,48,상해없음,승용,0,51,상해없음,40.0,40.0
5663,2021082500100336,16,수요일,서울외곽순환,경기도,경상사고,0,0,1,0,차대차 - 추돌,안전운전불이행,-,맑음,기타 - 기타,승용,0,52,상해없음,승용,1,53,경상,50.0,50.0
5664,2021082600100022,3,목요일,서울외곽순환,경기도,사망사고,1,0,1,0,차대차 - 추돌,안전운전불이행,-,맑음,단일로 - 기타,화물,0,55,사망,화물,0,67,경상,50.0,50.0
5665,2021082600100025,4,목요일,서울외곽순환,인천광역시,부상신고사고,0,0,0,1,차대차 - 측면충돌,안전거리미확보,-,맑음,단일로 - 교량,기타불명,2,0,기타불명,승용,0,29,부상신고,20.0,20.0
5666,2021082600100087,8,목요일,서울외곽순환,경기도,부상신고사고,0,0,0,1,차대차 - 측면충돌,안전거리미확보,-,맑음,단일로 - 기타,승용,0,63,기타불명,승용,1,46,부상신고,60.0,60.0
5667,2021082600100231,12,목요일,서울외곽순환,인천광역시,경상사고,0,0,3,0,차대차 - 측면충돌,안전거리미확보,-,맑음,단일로 - 기타,화물,0,57,상해없음,승용,0,25,경상,50.0,50.0
5668,2021082600100320,15,목요일,서울외곽순환,경기도,경상사고,0,0,1,0,차대차 - 측면충돌,안전거리미확보,-,맑음,단일로 - 기타,승합,0,51,상해없음,특수,0,61,경상,,
5669,2021082700100136,10,금요일,서울외곽순환,경기도,경상사고,0,0,1,0,차대차 - 측면충돌,안전거리미확보,-,비,단일로 - 기타,승용,0,63,상해없음,승용,0,29,경상,60.0,60.0
5670,2021082700100341,16,금요일,서울외곽순환,경기도,경상사고,0,0,1,0,차대차 - 추돌,안전운전불이행,-,맑음,단일로 - 기타,화물,0,65,상해없음,승용,1,59,경상,60.0,60.0
5671,2021082700100551,21,금요일,서울외곽순환,인천광역시,경상사고,0,0,4,0,차대차 - 추돌,안전운전불이행,-,맑음,단일로 - 교량,승용,0,29,상해없음,승용,0,23,경상,20.0,20.0
5672,2021082800100124,10,토요일,서울외곽순환,경기도,경상사고,0,0,1,0,차대차 - 추돌,안전운전불이행,-,맑음,단일로 - 기타,승용,0,32,상해없음,승용,1,19,경상,30.0,30.0
5673,2021082900100157,14,일요일,서울외곽순환,경기도,경상사고,0,0,1,2,차대차 - 기타,안전운전불이행,-,맑음,기타 - 기타,승용,1,34,상해없음,승용,1,46,경상,30.0,30.0
5674,2021083100100282,14,화요일,서울외곽순환,경기도,경상사고,0,0,1,0,차대차 - 측면충돌,안전운전불이행,-,비,단일로 - 기타,화물,0,64,기타불명,승용,1,62,경상,60.0,60.0
5675,2021083100100463,18,화요일,서울외곽순환,경기도,경상사고,0,0,1,0,차대차 - 추돌,안전운전불이행,-,비,단일로 - 터널,승용,0,34,상해없음,승용,1,42,경상,30.0,30.0
5676,2021083100100560,20,화요일,서울외곽순환,경기도,경상사고,0,0,1,0,차대차 - 기타,차로위반,-,비,단일로 - 기타,기타불명,2,0,기타불명,승용,1,36,경상,20.0,20.0
5677,2021083100100627,21,화요일,서울외곽순환,인천광역시,부상신고사고,0,0,0,1,차대차 - 추돌,안전운전불이행,-,비,단일로 - 기타,기타불명,2,0,기타불명,승용,1,29,부상신고,20.0,20.0
5678,2021083100100663,22,화요일,서울외곽순환,서울특별시,경상사고,0,0,2,0,차대차 - 추돌,안전운전불이행,-,비,단일로 - 기타,화물,0,50,경상,특수,0,53,경상,40.0,40.0
5679,2021083100100674,23,화요일,서울외곽순환,인천광역시,중상사고,0,1,1,0,차대차 - 기타,안전운전불이행,-,비,단일로 - 기타,승용,0,33,상해없음,승용,0,64,중상,30.0,30.0
5680,2021083100100678,23,화요일,서울외곽순환,경기도,경상사고,0,0,2,0,차대차 - 측면충돌,신호위반,-,맑음,교차로 - 교차로안,승용,0,37,상해없음,승용,1,29,경상,30.0,30.0
5681,2021090100100017,2,수요일,서울외곽순환,경기도,중상사고,0,1,0,0,차대차 - 추돌,안전운전불이행,-,맑음,단일로 - 교량,승용,1,39,상해없음,화물,0,50,중상,30.0,30.0
5682,2021090100100316,16,수요일,서울외곽순환,경기도,경상사고,0,0,3,0,차대차 - 측면충돌,안전거리미확보,-,맑음,단일로 - 기타,승용,1,44,상해없음,승용,0,50,경상,40.0,40.0
5683,2021090200100065,8,목요일,서울외곽순환,경기도,경상사고,0,0,1,0,차대차 - 기타,안전운전불이행,-,맑음,단일로 - 기타,승용,0,41,상해없음,승용,0,52,경상,,
5684,2021090200100406,18,목요일,서울외곽순환,경기도,경상사고,0,0,1,0,차대차 - 추돌,안전운전불이행,-,맑음,기타 - 기타,승용,0,32,상해없음,승용,0,49,경상,30.0,30.0
5685,2021090500100397,21,일요일,서울외곽순환,경기도,경상사고,0,0,2,0,차대차 - 추돌,안전운전불이행,-,맑음,기타 - 기타,승용,0,63,상해없음,승용,0,23,경상,60.0,60.0
5686,2021090600100264,12,월요일,서울외곽순환,경기도,경상사고,0,0,5,0,차대차 - 추돌,신호위반,-,맑음,단일로 - 터널,승합,0,44,상해없음,화물,0,53,경상,40.0,40.0
5687,2021090600100361,15,월요일,서울외곽순환,서울특별시,경상사고,0,0,1,0,차대차 - 정면충돌,기타,-,맑음,단일로 - 기타,승용,0,56,상해없음,건설기계,0,78,상해없음,50.0,50.0
5688,2021090600100632,21,월요일,서울외곽순환,경기도,경상사고,0,0,1,0,차대차 - 측면충돌,안전운전불이행,-,비,단일로 - 기타,화물,0,59,상해없음,화물,0,41,경상,50.0,50.0
5689,2021090700100146,9,화요일,서울외곽순환,경기도,경상사고,0,0,2,0,차대차 - 추돌,안전운전불이행,-,맑음,단일로 - 기타,승용,1,41,상해없음,승용,0,24,경상,,
5690,2021090700100163,10,화요일,서울외곽순환,경기도,경상사고,0,0,2,0,차대차 - 측면충돌,안전거리미확보,-,비,단일로 - 기타,승용,0,41,경상,승용,0,34,경상,,
5691,2021090700100381,17,화요일,서울외곽순환,경기도,경상사고,0,0,1,0,차대차 - 추돌,안전운전불이행,-,비,단일로 - 기타,화물,0,59,상해없음,승용,1,53,경상,50.0,50.0
5692,2021090700100596,23,화요일,서울외곽순환,서울특별시,경상사고,0,0,1,0,차대차 - 추돌,신호위반,-,맑음,단일로 - 터널,승용,0,33,상해없음,승용,1,50,경상,30.0,30.0
5693,2021090800100076,7,수요일,서울외곽순환,경기도,경상사고,0,0,1,0,차대차 - 측면충돌,안전거리미확보,-,맑음,단일로 - 기타,승용,0,40,상해없음,승용,0,43,경상,30.0,30.0
5694,2021090800100192,10,수요일,서울외곽순환,서울특별시,경상사고,0,0,1,0,차대차 - 추돌,안전거리미확보,-,맑음,단일로 - 터널,화물,0,41,상해없음,화물,0,58,상해없음,,
5695,2021090800100251,12,수요일,서울외곽순환,인천광역시,경상사고,0,0,1,0,차대차 - 측면충돌,안전거리미확보,-,맑음,단일로 - 교량,승용,0,68,상해없음,승용,0,45,경상,60.0,60.0
5696,2021090800100454,17,수요일,서울외곽순환,경기도,경상사고,0,0,1,0,차대차 - 측면충돌,안전운전불이행,-,맑음,단일로 - 기타,승용,1,35,상해없음,특수,0,49,경상,30.0,30.0
5697,2021090800100572,19,수요일,서울외곽순환,서울특별시,경상사고,0,0,1,0,차대차 - 추돌,안전거리미확보,-,맑음,단일로 - 기타,화물,0,34,상해없음,승용,0,51,경상,30.0,30.0
5698,2021090900100170,10,목요일,서울외곽순환,경기도,경상사고,0,0,1,0,차대차 - 추돌,안전운전불이행,-,맑음,단일로 - 기타,특수,0,58,상해없음,승용,0,43,경상,50.0,50.0
5699,2021090900100532,20,목요일,서울외곽순환,인천광역시,경상사고,0,0,6,0,차대차 - 추돌,안전운전불이행,-,맑음,단일로 - 교량,화물,0,40,상해없음,승용,0,52,경상,30.0,30.0
5700,2021090900100533,20,목요일,서울외곽순환,인천광역시,경상사고,0,0,1,0,차대차 - 후진중충돌,안전운전불이행,-,맑음,단일로 - 기타,화물,0,53,상해없음,승용,1,30,경상,50.0,50.0
5701,2021091000100581,20,금요일,서울외곽순환,서울특별시,경상사고,0,0,1,0,차대차 - 측면충돌,안전거리미확보,-,맑음,단일로 - 기타,승용,0,63,상해없음,승용,0,36,경상,60.0,60.0
5702,2021091100100366,14,토요일,서울외곽순환,서울특별시,경상사고,0,0,2,0,차대차 - 기타,신호위반,-,맑음,단일로 - 기타,승용,1,35,상해없음,승용,0,43,상해없음,30.0,30.0
5703,2021091200100122,12,일요일,서울외곽순환,경기도,중상사고,0,1,0,0,차대차 - 측면충돌,기타,-,맑음,단일로 - 기타,승용,0,75,상해없음,화물,0,61,중상,70.0,70.0
5704,2021091300100041,6,월요일,서울외곽순환,경기도,중상사고,0,1,0,0,차대차 - 후진중충돌,기타,-,맑음,단일로 - 기타,승용,0,55,상해없음,승용,1,33,중상,50.0,50.0
5705,2021091300100108,8,월요일,서울외곽순환,경기도,경상사고,0,0,1,0,차대차 - 추돌,안전운전불이행,-,맑음,단일로 - 기타,승용,0,55,상해없음,승용,0,35,경상,50.0,50.0
5706,2021091300100318,13,월요일,서울외곽순환,경기도,경상사고,0,0,2,0,차대차 - 추돌,안전운전불이행,-,맑음,단일로 - 기타,승용,0,33,상해없음,승용,0,28,경상,30.0,30.0
5707,2021091300100470,17,월요일,서울외곽순환,인천광역시,경상사고,0,0,4,0,차대차 - 추돌,안전운전불이행,-,맑음,단일로 - 교량,화물,0,58,상해없음,승용,0,39,경상,50.0,50.0
5708,2021091400100009,0,화요일,서울외곽순환,경기도,경상사고,0,0,2,0,차대차 - 측면충돌,안전거리미확보,-,맑음,단일로 - 기타,화물,0,51,상해없음,승용,0,64,경상,,
5709,2021091400100012,0,화요일,서울외곽순환,경기도,중상사고,0,1,1,0,차대차 - 추돌,안전운전불이행,-,맑음,단일로 - 기타,승용,0,25,상해없음,화물,0,68,경상,20.0,20.0
5710,2021091400100044,6,화요일,서울외곽순환,경기도,경상사고,0,0,1,0,차대차 - 측면충돌,안전운전불이행,-,맑음,단일로 - 기타,화물,0,61,상해없음,승용,1,28,경상,,
5711,2021091400100168,9,화요일,서울외곽순환,인천광역시,경상사고,0,0,1,0,차대차 - 기타,신호위반,-,맑음,단일로 - 교량,승용,0,43,상해없음,승용,0,29,경상,40.0,40.0
5712,2021091500100015,1,수요일,서울외곽순환,경기도,중상사고,0,1,0,0,차량단독 - 공작물충돌,안전운전불이행,-,맑음,단일로 - 기타,승용,0,63,중상,기타불명,2,0,기타불명,60.0,60.0
5713,2021091500100292,12,수요일,서울외곽순환,경기도,경상사고,0,0,1,0,차대차 - 측면충돌,안전거리미확보,-,맑음,단일로 - 기타,화물,0,60,상해없음,승용,0,34,경상,50.0,50.0
5714,2021091500100436,15,수요일,서울외곽순환,경기도,중상사고,0,1,1,0,차대차 - 추돌,안전거리미확보,-,맑음,단일로 - 기타,승용,0,26,상해없음,승용,0,81,중상,20.0,20.0
5715,2021091500100455,16,수요일,서울외곽순환,경기도,경상사고,0,0,1,0,차대차 - 기타,안전거리미확보,-,맑음,단일로 - 기타,승용,1,57,상해없음,승용,0,39,경상,50.0,50.0
5716,2021091500100490,16,수요일,서울외곽순환,경기도,경상사고,0,0,2,0,차대차 - 추돌,안전운전불이행,-,맑음,단일로 - 기타,화물,0,53,상해없음,승용,0,79,경상,50.0,50.0
5717,2021091500100519,17,수요일,서울외곽순환,서울특별시,경상사고,0,0,1,0,차대차 - 측면충돌,안전거리미확보,-,맑음,단일로 - 기타,화물,0,58,상해없음,특수,0,56,경상,50.0,50.0
5718,2021091500100718,21,수요일,서울외곽순환,경기도,경상사고,0,0,2,0,차대차 - 추돌,안전거리미확보,-,맑음,단일로 - 기타,기타불명,2,0,기타불명,승용,0,24,경상,20.0,20.0
5719,2021091600100068,7,목요일,서울외곽순환,경기도,경상사고,0,0,1,0,차대차 - 기타,안전운전불이행,-,맑음,단일로 - 기타,기타불명,2,0,기타불명,승용,0,64,경상,20.0,20.0
5720,2021091600100090,8,목요일,서울외곽순환,경기도,경상사고,0,0,2,0,차대차 - 추돌,안전운전불이행,-,맑음,단일로 - 기타,승용,0,33,상해없음,승용,0,45,경상,30.0,30.0
5721,2021091600100155,9,목요일,서울외곽순환,인천광역시,경상사고,0,0,1,0,차대차 - 기타,안전거리미확보,-,맑음,기타 - 기타,승용,0,76,상해없음,특수,0,52,경상,70.0,70.0
5722,2021091600100188,10,목요일,서울외곽순환,서울특별시,경상사고,0,0,1,0,차대차 - 추돌,안전운전불이행,-,맑음,단일로 - 교량,승용,0,64,상해없음,승용,1,46,경상,60.0,60.0
5723,2021091600100298,13,목요일,서울외곽순환,경기도,경상사고,0,0,1,0,차대차 - 기타,안전거리미확보,-,맑음,기타 - 기타,승용,1,58,상해없음,승용,0,31,경상,50.0,50.0
5724,2021091600100611,20,목요일,서울외곽순환,경기도,경상사고,0,0,1,0,차대차 - 측면충돌,신호위반,-,맑음,단일로 - 기타,화물,0,51,상해없음,승용,0,41,경상,,
5725,2021091700100044,5,금요일,서울외곽순환,경기도,중상사고,0,1,0,0,차대차 - 추돌,신호위반,-,맑음,단일로 - 터널,화물,0,64,상해없음,화물,0,52,중상,60.0,60.0
5726,2021091700100139,9,금요일,서울외곽순환,경기도,경상사고,0,0,1,0,차대차 - 기타,안전운전불이행,-,맑음,기타 - 기타,건설기계,0,49,상해없음,승용,0,40,경상,40.0,40.0
5727,2021091700100697,19,금요일,서울외곽순환,경기도,경상사고,0,0,1,0,차대차 - 추돌,안전운전불이행,-,맑음,단일로 - 기타,화물,0,47,상해없음,승용,0,45,경상,40.0,40.0
5728,2021091800100365,14,토요일,서울외곽순환,경기도,경상사고,0,0,1,0,차대차 - 추돌,안전거리미확보,-,맑음,단일로 - 기타,화물,0,60,상해없음,승용,0,28,경상,50.0,50.0
5729,2021091800100544,18,토요일,서울외곽순환,인천광역시,경상사고,0,0,1,0,차대차 - 추돌,안전운전불이행,-,맑음,단일로 - 기타,승합,0,61,상해없음,승용,0,42,경상,,
5730,2021091900100154,12,일요일,서울외곽순환,경기도,경상사고,0,0,2,0,차대차 - 측면충돌,안전거리미확보,-,맑음,단일로 - 기타,승용,1,45,경상,승용,0,58,경상,40.0,40.0
5731,2021091900100306,17,일요일,서울외곽순환,경기도,경상사고,0,0,1,0,차대차 - 측면충돌,차로위반,-,맑음,기타 - 기타,승용,0,67,상해없음,승용,0,31,경상,60.0,60.0
5732,2021091900100393,19,일요일,서울외곽순환,경기도,경상사고,0,0,3,0,차대차 - 측면충돌,안전거리미확보,-,맑음,기타 - 기타,승용,1,38,경상,승용,0,60,상해없음,30.0,30.0
5733,2021092000100172,12,월요일,서울외곽순환,서울특별시,경상사고,0,0,4,0,차대차 - 측면충돌,안전거리미확보,-,맑음,단일로 - 기타,승용,0,44,상해없음,승용,0,31,경상,40.0,40.0
5734,2021092100100008,1,화요일,서울외곽순환,인천광역시,중상사고,0,2,0,0,차대차 - 추돌,안전운전불이행,-,비,단일로 - 교량,승용,0,49,중상,승용,1,50,중상,40.0,40.0
5735,2021092100100186,15,화요일,서울외곽순환,경기도,중상사고,0,2,0,0,차대차 - 측면충돌,안전거리미확보,-,맑음,단일로 - 기타,승용,0,56,상해없음,승용,0,28,중상,50.0,50.0
5736,2021092300100397,16,목요일,서울외곽순환,경기도,경상사고,0,0,2,0,차대차 - 측면충돌,안전거리미확보,-,맑음,단일로 - 기타,화물,0,48,기타불명,승용,0,51,경상,40.0,40.0
5737,2021092400100060,7,금요일,서울외곽순환,경기도,경상사고,0,0,2,0,차대차 - 측면충돌,안전거리미확보,-,맑음,단일로 - 기타,승용,0,26,상해없음,승용,0,21,경상,20.0,20.0
5738,2021092600100107,11,일요일,서울외곽순환,경기도,경상사고,0,0,2,0,차대차 - 추돌,안전운전불이행,-,맑음,단일로 - 교량,승용,0,20,상해없음,승용,0,27,경상,20.0,20.0
5739,2021092600100286,17,일요일,서울외곽순환,경기도,중상사고,0,1,2,0,차대차 - 추돌,안전운전불이행,-,맑음,단일로 - 교량,승용,0,48,상해없음,승용,1,28,중상,40.0,40.0
5740,2021092700100159,10,월요일,서울외곽순환,경기도,경상사고,0,0,1,0,차대차 - 측면충돌,안전거리미확보,-,맑음,단일로 - 기타,화물,0,59,상해없음,화물,0,53,경상,50.0,50.0
5741,2021092800100058,7,화요일,서울외곽순환,서울특별시,중상사고,0,1,0,0,차대차 - 측면충돌,안전운전불이행,-,맑음,단일로 - 기타,승용,0,39,상해없음,승용,1,49,중상,30.0,30.0
5742,2021092800100494,19,화요일,서울외곽순환,인천광역시,경상사고,0,0,1,0,차대차 - 측면충돌,차로위반,-,비,단일로 - 교량,화물,0,49,상해없음,승용,1,51,경상,40.0,40.0
5743,2021092800100495,19,화요일,서울외곽순환,인천광역시,경상사고,0,0,2,0,차대차 - 기타,안전운전불이행,-,비,기타 - 기타,승합,0,57,상해없음,승용,1,23,경상,50.0,50.0
5744,2021092800100595,22,화요일,서울외곽순환,인천광역시,경상사고,0,0,1,0,차대차 - 측면충돌,신호위반,-,비,단일로 - 교량,승용,0,27,상해없음,승용,0,26,경상,20.0,20.0
5745,2021093000100222,11,목요일,서울외곽순환,경기도,경상사고,0,0,1,0,차대차 - 측면충돌,안전거리미확보,-,맑음,단일로 - 기타,승용,1,68,상해없음,승용,0,59,상해없음,60.0,60.0
5746,2021093000100378,15,목요일,서울외곽순환,서울특별시,부상신고사고,0,0,0,2,차대차 - 기타,안전운전불이행,-,맑음,단일로 - 기타,기타불명,2,0,기타불명,승용,1,50,부상신고,20.0,20.0
5747,2021093000100490,17,목요일,서울외곽순환,경기도,경상사고,0,0,1,0,차대차 - 측면충돌,안전운전불이행,-,맑음,단일로 - 기타,화물,0,56,상해없음,승용,0,68,경상,50.0,50.0
5748,2021100100100144,9,금요일,서울외곽순환,경기도,경상사고,0,0,1,0,차대차 - 기타,안전운전불이행,-,맑음,단일로 - 기타,화물,0,49,상해없음,승용,0,49,경상,40.0,40.0
5749,2021100100100423,16,금요일,서울외곽순환,경기도,경상사고,0,0,2,0,차대차 - 측면충돌,차로위반,-,맑음,단일로 - 기타,특수,0,50,상해없음,승용,1,59,경상,40.0,40.0
5750,2021100100100629,21,금요일,서울외곽순환,인천광역시,경상사고,0,0,1,0,차대차 - 추돌,안전운전불이행,-,비,단일로 - 기타,승용,0,52,상해없음,승용,0,62,경상,50.0,50.0
5751,2021100200100080,8,토요일,서울외곽순환,서울특별시,경상사고,0,0,1,0,차대차 - 기타,차로위반,-,맑음,단일로 - 기타,승용,0,54,상해없음,특수,0,27,경상,50.0,50.0
5752,2021100200100362,15,토요일,서울외곽순환,경기도,중상사고,0,1,0,0,차량단독 - 공작물충돌,안전운전불이행,-,맑음,단일로 - 기타,승용,0,63,중상,기타불명,2,0,기타불명,60.0,60.0
5753,2021100200100533,19,토요일,서울외곽순환,경기도,경상사고,0,0,2,0,차대차 - 측면충돌,안전운전불이행,-,맑음,단일로 - 교량,화물,0,38,상해없음,승용,1,57,경상,30.0,30.0
5754,2021100300100096,10,일요일,서울외곽순환,경기도,경상사고,0,0,1,1,차대차 - 측면충돌,안전거리미확보,-,맑음,단일로 - 교량,승용,0,36,상해없음,승용,1,32,경상,30.0,30.0
5755,2021100400100015,1,월요일,서울외곽순환,경기도,경상사고,0,0,2,0,차대차 - 기타,과속,-,맑음,단일로 - 기타,승용,0,22,경상,화물,0,46,상해없음,20.0,20.0
5756,2021100400100032,5,월요일,서울외곽순환,경기도,중상사고,0,2,5,0,차대차 - 기타,기타,-,맑음,단일로 - 기타,화물,0,65,상해없음,승용,0,61,중상,60.0,60.0
5757,2021100400100072,9,월요일,서울외곽순환,경기도,중상사고,0,1,1,0,차대차 - 추돌,안전운전불이행,-,맑음,기타 - 기타,화물,0,49,중상,승용,1,61,상해없음,40.0,40.0
5758,2021100400100469,21,월요일,서울외곽순환,경기도,중상사고,0,1,0,0,차대차 - 추돌,안전운전불이행,-,비,단일로 - 기타,기타불명,2,0,기타불명,승용,0,63,중상,20.0,20.0
5759,2021100500100609,21,화요일,서울외곽순환,경기도,중상사고,0,1,0,0,차량단독 - 기타,안전운전불이행,-,맑음,단일로 - 기타,승용,0,53,상해없음,기타불명,2,0,기타불명,50.0,50.0
5760,2021100600100022,5,수요일,서울외곽순환,경기도,경상사고,0,0,1,0,차대차 - 측면충돌,안전거리미확보,-,비,단일로 - 기타,화물,0,62,상해없음,승용,0,53,경상,60.0,60.0
5761,2021100600100119,8,수요일,서울외곽순환,경기도,경상사고,0,0,5,0,차대차 - 추돌,안전운전불이행,-,맑음,단일로 - 기타,승용,0,40,상해없음,승용,1,28,경상,30.0,30.0
5762,2021100600100339,15,수요일,서울외곽순환,인천광역시,경상사고,0,0,1,0,차대차 - 추돌,안전운전불이행,-,맑음,단일로 - 교량,승용,0,61,상해없음,승용,0,35,경상,,
5763,2021100600100427,17,수요일,서울외곽순환,경기도,경상사고,0,0,1,0,차대차 - 측면충돌,안전거리미확보,-,맑음,단일로 - 기타,승용,0,21,상해없음,승용,1,38,경상,20.0,20.0
5764,2021100700100253,13,목요일,서울외곽순환,경기도,경상사고,0,0,1,0,차대차 - 측면충돌,안전거리미확보,-,맑음,단일로 - 기타,화물,0,65,상해없음,승용,1,20,경상,60.0,60.0
5765,2021100700100515,19,목요일,서울외곽순환,경기도,경상사고,0,0,1,0,차대차 - 측면충돌,안전운전불이행,-,맑음,단일로 - 기타,특수,0,60,상해없음,승용,0,36,경상,50.0,50.0
5766,2021100800100239,12,금요일,서울외곽순환,인천광역시,경상사고,0,0,1,0,차대차 - 측면충돌,안전운전불이행,-,맑음,단일로 - 고가도로위,화물,0,50,상해없음,승용,1,44,경상,40.0,40.0
5767,2021100800100450,17,금요일,서울외곽순환,경기도,경상사고,0,0,1,0,차대차 - 측면충돌,안전운전불이행,-,맑음,단일로 - 기타,승합,0,61,상해없음,승용,0,23,상해없음,,
5768,2021100900100490,20,토요일,서울외곽순환,경기도,경상사고,0,0,3,0,차대차 - 추돌,안전거리미확보,-,맑음,단일로 - 교량,화물,0,45,상해없음,승용,1,58,경상,40.0,40.0
5769,2021101000100193,13,일요일,서울외곽순환,경기도,경상사고,0,0,2,0,차대차 - 기타,안전거리미확보,-,비,단일로 - 기타,승용,0,73,상해없음,승용,0,23,경상,70.0,70.0
5770,2021101000100352,18,일요일,서울외곽순환,서울특별시,경상사고,0,0,2,0,차대차 - 측면충돌,안전운전불이행,-,비,단일로 - 기타,화물,0,57,상해없음,승용,0,66,경상,50.0,50.0
5771,2021101000100555,23,일요일,서울외곽순환,경기도,경상사고,0,0,2,0,차대차 - 추돌,안전운전불이행,-,비,단일로 - 기타,승용,0,30,상해없음,승용,0,39,경상,20.0,20.0
5772,2021101100100017,2,월요일,서울외곽순환,경기도,경상사고,0,0,1,0,차대차 - 추돌,안전운전불이행,-,비,단일로 - 기타,승용,0,20,상해없음,승용,0,62,경상,20.0,20.0
5773,2021101100100321,16,월요일,서울외곽순환,경기도,경상사고,0,0,1,0,차대차 - 추돌,안전거리미확보,-,맑음,단일로 - 기타,화물,0,51,상해없음,승용,0,23,경상,,