,사고번호,사고일시,요일,도로종류,시군구,사고내용,사망자수,중상자수,경상자수,부상신고자수,사고유형,법규위반,노면상태,기상상태,도로형태,가해운전자 차종,가해운전자 성별,가해운전자 연령,가해운전자 상해정도,피해운전자 차종,피해운전자 성별,피해운전자 연령,피해운전자 상해정도,연령대,가해연령대
5774,2021101200100029,5,화요일,서울외곽순환,경기도,경상사고,0,0,1,0,차대차 - 측면충돌,안전거리미확보,-,맑음,단일로 - 기타,승용,0,36,상해없음,승용,0,57,경상,30.0,30.0
5775,2021101200100046,6,화요일,서울외곽순환,경기도,경상사고,0,0,1,0,차대차 - 측면충돌,안전거리미확보,-,맑음,단일로 - 기타,승합,0,70,상해없음,승용,0,54,상해없음,60.0,60.0
5776,2021101300100327,15,수요일,서울외곽순환,경기도,부상신고사고,0,0,0,5,차대차 - 추돌,안전운전불이행,-,맑음,단일로 - 기타,승용,0,55,상해없음,승용,0,32,부상신고,50.0,50.0
5777,2021101300100389,16,수요일,서울외곽순환,경기도,중상사고,0,1,0,0,차대사람 - 기타,안전운전불이행,-,맑음,단일로 - 기타,건설기계,0,61,상해없음,보행자,1,15,중상,,
5778,2021101300100494,18,수요일,서울외곽순환,경기도,경상사고,0,0,1,0,차대차 - 측면충돌,안전거리미확보,-,맑음,단일로 - 기타,승용,1,29,상해없음,승용,1,60,경상,20.0,20.0
5779,2021101400100205,10,목요일,서울외곽순환,서울특별시,경상사고,0,0,1,0,차대차 - 측면충돌,안전거리미확보,-,맑음,단일로 - 기타,기타불명,2,0,기타불명,승용,0,62,상해없음,20.0,20.0
5780,2021101400100272,12,목요일,서울외곽순환,인천광역시,경상사고,0,0,1,0,차대차 - 추돌,안전거리미확보,-,맑음,단일로 - 교량,화물,0,38,상해없음,승용,1,42,경상,30.0,30.0
5781,2021101400100273,12,목요일,서울외곽순환,인천광역시,경상사고,0,0,1,0,차대차 - 기타,안전거리미확보,-,맑음,기타 - 기타,승용,0,43,상해없음,승용,0,38,경상,40.0,40.0
5782,2021101400100490,18,목요일,서울외곽순환,서울특별시,경상사고,0,0,1,0,차대차 - 기타,차로위반,-,맑음,단일로 - 기타,승용,0,49,상해없음,화물,0,57,경상,40.0,40.0
5783,2021101400100529,18,목요일,서울외곽순환,서울특별시,중상사고,0,2,0,0,차대차 - 측면충돌,안전거리미확보,-,맑음,단일로 - 기타,승용,0,62,상해없음,승용,0,58,중상,60.0,60.0
5784,2021101500100616,21,금요일,서울외곽순환,인천광역시,경상사고,0,0,1,0,차대차 - 측면충돌,차로위반,-,맑음,단일로 - 기타,승용,0,61,상해없음,승용,0,33,경상,,
5785,2021101600100128,9,토요일,서울외곽순환,서울특별시,경상사고,0,0,2,0,차대차 - 추돌,안전거리미확보,-,맑음,단일로 - 기타,승용,0,21,상해없음,승용,0,50,경상,20.0,20.0
5786,2021101600100332,16,토요일,서울외곽순환,경기도,경상사고,0,0,1,0,차대차 - 기타,안전운전불이행,-,맑음,기타 - 기타,승용,0,25,상해없음,승용,0,29,경상,20.0,20.0
5787,2021101600100355,17,토요일,서울외곽순환,경기도,경상사고,0,0,1,0,차대차 - 기타,안전운전불이행,-,맑음,단일로 - 기타,승용,0,53,상해없음,승용,0,28,경상,50.0,50.0
5788,2021101600100437,19,토요일,서울외곽순환,경기도,경상사고,0,0,2,0,차대차 - 기타,안전거리미확보,-,맑음,단일로 - 기타,승용,0,22,상해없음,승용,1,64,경상,20.0,20.0
5789,2021101600100448,19,토요일,서울외곽순환,인천광역시,경상사고,0,0,2,0,차대차 - 추돌,안전운전불이행,-,맑음,단일로 - 교량,승용,1,51,기타불명,승합,0,66,경상,,
5790,2021101700100255,16,일요일,서울외곽순환,인천광역시,경상사고,0,0,1,0,차대차 - 기타,안전운전불이행,-,맑음,단일로 - 고가도로위,승용,0,27,상해없음,승용,0,31,경상,20.0,20.0
5791,2021101800100076,7,월요일,서울외곽순환,인천광역시,경상사고,0,0,2,0,차대차 - 기타,안전운전불이행,-,맑음,단일로 - 고가도로위,승용,0,37,상해없음,승용,1,58,경상,30.0,30.0
5792,2021101800100598,19,월요일,서울외곽순환,경기도,경상사고,0,0,3,0,차대차 - 측면충돌,차로위반,-,맑음,단일로 - 기타,화물,0,62,상해없음,승용,0,69,경상,60.0,60.0
5793,2021101800100624,20,월요일,서울외곽순환,경기도,경상사고,0,0,1,0,차대차 - 측면충돌,안전거리미확보,-,비,단일로 - 기타,화물,0,61,상해없음,승용,0,37,경상,,
5794,2021101900100043,6,화요일,서울외곽순환,경기도,경상사고,0,0,1,0,차대차 - 측면충돌,안전거리미확보,-,맑음,단일로 - 교량,기타불명,2,0,기타불명,건설기계,0,55,경상,20.0,20.0
5795,2021101900100099,8,화요일,서울외곽순환,경기도,경상사고,0,0,1,0,차대차 - 추돌,안전운전불이행,-,맑음,단일로 - 기타,화물,0,62,상해없음,승용,0,37,경상,60.0,60.0
5796,2021101900100146,10,화요일,서울외곽순환,경기도,경상사고,0,0,1,0,차대차 - 측면충돌,안전거리미확보,-,맑음,단일로 - 기타,화물,0,61,상해없음,승용,0,36,경상,,
5797,2021101900100377,17,화요일,서울외곽순환,경기도,경상사고,0,0,1,0,차대차 - 측면충돌,안전거리미확보,-,맑음,단일로 - 기타,승용,0,61,상해없음,승합,0,46,경상,,
5798,2021101900100568,22,화요일,서울외곽순환,경기도,경상사고,0,0,1,0,차대차 - 추돌,안전운전불이행,-,맑음,단일로 - 기타,승용,1,52,상해없음,승용,0,52,경상,50.0,50.0
5799,2021102000100067,8,수요일,서울외곽순환,경기도,경상사고,0,0,1,0,차대차 - 측면충돌,안전거리미확보,-,맑음,기타 - 기타,승용,0,58,상해없음,승합,0,47,경상,50.0,50.0
5800,2021102100100376,17,목요일,서울외곽순환,경기도,경상사고,0,0,1,0,차대차 - 측면충돌,안전거리미확보,-,맑음,단일로 - 기타,승용,1,28,상해없음,승용,0,37,경상,20.0,20.0
5801,2021102100100399,17,목요일,서울외곽순환,경기도,경상사고,0,0,1,0,차대차 - 추돌,안전거리미확보,-,맑음,단일로 - 기타,화물,0,58,상해없음,승용,0,64,경상,50.0,50.0
5802,2021102100100400,17,목요일,서울외곽순환,경기도,경상사고,0,0,1,0,차대차 - 측면충돌,안전거리미확보,-,맑음,단일로 - 기타,승용,0,42,상해없음,승용,0,55,상해없음,40.0,40.0
5803,2021102100100613,22,목요일,서울외곽순환,경기도,경상사고,0,0,1,0,차대차 - 추돌,안전운전불이행,-,맑음,단일로 - 기타,승용,0,53,상해없음,화물,0,48,경상,50.0,50.0
5804,2021102200100071,7,금요일,서울외곽순환,서울특별시,경상사고,0,0,1,0,차대차 - 측면충돌,안전거리미확보,-,맑음,단일로 - 기타,건설기계,0,61,상해없음,승용,1,45,경상,,
5805,2021102200100200,10,금요일,서울외곽순환,경기도,경상사고,0,0,1,0,차대차 - 측면충돌,안전운전불이행,-,맑음,단일로 - 기타,화물,0,60,상해없음,승용,0,65,경상,50.0,50.0
5806,2021102200100231,11,금요일,서울외곽순환,경기도,경상사고,0,0,1,0,차대차 - 측면충돌,기타,-,맑음,단일로 - 기타,승용,1,51,상해없음,화물,0,55,경상,,
5807,2021102200100308,13,금요일,서울외곽순환,경기도,경상사고,0,0,2,0,차대차 - 측면충돌,안전운전불이행,-,맑음,단일로 - 기타,승용,0,76,상해없음,승용,1,38,경상,70.0,70.0
5808,2021102200100444,16,금요일,서울외곽순환,경기도,경상사고,0,0,1,0,차대차 - 추돌,안전운전불이행,-,맑음,단일로 - 기타,승용,0,45,상해없음,승용,0,27,경상,40.0,40.0
5809,2021102200100504,17,금요일,서울외곽순환,경기도,중상사고,0,1,0,0,차량단독 - 기타,기타,-,맑음,단일로 - 기타,승용,0,54,상해없음,기타불명,2,0,기타불명,50.0,50.0
5810,2021102200100637,20,금요일,서울외곽순환,경기도,중상사고,0,1,0,0,차대차 - 기타,안전운전불이행,-,맑음,단일로 - 기타,화물,0,47,상해없음,승용,1,57,중상,40.0,40.0
5811,2021102300100041,5,토요일,서울외곽순환,경기도,경상사고,0,0,1,0,차대차 - 기타,안전거리미확보,-,맑음,단일로 - 기타,승용,0,38,상해없음,승용,0,44,경상,30.0,30.0
5812,2021102300100086,9,토요일,서울외곽순환,경기도,경상사고,0,0,5,0,차대차 - 추돌,안전운전불이행,-,맑음,단일로 - 기타,화물,0,68,상해없음,승용,0,48,경상,60.0,60.0
5813,2021102300100180,11,토요일,서울외곽순환,경기도,경상사고,0,0,2,0,차대차 - 기타,신호위반,-,맑음,단일로 - 터널,승용,0,63,상해없음,승용,0,28,경상,60.0,60.0
5814,2021102500100033,6,월요일,서울외곽순환,경기도,경상사고,0,0,2,0,차대차 - 기타,안전거리미확보,-,맑음,단일로 - 기타,건설기계,0,65,상해없음,승용,0,36,경상,60.0,60.0
5815,2021102500100075,8,월요일,서울외곽순환,경기도,경상사고,0,0,1,0,차대차 - 추돌,안전운전불이행,-,맑음,단일로 - 기타,승용,0,19,상해없음,승용,0,32,경상,20.0,20.0
5816,2021102500100244,12,월요일,서울외곽순환,경기도,경상사고,0,0,1,0,차대차 - 추돌,안전운전불이행,-,맑음,단일로 - 기타,화물,0,55,상해없음,승용,0,38,경상,50.0,50.0
5817,2021102500100520,18,월요일,서울외곽순환,경기도,경상사고,0,0,1,0,차대차 - 측면충돌,안전거리미확보,-,맑음,단일로 - 기타,화물,0,61,상해없음,승용,1,47,경상,,
5818,2021102500100556,19,월요일,서울외곽순환,인천광역시,경상사고,0,0,3,0,차대차 - 측면충돌,안전거리미확보,-,맑음,단일로 - 교량,화물,0,49,상해없음,승용,1,55,경상,40.0,40.0
5819,2021102500100595,20,월요일,서울외곽순환,경기도,중상사고,0,1,0,0,차대차 - 추돌,안전운전불이행,-,맑음,단일로 - 기타,승용,0,19,중상,화물,0,54,기타불명,20.0,20.0
5820,2021102600100485,18,화요일,서울외곽순환,경기도,경상사고,0,0,2,0,차대차 - 추돌,안전운전불이행,-,맑음,단일로 - 기타,승용,0,73,상해없음,승용,0,47,경상,70.0,70.0
5821,2021102700100270,14,수요일,서울외곽순환,경기도,중상사고,0,2,1,0,차대차 - 측면충돌,안전거리미확보,-,맑음,단일로 - 기타,승용,1,53,중상,승용,0,40,경상,50.0,50.0
5822,2021102800100075,7,목요일,서울외곽순환,경기도,경상사고,0,0,1,0,차대차 - 측면충돌,안전거리미확보,-,맑음,단일로 - 터널,승용,0,48,상해없음,승용,0,49,경상,40.0,40.0
5823,2021102800100217,10,목요일,서울외곽순환,경기도,경상사고,0,0,1,0,차대차 - 추돌,안전거리미확보,-,맑음,단일로 - 기타,승용,0,32,상해없음,승용,0,29,경상,30.0,30.0
5824,2021102800100426,16,목요일,서울외곽순환,경기도,경상사고,0,0,1,0,차대차 - 추돌,안전운전불이행,-,맑음,단일로 - 기타,승용,0,30,상해없음,승용,0,32,경상,20.0,20.0
5825,2021102800100592,19,목요일,서울외곽순환,경기도,경상사고,0,0,1,0,차대차 - 측면충돌,안전거리미확보,-,맑음,단일로 - 기타,승용,0,41,상해없음,승용,0,34,경상,,
5826,2021102900100240,12,금요일,서울외곽순환,경기도,부상신고사고,0,0,0,1,차대차 - 기타,안전운전불이행,-,맑음,단일로 - 기타,화물,0,57,상해없음,화물,0,53,부상신고,50.0,50.0
5827,2021103000100051,5,토요일,서울외곽순환,경기도,경상사고,0,0,1,0,차대차 - 측면충돌,안전운전불이행,-,맑음,단일로 - 기타,승용,0,27,상해없음,승합,0,59,경상,20.0,20.0
5828,2021103000100065,6,토요일,서울외곽순환,경기도,경상사고,0,0,1,0,차대차 - 추돌,안전운전불이행,-,맑음,단일로 - 기타,승용,0,55,상해없음,승용,0,64,상해없음,50.0,50.0
5829,2021103000100139,10,토요일,서울외곽순환,경기도,경상사고,0,0,1,0,차대차 - 측면충돌,안전거리미확보,-,맑음,단일로 - 기타,승합,0,73,상해없음,승용,0,46,경상,70.0,70.0
5830,2021103000100175,11,토요일,서울외곽순환,경기도,경상사고,0,0,1,0,차대차 - 기타,안전거리미확보,-,맑음,단일로 - 기타,승용,0,60,상해없음,승용,1,45,상해없음,50.0,50.0
5831,2021103100100062,8,일요일,서울외곽순환,인천광역시,경상사고,0,0,1,0,차대차 - 기타,기타,-,맑음,기타 - 기타,승용,0,62,상해없음,승용,0,46,경상,60.0,60.0
5832,2021103100100073,9,일요일,서울외곽순환,경기도,경상사고,0,0,2,0,차대차 - 기타,안전거리미확보,-,맑음,단일로 - 기타,화물,0,27,상해없음,승용,0,37,경상,20.0,20.0
5833,2021103100100169,13,일요일,서울외곽순환,경기도,경상사고,0,0,1,0,차대차 - 기타,안전거리미확보,-,맑음,단일로 - 기타,승합,0,59,상해없음,승용,0,64,상해없음,50.0,50.0
5834,2021110200100027,1,화요일,서울외곽순환,경기도,경상사고,0,0,1,0,차대차 - 측면충돌,안전운전불이행,-,맑음,단일로 - 기타,승용,0,64,상해없음,화물,0,50,경상,60.0,60.0
5835,2021110200100049,5,화요일,서울외곽순환,경기도,경상사고,0,0,3,0,차대차 - 기타,안전운전불이행,-,맑음,단일로 - 기타,기타불명,2,0,기타불명,승용,0,43,경상,20.0,20.0
5836,2021110200100170,10,화요일,서울외곽순환,경기도,경상사고,0,0,1,1,차대차 - 측면충돌,안전거리미확보,-,맑음,단일로 - 기타,승용,1,40,경상,화물,0,46,부상신고,30.0,30.0
5837,2021110200100349,15,화요일,서울외곽순환,경기도,경상사고,0,0,1,0,차대차 - 기타,안전거리미확보,-,맑음,단일로 - 기타,승용,0,43,상해없음,화물,0,44,경상,40.0,40.0
5838,2021110200100530,19,화요일,서울외곽순환,경기도,경상사고,0,0,1,0,차대차 - 측면충돌,안전거리미확보,-,맑음,단일로 - 기타,특수,0,58,상해없음,승용,1,39,경상,50.0,50.0
5839,2021110300100054,6,수요일,서울외곽순환,경기도,경상사고,0,0,2,0,차대차 - 추돌,안전운전불이행,-,맑음,단일로 - 기타,화물,0,43,상해없음,승용,0,67,경상,40.0,40.0
5840,2021110300100081,7,수요일,서울외곽순환,경기도,사망사고,1,0,0,0,차대차 - 추돌,안전운전불이행,-,맑음,단일로 - 기타,승용,0,61,상해없음,승용,0,44,사망,,
5841,2021110300100121,8,수요일,서울외곽순환,인천광역시,경상사고,0,0,1,0,차대차 - 추돌,안전운전불이행,-,맑음,단일로 - 기타,화물,0,28,상해없음,승용,1,54,경상,20.0,20.0
5842,2021110300100153,9,수요일,서울외곽순환,경기도,경상사고,0,0,1,0,차대차 - 측면충돌,안전거리미확보,-,맑음,단일로 - 교량,화물,0,55,상해없음,화물,0,71,경상,50.0,50.0
5843,2021110300100330,14,수요일,서울외곽순환,서울특별시,경상사고,0,0,1,0,차대차 - 측면충돌,안전운전불이행,-,맑음,단일로 - 교량,화물,0,53,상해없음,승용,1,78,경상,50.0,50.0
5844,2021110400100613,22,목요일,서울외곽순환,경기도,중상사고,0,1,0,0,차대차 - 측면충돌,안전거리미확보,-,맑음,단일로 - 기타,기타불명,2,0,기타불명,승용,1,51,중상,20.0,20.0
5845,2021110500100215,11,금요일,서울외곽순환,인천광역시,경상사고,0,0,1,0,차대차 - 측면충돌,안전거리미확보,-,기타,기타 - 기타,승용,0,52,상해없음,승용,0,26,경상,50.0,50.0
5846,2021110500100334,14,금요일,서울외곽순환,경기도,중상사고,0,2,5,0,차대차 - 측면충돌,안전운전불이행,-,맑음,단일로 - 기타,승용,0,69,상해없음,화물,0,44,경상,60.0,60.0
5847,2021110500100559,19,금요일,서울외곽순환,경기도,경상사고,0,0,1,0,차대차 - 기타,안전거리미확보,-,맑음,기타 - 기타,승용,1,69,상해없음,화물,0,22,경상,60.0,60.0
5848,2021110600100085,7,토요일,서울외곽순환,서울특별시,경상사고,0,0,1,0,차대차 - 측면충돌,안전운전불이행,-,맑음,단일로 - 교량,승용,0,49,상해없음,승용,0,55,경상,40.0,40.0
5849,2021110600100151,10,토요일,서울외곽순환,경기도,중상사고,0,1,0,0,차대차 - 기타,안전운전불이행,-,맑음,단일로 - 기타,승용,0,59,상해없음,건설기계,0,23,상해없음,50.0,50.0
5850,2021110600100227,12,토요일,서울외곽순환,서울특별시,경상사고,0,0,1,0,차대차 - 기타,차로위반,-,맑음,단일로 - 기타,승용,0,35,상해없음,승용,0,48,경상,30.0,30.0
5851,2021110600100233,13,토요일,서울외곽순환,경기도,경상사고,0,0,1,0,차대차 - 기타,안전운전불이행,-,맑음,단일로 - 기타,화물,0,58,상해없음,승용,0,35,경상,50.0,50.0
5852,2021110600100349,15,토요일,서울외곽순환,경기도,경상사고,0,0,1,0,차대차 - 추돌,안전운전불이행,-,맑음,단일로 - 기타,승용,0,52,상해없음,승용,0,54,경상,50.0,50.0
5853,2021110600100365,16,토요일,서울외곽순환,경기도,중상사고,0,1,5,0,차대차 - 추돌,안전거리미확보,-,맑음,단일로 - 기타,승용,1,50,경상,화물,0,46,중상,40.0,40.0
5854,2021110600100411,17,토요일,서울외곽순환,경기도,경상사고,0,0,1,0,차대차 - 측면충돌,안전거리미확보,-,맑음,단일로 - 기타,승용,1,29,상해없음,승용,0,55,경상,20.0,20.0
5855,2021110600100456,18,토요일,서울외곽순환,경기도,경상사고,0,0,4,0,차대차 - 기타,안전거리미확보,-,맑음,단일로 - 기타,승용,0,30,상해없음,승용,0,35,경상,20.0,20.0
5856,2021110700100420,20,일요일,서울외곽순환,서울특별시,경상사고,0,0,1,0,차대차 - 추돌,안전운전불이행,-,맑음,단일로 - 기타,승용,0,29,기타불명,승용,1,37,경상,20.0,20.0
5857,2021110800100092,7,월요일,서울외곽순환,경기도,중상사고,0,1,0,0,차대차 - 기타,안전운전불이행,-,비,단일로 - 기타,화물,0,60,상해없음,승용,1,47,중상,50.0,50.0
5858,2021110800100546,18,월요일,서울외곽순환,서울특별시,중상사고,0,1,0,0,차대차 - 측면충돌,안전거리미확보,-,비,단일로 - 기타,화물,0,64,상해없음,승용,0,38,중상,60.0,60.0
5859,2021110900100308,14,화요일,서울외곽순환,경기도,경상사고,0,0,1,0,차대차 - 측면충돌,안전거리미확보,-,비,기타 - 기타,승합,0,58,상해없음,화물,0,38,경상,50.0,50.0
5860,2021110900100326,14,화요일,서울외곽순환,서울특별시,경상사고,0,0,2,0,차대차 - 추돌,안전운전불이행,-,비,단일로 - 기타,화물,0,53,상해없음,승용,0,28,경상,50.0,50.0
5861,2021110900100573,19,화요일,서울외곽순환,경기도,경상사고,0,0,1,0,차대차 - 기타,차로위반,-,맑음,단일로 - 기타,화물,0,40,상해없음,승용,1,67,경상,30.0,30.0
5862,2021111100100048,6,목요일,서울외곽순환,경기도,경상사고,0,0,3,0,차대차 - 추돌,안전운전불이행,-,맑음,단일로 - 기타,승용,0,31,상해없음,승용,0,61,경상,,
5863,2021111100100064,6,목요일,서울외곽순환,경기도,경상사고,0,0,4,0,차대차 - 추돌,안전거리미확보,-,맑음,단일로 - 기타,화물,0,52,상해없음,화물,0,67,경상,50.0,50.0
5864,2021111100100456,17,목요일,서울외곽순환,인천광역시,경상사고,0,0,1,0,차대차 - 측면충돌,안전거리미확보,-,맑음,단일로 - 교량,승용,0,36,상해없음,승용,1,53,경상,30.0,30.0
5865,2021111100100464,17,목요일,서울외곽순환,경기도,경상사고,0,0,1,0,차대차 - 측면충돌,안전운전불이행,-,맑음,단일로 - 기타,승용,1,54,상해없음,승용,0,32,경상,50.0,50.0
5866,2021111100100613,21,목요일,서울외곽순환,경기도,중상사고,0,2,1,0,차대차 - 추돌,기타,-,맑음,단일로 - 기타,승용,0,60,중상,화물,0,48,경상,50.0,50.0
5867,2021111100100654,23,목요일,서울외곽순환,인천광역시,경상사고,0,0,2,0,차대차 - 추돌,안전운전불이행,-,맑음,단일로 - 고가도로위,승용,0,32,상해없음,승용,0,40,경상,30.0,30.0
5868,2021111200100264,12,금요일,서울외곽순환,인천광역시,중상사고,0,1,1,0,차대차 - 추돌,안전운전불이행,-,맑음,단일로 - 기타,승용,0,35,상해없음,승용,0,54,중상,30.0,30.0
5869,2021111200100490,18,금요일,서울외곽순환,경기도,경상사고,0,0,2,0,차대차 - 기타,안전거리미확보,-,맑음,단일로 - 기타,승합,0,34,상해없음,승용,0,56,경상,30.0,30.0
5870,2021111200100569,19,금요일,서울외곽순환,경기도,경상사고,0,0,1,0,차대차 - 측면충돌,안전거리미확보,-,맑음,단일로 - 기타,화물,0,56,상해없음,승용,0,31,경상,50.0,50.0
5871,2021111300100124,8,토요일,서울외곽순환,서울특별시,경상사고,0,0,2,0,차대차 - 측면충돌,신호위반,-,맑음,단일로 - 기타,승용,1,58,상해없음,승용,0,40,경상,50.0,50.0
5872,2021111300100148,9,토요일,서울외곽순환,서울특별시,경상사고,0,0,2,2,차대차 - 측면충돌,안전거리미확보,-,맑음,단일로 - 기타,승용,0,58,상해없음,승용,0,33,경상,50.0,50.0
5873,2021111300100185,10,토요일,서울외곽순환,경기도,경상사고,0,0,1,0,차대차 - 측면충돌,과속,-,맑음,단일로 - 기타,승용,0,37,상해없음,승용,0,39,경상,30.0,30.0
5874,2021111300100424,16,토요일,서울외곽순환,경기도,경상사고,0,0,1,0,차대차 - 측면충돌,안전거리미확보,-,맑음,단일로 - 기타,승용,0,39,상해없음,승용,1,61,경상,30.0,30.0
5875,2021111300100507,18,토요일,서울외곽순환,경기도,경상사고,0,0,2,0,차대차 - 측면충돌,신호위반,-,맑음,단일로 - 기타,승용,0,60,상해없음,승용,0,39,경상,50.0,50.0
5876,2021111400100387,18,일요일,서울외곽순환,경기도,경상사고,0,0,1,1,차대차 - 추돌,안전거리미확보,-,맑음,단일로 - 기타,승용,0,26,상해없음,승용,0,64,경상,20.0,20.0
5877,2021111500100118,8,월요일,서울외곽순환,경기도,경상사고,0,0,2,0,차대차 - 측면충돌,안전거리미확보,-,맑음,단일로 - 기타,화물,0,34,상해없음,승용,0,54,경상,30.0,30.0
5878,2021111500100147,9,월요일,서울외곽순환,경기도,경상사고,0,0,1,0,차대차 - 측면충돌,차로위반,-,맑음,단일로 - 기타,화물,0,64,상해없음,승용,0,40,경상,60.0,60.0
5879,2021111600100067,6,화요일,서울외곽순환,인천광역시,경상사고,0,0,1,0,차대차 - 측면충돌,안전거리미확보,-,맑음,단일로 - 기타,승용,0,81,상해없음,화물,0,59,경상,70.0,70.0
5880,2021111600100069,6,화요일,서울외곽순환,경기도,경상사고,0,0,1,0,차대차 - 추돌,안전거리미확보,-,맑음,단일로 - 기타,승용,0,65,상해없음,승용,0,74,경상,60.0,60.0
5881,2021111600100318,13,화요일,서울외곽순환,경기도,부상신고사고,0,0,0,1,차대차 - 측면충돌,안전거리미확보,-,맑음,단일로 - 기타,기타불명,2,0,기타불명,승용,0,38,부상신고,20.0,20.0
5882,2021111600100427,16,화요일,서울외곽순환,경기도,경상사고,0,0,3,0,차대차 - 기타,안전거리미확보,-,맑음,단일로 - 기타,승용,1,23,경상,승용,1,27,상해없음,20.0,20.0
5883,2021111600100564,19,화요일,서울외곽순환,경기도,경상사고,0,0,1,0,차량단독 - 공작물충돌,안전운전불이행,-,맑음,단일로 - 기타,화물,0,59,상해없음,기타불명,2,0,기타불명,50.0,50.0
5884,2021111600100622,22,화요일,서울외곽순환,인천광역시,중상사고,0,1,0,0,차대차 - 추돌,안전거리미확보,-,맑음,단일로 - 교량,승용,0,38,상해없음,승용,1,21,중상,30.0,30.0
5885,2021111700100239,11,수요일,서울외곽순환,경기도,경상사고,0,0,1,0,차대차 - 추돌,안전운전불이행,-,맑음,단일로 - 기타,화물,0,59,상해없음,승용,0,61,경상,50.0,50.0
5886,2021111800100136,9,목요일,서울외곽순환,경기도,경상사고,0,0,2,0,차대차 - 기타,안전운전불이행,-,맑음,단일로 - 기타,화물,0,61,상해없음,승용,0,57,경상,,
5887,2021111800100225,11,목요일,서울외곽순환,경기도,경상사고,0,0,1,0,차대차 - 측면충돌,안전운전불이행,-,맑음,단일로 - 기타,화물,0,73,상해없음,승용,0,44,경상,70.0,70.0
5888,2021111800100400,17,목요일,서울외곽순환,경기도,경상사고,0,0,1,0,차대차 - 추돌,안전운전불이행,-,맑음,기타 - 기타,승용,1,53,상해없음,승용,0,25,경상,50.0,50.0
5889,2021111800100436,17,목요일,서울외곽순환,경기도,경상사고,0,0,1,0,차대차 - 측면충돌,안전거리미확보,-,맑음,단일로 - 교량,승용,0,26,상해없음,화물,0,39,경상,20.0,20.0
5890,2021111900100215,11,금요일,서울외곽순환,경기도,경상사고,0,0,1,0,차대차 - 추돌,안전운전불이행,-,맑음,기타 - 기타,승용,0,71,상해없음,화물,0,37,경상,70.0,70.0
5891,2021111900100433,17,금요일,서울외곽순환,경기도,경상사고,0,0,1,0,차대차 - 기타,안전운전불이행,-,맑음,단일로 - 기타,기타불명,2,0,기타불명,승용,0,34,경상,20.0,20.0
5892,2021111900100469,17,금요일,서울외곽순환,경기도,경상사고,0,0,1,0,차대차 - 추돌,안전거리미확보,-,맑음,단일로 - 기타,승용,0,36,상해없음,승용,1,34,경상,30.0,30.0
5893,2021111900100572,19,금요일,서울외곽순환,인천광역시,경상사고,0,0,2,0,차대차 - 측면충돌,안전거리미확보,-,맑음,단일로 - 교량,승용,1,34,상해없음,승용,0,51,경상,30.0,30.0
5894,2021112000100246,13,토요일,서울외곽순환,경기도,경상사고,0,0,1,0,차대차 - 기타,안전운전불이행,-,맑음,단일로 - 교량,승용,0,43,상해없음,승용,0,38,경상,40.0,40.0
5895,2021112000100341,15,토요일,서울외곽순환,인천광역시,경상사고,0,0,2,0,차대차 - 추돌,안전거리미확보,-,맑음,단일로 - 교량,승용,1,46,상해없음,승용,1,44,경상,40.0,40.0
5896,2021112000100348,15,토요일,서울외곽순환,경기도,경상사고,0,0,1,0,차대차 - 기타,안전거리미확보,-,맑음,단일로 - 기타,승용,0,57,상해없음,승용,1,24,경상,50.0,50.0
5897,2021112000100417,17,토요일,서울외곽순환,경기도,경상사고,0,0,2,0,차대차 - 기타,안전운전불이행,-,맑음,단일로 - 기타,승용,0,55,상해없음,승용,0,59,경상,50.0,50.0
5898,2021112000100497,19,토요일,서울외곽순환,경기도,중상사고,0,1,1,0,차대차 - 추돌,안전거리미확보,-,맑음,단일로 - 기타,화물,0,56,상해없음,승용,1,32,중상,50.0,50.0
5899,2021112000100525,20,토요일,서울외곽순환,경기도,경상사고,0,0,1,0,차대차 - 추돌,안전운전불이행,-,맑음,단일로 - 교량,승용,0,44,상해없음,승용,0,27,경상,40.0,40.0
5900,2021112100100259,15,일요일,서울외곽순환,경기도,경상사고,0,0,1,0,차대차 - 측면충돌,안전운전불이행,-,맑음,단일로 - 기타,승용,1,27,상해없음,화물,0,62,경상,20.0,20.0
5901,2021112100100263,15,일요일,서울외곽순환,경기도,경상사고,0,0,1,0,차대차 - 측면충돌,안전운전불이행,-,맑음,단일로 - 기타,승용,0,51,상해없음,화물,0,60,경상,,
5902,2021112100100392,19,일요일,서울외곽순환,경기도,경상사고,0,0,2,0,차대차 - 추돌,안전운전불이행,-,맑음,단일로 - 기타,승용,0,43,상해없음,승용,0,33,경상,40.0,40.0
5903,2021112200100456,17,월요일,서울외곽순환,서울특별시,중상사고,0,1,0,0,차대차 - 측면충돌,안전거리미확보,-,맑음,단일로 - 교량,화물,0,59,기타불명,승용,0,36,중상,50.0,50.0
5904,2021112200100603,22,월요일,서울외곽순환,경기도,경상사고,0,0,1,0,차대차 - 측면충돌,안전거리미확보,-,맑음,단일로 - 기타,승합,0,34,상해없음,화물,0,46,경상,30.0,30.0
5905,2021112300100555,21,화요일,서울외곽순환,경기도,중상사고,0,1,0,0,차대차 - 기타,안전운전불이행,-,맑음,단일로 - 교량,승용,0,43,중상,승용,0,62,상해없음,40.0,40.0
5906,2021112400100184,11,수요일,서울외곽순환,경기도,중상사고,0,2,2,0,차대차 - 추돌,안전운전불이행,-,맑음,단일로 - 기타,화물,0,40,상해없음,승용,1,54,중상,30.0,30.0