,사고번호,사고일시,요일,도로종류,시군구,사고내용,사망자수,중상자수,경상자수,부상신고자수,사고유형,법규위반,노면상태,기상상태,도로형태,가해운전자 차종,가해운전자 성별,가해운전자 연령,가해운전자 상해정도,피해운전자 차종,피해운전자 성별,피해운전자 연령,피해운전자 상해정도,연령대,가해연령대
5907,2021112400100185,11,수요일,서울외곽순환,경기도,경상사고,0,0,1,0,차대차 - 측면충돌,안전거리미확보,-,맑음,단일로 - 기타,승용,0,40,기타불명,승용,0,53,경상,30.0,30.0
5908,2021112400100514,20,수요일,서울외곽순환,경기도,중상사고,0,1,0,0,차대차 - 추돌,안전운전불이행,-,맑음,단일로 - 기타,화물,0,47,상해없음,승용,0,52,중상,40.0,40.0
5909,2021112500100195,10,목요일,서울외곽순환,경기도,경상사고,0,0,1,0,차대차 - 측면충돌,안전거리미확보,-,맑음,단일로 - 기타,승용,1,44,상해없음,승용,0,52,경상,40.0,40.0
5910,2021112500100239,11,목요일,서울외곽순환,경기도,경상사고,0,0,1,0,차대차 - 측면충돌,안전운전불이행,-,맑음,단일로 - 기타,화물,0,39,경상,승용,0,65,상해없음,30.0,30.0
5911,2021112600100069,6,금요일,서울외곽순환,경기도,경상사고,0,0,1,0,차대차 - 측면충돌,안전거리미확보,-,맑음,단일로 - 교량,기타불명,2,0,기타불명,승용,0,59,상해없음,20.0,20.0
5912,2021112600100155,8,금요일,서울외곽순환,경기도,경상사고,0,0,1,0,차대차 - 추돌,안전운전불이행,-,맑음,단일로 - 기타,화물,0,50,상해없음,승용,1,37,경상,40.0,40.0
5913,2021112600100412,15,금요일,서울외곽순환,경기도,경상사고,0,0,1,0,차대차 - 측면충돌,안전운전불이행,-,맑음,단일로 - 기타,승용,0,72,상해없음,특수,0,69,상해없음,70.0,70.0
5914,2021112700100096,9,토요일,서울외곽순환,경기도,경상사고,0,0,2,0,차대차 - 기타,안전거리미확보,-,맑음,단일로 - 기타,승용,0,72,상해없음,특수,0,54,경상,70.0,70.0
5915,2021112700100268,13,토요일,서울외곽순환,경기도,경상사고,0,0,4,0,차대차 - 기타,신호위반,-,맑음,단일로 - 교량,승용,0,42,상해없음,승용,0,31,경상,40.0,40.0
5916,2021112900100398,16,월요일,서울외곽순환,경기도,경상사고,0,0,1,0,차대차 - 측면충돌,차로위반,-,맑음,단일로 - 기타,승용,0,64,상해없음,승용,0,27,경상,60.0,60.0
5917,2021112900100440,17,월요일,서울외곽순환,경기도,경상사고,0,0,1,0,차대차 - 측면충돌,안전거리미확보,-,맑음,단일로 - 기타,특수,0,46,상해없음,승용,0,63,경상,40.0,40.0
5918,2021112900100539,19,월요일,서울외곽순환,경기도,경상사고,0,0,1,0,차대차 - 기타,안전거리미확보,-,맑음,단일로 - 기타,화물,0,45,상해없음,화물,0,66,경상,40.0,40.0
5919,2021120100100012,0,수요일,서울외곽순환,경기도,경상사고,0,0,1,0,차대차 - 추돌,안전운전불이행,-,맑음,단일로 - 기타,승용,1,34,상해없음,승용,0,36,경상,30.0,30.0
5920,2021120100100427,17,수요일,서울외곽순환,인천광역시,경상사고,0,0,1,0,차대차 - 측면충돌,안전운전불이행,-,맑음,단일로 - 기타,화물,0,68,상해없음,승용,1,54,경상,60.0,60.0
5921,2021120100100506,18,수요일,서울외곽순환,경기도,경상사고,0,0,1,0,차대차 - 측면충돌,안전운전불이행,-,맑음,단일로 - 기타,승용,0,45,상해없음,승용,0,48,경상,40.0,40.0
5922,2021120200100019,1,목요일,서울외곽순환,경기도,경상사고,0,0,1,0,차대차 - 추돌,안전운전불이행,-,맑음,단일로 - 기타,승용,0,41,상해없음,화물,0,43,경상,,
5923,2021120200100331,14,목요일,서울외곽순환,경기도,경상사고,0,0,1,0,차대차 - 기타,안전운전불이행,-,맑음,단일로 - 기타,승용,0,49,상해없음,화물,0,59,경상,40.0,40.0
5924,2021120300100036,4,금요일,서울외곽순환,인천광역시,중상사고,0,1,0,0,차량단독 - 공작물충돌,과속,-,비,단일로 - 교량,승용,0,63,상해없음,기타불명,2,0,기타불명,60.0,60.0
5925,2021120300100041,5,금요일,서울외곽순환,인천광역시,경상사고,0,0,1,0,차대차 - 측면충돌,안전거리미확보,-,흐림,단일로 - 교량,승용,0,27,상해없음,화물,0,67,경상,20.0,20.0
5926,2021120300100359,13,금요일,서울외곽순환,경기도,경상사고,0,0,1,0,차대차 - 측면충돌,안전운전불이행,-,맑음,단일로 - 기타,승용,1,41,상해없음,승용,1,52,경상,,
5927,2021120300100433,15,금요일,서울외곽순환,경기도,경상사고,0,0,1,0,차대차 - 측면충돌,안전거리미확보,-,맑음,단일로 - 교량,화물,0,37,상해없음,승용,0,55,경상,30.0,30.0
5928,2021120300100529,17,금요일,서울외곽순환,경기도,부상신고사고,0,0,0,1,차대차 - 추돌,안전운전불이행,-,맑음,단일로 - 기타,승용,0,75,상해없음,승용,1,36,부상신고,70.0,70.0
5929,2021120300100599,18,금요일,서울외곽순환,경기도,경상사고,0,0,2,0,차대차 - 추돌,안전거리미확보,-,맑음,단일로 - 기타,화물,0,40,상해없음,승용,0,25,경상,30.0,30.0
5930,2021120300100614,19,금요일,서울외곽순환,경기도,경상사고,0,0,2,0,차대차 - 기타,안전운전불이행,-,맑음,단일로 - 기타,승용,0,59,기타불명,승용,0,31,경상,50.0,50.0
5931,2021120400100046,2,토요일,서울외곽순환,경기도,경상사고,0,0,1,0,차대차 - 추돌,안전운전불이행,-,맑음,단일로 - 기타,승용,0,42,상해없음,화물,0,58,경상,40.0,40.0
5932,2021120400100398,18,토요일,서울외곽순환,경기도,경상사고,0,0,1,0,차대차 - 추돌,안전운전불이행,-,맑음,단일로 - 기타,승용,0,41,상해없음,승용,0,41,경상,,
5933,2021120400100545,22,토요일,서울외곽순환,경기도,경상사고,0,0,1,0,차대차 - 측면충돌,안전거리미확보,-,맑음,단일로 - 기타,승용,0,26,상해없음,승용,1,57,경상,20.0,20.0
5934,2021120500100141,11,일요일,서울외곽순환,경기도,경상사고,0,0,2,0,차대차 - 측면충돌,안전거리미확보,-,맑음,단일로 - 기타,승용,0,52,상해없음,승용,0,29,경상,50.0,50.0
5935,2021120500100176,12,일요일,서울외곽순환,서울특별시,경상사고,0,0,1,0,차대차 - 기타,안전거리미확보,-,맑음,단일로 - 기타,승용,0,28,상해없음,승용,0,38,경상,20.0,20.0
5936,2021120500100229,14,일요일,서울외곽순환,경기도,경상사고,0,0,1,0,차대차 - 측면충돌,차로위반,-,맑음,단일로 - 기타,승합,0,49,상해없음,승용,0,38,경상,40.0,40.0
5937,2021120500100304,17,일요일,서울외곽순환,경기도,중상사고,0,1,0,0,차대차 - 측면충돌,안전운전불이행,-,맑음,단일로 - 터널,승용,0,64,상해없음,승용,0,50,중상,60.0,60.0
5938,2021120500100420,21,일요일,서울외곽순환,서울특별시,경상사고,0,0,2,0,차대차 - 측면충돌,안전거리미확보,-,맑음,단일로 - 기타,승용,0,64,상해없음,승용,0,30,경상,60.0,60.0
5939,2021120600100489,19,월요일,서울외곽순환,경기도,경상사고,0,0,1,0,차대차 - 추돌,안전운전불이행,-,맑음,단일로 - 기타,화물,0,49,상해없음,승용,1,44,경상,40.0,40.0
5940,2021120600100526,21,월요일,서울외곽순환,경기도,중상사고,0,1,0,0,차대차 - 측면충돌,안전거리미확보,-,맑음,단일로 - 기타,승용,1,54,상해없음,승용,0,48,중상,50.0,50.0
5941,2021120700100042,5,화요일,서울외곽순환,인천광역시,경상사고,0,0,1,0,차대차 - 측면충돌,안전거리미확보,-,맑음,단일로 - 기타,특수,0,25,상해없음,승용,0,45,경상,20.0,20.0
5942,2021120700100221,12,화요일,서울외곽순환,경기도,경상사고,0,0,1,0,차대차 - 기타,안전거리미확보,-,맑음,단일로 - 기타,화물,0,68,상해없음,건설기계,0,58,경상,60.0,60.0
5943,2021120700100291,13,화요일,서울외곽순환,경기도,경상사고,0,0,1,0,차대차 - 측면충돌,신호위반,-,맑음,단일로 - 기타,승용,0,66,상해없음,화물,0,47,경상,60.0,60.0
5944,2021120800100054,6,수요일,서울외곽순환,서울특별시,사망사고,1,0,0,0,차대차 - 추돌,안전운전불이행,-,맑음,단일로 - 기타,화물,0,60,사망,승합,0,51,상해없음,50.0,50.0
5945,2021120800100241,12,수요일,서울외곽순환,경기도,경상사고,0,0,1,0,차대차 - 추돌,안전운전불이행,-,맑음,단일로 - 기타,승용,0,65,상해없음,승용,0,43,경상,60.0,60.0
5946,2021120900100070,7,목요일,서울외곽순환,인천광역시,경상사고,0,0,1,0,차대차 - 측면충돌,안전거리미확보,-,맑음,단일로 - 기타,특수,0,57,상해없음,승용,0,47,경상,50.0,50.0
5947,2021120900100524,22,목요일,서울외곽순환,경기도,경상사고,0,0,1,0,차대차 - 추돌,안전운전불이행,-,맑음,단일로 - 기타,승용,0,31,상해없음,승용,0,43,경상,,
5948,2021121000100159,9,금요일,서울외곽순환,경기도,경상사고,0,0,1,0,차대차 - 기타,안전운전불이행,-,맑음,단일로 - 기타,승용,0,30,상해없음,승용,0,50,경상,20.0,20.0
5949,2021121000100559,19,금요일,서울외곽순환,경기도,경상사고,0,0,1,0,차대차 - 추돌,안전거리미확보,-,맑음,단일로 - 기타,승용,1,47,상해없음,승용,0,33,경상,40.0,40.0
5950,2021121000100604,21,금요일,서울외곽순환,인천광역시,경상사고,0,0,1,0,차대차 - 측면충돌,신호위반,-,맑음,단일로 - 기타,승합,0,45,상해없음,승용,1,26,경상,40.0,40.0
5951,2021121100100075,6,토요일,서울외곽순환,경기도,경상사고,0,0,2,0,차대차 - 측면충돌,안전운전불이행,-,맑음,단일로 - 기타,승용,1,28,상해없음,승용,0,29,경상,20.0,20.0
5952,2021121200100118,11,일요일,서울외곽순환,경기도,경상사고,0,0,2,0,차대차 - 후진중충돌,불법유턴,-,맑음,단일로 - 기타,승용,0,56,상해없음,승용,0,25,경상,50.0,50.0
5953,2021121300100526,19,월요일,서울외곽순환,경기도,경상사고,0,0,1,0,차대차 - 측면충돌,안전거리미확보,-,맑음,단일로 - 기타,특수,0,60,상해없음,승용,0,22,경상,50.0,50.0
5954,2021121300100584,22,월요일,서울외곽순환,경기도,경상사고,0,0,1,0,차대차 - 추돌,안전운전불이행,-,맑음,단일로 - 기타,승용,0,39,상해없음,승용,1,38,경상,30.0,30.0
5955,2021121500100436,18,수요일,서울외곽순환,경기도,경상사고,0,0,3,0,차대차 - 기타,안전거리미확보,-,맑음,단일로 - 기타,화물,0,50,상해없음,승용,0,33,경상,40.0,40.0
5956,2021121500100466,18,수요일,서울외곽순환,경기도,경상사고,0,0,1,0,차대차 - 추돌,차로위반,-,맑음,단일로 - 기타,화물,0,58,상해없음,화물,0,57,경상,50.0,50.0
5957,2021121500100479,18,수요일,서울외곽순환,경기도,중상사고,0,1,2,0,차대차 - 추돌,안전운전불이행,-,맑음,단일로 - 기타,승용,0,51,상해없음,승용,1,55,중상,,
5958,2021121500100531,19,수요일,서울외곽순환,경기도,경상사고,0,0,1,0,차대차 - 측면충돌,안전운전불이행,-,맑음,단일로 - 기타,건설기계,0,65,상해없음,승용,1,35,경상,60.0,60.0
5959,2021121600100323,16,목요일,서울외곽순환,경기도,경상사고,0,0,1,0,차대차 - 추돌,안전거리미확보,-,맑음,단일로 - 기타,승용,0,74,상해없음,승용,1,25,경상,70.0,70.0
5960,2021121700100252,13,금요일,서울외곽순환,경기도,경상사고,0,0,3,0,차대차 - 추돌,안전운전불이행,-,맑음,단일로 - 기타,승용,1,37,상해없음,승용,0,54,경상,30.0,30.0
5961,2021121700100389,16,금요일,서울외곽순환,경기도,중상사고,0,1,0,0,차대차 - 측면충돌,안전거리미확보,-,맑음,단일로 - 기타,특수,0,55,상해없음,승용,0,58,중상,50.0,50.0
5962,2021121700100575,19,금요일,서울외곽순환,경기도,경상사고,0,0,1,0,차대차 - 추돌,안전운전불이행,-,맑음,단일로 - 기타,승용,1,52,상해없음,승용,0,29,경상,50.0,50.0
5963,2021121700100576,19,금요일,서울외곽순환,경기도,경상사고,0,0,2,0,차대차 - 측면충돌,안전거리미확보,-,맑음,단일로 - 기타,승용,0,60,상해없음,승용,1,47,경상,50.0,50.0
5964,2021121800100077,5,토요일,서울외곽순환,서울특별시,중상사고,0,1,0,0,차량단독 - 도로외이탈 - 추락,안전운전불이행,-,맑음,단일로 - 기타,특수,0,26,중상,기타불명,2,0,기타불명,20.0,20.0
5965,2021121800100355,15,토요일,서울외곽순환,서울특별시,중상사고,0,1,0,1,차대차 - 추돌,신호위반,-,맑음,단일로 - 터널,승용,0,35,상해없음,승용,0,42,중상,30.0,30.0
5966,2021121900100235,17,일요일,서울외곽순환,경기도,경상사고,0,0,1,0,차대차 - 추돌,안전운전불이행,-,맑음,단일로 - 기타,승용,0,23,상해없음,승용,1,52,경상,20.0,20.0
5967,2021121900100239,17,일요일,서울외곽순환,경기도,중상사고,0,2,0,0,차대차 - 추돌,안전운전불이행,-,맑음,단일로 - 기타,승용,1,57,상해없음,승용,0,44,중상,50.0,50.0
5968,2021122000100022,6,월요일,서울외곽순환,경기도,경상사고,0,0,1,0,차대차 - 기타,안전운전불이행,-,비,단일로 - 기타,승용,0,40,상해없음,승용,0,30,경상,30.0,30.0
5969,2021122000100427,17,월요일,서울외곽순환,경기도,중상사고,0,1,0,0,차대차 - 측면충돌,신호위반,-,맑음,단일로 - 기타,승용,1,46,상해없음,화물,0,60,중상,40.0,40.0
5970,2021122100100459,19,화요일,서울외곽순환,경기도,경상사고,0,0,3,1,차대차 - 추돌,안전운전불이행,-,맑음,단일로 - 기타,승용,0,51,상해없음,승합,0,49,경상,,
5971,2021122200100160,10,수요일,서울외곽순환,경기도,부상신고사고,0,0,0,1,차대차 - 기타,안전거리미확보,-,맑음,단일로 - 교량,건설기계,0,59,상해없음,승용,1,64,상해없음,50.0,50.0
5972,2021122200100195,11,수요일,서울외곽순환,경기도,경상사고,0,0,1,0,차대차 - 기타,안전운전불이행,-,맑음,단일로 - 기타,화물,0,56,상해없음,승용,0,62,경상,50.0,50.0
5973,2021122200100425,17,수요일,서울외곽순환,경기도,경상사고,0,0,3,0,차대차 - 추돌,안전거리미확보,-,맑음,단일로 - 기타,승용,1,42,경상,화물,0,39,상해없음,40.0,40.0
5974,2021122300100177,11,목요일,서울외곽순환,경기도,경상사고,0,0,1,0,차대차 - 추돌,안전운전불이행,-,맑음,단일로 - 기타,승용,0,61,상해없음,승용,0,19,경상,,
5975,2021122300100178,11,목요일,서울외곽순환,경기도,경상사고,0,0,1,0,차대차 - 측면충돌,안전운전불이행,-,맑음,단일로 - 기타,승용,0,40,상해없음,화물,0,66,경상,30.0,30.0
5976,2021122300100211,12,목요일,서울외곽순환,경기도,중상사고,0,1,0,0,차대사람 - 기타,안전운전불이행,-,맑음,단일로 - 기타,기타불명,2,0,기타불명,보행자,1,70,중상,20.0,20.0
5977,2021122300100566,23,목요일,서울외곽순환,경기도,경상사고,0,0,1,0,차량단독 - 기타,안전운전불이행,-,맑음,기타 - 기타,승용,0,62,상해없음,기타불명,2,0,기타불명,60.0,60.0
5978,2021122400100150,10,금요일,서울외곽순환,경기도,경상사고,0,0,2,0,차대차 - 측면충돌,안전거리미확보,-,맑음,단일로 - 기타,승용,0,57,상해없음,화물,0,42,경상,50.0,50.0
5979,2021122400100181,11,금요일,서울외곽순환,경기도,경상사고,0,0,2,0,차대차 - 추돌,안전거리미확보,-,맑음,교차로 - 교차로안,화물,0,45,상해없음,승용,1,54,경상,40.0,40.0
5980,2021122400100236,13,금요일,서울외곽순환,인천광역시,중상사고,0,2,0,0,차대차 - 측면충돌,안전거리미확보,-,눈,단일로 - 교량,화물,0,69,상해없음,승용,1,52,중상,60.0,60.0
5981,2021122500100040,6,토요일,서울외곽순환,경기도,경상사고,0,0,1,0,차대차 - 측면충돌,안전운전불이행,-,맑음,단일로 - 기타,승용,1,30,상해없음,화물,0,43,경상,20.0,20.0
5982,2021122500100064,9,토요일,서울외곽순환,경기도,경상사고,0,0,1,1,차대차 - 측면충돌,신호위반,-,맑음,단일로 - 고가도로위,승용,0,51,부상신고,승합,1,48,경상,,
5983,2021122800100004,0,화요일,서울외곽순환,경기도,경상사고,0,0,1,0,차대차 - 추돌,안전운전불이행,-,맑음,단일로 - 기타,승용,0,38,상해없음,승용,1,39,경상,30.0,30.0
5984,2021122800100168,10,화요일,서울외곽순환,경기도,경상사고,0,0,1,0,차대차 - 측면충돌,안전거리미확보,-,맑음,단일로 - 기타,화물,0,66,상해없음,승용,0,30,경상,60.0,60.0
5985,2021122800100354,17,화요일,서울외곽순환,경기도,경상사고,0,0,2,0,차대차 - 추돌,안전운전불이행,-,맑음,단일로 - 기타,승용,0,24,상해없음,승용,0,40,경상,20.0,20.0
5986,2021122800100511,21,화요일,서울외곽순환,서울특별시,경상사고,0,0,1,0,차대차 - 추돌,안전운전불이행,-,맑음,단일로 - 기타,승용,0,38,상해없음,승용,0,29,경상,30.0,30.0
5987,2021122800100551,23,화요일,서울외곽순환,경기도,경상사고,0,0,1,0,차대차 - 추돌,안전운전불이행,-,맑음,단일로 - 기타,승용,0,40,상해없음,화물,0,50,경상,30.0,30.0
5988,2021122900100195,12,수요일,서울외곽순환,서울특별시,경상사고,0,0,2,0,차대차 - 추돌,안전운전불이행,-,맑음,단일로 - 기타,승용,0,23,상해없음,승용,0,72,경상,20.0,20.0
5989,2021123000100124,10,목요일,서울외곽순환,경기도,경상사고,0,0,1,0,차대차 - 측면충돌,안전거리미확보,-,맑음,단일로 - 기타,승용,0,73,상해없음,화물,0,47,경상,70.0,70.0
5990,2021123000100380,17,목요일,서울외곽순환,서울특별시,경상사고,0,0,1,0,차대차 - 기타,안전운전불이행,-,맑음,단일로 - 기타,승용,0,56,상해없음,승용,0,33,경상,50.0,50.0
5991,2021123000100561,21,목요일,서울외곽순환,경기도,부상신고사고,0,0,0,1,차대차 - 측면충돌,안전거리미확보,-,맑음,단일로 - 기타,승용,0,52,상해없음,승용,0,35,부상신고,50.0,50.0
5992,2021123100100080,8,금요일,서울외곽순환,경기도,경상사고,0,0,1,0,차대차 - 측면충돌,안전거리미확보,-,맑음,단일로 - 기타,승용,0,62,상해없음,화물,0,51,경상,60.0,60.0
5993,2021123100100224,13,금요일,서울외곽순환,경기도,경상사고,0,0,1,0,차대차 - 측면충돌,안전거리미확보,-,맑음,단일로 - 기타,승용,0,43,상해없음,승용,0,67,경상,40.0,40.0
5994,2021123100100522,19,금요일,서울외곽순환,경기도,경상사고,0,0,3,0,차대차 - 기타,안전거리미확보,-,맑음,단일로 - 기타,승용,0,50,상해없음,승용,0,32,경상,40.0,40.0
5995,2020011900100439,22,일요일,서울외곽(램프),인천광역시,경상사고,0,0,1,0,차대차 - 측면충돌,과속,포장 - 건조,맑음,단일로 - 교량,승용,0,35,상해없음,승용,0,45,경상,30.0,30.0
5996,2020020500100067,6,수요일,서울외곽(램프),경기도,경상사고,0,0,2,0,차대차 - 추돌,안전거리미확보,포장 - 건조,맑음,단일로 - 교량,승용,0,33,상해없음,화물,0,68,경상,30.0,30.0
5997,2020021400100539,19,금요일,서울외곽(램프),경기도,경상사고,0,0,1,0,차대차 - 정면충돌,안전운전불이행,포장 - 건조,맑음,단일로 - 기타,승용,0,37,상해없음,승용,1,29,경상,30.0,30.0
5998,2020032100100297,14,토요일,서울외곽(램프),경기도,사망사고,1,1,3,0,차대차 - 추돌,안전운전불이행,포장 - 건조,맑음,단일로 - 기타,화물,0,30,사망,화물,0,74,중상,20.0,20.0
5999,2020052800100028,2,목요일,서울외곽(램프),인천광역시,경상사고,0,0,1,0,차대차 - 추돌,안전거리미확보,포장 - 건조,맑음,단일로 - 기타,건설기계,0,52,상해없음,승용,0,47,경상,50.0,50.0
6000,2020082700100034,4,목요일,서울외곽(램프),경기도,경상사고,0,0,4,0,차대차 - 추돌,안전운전불이행,포장 - 젖음/습기,비,단일로 - 교량,승용,0,31,상해없음,승용,1,64,경상,,
6001,2020091200100591,22,토요일,서울외곽(램프),경기도,경상사고,0,0,2,0,차대차 - 추돌,안전거리미확보,포장 - 건조,흐림,단일로 - 기타,승용,0,44,상해없음,승용,0,27,경상,40.0,40.0
6002,2019030200100155,11,토요일,서천공주,충청남도,중상사고,0,2,1,0,차대차 - 기타,안전운전불이행,포장 - 건조,맑음,기타 - 기타,승용,0,47,상해없음,승용,0,36,경상,40.0,40.0
6003,2019031600100433,16,토요일,서천공주,충청남도,경상사고,0,0,1,0,차대차 - 기타,안전운전불이행,포장 - 건조,맑음,단일로 - 기타,승용,0,25,경상,승용,1,47,상해없음,20.0,20.0
6004,2019050400100201,10,토요일,서천공주,충청남도,중상사고,0,1,0,0,차대차 - 추돌,안전운전불이행,포장 - 건조,맑음,단일로 - 기타,승용,0,61,상해없음,승용,0,39,상해없음,,
6005,2019073100100070,5,수요일,서천공주,충청남도,중상사고,0,1,0,0,차대차 - 추돌,안전운전불이행,포장 - 건조,맑음,단일로 - 기타,특수,0,55,상해없음,화물,0,59,중상,50.0,50.0
6006,2019082800100541,19,수요일,서천공주,충청남도,경상사고,0,0,2,0,차대차 - 측면충돌,안전운전불이행,포장 - 건조,맑음,단일로 - 기타,화물,0,59,상해없음,승용,0,58,경상,50.0,50.0
6007,2019092900100570,22,일요일,서천공주,충청남도,사망사고,1,1,0,0,차대차 - 기타,과속,포장 - 건조,맑음,단일로 - 기타,승용,0,55,상해없음,승용,0,39,사망,50.0,50.0
6008,2019102800100099,7,월요일,서천공주,충청남도,중상사고,0,2,0,0,차대차 - 추돌,안전운전불이행,포장 - 건조,맑음,단일로 - 기타,승용,0,61,중상,화물,0,45,상해없음,,
6009,2019121300100740,22,금요일,서천공주,충청남도,경상사고,0,0,1,0,차대차 - 측면충돌,안전운전불이행,포장 - 젖음/습기,비,단일로 - 기타,승용,0,57,상해없음,승용,0,47,경상,50.0,50.0
6010,2020043000100525,20,목요일,서천공주,충청남도,경상사고,0,0,2,0,차대차 - 추돌,안전운전불이행,포장 - 건조,맑음,단일로 - 기타,화물,0,42,상해없음,승용,0,25,경상,40.0,40.0
6011,2020050100100319,15,금요일,서천공주,충청남도,경상사고,0,0,2,0,차대차 - 측면충돌,차로위반,포장 - 건조,맑음,단일로 - 기타,승용,0,52,상해없음,승용,0,37,경상,50.0,50.0
6012,2020091400100227,11,월요일,서천공주,충청남도,경상사고,0,0,1,0,차량단독 - 기타,안전운전불이행,포장 - 건조,맑음,단일로 - 기타,화물,0,37,경상,기타불명,2,0,기타불명,30.0,30.0
6013,2020100300100117,11,토요일,서천공주,충청남도,경상사고,0,0,1,0,차대차 - 기타,안전운전불이행,포장 - 건조,맑음,단일로 - 기타,승용,0,44,상해없음,화물,0,27,경상,40.0,40.0
6014,2020123100100552,21,목요일,서천공주,충청남도,경상사고,0,0,2,0,차대차 - 추돌,차로위반,포장 - 건조,흐림,단일로 - 기타,승용,0,28,상해없음,승용,0,28,경상,20.0,20.0
6015,2021030100100337,19,월요일,서천공주,충청남도,사망사고,1,0,0,0,차대차 - 추돌,안전운전불이행,-,비,기타 - 기타,화물,0,46,사망,특수,0,46,상해없음,40.0,40.0
6016,2021032300100385,17,화요일,서천공주,충청남도,중상사고,0,2,0,0,차대차 - 추돌,안전운전불이행,-,맑음,단일로 - 기타,승합,0,59,상해없음,승용,0,27,상해없음,50.0,50.0
6017,2021043000100664,22,금요일,서천공주,충청남도,경상사고,0,0,2,0,차대차 - 기타,안전운전불이행,-,맑음,단일로 - 기타,화물,0,55,상해없음,승용,0,53,경상,50.0,50.0
6018,2021051100100021,2,화요일,서천공주,충청남도,경상사고,0,0,2,0,차대차 - 기타,안전운전불이행,-,비,단일로 - 기타,화물,0,50,상해없음,승용,1,52,경상,40.0,40.0
6019,2021053100100071,8,월요일,서천공주,충청남도,경상사고,0,0,1,0,차대차 - 추돌,안전운전불이행,-,맑음,기타 - 기타,화물,0,46,상해없음,승용,1,29,경상,40.0,40.0
6020,2021072800100329,15,수요일,서천공주,충청남도,중상사고,0,2,0,0,차대차 - 측면충돌,안전운전불이행,-,맑음,단일로 - 기타,승용,0,57,상해없음,승용,1,38,중상,50.0,50.0
6021,2021073000100367,16,금요일,서천공주,충청남도,중상사고,0,1,0,0,차대차 - 추돌,안전운전불이행,-,맑음,단일로 - 터널,승용,0,44,상해없음,승용,1,47,중상,40.0,40.0
6022,2021101000100215,14,일요일,서천공주,충청남도,경상사고,0,0,3,0,차대차 - 추돌,안전거리미확보,-,맑음,단일로 - 기타,승용,0,63,상해없음,승용,0,46,경상,60.0,60.0
6023,2021102200100331,14,금요일,서천공주,충청남도,사망사고,1,0,1,0,차대차 - 추돌,안전운전불이행,-,맑음,단일로 - 기타,승용,0,31,사망,화물,0,38,기타불명,,
6024,2021103100100139,12,일요일,서천공주,충청남도,경상사고,0,0,2,0,차대차 - 기타,안전운전불이행,-,맑음,단일로 - 기타,승용,1,37,상해없음,승용,0,34,경상,30.0,30.0
6025,2019010200100028,1,수요일,서해안,경기도,중상사고,0,3,0,0,차대차 - 추돌,안전운전불이행,포장 - 건조,맑음,단일로 - 기타,승용,0,37,상해없음,화물,0,31,중상,30.0,30.0
6026,2019010800100200,11,화요일,서해안,경기도,중상사고,0,1,0,0,차대차 - 추돌,과속,포장 - 건조,맑음,단일로 - 기타,승용,0,34,상해없음,승용,0,32,중상,30.0,30.0
6027,2019011300100281,17,일요일,서해안,충청남도,경상사고,0,0,1,0,차대차 - 측면충돌,안전거리미확보,포장 - 건조,맑음,단일로 - 기타,승용,0,45,상해없음,승용,0,31,경상,40.0,40.0
6028,2019011600100512,20,수요일,서해안,충청남도,경상사고,0,0,2,0,차대차 - 기타,안전거리미확보,포장 - 건조,맑음,단일로 - 기타,화물,0,67,상해없음,승용,0,45,경상,60.0,60.0
6029,2019012100100039,2,월요일,서해안,경기도,경상사고,0,0,1,0,차대차 - 측면충돌,차로위반,포장 - 건조,맑음,단일로 - 교량,특수,0,27,상해없음,승용,0,54,경상,20.0,20.0
6030,2019012900100161,10,화요일,서해안,경기도,경상사고,0,0,1,0,차대차 - 기타,안전거리미확보,포장 - 건조,맑음,단일로 - 기타,승용,0,28,상해없음,화물,0,25,상해없음,20.0,20.0
6031,2019013000100038,2,수요일,서해안,전라북도,경상사고,0,0,2,0,차대차 - 추돌,안전운전불이행,포장 - 건조,맑음,단일로 - 기타,화물,0,36,상해없음,승용,0,32,경상,30.0,30.0
6032,2019013100100299,14,목요일,서해안,경기도,경상사고,0,0,1,0,차대차 - 추돌,안전운전불이행,포장 - 건조,맑음,단일로 - 기타,화물,0,41,상해없음,화물,0,64,경상,,
6033,2019013100100404,17,목요일,서해안,경기도,중상사고,0,1,0,0,차대차 - 측면충돌,안전운전불이행,포장 - 건조,맑음,단일로 - 기타,기타불명,2,0,기타불명,승용,0,55,중상,20.0,20.0
6034,2019013100100609,22,목요일,서해안,서울특별시,경상사고,0,0,3,0,차대차 - 측면충돌,차로위반,포장 - 건조,맑음,단일로 - 교량,승용,0,55,상해없음,승용,1,28,경상,50.0,50.0
6035,2019020200100053,1,토요일,서해안,전라남도,중상사고,0,1,2,0,차대차 - 추돌,안전운전불이행,포장 - 건조,흐림,단일로 - 기타,화물,0,44,상해없음,승용,1,48,중상,40.0,40.0
6036,2019020400100341,21,월요일,서해안,충청남도,중상사고,0,6,2,0,차대차 - 추돌,안전운전불이행,포장 - 건조,맑음,단일로 - 기타,승용,0,39,상해없음,승용,0,41,중상,30.0,30.0
6037,2019020500100057,5,화요일,서해안,경기도,중상사고,0,3,4,2,차대차 - 추돌,안전운전불이행,포장 - 건조,맑음,단일로 - 기타,승용,0,30,중상,화물,0,40,경상,20.0,20.0
6038,2019020500100331,21,화요일,서해안,전라북도,경상사고,0,0,3,0,차대차 - 추돌,안전운전불이행,포장 - 건조,흐림,단일로 - 기타,승용,0,34,상해없음,승용,0,46,경상,30.0,30.0