,사고번호,사고일시,요일,도로종류,시군구,사고내용,사망자수,중상자수,경상자수,부상신고자수,사고유형,법규위반,노면상태,기상상태,도로형태,가해운전자 차종,가해운전자 성별,가해운전자 연령,가해운전자 상해정도,피해운전자 차종,피해운전자 성별,피해운전자 연령,피해운전자 상해정도,연령대,가해연령대
6168,2019080200100411,16,금요일,서해안,경기도,경상사고,0,0,1,0,차대차 - 측면충돌,안전운전불이행,포장 - 건조,맑음,단일로 - 기타,승용,0,65,상해없음,승용,1,36,경상,60.0,60.0
6169,2019080200100607,20,금요일,서해안,경기도,경상사고,0,0,1,0,차대차 - 기타,안전운전불이행,포장 - 건조,맑음,주차장 - 주차장,화물,0,68,상해없음,승용,1,27,경상,60.0,60.0
6170,2019080300100164,10,토요일,서해안,경기도,경상사고,0,0,2,0,차대차 - 기타,안전거리미확보,포장 - 건조,맑음,단일로 - 기타,승용,1,26,상해없음,승용,0,52,경상,20.0,20.0
6171,2019080500100354,14,월요일,서해안,경기도,경상사고,0,0,6,1,차대차 - 추돌,안전운전불이행,포장 - 건조,맑음,단일로 - 기타,승용,0,66,상해없음,승합,0,35,경상,60.0,60.0
6172,2019081100100380,18,일요일,서해안,경기도,경상사고,0,0,3,0,차대차 - 추돌,안전거리미확보,포장 - 건조,맑음,단일로 - 기타,승용,0,59,상해없음,승용,0,48,경상,50.0,50.0
6173,2019081300100188,10,화요일,서해안,경기도,경상사고,0,0,1,0,차대차 - 추돌,안전운전불이행,포장 - 건조,맑음,단일로 - 기타,화물,0,48,상해없음,화물,0,49,경상,40.0,40.0
6174,2019081400100437,15,수요일,서해안,경기도,경상사고,0,0,2,0,차대차 - 추돌,안전운전불이행,포장 - 건조,맑음,단일로 - 기타,승용,0,38,상해없음,승용,0,29,경상,30.0,30.0
6175,2019081500100098,7,목요일,서해안,경기도,경상사고,0,0,2,1,차대차 - 측면충돌,안전운전불이행,포장 - 건조,맑음,단일로 - 기타,승용,0,69,부상신고,승용,0,26,경상,60.0,60.0
6176,2019081700100136,8,토요일,서해안,전라남도,중상사고,0,3,0,0,차대차 - 기타,안전운전불이행,포장 - 건조,맑음,단일로 - 기타,승용,0,51,중상,화물,0,49,중상,,
6177,2019082000100373,15,화요일,서해안,충청남도,중상사고,0,3,0,0,차대사람 - 기타,안전운전불이행,포장 - 건조,맑음,단일로 - 교량,화물,0,60,상해없음,보행자,0,48,중상,50.0,50.0
6178,2019082200100235,10,목요일,서해안,경기도,경상사고,0,0,1,0,차대차 - 추돌,안전거리미확보,포장 - 건조,맑음,단일로 - 교량,승용,0,45,상해없음,승용,1,27,경상,40.0,40.0
6179,2019082200100444,16,목요일,서해안,경기도,경상사고,0,0,1,0,차대차 - 기타,안전거리미확보,포장 - 건조,맑음,단일로 - 교량,승용,1,22,상해없음,화물,0,52,경상,20.0,20.0
6180,2019082200100543,18,목요일,서해안,경기도,중상사고,0,1,0,0,차대차 - 추돌,안전운전불이행,포장 - 건조,맑음,단일로 - 기타,화물,0,52,상해없음,승용,0,43,중상,50.0,50.0
6181,2019082300100284,12,금요일,서해안,경기도,경상사고,0,0,2,0,차대차 - 기타,안전운전불이행,포장 - 건조,맑음,단일로 - 기타,승용,0,53,상해없음,승용,0,33,경상,50.0,50.0
6182,2019082400100165,8,토요일,서해안,경기도,경상사고,0,0,1,0,차대차 - 측면충돌,안전거리미확보,포장 - 건조,맑음,단일로 - 교량,기타불명,2,0,기타불명,승용,1,32,경상,20.0,20.0
6183,2019082400100209,10,토요일,서해안,전라남도,경상사고,0,0,2,0,차대차 - 측면충돌,안전거리미확보,포장 - 건조,맑음,단일로 - 기타,승용,0,35,상해없음,승용,1,30,경상,30.0,30.0
6184,2019082500100314,15,일요일,서해안,경기도,경상사고,0,0,2,0,차대차 - 추돌,안전운전불이행,포장 - 건조,맑음,단일로 - 기타,승용,0,30,상해없음,승용,0,38,경상,20.0,20.0
6185,2019082500100445,19,일요일,서해안,경기도,경상사고,0,0,2,0,차대차 - 측면충돌,안전거리미확보,포장 - 건조,맑음,단일로 - 교량,승용,0,33,상해없음,승용,0,42,경상,30.0,30.0
6186,2019082900100075,6,목요일,서해안,전라남도,중상사고,0,1,2,0,차대차 - 기타,안전운전불이행,포장 - 건조,맑음,단일로 - 터널,승합,0,32,상해없음,승용,0,62,경상,30.0,30.0
6187,2019083000100469,16,금요일,서해안,경기도,중상사고,0,1,0,0,차대사람 - 기타,안전운전불이행,포장 - 건조,맑음,단일로 - 기타,화물,0,26,상해없음,보행자,0,29,중상,20.0,20.0
6188,2019083000100621,18,금요일,서해안,경기도,경상사고,0,0,1,0,차대차 - 기타,안전운전불이행,포장 - 건조,맑음,단일로 - 기타,승용,0,26,상해없음,화물,0,48,경상,20.0,20.0
6189,2019090100100335,16,일요일,서해안,경기도,경상사고,0,0,1,0,차대차 - 기타,기타,포장 - 건조,맑음,단일로 - 교량,건설기계,0,48,상해없음,승용,0,36,경상,40.0,40.0
6190,2019090500100326,13,목요일,서해안,충청남도,경상사고,0,0,1,0,차대차 - 측면충돌,안전운전불이행,포장 - 젖음/습기,흐림,단일로 - 기타,화물,0,44,상해없음,승용,0,53,경상,40.0,40.0
6191,2019090500100484,17,목요일,서해안,경기도,부상신고사고,0,0,0,2,차대차 - 추돌,안전운전불이행,포장 - 젖음/습기,비,단일로 - 기타,화물,0,55,부상신고,화물,0,56,부상신고,50.0,50.0
6192,2019090500100653,21,목요일,서해안,충청남도,중상사고,0,1,5,0,차대차 - 측면충돌,안전거리미확보,포장 - 건조,흐림,단일로 - 기타,화물,0,60,중상,승용,0,50,경상,50.0,50.0
6193,2019090600100114,8,금요일,서해안,경기도,경상사고,0,0,1,0,차대차 - 추돌,안전운전불이행,포장 - 젖음/습기,흐림,단일로 - 기타,승합,0,21,상해없음,승합,0,20,상해없음,20.0,20.0
6194,2019090900100334,12,월요일,서해안,전라북도,중상사고,0,5,15,3,차대차 - 추돌,안전운전불이행,포장 - 젖음/습기,비,단일로 - 기타,승합,0,63,상해없음,화물,0,62,경상,60.0,60.0
6195,2019090900100452,15,월요일,서해안,경기도,경상사고,0,0,1,0,차대차 - 정면충돌,안전거리미확보,포장 - 건조,맑음,단일로 - 기타,승용,0,45,상해없음,승용,0,34,경상,40.0,40.0
6196,2019091000100823,22,화요일,서해안,경기도,경상사고,0,0,1,0,차대차 - 추돌,안전운전불이행,포장 - 젖음/습기,비,단일로 - 기타,승용,0,51,상해없음,승용,1,59,경상,,
6197,2019091100100344,12,수요일,서해안,경기도,중상사고,0,2,2,1,차대차 - 측면충돌,안전운전불이행,포장 - 건조,맑음,단일로 - 기타,승용,0,40,경상,화물,0,54,경상,30.0,30.0
6198,2019091100100765,20,수요일,서해안,충청남도,중상사고,0,1,0,0,차대차 - 기타,안전운전불이행,포장 - 건조,맑음,단일로 - 기타,기타불명,2,0,기타불명,승용,0,38,중상,20.0,20.0
6199,2019091400100202,14,토요일,서해안,전라북도,경상사고,0,0,1,0,차대차 - 추돌,안전운전불이행,포장 - 건조,맑음,단일로 - 기타,승용,0,25,상해없음,승용,0,45,경상,20.0,20.0
6200,2019091400100286,17,토요일,서해안,충청남도,경상사고,0,0,3,0,차대차 - 추돌,안전운전불이행,포장 - 건조,맑음,단일로 - 기타,승용,0,27,상해없음,승용,1,42,경상,20.0,20.0
6201,2019091500100172,12,일요일,서해안,경기도,중상사고,0,1,0,0,차대차 - 기타,기타,포장 - 건조,맑음,단일로 - 기타,기타불명,2,0,기타불명,승용,0,55,상해없음,20.0,20.0
6202,2019091500100249,15,일요일,서해안,경기도,중상사고,0,1,0,0,차대차 - 기타,안전거리미확보,포장 - 건조,맑음,단일로 - 기타,승합,0,26,상해없음,승용,0,54,중상,20.0,20.0
6203,2019091600100040,0,월요일,서해안,경기도,경상사고,0,0,1,0,차대차 - 추돌,안전운전불이행,포장 - 건조,맑음,단일로 - 기타,승용,0,26,상해없음,승용,1,39,경상,20.0,20.0
6204,2019091700100270,11,화요일,서해안,전라남도,경상사고,0,0,1,0,차대차 - 기타,안전운전불이행,포장 - 건조,맑음,단일로 - 기타,화물,0,52,상해없음,승용,0,53,경상,50.0,50.0
6205,2019091800100032,0,수요일,서해안,경기도,중상사고,0,2,0,0,차량단독 - 전도전복 - 전도,안전운전불이행,포장 - 건조,맑음,단일로 - 기타,승용,0,15,상해없음,기타불명,2,0,기타불명,20.0,20.0
6206,2019091800100385,15,수요일,서해안,경기도,경상사고,0,0,1,0,차대차 - 기타,안전운전불이행,포장 - 건조,맑음,단일로 - 기타,화물,0,45,상해없음,승용,0,48,경상,40.0,40.0
6207,2019091900100293,12,목요일,서해안,경기도,경상사고,0,0,1,1,차대차 - 기타,안전운전불이행,포장 - 건조,맑음,단일로 - 기타,화물,0,35,상해없음,화물,0,42,경상,30.0,30.0
6208,2019092000100392,15,금요일,서해안,전라남도,경상사고,0,0,2,0,차대차 - 추돌,안전운전불이행,포장 - 건조,맑음,단일로 - 터널,화물,0,24,상해없음,승용,1,52,경상,20.0,20.0
6209,2019092400100532,17,화요일,서해안,충청남도,경상사고,0,0,1,0,차대차 - 추돌,안전운전불이행,포장 - 건조,맑음,단일로 - 기타,승용,0,31,상해없음,승용,0,37,경상,,
6210,2019092600100029,0,목요일,서해안,충청남도,중상사고,0,1,0,0,차대사람 - 기타,안전운전불이행,포장 - 건조,맑음,단일로 - 기타,화물,0,63,상해없음,보행자,0,31,중상,60.0,60.0
6211,2019092700100571,18,금요일,서해안,전라남도,경상사고,0,0,1,0,차대차 - 추돌,안전거리미확보,포장 - 건조,맑음,단일로 - 기타,화물,0,38,상해없음,승용,0,45,상해없음,30.0,30.0
6212,2019092700100572,18,금요일,서해안,전라남도,사망사고,1,0,0,0,차대차 - 추돌,안전운전불이행,포장 - 건조,맑음,단일로 - 기타,화물,0,62,사망,승용,0,35,기타불명,60.0,60.0
6213,2019092800100049,0,토요일,서해안,충청남도,경상사고,0,0,1,0,차량단독 - 공작물충돌,안전운전불이행,포장 - 건조,흐림,단일로 - 기타,승용,0,54,경상,기타불명,2,0,기타불명,50.0,50.0
6214,2019092800100309,12,토요일,서해안,경기도,경상사고,0,0,1,2,차대차 - 기타,안전운전불이행,포장 - 건조,맑음,단일로 - 터널,승용,0,35,부상신고,승용,0,27,경상,30.0,30.0
6215,2019092800100712,21,토요일,서해안,충청남도,사망사고,1,1,0,0,차대차 - 측면충돌,안전운전불이행,포장 - 건조,맑음,단일로 - 기타,화물,0,32,상해없음,승용,0,60,사망,30.0,30.0
6216,2019093000100163,8,월요일,서해안,경기도,경상사고,0,0,1,0,차대차 - 측면충돌,안전거리미확보,포장 - 건조,맑음,단일로 - 기타,승합,0,68,상해없음,승용,0,44,경상,60.0,60.0
6217,2019093000100289,12,월요일,서해안,충청남도,경상사고,0,0,1,0,차대차 - 기타,안전운전불이행,포장 - 건조,맑음,단일로 - 기타,승용,0,57,상해없음,승용,0,62,경상,50.0,50.0
6218,2019100200100090,6,수요일,서해안,경기도,경상사고,0,0,1,0,차대차 - 기타,안전운전불이행,포장 - 젖음/습기,비,단일로 - 기타,기타불명,2,0,기타불명,승용,0,61,경상,20.0,20.0
6219,2019100300100541,20,목요일,서해안,충청남도,경상사고,0,0,1,0,차량단독 - 기타,안전운전불이행,포장 - 건조,맑음,단일로 - 기타,승합,0,54,상해없음,기타불명,2,0,기타불명,50.0,50.0
6220,2019100600100378,17,일요일,서해안,경기도,경상사고,0,0,1,0,차대차 - 후진중충돌,안전운전불이행,포장 - 건조,맑음,단일로 - 기타,승용,0,62,상해없음,승용,1,62,경상,60.0,60.0
6221,2019100600100404,18,일요일,서해안,충청남도,중상사고,0,1,1,0,차대차 - 추돌,안전운전불이행,포장 - 건조,맑음,단일로 - 기타,승용,0,32,상해없음,승용,0,53,경상,30.0,30.0
6222,2019101000100681,21,목요일,서해안,전라북도,경상사고,0,0,1,0,차대차 - 추돌,안전운전불이행,포장 - 건조,맑음,단일로 - 기타,승용,0,57,상해없음,화물,0,35,경상,50.0,50.0
6223,2019101200100469,15,토요일,서해안,충청남도,경상사고,0,0,1,0,차대차 - 측면충돌,안전거리미확보,포장 - 건조,맑음,단일로 - 기타,승용,0,60,상해없음,승용,0,21,경상,50.0,50.0
6224,2019101200100771,23,토요일,서해안,경기도,사망사고,1,0,4,0,차대차 - 추돌,안전운전불이행,포장 - 건조,맑음,단일로 - 기타,화물,0,50,기타불명,특수,2,0,기타불명,40.0,40.0
6225,2019101200100772,23,토요일,서해안,경기도,경상사고,0,0,1,0,차대차 - 후진중충돌,안전운전불이행,포장 - 건조,맑음,기타 - 기타,승용,0,50,상해없음,승용,0,45,기타불명,40.0,40.0
6226,2019101300100143,10,일요일,서해안,경기도,경상사고,0,0,2,0,차대차 - 기타,안전운전불이행,포장 - 건조,맑음,단일로 - 기타,승용,0,63,상해없음,승용,0,81,경상,60.0,60.0
6227,2019101400100244,11,월요일,서해안,경기도,경상사고,0,0,1,0,차대차 - 추돌,안전운전불이행,포장 - 건조,맑음,단일로 - 기타,화물,0,49,상해없음,화물,0,37,경상,40.0,40.0
6228,2019101500100276,11,화요일,서해안,충청남도,사망사고,1,0,0,0,차량단독 - 전도전복 - 전복,안전운전불이행,포장 - 건조,맑음,단일로 - 기타,화물,0,59,사망,기타불명,2,0,기타불명,50.0,50.0
6229,2019101800100590,18,금요일,서해안,경기도,경상사고,0,0,1,0,차대차 - 추돌,안전운전불이행,포장 - 건조,맑음,단일로 - 기타,승용,0,68,상해없음,승용,0,35,경상,60.0,60.0
6230,2019101900100090,4,토요일,서해안,경기도,경상사고,0,0,2,0,차대차 - 추돌,안전운전불이행,포장 - 건조,맑음,단일로 - 기타,승용,0,50,상해없음,승합,0,54,경상,40.0,40.0
6231,2019101900100102,5,토요일,서해안,경기도,경상사고,0,0,1,0,차대차 - 추돌,안전운전불이행,포장 - 건조,맑음,단일로 - 기타,승용,0,60,경상,화물,0,58,상해없음,50.0,50.0
6232,2019101900100656,21,토요일,서해안,경기도,부상신고사고,0,0,0,2,차대차 - 기타,안전거리미확보,포장 - 건조,맑음,단일로 - 기타,승용,1,29,상해없음,승용,0,33,부상신고,20.0,20.0
6233,2019102200100328,13,화요일,서해안,경기도,경상사고,0,0,1,0,차대차 - 추돌,안전거리미확보,포장 - 건조,맑음,단일로 - 기타,화물,0,45,상해없음,승용,0,32,경상,40.0,40.0
6234,2019102300100323,14,수요일,서해안,경기도,경상사고,0,0,1,0,차대차 - 추돌,안전운전불이행,포장 - 건조,맑음,단일로 - 기타,승용,1,54,상해없음,화물,0,52,경상,50.0,50.0
6235,2019102400100289,12,목요일,서해안,충청남도,중상사고,0,1,0,0,차대차 - 기타,안전거리미확보,포장 - 건조,맑음,단일로 - 기타,화물,0,42,상해없음,승용,1,48,중상,40.0,40.0
6236,2019102600100249,11,토요일,서해안,경기도,부상신고사고,0,0,0,2,차대차 - 추돌,안전운전불이행,포장 - 건조,맑음,단일로 - 기타,승용,0,44,상해없음,승용,0,38,상해없음,40.0,40.0
6237,2019102700100196,10,일요일,서해안,충청남도,경상사고,0,0,8,0,차대차 - 추돌,안전운전불이행,포장 - 건조,맑음,단일로 - 기타,승용,0,68,상해없음,승용,0,30,경상,60.0,60.0
6238,2019102800100033,1,월요일,서해안,경기도,경상사고,0,0,3,0,차대차 - 추돌,안전운전불이행,포장 - 건조,맑음,단일로 - 기타,승용,0,32,상해없음,화물,0,31,경상,30.0,30.0
6239,2019102800100294,12,월요일,서해안,경기도,경상사고,0,0,1,0,차대차 - 측면충돌,안전거리미확보,포장 - 건조,맑음,단일로 - 기타,화물,0,50,상해없음,화물,0,40,경상,40.0,40.0
6240,2019103000100284,11,수요일,서해안,경기도,경상사고,0,0,1,0,차대차 - 기타,안전거리미확보,포장 - 건조,맑음,단일로 - 기타,승용,1,70,경상,화물,0,50,상해없음,60.0,60.0
6241,2019103000100494,16,수요일,서해안,경기도,경상사고,0,0,1,0,차대차 - 측면충돌,안전거리미확보,포장 - 건조,맑음,단일로 - 기타,승용,0,60,상해없음,승용,0,57,경상,50.0,50.0
6242,2019110200100266,11,토요일,서해안,경기도,중상사고,0,1,5,0,차대차 - 추돌,안전거리미확보,포장 - 건조,맑음,단일로 - 기타,승합,0,30,상해없음,승용,0,27,경상,20.0,20.0
6243,2019110300100088,5,일요일,서해안,전라북도,중상사고,0,5,2,0,차대차 - 측면충돌,안전운전불이행,포장 - 건조,흐림,단일로 - 기타,승용,0,51,경상,화물,0,52,경상,,
6244,2019110300100348,16,일요일,서해안,전라북도,경상사고,0,0,4,0,차대차 - 기타,안전거리미확보,포장 - 건조,맑음,단일로 - 기타,승용,0,47,상해없음,승용,0,55,상해없음,40.0,40.0
6245,2019110300100482,20,일요일,서해안,전라남도,경상사고,0,0,2,0,차대차 - 추돌,안전운전불이행,포장 - 건조,맑음,단일로 - 기타,승합,0,56,상해없음,승용,0,50,경상,50.0,50.0
6246,2019110300100524,22,일요일,서해안,충청남도,경상사고,0,0,1,0,차대차 - 추돌,안전운전불이행,포장 - 건조,맑음,단일로 - 교량,승용,0,54,상해없음,승용,0,25,경상,50.0,50.0
6247,2019110400100404,14,월요일,서해안,경기도,경상사고,0,0,1,0,차대차 - 측면충돌,안전거리미확보,포장 - 건조,맑음,단일로 - 기타,화물,0,64,상해없음,특수,0,59,경상,60.0,60.0
6248,2019110700100139,8,목요일,서해안,경기도,경상사고,0,0,1,0,차대차 - 추돌,안전운전불이행,포장 - 건조,맑음,단일로 - 기타,승용,0,40,상해없음,승용,0,44,경상,30.0,30.0
6249,2019110700100414,15,목요일,서해안,경기도,경상사고,0,0,3,1,차대차 - 추돌,안전운전불이행,포장 - 건조,맑음,단일로 - 기타,승용,0,40,상해없음,승용,0,51,경상,30.0,30.0
6250,2019110900100228,10,토요일,서해안,충청남도,사망사고,1,1,2,0,차대사람 - 기타,과속,포장 - 건조,맑음,기타 - 기타,승용,0,67,상해없음,보행자,0,66,사망,60.0,60.0
6251,2019110900100254,11,토요일,서해안,경기도,중상사고,0,1,5,3,차대차 - 추돌,안전운전불이행,포장 - 건조,맑음,단일로 - 기타,승용,0,41,중상,승용,0,26,경상,,
6252,2019111000100084,3,일요일,서해안,경기도,경상사고,0,0,1,1,차대차 - 측면충돌,안전거리미확보,포장 - 건조,맑음,단일로 - 기타,승용,0,28,상해없음,승용,0,60,경상,20.0,20.0
6253,2019111000100583,21,일요일,서해안,전라남도,경상사고,0,0,1,0,차대차 - 측면충돌,차로위반,포장 - 건조,맑음,단일로 - 기타,승용,0,58,상해없음,승용,0,35,경상,50.0,50.0
6254,2019111100100284,11,월요일,서해안,경기도,경상사고,0,0,1,0,차대차 - 측면충돌,안전운전불이행,포장 - 건조,맑음,단일로 - 기타,승용,1,57,상해없음,화물,0,53,경상,50.0,50.0
6255,2019111200100497,18,화요일,서해안,경기도,부상신고사고,0,0,0,1,차대차 - 기타,안전운전불이행,포장 - 건조,맑음,단일로 - 기타,승용,0,55,상해없음,승용,1,43,부상신고,50.0,50.0
6256,2019111300100142,8,수요일,서해안,전라북도,경상사고,0,0,1,0,차대차 - 측면충돌,안전운전불이행,포장 - 건조,맑음,단일로 - 기타,승용,0,72,상해없음,승용,0,39,경상,70.0,70.0
6257,2019111500100266,10,금요일,서해안,전라북도,경상사고,0,0,5,0,차대차 - 추돌,과속,포장 - 건조,맑음,단일로 - 기타,승용,0,55,경상,승합,0,58,경상,50.0,50.0
6258,2019111500100276,10,금요일,서해안,경기도,경상사고,0,0,1,0,차대차 - 추돌,안전거리미확보,포장 - 젖음/습기,비,단일로 - 기타,승용,0,61,상해없음,승용,0,51,경상,,
6259,2019111500100750,19,금요일,서해안,전라북도,사망사고,2,1,3,0,차대차 - 기타,안전운전불이행,포장 - 건조,맑음,단일로 - 기타,화물,0,30,사망,화물,0,55,사망,20.0,20.0
6260,2019111800100070,4,월요일,서해안,경기도,경상사고,0,0,3,0,차대차 - 측면충돌,안전운전불이행,포장 - 젖음/습기,비,단일로 - 기타,승용,0,54,상해없음,승합,0,56,경상,50.0,50.0
6261,2019112000100162,8,수요일,서해안,경기도,중상사고,0,2,0,0,차대차 - 추돌,안전거리미확보,포장 - 건조,맑음,단일로 - 기타,화물,0,79,상해없음,화물,1,24,중상,70.0,70.0
6262,2019112000100611,18,수요일,서해안,충청남도,경상사고,0,0,2,0,차대차 - 측면충돌,기타,포장 - 건조,맑음,단일로 - 기타,승용,0,33,경상,화물,0,39,상해없음,30.0,30.0
6263,2019112000100739,21,수요일,서해안,충청남도,경상사고,0,0,1,0,차대차 - 추돌,안전운전불이행,포장 - 건조,맑음,단일로 - 기타,화물,0,39,상해없음,특수,0,62,상해없음,30.0,30.0
6264,2019112100100566,18,목요일,서해안,경기도,경상사고,0,0,1,0,차대차 - 추돌,안전운전불이행,포장 - 건조,맑음,단일로 - 기타,승용,0,75,상해없음,승용,0,47,경상,70.0,70.0
6265,2019112100100637,19,목요일,서해안,경기도,중상사고,0,1,1,1,차대차 - 추돌,안전운전불이행,포장 - 건조,맑음,단일로 - 기타,승용,0,69,상해없음,승용,0,51,중상,60.0,60.0
6266,2019112100100650,19,목요일,서해안,전라북도,경상사고,0,0,2,0,차대차 - 추돌,안전운전불이행,포장 - 건조,맑음,단일로 - 기타,승용,0,38,상해없음,승용,0,56,경상,30.0,30.0
6267,2019112500100189,9,월요일,서해안,충청남도,중상사고,0,1,0,0,차대차 - 추돌,안전운전불이행,포장 - 건조,맑음,단일로 - 기타,화물,0,63,상해없음,승용,0,64,중상,60.0,60.0
6268,2019112700100687,23,수요일,서해안,경기도,경상사고,0,0,2,0,차대차 - 측면충돌,안전거리미확보,포장 - 건조,맑음,단일로 - 기타,승용,0,56,상해없음,승용,0,56,경상,50.0,50.0
6269,2019112900100394,14,금요일,서해안,충청남도,사망사고,1,1,0,0,차대차 - 기타,차로위반,포장 - 건조,맑음,기타 - 기타,승용,1,67,상해없음,승용,0,69,중상,60.0,60.0
6270,2019113000100141,7,토요일,서해안,경기도,경상사고,0,0,1,0,차대차 - 측면충돌,안전거리미확보,포장 - 건조,맑음,단일로 - 기타,승용,1,56,상해없음,화물,0,63,경상,50.0,50.0
6271,2019113000100221,10,토요일,서해안,전라북도,중상사고,0,1,0,0,차대사람 - 기타,안전운전불이행,포장 - 건조,맑음,기타 - 기타,승용,0,22,상해없음,보행자,0,36,중상,20.0,20.0
6272,2019120200100180,10,월요일,서해안,경기도,경상사고,0,0,2,0,차대차 - 추돌,안전운전불이행,포장 - 건조,맑음,단일로 - 기타,승용,0,65,상해없음,승용,1,24,경상,60.0,60.0
6273,2019120300100315,13,화요일,서해안,전라북도,경상사고,0,0,1,0,차대차 - 측면충돌,과속,포장 - 건조,맑음,단일로 - 기타,승용,0,60,상해없음,특수,0,55,경상,50.0,50.0
6274,2019120400100225,8,수요일,서해안,경기도,경상사고,0,0,1,0,차대차 - 측면충돌,안전거리미확보,포장 - 건조,맑음,단일로 - 기타,승용,1,55,상해없음,승용,0,48,경상,50.0,50.0
6275,2019120400100288,10,수요일,서해안,경기도,경상사고,0,0,2,0,차대차 - 기타,안전거리미확보,포장 - 건조,맑음,기타 - 기타,기타불명,2,0,기타불명,승용,0,26,경상,20.0,20.0
6276,2019120600100700,21,금요일,서해안,서울특별시,경상사고,0,0,1,0,차대차 - 후진중충돌,기타,포장 - 건조,맑음,단일로 - 교량,승용,1,46,상해없음,승용,0,40,경상,40.0,40.0
6277,2019120700100336,14,토요일,서해안,전라북도,경상사고,0,0,2,1,차대차 - 추돌,안전운전불이행,포장 - 건조,맑음,단일로 - 기타,승용,0,19,상해없음,승용,0,52,경상,20.0,20.0
6278,2019120700100432,17,토요일,서해안,경기도,중상사고,0,2,3,0,차대차 - 기타,안전운전불이행,포장 - 건조,맑음,단일로 - 기타,승용,0,61,경상,승용,1,50,경상,,
6279,2019120800100508,22,일요일,서해안,경기도,중상사고,0,2,0,0,차대차 - 추돌,안전운전불이행,포장 - 건조,맑음,단일로 - 기타,승용,0,33,상해없음,승용,0,57,중상,30.0,30.0
6280,2019121000100627,20,화요일,서해안,전라남도,경상사고,0,0,2,0,차대차 - 기타,기타,포장 - 건조,맑음,단일로 - 터널,화물,0,56,상해없음,승용,1,50,상해없음,50.0,50.0
6281,2019121300100164,8,금요일,서해안,경기도,경상사고,0,0,1,0,차대차 - 추돌,안전운전불이행,포장 - 건조,맑음,단일로 - 기타,승용,0,20,상해없음,승용,1,40,경상,20.0,20.0
6282,2019121300100423,16,금요일,서해안,경기도,중상사고,0,1,0,0,차량단독 - 공작물충돌,안전운전불이행,포장 - 건조,맑음,단일로 - 기타,승용,0,38,중상,기타불명,2,0,기타불명,30.0,30.0
6283,2019121300100545,18,금요일,서해안,경기도,경상사고,0,0,2,0,차대차 - 측면충돌,안전운전불이행,포장 - 건조,맑음,단일로 - 기타,승용,0,49,상해없음,승용,0,62,경상,40.0,40.0
6284,2019121700100429,17,화요일,서해안,경기도,경상사고,0,0,3,0,차대차 - 추돌,안전거리미확보,포장 - 건조,맑음,단일로 - 기타,화물,0,47,상해없음,승용,0,38,경상,40.0,40.0
6285,2019121800100161,9,수요일,서해안,경기도,경상사고,0,0,2,0,차대차 - 측면충돌,안전거리미확보,포장 - 건조,맑음,단일로 - 교량,화물,0,58,상해없음,승용,0,58,경상,50.0,50.0
6286,2019121800100378,17,수요일,서해안,경기도,경상사고,0,0,1,0,차대차 - 기타,안전운전불이행,포장 - 건조,맑음,단일로 - 기타,승용,0,46,상해없음,화물,0,64,경상,40.0,40.0
6287,2019121900100081,5,목요일,서해안,경기도,경상사고,0,0,1,0,차대차 - 기타,기타,포장 - 건조,맑음,단일로 - 기타,승용,0,22,상해없음,승용,0,55,경상,20.0,20.0
6288,2019121900100102,6,목요일,서해안,경기도,경상사고,0,0,3,0,차대차 - 추돌,안전거리미확보,포장 - 건조,맑음,단일로 - 기타,화물,0,48,상해없음,승용,0,41,경상,40.0,40.0
6289,2019122100100291,13,토요일,서해안,경기도,경상사고,0,0,5,0,차대차 - 기타,안전운전불이행,포장 - 건조,맑음,단일로 - 기타,건설기계,0,29,상해없음,승용,0,45,경상,20.0,20.0
6290,2019122200100177,10,일요일,서해안,경기도,경상사고,0,0,2,0,차대차 - 추돌,안전운전불이행,포장 - 건조,맑음,단일로 - 기타,승용,0,31,상해없음,승용,0,42,경상,,
6291,2019122300100070,4,월요일,서해안,충청남도,사망사고,1,1,0,0,차대차 - 추돌,안전운전불이행,포장 - 젖음/습기,비,단일로 - 기타,화물,0,55,사망,특수,0,46,상해없음,50.0,50.0
6292,2019122400100043,0,화요일,서해안,전라남도,중상사고,0,1,2,0,차량단독 - 기타,과속,포장 - 건조,맑음,단일로 - 기타,승용,0,18,상해없음,기타불명,2,0,기타불명,20.0,20.0
6293,2019122500100352,18,수요일,서해안,경기도,경상사고,0,0,2,0,차대차 - 측면충돌,안전거리미확보,포장 - 건조,맑음,단일로 - 기타,승용,0,25,상해없음,승용,0,31,경상,20.0,20.0
6294,2019122500100441,22,수요일,서해안,경기도,경상사고,0,0,3,1,차대차 - 추돌,안전운전불이행,포장 - 건조,맑음,단일로 - 기타,승용,1,28,부상신고,승용,1,52,경상,20.0,20.0
6295,2019122600100099,7,목요일,서해안,경기도,경상사고,0,0,2,0,차대차 - 측면충돌,안전거리미확보,포장 - 건조,맑음,단일로 - 기타,특수,0,49,상해없음,승용,0,63,경상,40.0,40.0
6296,2019122700100227,11,금요일,서해안,충청남도,중상사고,0,1,0,0,차대차 - 추돌,안전운전불이행,포장 - 건조,맑음,단일로 - 기타,승용,0,33,중상,화물,0,53,상해없음,30.0,30.0