,사고번호,사고일시,요일,도로종류,시군구,사고내용,사망자수,중상자수,경상자수,부상신고자수,사고유형,법규위반,노면상태,기상상태,도로형태,가해운전자 차종,가해운전자 성별,가해운전자 연령,가해운전자 상해정도,피해운전자 차종,피해운전자 성별,피해운전자 연령,피해운전자 상해정도,연령대,가해연령대
6426,2020071000100069,7,금요일,서해안,경기도,경상사고,0,0,2,0,차대차 - 추돌,안전운전불이행,포장 - 건조,맑음,단일로 - 기타,승용,0,57,상해없음,승용,0,35,경상,50.0,50.0
6427,2020071000100593,21,금요일,서해안,경기도,경상사고,0,0,2,0,차대차 - 추돌,안전운전불이행,포장 - 건조,맑음,단일로 - 기타,승용,0,29,상해없음,승용,0,34,경상,20.0,20.0
6428,2020071100100334,14,토요일,서해안,경기도,경상사고,0,0,4,0,차대차 - 측면충돌,안전거리미확보,포장 - 건조,맑음,단일로 - 기타,승용,1,54,상해없음,특수,0,56,상해없음,50.0,50.0
6429,2020071100100341,14,토요일,서해안,충청남도,경상사고,0,0,2,0,차대차 - 추돌,안전운전불이행,포장 - 건조,맑음,단일로 - 기타,승용,1,53,상해없음,승용,0,56,경상,50.0,50.0
6430,2020071100100579,21,토요일,서해안,충청남도,경상사고,0,0,2,0,차대차 - 측면충돌,안전거리미확보,포장 - 건조,맑음,단일로 - 기타,승용,0,26,상해없음,승용,1,50,경상,20.0,20.0
6431,2020071500100085,7,수요일,서해안,경기도,경상사고,0,0,1,0,차대차 - 측면충돌,안전거리미확보,포장 - 건조,맑음,단일로 - 기타,승용,1,48,상해없음,승용,0,43,경상,40.0,40.0
6432,2020071800100102,8,토요일,서해안,경기도,중상사고,0,3,2,0,차대차 - 추돌,안전운전불이행,포장 - 건조,맑음,단일로 - 기타,승용,0,55,상해없음,승용,0,60,경상,50.0,50.0
6433,2020071800100125,9,토요일,서해안,경기도,중상사고,0,1,2,0,차대차 - 추돌,안전운전불이행,포장 - 건조,맑음,단일로 - 기타,승용,0,26,상해없음,승용,0,44,경상,20.0,20.0
6434,2020072200100171,9,수요일,서해안,경기도,경상사고,0,0,2,0,차대차 - 추돌,안전운전불이행,포장 - 젖음/습기,비,단일로 - 기타,화물,0,61,상해없음,화물,0,36,경상,,
6435,2020072300100253,13,목요일,서해안,전라남도,중상사고,0,1,1,0,차대차 - 측면충돌,안전운전불이행,포장 - 젖음/습기,비,단일로 - 기타,승용,0,28,상해없음,승용,1,50,중상,20.0,20.0
6436,2020072400100370,17,금요일,서해안,경기도,경상사고,0,0,3,0,차대차 - 추돌,안전운전불이행,포장 - 건조,흐림,단일로 - 기타,승합,0,53,경상,승용,0,51,경상,50.0,50.0
6437,2020072600100164,12,일요일,서해안,충청남도,중상사고,0,2,1,0,차대차 - 추돌,안전운전불이행,포장 - 젖음/습기,흐림,단일로 - 기타,승용,0,28,상해없음,승용,0,41,중상,20.0,20.0
6438,2020072800100278,15,화요일,서해안,경기도,경상사고,0,0,1,0,차대차 - 추돌,안전거리미확보,포장 - 젖음/습기,비,단일로 - 기타,승용,0,65,상해없음,화물,0,47,경상,60.0,60.0
6439,2020073000100519,20,목요일,서해안,충청남도,경상사고,0,0,2,0,차대차 - 측면충돌,안전거리미확보,포장 - 젖음/습기,흐림,단일로 - 기타,승용,0,41,상해없음,승용,0,36,경상,,
6440,2020080100100531,21,토요일,서해안,경기도,경상사고,0,0,1,0,차대차 - 기타,안전운전불이행,포장 - 젖음/습기,흐림,단일로 - 기타,승용,1,37,상해없음,승용,0,28,경상,30.0,30.0
6441,2020080200100113,11,일요일,서해안,충청남도,중상사고,0,1,4,0,차대차 - 추돌,안전거리미확보,포장 - 젖음/습기,비,단일로 - 기타,승용,0,25,상해없음,승용,0,37,중상,20.0,20.0
6442,2020080400100318,15,화요일,서해안,충청남도,경상사고,0,0,1,0,차대차 - 측면충돌,안전거리미확보,포장 - 건조,맑음,단일로 - 기타,승용,0,69,상해없음,승용,1,38,경상,60.0,60.0
6443,2020080500100130,10,수요일,서해안,충청남도,경상사고,0,0,1,0,차대차 - 추돌,안전운전불이행,포장 - 젖음/습기,흐림,단일로 - 기타,승용,0,58,상해없음,승용,0,31,경상,50.0,50.0
6444,2020080500100595,23,수요일,서해안,경기도,경상사고,0,0,3,0,차대차 - 추돌,안전거리미확보,포장 - 젖음/습기,비,단일로 - 교량,승용,0,38,상해없음,승용,0,24,경상,30.0,30.0
6445,2020080700100132,9,금요일,서해안,경기도,경상사고,0,0,2,0,차대차 - 측면충돌,안전운전불이행,포장 - 건조,맑음,단일로 - 기타,화물,0,51,상해없음,승용,0,46,경상,,
6446,2020081000100206,12,월요일,서해안,충청남도,중상사고,0,2,4,0,차대차 - 측면충돌,안전거리미확보,포장 - 건조,맑음,단일로 - 기타,승용,0,55,경상,승용,0,42,경상,50.0,50.0
6447,2020081200100386,16,수요일,서해안,충청남도,경상사고,0,0,4,0,차대차 - 추돌,안전운전불이행,포장 - 젖음/습기,흐림,단일로 - 기타,승용,1,55,상해없음,승용,0,53,경상,50.0,50.0
6448,2020081300100443,18,목요일,서해안,경기도,중상사고,0,1,1,0,차대차 - 추돌,안전운전불이행,포장 - 건조,맑음,단일로 - 기타,화물,0,63,상해없음,승용,0,54,경상,60.0,60.0
6449,2020081300100566,21,목요일,서해안,전라북도,경상사고,0,0,1,0,차대차 - 추돌,안전거리미확보,포장 - 건조,맑음,단일로 - 기타,화물,0,50,상해없음,화물,0,66,경상,40.0,40.0
6450,2020081500100423,18,토요일,서해안,전라북도,중상사고,0,1,2,0,차대차 - 추돌,안전운전불이행,포장 - 건조,맑음,단일로 - 기타,승용,0,30,상해없음,승용,0,30,경상,20.0,20.0
6451,2020081600100258,14,일요일,서해안,충청남도,경상사고,0,0,1,0,차대차 - 추돌,안전거리미확보,포장 - 젖음/습기,맑음,단일로 - 기타,승용,0,32,상해없음,승용,0,35,경상,30.0,30.0
6452,2020081700100272,14,월요일,서해안,충청남도,경상사고,0,0,4,0,차대차 - 추돌,안전운전불이행,포장 - 건조,맑음,단일로 - 기타,승용,1,61,상해없음,승용,0,28,경상,,
6453,2020082100100059,6,금요일,서해안,충청남도,경상사고,0,0,1,0,차대차 - 기타,안전운전불이행,포장 - 건조,맑음,단일로 - 기타,승용,1,80,상해없음,승용,0,32,경상,70.0,70.0
6454,2020082100100596,22,금요일,서해안,전라북도,경상사고,0,0,2,0,차대차 - 측면충돌,중앙선침범,포장 - 건조,맑음,단일로 - 기타,승용,0,59,상해없음,승용,0,58,경상,50.0,50.0
6455,2020083000100094,9,일요일,서해안,경기도,경상사고,0,0,2,0,차대차 - 측면충돌,안전운전불이행,포장 - 건조,흐림,단일로 - 기타,승용,1,52,기타불명,승용,0,77,경상,50.0,50.0
6456,2020090300100049,5,목요일,서해안,경기도,경상사고,0,0,1,0,차대차 - 추돌,안전운전불이행,포장 - 건조,맑음,단일로 - 기타,승용,0,41,상해없음,화물,0,43,경상,,
6457,2020090300100501,21,목요일,서해안,경기도,중상사고,0,2,0,0,차대차 - 추돌,안전거리미확보,포장 - 건조,맑음,단일로 - 기타,승용,0,44,상해없음,승용,1,22,중상,40.0,40.0
6458,2020090600100029,2,일요일,서해안,경기도,경상사고,0,0,2,0,차대차 - 추돌,안전운전불이행,포장 - 건조,맑음,단일로 - 기타,승용,0,53,상해없음,승용,0,54,경상,50.0,50.0
6459,2020090700100215,12,월요일,서해안,경기도,경상사고,0,0,1,0,차대차 - 추돌,안전거리미확보,포장 - 젖음/습기,비,단일로 - 기타,화물,0,47,상해없음,승용,1,44,경상,40.0,40.0
6460,2020090700100341,16,월요일,서해안,경기도,중상사고,0,1,0,0,차대사람 - 기타,안전운전불이행,포장 - 젖음/습기,비,단일로 - 기타,승합,0,28,상해없음,보행자,0,40,중상,20.0,20.0
6461,2020090700100505,20,월요일,서해안,경기도,경상사고,0,0,1,0,차대차 - 추돌,안전거리미확보,포장 - 젖음/습기,비,단일로 - 기타,화물,0,35,상해없음,승용,1,48,경상,30.0,30.0
6462,2020091000100053,7,목요일,서해안,전라북도,경상사고,0,0,1,0,차량단독 - 기타,안전운전불이행,포장 - 건조,맑음,단일로 - 기타,화물,0,71,상해없음,기타불명,2,0,기타불명,70.0,70.0
6463,2020091000100297,15,목요일,서해안,충청남도,경상사고,0,0,3,0,차대차 - 추돌,안전운전불이행,포장 - 건조,맑음,단일로 - 기타,승용,0,58,상해없음,승용,1,53,경상,50.0,50.0
6464,2020091100100032,4,금요일,서해안,충청남도,경상사고,0,0,1,0,차대차 - 측면충돌,중앙선침범,포장 - 건조,맑음,단일로 - 기타,승용,0,47,상해없음,승용,0,35,경상,40.0,40.0
6465,2020091200100496,19,토요일,서해안,경기도,경상사고,0,0,1,0,차대차 - 측면충돌,안전운전불이행,포장 - 젖음/습기,비,단일로 - 기타,승용,0,27,상해없음,승용,0,67,경상,20.0,20.0
6466,2020091800100258,12,금요일,서해안,경기도,경상사고,0,0,3,0,차대차 - 측면충돌,차로위반,포장 - 건조,맑음,단일로 - 기타,승용,0,36,상해없음,승용,1,40,경상,30.0,30.0
6467,2020091800100681,21,금요일,서해안,경기도,경상사고,0,0,1,0,차대차 - 측면충돌,안전거리미확보,포장 - 건조,맑음,단일로 - 기타,승용,0,69,상해없음,승용,0,38,상해없음,60.0,60.0
6468,2020091900100598,19,토요일,서해안,경기도,중상사고,0,1,1,0,차대차 - 추돌,안전운전불이행,포장 - 건조,맑음,단일로 - 기타,승합,0,55,상해없음,승용,1,38,중상,50.0,50.0
6469,2020092000100383,17,일요일,서해안,충청남도,경상사고,0,0,2,0,차대차 - 추돌,안전거리미확보,포장 - 건조,맑음,단일로 - 기타,승용,0,39,상해없음,승용,0,60,경상,30.0,30.0
6470,2020092100100006,0,월요일,서해안,경기도,중상사고,0,1,0,0,차대차 - 기타,기타,포장 - 건조,맑음,단일로 - 기타,승용,0,41,상해없음,승용,0,27,중상,,
6471,2020092200100045,5,화요일,서해안,전라북도,중상사고,0,1,1,0,차대차 - 추돌,안전운전불이행,포장 - 건조,맑음,단일로 - 기타,화물,0,38,경상,화물,0,53,기타불명,30.0,30.0
6472,2020092200100137,8,화요일,서해안,경기도,경상사고,0,0,1,0,차대차 - 측면충돌,안전거리미확보,포장 - 건조,맑음,단일로 - 교량,승용,1,25,상해없음,승용,0,39,경상,20.0,20.0
6473,2020092400100041,4,목요일,서해안,전라북도,중상사고,0,1,0,0,차대차 - 추돌,안전운전불이행,포장 - 건조,맑음,단일로 - 기타,화물,0,52,상해없음,화물,0,50,중상,50.0,50.0
6474,2020092500100372,15,금요일,서해안,경기도,경상사고,0,0,1,1,차대차 - 추돌,안전거리미확보,포장 - 건조,맑음,단일로 - 기타,승용,1,57,부상신고,화물,0,41,경상,50.0,50.0
6475,2020092600100417,15,토요일,서해안,전라남도,경상사고,0,0,1,0,차대차 - 추돌,안전운전불이행,포장 - 건조,맑음,단일로 - 기타,화물,0,58,상해없음,승용,0,34,경상,50.0,50.0
6476,2020092700100306,15,일요일,서해안,경기도,중상사고,0,1,3,0,차대차 - 추돌,안전운전불이행,포장 - 건조,맑음,단일로 - 기타,승용,0,27,상해없음,승용,0,55,경상,20.0,20.0
6477,2020092800100498,16,월요일,서해안,충청남도,경상사고,0,0,4,0,차대차 - 추돌,안전운전불이행,포장 - 건조,맑음,단일로 - 기타,승용,0,48,상해없음,화물,0,72,경상,40.0,40.0
6478,2020100100100211,16,목요일,서해안,경기도,중상사고,0,2,4,0,차대차 - 측면충돌,안전거리미확보,포장 - 건조,맑음,단일로 - 기타,승용,1,31,상해없음,승용,0,49,상해없음,,
6479,2020100400100189,14,일요일,서해안,경기도,경상사고,0,0,1,0,차대차 - 기타,안전거리미확보,포장 - 건조,맑음,단일로 - 기타,승용,0,37,상해없음,승용,1,59,경상,30.0,30.0
6480,2020100400100289,17,일요일,서해안,충청남도,경상사고,0,0,2,0,차대차 - 추돌,안전거리미확보,포장 - 건조,맑음,단일로 - 기타,승용,0,20,상해없음,승용,0,29,경상,20.0,20.0
6481,2020100600100612,21,화요일,서해안,경기도,경상사고,0,0,3,0,차대차 - 측면충돌,안전거리미확보,포장 - 건조,맑음,단일로 - 기타,화물,0,38,상해없음,승용,0,63,경상,30.0,30.0
6482,2020100600100635,22,화요일,서해안,경기도,경상사고,0,0,1,0,차대차 - 추돌,안전운전불이행,포장 - 건조,맑음,단일로 - 기타,화물,0,38,상해없음,화물,0,48,경상,30.0,30.0
6483,2020100700100098,8,수요일,서해안,충청남도,사망사고,1,0,0,0,차대차 - 추돌,안전운전불이행,포장 - 건조,맑음,단일로 - 기타,승용,0,65,사망,건설기계,0,46,상해없음,60.0,60.0
6484,2020100900100035,1,금요일,서해안,경기도,경상사고,0,0,2,0,차대차 - 추돌,안전운전불이행,포장 - 건조,맑음,단일로 - 교량,승용,0,51,상해없음,승용,0,31,경상,,
6485,2020100900100351,16,금요일,서해안,경기도,경상사고,0,0,2,1,차대차 - 측면충돌,차로위반,포장 - 건조,맑음,단일로 - 기타,승용,0,32,부상신고,화물,0,64,경상,30.0,30.0
6486,2020100900100520,20,금요일,서해안,충청남도,경상사고,0,0,2,0,차대차 - 측면충돌,안전운전불이행,포장 - 건조,맑음,단일로 - 기타,승용,0,40,상해없음,승용,1,64,경상,30.0,30.0
6487,2020101200100285,12,월요일,서해안,경기도,경상사고,0,0,1,0,차대차 - 측면충돌,안전거리미확보,포장 - 건조,맑음,단일로 - 교량,화물,0,67,상해없음,승용,0,45,경상,60.0,60.0
6488,2020101200100539,18,월요일,서해안,경기도,중상사고,0,3,0,0,차대차 - 기타,안전운전불이행,포장 - 건조,맑음,단일로 - 기타,승용,0,46,상해없음,승용,1,30,중상,40.0,40.0
6489,2020101200100540,18,월요일,서해안,경기도,경상사고,0,0,1,0,차대차 - 기타,안전거리미확보,포장 - 건조,맑음,단일로 - 기타,화물,0,62,상해없음,승용,0,59,경상,60.0,60.0
6490,2020101400100014,0,수요일,서해안,경기도,경상사고,0,0,1,0,차대차 - 측면충돌,안전운전불이행,포장 - 건조,맑음,단일로 - 기타,승용,0,34,상해없음,승용,0,63,상해없음,30.0,30.0
6491,2020101500100345,14,목요일,서해안,경기도,경상사고,0,0,2,0,차대차 - 측면충돌,차로위반,포장 - 건조,맑음,단일로 - 기타,승용,0,24,상해없음,승용,0,31,경상,20.0,20.0
6492,2020101500100523,18,목요일,서해안,경기도,경상사고,0,0,1,0,차대차 - 기타,안전거리미확보,포장 - 건조,맑음,단일로 - 기타,승용,1,37,상해없음,화물,0,33,경상,30.0,30.0
6493,2020101600100403,17,금요일,서해안,경기도,경상사고,0,0,3,2,차대차 - 추돌,안전운전불이행,포장 - 건조,맑음,단일로 - 기타,화물,0,72,상해없음,승용,1,30,부상신고,70.0,70.0
6494,2020101600100415,17,금요일,서해안,전라남도,중상사고,0,1,0,0,차대차 - 측면충돌,기타,포장 - 건조,맑음,단일로 - 기타,승용,1,55,상해없음,화물,0,32,중상,50.0,50.0
6495,2020101600100653,22,금요일,서해안,충청남도,경상사고,0,0,1,0,차대차 - 추돌,안전운전불이행,포장 - 건조,맑음,단일로 - 기타,승용,0,45,상해없음,화물,0,52,경상,40.0,40.0
6496,2020101800100353,16,일요일,서해안,충청남도,중상사고,0,1,0,0,차대차 - 추돌,안전운전불이행,포장 - 건조,맑음,단일로 - 기타,승용,1,29,상해없음,승용,0,32,중상,20.0,20.0
6497,2020101800100386,17,일요일,서해안,경기도,중상사고,0,1,3,0,차대차 - 기타,안전거리미확보,포장 - 건조,맑음,단일로 - 기타,승용,1,66,상해없음,승용,0,67,중상,60.0,60.0
6498,2020101900100209,10,월요일,서해안,경기도,중상사고,0,1,3,1,차대차 - 기타,안전운전불이행,포장 - 건조,맑음,단일로 - 기타,승용,0,49,상해없음,승용,0,47,경상,40.0,40.0
6499,2020102200100030,2,목요일,서해안,충청남도,중상사고,0,1,0,0,차대차 - 추돌,기타,포장 - 건조,맑음,단일로 - 기타,승용,1,26,상해없음,화물,0,42,중상,20.0,20.0
6500,2020102200100514,18,목요일,서해안,경기도,경상사고,0,0,1,0,차대차 - 측면충돌,안전거리미확보,포장 - 건조,맑음,단일로 - 기타,승용,0,58,상해없음,승용,0,52,경상,50.0,50.0
6501,2020102400100015,0,토요일,서해안,경기도,경상사고,0,0,3,0,차대차 - 측면충돌,안전거리미확보,포장 - 건조,맑음,단일로 - 기타,승용,0,42,상해없음,승용,1,49,경상,40.0,40.0
6502,2020102400100033,1,토요일,서해안,전라남도,경상사고,0,0,1,0,차대차 - 추돌,안전운전불이행,포장 - 건조,맑음,기타 - 기타,승용,0,50,상해없음,특수,0,55,경상,40.0,40.0
6503,2020102600100033,5,월요일,서해안,충청남도,경상사고,0,0,1,0,차대차 - 기타,안전운전불이행,포장 - 건조,맑음,단일로 - 기타,승용,1,32,상해없음,화물,0,82,경상,30.0,30.0
6504,2020102600100702,23,월요일,서해안,경기도,중상사고,0,1,0,0,차대차 - 추돌,안전운전불이행,포장 - 건조,맑음,단일로 - 교량,승용,1,39,상해없음,승용,1,58,중상,30.0,30.0
6505,2020102800100109,8,수요일,서해안,경기도,경상사고,0,0,1,0,차대차 - 추돌,안전거리미확보,포장 - 건조,맑음,단일로 - 기타,승용,0,48,상해없음,승용,1,30,경상,40.0,40.0
6506,2020102800100189,10,수요일,서해안,경기도,경상사고,0,0,2,0,차대차 - 추돌,안전운전불이행,포장 - 건조,맑음,단일로 - 기타,기타불명,0,25,기타불명,승합,0,70,경상,20.0,20.0
6507,2020103000100719,21,금요일,서해안,경기도,중상사고,0,1,2,0,차대차 - 추돌,안전운전불이행,포장 - 건조,맑음,단일로 - 기타,승용,0,75,상해없음,승용,0,61,중상,70.0,70.0
6508,2020103100100423,16,토요일,서해안,충청남도,중상사고,0,1,7,0,차대차 - 추돌,안전운전불이행,포장 - 건조,맑음,단일로 - 교량,승용,0,50,상해없음,승용,0,53,경상,40.0,40.0
6509,2020103100100543,18,토요일,서해안,경기도,중상사고,0,1,2,0,차대차 - 추돌,안전운전불이행,포장 - 건조,맑음,단일로 - 기타,화물,0,57,상해없음,승용,0,53,상해없음,50.0,50.0
6510,2020110300100250,11,화요일,서해안,경기도,경상사고,0,0,1,0,차대차 - 측면충돌,안전운전불이행,포장 - 건조,맑음,단일로 - 기타,승용,0,22,상해없음,화물,0,40,경상,20.0,20.0
6511,2020110300100371,15,화요일,서해안,경기도,중상사고,0,2,1,1,차대차 - 추돌,안전거리미확보,포장 - 건조,맑음,기타 - 기타,승용,0,38,상해없음,승용,0,52,중상,30.0,30.0
6512,2020110600100471,18,금요일,서해안,경기도,경상사고,0,0,1,0,차대차 - 추돌,안전운전불이행,포장 - 건조,맑음,단일로 - 기타,승용,0,33,상해없음,승용,0,50,경상,30.0,30.0
6513,2020110700100409,16,토요일,서해안,경기도,경상사고,0,0,1,0,차대차 - 측면충돌,안전거리미확보,포장 - 건조,맑음,기타 - 기타,승용,1,27,상해없음,건설기계,0,50,경상,20.0,20.0
6514,2020110900100571,18,월요일,서해안,경기도,중상사고,0,1,0,0,차대차 - 추돌,안전거리미확보,포장 - 건조,맑음,단일로 - 기타,승용,0,56,상해없음,승용,0,53,중상,50.0,50.0
6515,2020111000100498,17,화요일,서해안,충청남도,경상사고,0,0,3,0,차대차 - 추돌,안전운전불이행,포장 - 건조,흐림,단일로 - 교량,승용,0,37,상해없음,화물,0,63,경상,30.0,30.0
6516,2020111100100229,11,수요일,서해안,경기도,경상사고,0,0,1,0,차대차 - 기타,안전운전불이행,포장 - 건조,맑음,단일로 - 기타,특수,0,48,상해없음,화물,0,56,경상,40.0,40.0
6517,2020111100100342,13,수요일,서해안,경기도,중상사고,0,1,0,0,차대차 - 측면충돌,안전거리미확보,포장 - 건조,맑음,단일로 - 기타,승용,0,33,상해없음,특수,0,58,중상,30.0,30.0
6518,2020111200100289,13,목요일,서해안,경기도,경상사고,0,0,1,0,차대차 - 기타,안전운전불이행,포장 - 건조,맑음,단일로 - 기타,기타불명,2,0,기타불명,승용,0,39,상해없음,20.0,20.0
6519,2020111300100157,9,금요일,서해안,충청남도,사망사고,1,1,0,0,차대차 - 추돌,과속,포장 - 건조,맑음,단일로 - 기타,건설기계,0,49,상해없음,승용,1,48,상해없음,40.0,40.0
6520,2020111300100341,15,금요일,서해안,충청남도,경상사고,0,0,2,0,차대차 - 기타,안전운전불이행,포장 - 건조,맑음,단일로 - 기타,특수,0,52,상해없음,승용,1,23,경상,50.0,50.0
6521,2020111400100639,23,토요일,서해안,충청남도,중상사고,0,1,0,0,차대차 - 추돌,안전운전불이행,포장 - 건조,맑음,단일로 - 기타,승용,0,54,기타불명,승용,0,52,중상,50.0,50.0
6522,2020111700100061,6,화요일,서해안,경기도,경상사고,0,0,1,0,차대차 - 추돌,안전운전불이행,포장 - 건조,맑음,단일로 - 기타,화물,0,61,상해없음,화물,0,43,경상,,
6523,2020111800100098,7,수요일,서해안,경기도,경상사고,0,0,1,0,차대차 - 측면충돌,안전거리미확보,포장 - 건조,맑음,단일로 - 기타,화물,0,49,상해없음,승용,0,29,경상,40.0,40.0
6524,2020111800100443,17,수요일,서해안,경기도,경상사고,0,0,1,0,차대차 - 추돌,안전운전불이행,포장 - 젖음/습기,비,기타 - 기타,특수,0,56,상해없음,승용,0,48,경상,50.0,50.0
6525,2020112100100155,10,토요일,서해안,경기도,중상사고,0,1,3,0,차대차 - 측면충돌,안전운전불이행,포장 - 건조,맑음,단일로 - 기타,승합,0,56,상해없음,승용,0,25,상해없음,50.0,50.0
6526,2020112200100370,20,일요일,서해안,경기도,경상사고,0,0,10,3,차대차 - 추돌,안전운전불이행,포장 - 건조,맑음,단일로 - 기타,승용,0,33,기타불명,승용,0,60,경상,30.0,30.0
6527,2020112200100373,20,일요일,서해안,충청남도,경상사고,0,0,2,0,차대차 - 추돌,안전운전불이행,포장 - 건조,맑음,단일로 - 기타,승용,0,27,상해없음,승용,0,42,경상,20.0,20.0
6528,2020112800100027,2,토요일,서해안,경기도,경상사고,0,0,2,0,차대차 - 측면충돌,안전거리미확보,포장 - 건조,맑음,단일로 - 기타,기타불명,2,0,기타불명,승용,0,49,경상,20.0,20.0
6529,2020112800100254,13,토요일,서해안,경기도,중상사고,0,2,1,0,차대차 - 기타,안전거리미확보,포장 - 건조,맑음,단일로 - 기타,승용,1,48,상해없음,승용,0,28,경상,40.0,40.0
6530,2020112800100561,22,토요일,서해안,충청남도,경상사고,0,0,1,0,차대차 - 추돌,안전운전불이행,포장 - 건조,맑음,단일로 - 기타,승용,0,34,상해없음,승용,1,36,경상,30.0,30.0
6531,2020113000100518,18,월요일,서해안,경기도,경상사고,0,0,1,0,차대차 - 추돌,안전거리미확보,포장 - 건조,맑음,단일로 - 교량,승용,0,63,상해없음,승용,0,42,경상,60.0,60.0
6532,2020120100100508,18,화요일,서해안,충청남도,중상사고,0,1,1,0,차대차 - 추돌,안전운전불이행,포장 - 건조,맑음,기타 - 기타,화물,0,46,상해없음,화물,0,72,중상,40.0,40.0
6533,2020120500100012,0,토요일,서해안,전라남도,경상사고,0,0,1,0,차대차 - 추돌,안전운전불이행,포장 - 건조,맑음,단일로 - 기타,화물,0,20,상해없음,승용,0,40,경상,20.0,20.0
6534,2020120600100364,20,일요일,서해안,전라남도,경상사고,0,0,5,0,차대차 - 추돌,안전운전불이행,포장 - 건조,맑음,단일로 - 기타,승용,0,18,경상,화물,0,63,경상,20.0,20.0
6535,2020120700100530,23,월요일,서해안,전라남도,사망사고,1,0,0,0,차량단독 - 기타,안전운전불이행,포장 - 건조,맑음,기타 - 기타,화물,0,60,사망,기타불명,2,0,기타불명,50.0,50.0
6536,2020120800100336,15,화요일,서해안,경기도,부상신고사고,0,0,0,1,차대차 - 측면충돌,안전거리미확보,포장 - 건조,맑음,단일로 - 기타,기타불명,2,0,기타불명,승용,0,26,부상신고,20.0,20.0
6537,2020120900100448,18,수요일,서해안,경기도,중상사고,0,1,2,0,차대차 - 추돌,안전거리미확보,포장 - 건조,맑음,단일로 - 교량,화물,0,53,상해없음,승용,1,36,중상,50.0,50.0
6538,2020120900100570,21,수요일,서해안,경기도,중상사고,0,1,2,0,차대차 - 측면충돌,안전거리미확보,포장 - 서리/결빙,맑음,단일로 - 교량,승용,0,28,경상,승용,0,30,경상,20.0,20.0
6539,2020121000100534,23,목요일,서해안,경기도,경상사고,0,0,1,0,차대차 - 추돌,안전거리미확보,포장 - 건조,맑음,기타 - 기타,승용,0,28,상해없음,승용,1,25,경상,20.0,20.0
6540,2020121400100052,7,월요일,서해안,전라남도,경상사고,0,0,1,0,차대차 - 추돌,안전운전불이행,포장 - 적설,눈,단일로 - 기타,승용,0,58,상해없음,화물,0,53,상해없음,50.0,50.0
6541,2020121800100581,20,금요일,서해안,경기도,경상사고,0,0,1,0,차대차 - 기타,안전운전불이행,포장 - 건조,맑음,단일로 - 기타,기타불명,2,0,기타불명,승용,1,29,경상,20.0,20.0
6542,2020121900100393,18,토요일,서해안,충청남도,중상사고,0,4,0,0,차대차 - 측면충돌,안전운전불이행,포장 - 건조,맑음,기타 - 기타,승용,0,71,상해없음,화물,0,59,중상,70.0,70.0
6543,2020122200100014,3,화요일,서해안,경기도,중상사고,0,1,0,0,차대차 - 측면충돌,안전운전불이행,포장 - 건조,맑음,단일로 - 기타,승용,0,34,중상,화물,0,58,상해없음,30.0,30.0
6544,2020122400100537,19,목요일,서해안,전라남도,경상사고,0,0,2,0,차대차 - 추돌,안전운전불이행,포장 - 건조,맑음,단일로 - 기타,승용,0,32,경상,특수,0,48,경상,30.0,30.0
6545,2020122500100054,8,금요일,서해안,경기도,경상사고,0,0,1,0,차대차 - 측면충돌,신호위반,포장 - 건조,맑음,단일로 - 고가도로위,승용,0,82,상해없음,승용,1,42,경상,70.0,70.0
6546,2020122900100129,12,화요일,서해안,경기도,경상사고,0,0,1,0,차대차 - 측면충돌,안전거리미확보,포장 - 건조,맑음,기타 - 기타,화물,0,52,상해없음,화물,0,62,경상,50.0,50.0
6547,2020122900100363,19,화요일,서해안,경기도,경상사고,0,0,1,0,차대차 - 측면충돌,안전거리미확보,포장 - 건조,맑음,기타 - 기타,화물,0,33,상해없음,승용,0,34,경상,30.0,30.0
6548,2020123000100152,11,수요일,서해안,전라남도,중상사고,0,1,14,0,차대차 - 추돌,안전운전불이행,포장 - 서리/결빙,눈,단일로 - 터널,승용,0,64,경상,승용,1,50,중상,60.0,60.0
6549,2020123000100184,12,수요일,서해안,전라북도,경상사고,0,0,2,0,차대차 - 기타,안전거리미확보,포장 - 적설,눈,단일로 - 교량,화물,0,54,경상,화물,0,62,경상,50.0,50.0
6550,2020123000100313,16,수요일,서해안,전라남도,경상사고,0,0,1,0,차대차 - 추돌,안전운전불이행,포장 - 서리/결빙,눈,단일로 - 기타,승용,0,35,상해없음,승용,1,27,경상,30.0,30.0
6551,2020123100100019,5,목요일,서해안,전라북도,중상사고,0,1,0,0,차대차 - 측면충돌,안전거리미확보,포장 - 적설,눈,단일로 - 기타,건설기계,0,46,상해없음,화물,0,64,중상,40.0,40.0
6552,2021010100100154,17,금요일,서해안,경기도,경상사고,0,0,1,0,차대차 - 측면충돌,안전운전불이행,-,맑음,단일로 - 기타,화물,0,60,상해없음,승용,1,28,경상,50.0,50.0
6553,2021010200100111,12,토요일,서해안,경기도,경상사고,0,0,6,0,차대차 - 추돌,안전운전불이행,-,맑음,단일로 - 기타,승용,0,59,상해없음,승용,0,33,경상,50.0,50.0
6554,2021010300100022,6,일요일,서해안,경기도,경상사고,0,0,1,0,차대사람 - 기타,안전운전불이행,-,맑음,단일로 - 기타,특수,0,47,기타불명,보행자,1,50,경상,40.0,40.0
6555,2021010400100410,21,월요일,서해안,충청남도,중상사고,0,1,0,0,차대차 - 추돌,안전운전불이행,-,흐림,단일로 - 기타,화물,0,53,상해없음,화물,0,41,중상,50.0,50.0