,사고번호,사고일시,요일,도로종류,시군구,사고내용,사망자수,중상자수,경상자수,부상신고자수,사고유형,법규위반,노면상태,기상상태,도로형태,가해운전자 차종,가해운전자 성별,가해운전자 연령,가해운전자 상해정도,피해운전자 차종,피해운전자 성별,피해운전자 연령,피해운전자 상해정도,연령대,가해연령대
6556,2021010600100006,1,수요일,서해안,충청남도,경상사고,0,0,1,0,차대차 - 측면충돌,안전운전불이행,-,맑음,단일로 - 기타,승용,0,25,상해없음,화물,0,42,경상,20.0,20.0
6557,2021010600100458,20,수요일,서해안,경기도,경상사고,0,0,1,0,차대차 - 추돌,안전운전불이행,-,눈,기타 - 기타,승용,1,32,상해없음,화물,0,59,경상,30.0,30.0
6558,2021010700100019,3,목요일,서해안,충청남도,경상사고,0,0,1,0,차대차 - 측면충돌,안전운전불이행,-,눈,기타 - 기타,화물,0,62,기타불명,화물,0,55,경상,60.0,60.0
6559,2021010700100192,13,목요일,서해안,전라남도,경상사고,0,0,1,0,차대차 - 추돌,안전운전불이행,-,눈,단일로 - 교량,승용,0,71,상해없음,승용,1,50,경상,70.0,70.0
6560,2021010700100266,16,목요일,서해안,전라남도,경상사고,0,0,3,0,차대차 - 추돌,안전운전불이행,-,눈,단일로 - 기타,승용,0,47,경상,승용,0,48,경상,40.0,40.0
6561,2021010700100267,16,목요일,서해안,전라남도,경상사고,0,0,1,0,차대차 - 측면충돌,안전운전불이행,-,눈,단일로 - 기타,화물,0,66,상해없음,승용,0,51,경상,60.0,60.0
6562,2021010700100305,18,목요일,서해안,충청남도,중상사고,0,1,0,0,차대차 - 측면충돌,안전운전불이행,-,흐림,단일로 - 교량,승용,1,28,상해없음,화물,0,61,중상,20.0,20.0
6563,2021010800100090,10,금요일,서해안,전라남도,중상사고,0,2,1,0,차대차 - 측면충돌,안전운전불이행,-,눈,단일로 - 기타,승용,0,51,중상,승용,0,37,상해없음,,
6564,2021010800100113,11,금요일,서해안,전라북도,경상사고,0,0,1,0,차대차 - 측면충돌,안전운전불이행,-,맑음,단일로 - 기타,화물,0,63,상해없음,승용,1,48,경상,60.0,60.0
6565,2021011200100295,16,화요일,서해안,충청남도,사망사고,1,1,0,0,차대차 - 추돌,안전운전불이행,-,안개,단일로 - 기타,특수,0,63,상해없음,승용,1,53,사망,60.0,60.0
6566,2021011200100353,18,화요일,서해안,충청남도,중상사고,0,1,0,0,차대차 - 기타,기타,-,흐림,단일로 - 기타,승용,0,68,중상,승용,1,54,상해없음,60.0,60.0
6567,2021011400100449,18,목요일,서해안,경기도,경상사고,0,0,1,0,차대차 - 추돌,안전거리미확보,-,맑음,기타 - 기타,화물,0,64,상해없음,화물,0,58,경상,60.0,60.0
6568,2021011500100053,7,금요일,서해안,경기도,중상사고,0,1,1,0,차대차 - 측면충돌,안전운전불이행,-,맑음,기타 - 기타,승용,0,25,상해없음,승용,0,62,중상,20.0,20.0
6569,2021011800100098,10,월요일,서해안,충청남도,경상사고,0,0,2,1,차대차 - 추돌,안전운전불이행,-,흐림,단일로 - 기타,승합,0,58,상해없음,화물,0,50,경상,50.0,50.0
6570,2021011800100192,14,월요일,서해안,충청남도,중상사고,0,1,0,0,차대차 - 추돌,안전운전불이행,-,눈,단일로 - 기타,건설기계,0,45,상해없음,화물,0,39,중상,40.0,40.0
6571,2021011800100215,15,월요일,서해안,충청남도,중상사고,0,2,4,0,차대차 - 추돌,안전운전불이행,-,눈,단일로 - 기타,화물,0,56,중상,승용,0,63,경상,50.0,50.0
6572,2021011800100247,16,월요일,서해안,경기도,경상사고,0,0,1,0,차대차 - 측면충돌,안전거리미확보,-,맑음,단일로 - 교량,건설기계,0,52,상해없음,승용,1,58,경상,50.0,50.0
6573,2021012000100571,19,수요일,서해안,경기도,경상사고,0,0,1,0,차대차 - 추돌,기타,-,맑음,단일로 - 기타,특수,0,33,상해없음,승용,0,62,경상,30.0,30.0
6574,2021012200100373,18,금요일,서해안,경기도,경상사고,0,0,1,0,차대차 - 측면충돌,신호위반,-,맑음,단일로 - 교량,승용,0,58,상해없음,화물,0,36,경상,50.0,50.0
6575,2021012300100021,2,토요일,서해안,충청남도,중상사고,0,1,2,0,차대차 - 추돌,안전운전불이행,-,맑음,단일로 - 기타,특수,0,44,중상,건설기계,0,46,경상,40.0,40.0
6576,2021012500100173,11,월요일,서해안,충청남도,부상신고사고,0,0,0,1,차대차 - 추돌,안전운전불이행,-,맑음,단일로 - 기타,화물,0,24,상해없음,승용,0,62,부상신고,20.0,20.0
6577,2021012500100567,22,월요일,서해안,충청남도,경상사고,0,0,1,0,차대차 - 추돌,안전운전불이행,-,맑음,단일로 - 기타,승용,0,52,상해없음,화물,0,41,경상,50.0,50.0
6578,2021012900100008,0,금요일,서해안,경기도,경상사고,0,0,1,0,차대차 - 기타,안전운전불이행,-,맑음,단일로 - 기타,특수,0,40,상해없음,화물,0,45,경상,30.0,30.0
6579,2021012900100168,10,금요일,서해안,충청남도,경상사고,0,0,2,0,차대차 - 기타,안전운전불이행,-,맑음,단일로 - 기타,승용,1,42,상해없음,승용,0,31,경상,40.0,40.0
6580,2021012900100227,12,금요일,서해안,경기도,중상사고,0,1,1,0,차대차 - 측면충돌,안전운전불이행,-,맑음,기타 - 기타,승용,0,69,상해없음,승용,0,38,중상,60.0,60.0
6581,2021013000100307,16,토요일,서해안,충청남도,경상사고,0,0,1,0,차대차 - 측면충돌,신호위반,-,맑음,단일로 - 교량,승용,1,20,상해없음,승용,0,75,경상,20.0,20.0
6582,2021013000100423,19,토요일,서해안,전라남도,경상사고,0,0,9,0,차대차 - 기타,안전거리미확보,-,흐림,단일로 - 기타,승용,0,42,경상,승용,0,36,경상,40.0,40.0
6583,2021013100100067,10,일요일,서해안,경기도,경상사고,0,0,4,1,차대차 - 기타,안전거리미확보,-,맑음,단일로 - 기타,승용,1,27,상해없음,승용,0,70,경상,20.0,20.0
6584,2021013100100269,18,일요일,서해안,경기도,경상사고,0,0,2,0,차대차 - 측면충돌,안전거리미확보,-,맑음,단일로 - 기타,승용,0,36,상해없음,승용,0,62,경상,30.0,30.0
6585,2021020100100054,7,월요일,서해안,충청남도,사망사고,1,2,0,0,차대차 - 추돌,과속,-,흐림,단일로 - 기타,승용,0,46,중상,승용,0,45,상해없음,40.0,40.0
6586,2021020100100414,19,월요일,서해안,경기도,경상사고,0,0,2,0,차대차 - 기타,안전거리미확보,-,맑음,단일로 - 교량,승용,1,36,상해없음,승용,0,30,경상,30.0,30.0
6587,2021020400100275,13,목요일,서해안,충청남도,경상사고,0,0,2,0,차대차 - 기타,기타,-,맑음,단일로 - 기타,화물,0,45,상해없음,화물,0,66,경상,40.0,40.0
6588,2021020400100382,16,목요일,서해안,경기도,사망사고,1,1,2,0,차대차 - 추돌,안전운전불이행,-,흐림,단일로 - 기타,승용,1,44,사망,승용,0,65,중상,40.0,40.0
6589,2021020800100580,20,월요일,서해안,경기도,경상사고,0,0,2,0,차대차 - 추돌,안전운전불이행,-,맑음,단일로 - 기타,승용,0,36,기타불명,승용,0,65,경상,30.0,30.0
6590,2021021200100147,15,금요일,서해안,경기도,경상사고,0,0,2,0,차대차 - 측면충돌,안전거리미확보,-,맑음,단일로 - 교량,승용,0,24,상해없음,승용,0,30,경상,20.0,20.0
6591,2021021500100403,19,월요일,서해안,경기도,경상사고,0,0,1,0,차대차 - 추돌,안전거리미확보,-,맑음,단일로 - 교량,승용,0,69,상해없음,승용,0,40,경상,60.0,60.0
6592,2021021600100248,14,화요일,서해안,충청남도,경상사고,0,0,1,0,차대차 - 기타,안전운전불이행,-,눈,단일로 - 기타,화물,0,49,상해없음,화물,0,52,경상,40.0,40.0
6593,2021021600100249,14,화요일,서해안,충청남도,중상사고,0,1,0,0,차대차 - 기타,안전운전불이행,-,눈,단일로 - 기타,화물,0,80,상해없음,화물,0,65,중상,70.0,70.0
6594,2021021700100079,8,수요일,서해안,충청남도,경상사고,0,0,2,0,차대차 - 추돌,안전운전불이행,-,눈,단일로 - 기타,화물,0,61,상해없음,승용,0,44,경상,,
6595,2021021800100241,14,목요일,서해안,경기도,경상사고,0,0,3,0,차대차 - 추돌,안전운전불이행,-,맑음,단일로 - 기타,승용,0,37,경상,승용,0,22,상해없음,30.0,30.0
6596,2021021900100354,15,금요일,서해안,충청남도,경상사고,0,0,1,0,차대차 - 추돌,안전운전불이행,-,맑음,기타 - 기타,승용,0,27,상해없음,승용,1,35,경상,20.0,20.0
6597,2021021900100496,18,금요일,서해안,경기도,사망사고,1,2,2,0,차대차 - 추돌,안전운전불이행,-,맑음,단일로 - 기타,화물,0,51,사망,승용,0,43,중상,,
6598,2021021900100555,19,금요일,서해안,경기도,경상사고,0,0,1,0,차대차 - 기타,안전거리미확보,-,맑음,단일로 - 기타,승용,0,36,상해없음,승용,0,68,경상,30.0,30.0
6599,2021022000100092,9,토요일,서해안,경기도,경상사고,0,0,3,0,차대차 - 추돌,안전운전불이행,-,비,단일로 - 기타,승용,1,23,경상,화물,0,60,상해없음,20.0,20.0
6600,2021022100100203,15,일요일,서해안,충청남도,경상사고,0,0,2,0,차대차 - 추돌,안전운전불이행,-,맑음,단일로 - 기타,승용,0,51,상해없음,승용,0,48,경상,,
6601,2021022200100267,13,월요일,서해안,경기도,경상사고,0,0,3,0,차대차 - 추돌,안전거리미확보,-,맑음,단일로 - 교량,화물,0,64,상해없음,승용,0,72,경상,60.0,60.0
6602,2021022200100454,18,월요일,서해안,경기도,경상사고,0,0,1,0,차대차 - 측면충돌,안전거리미확보,-,맑음,단일로 - 기타,승용,1,34,상해없음,승용,0,23,경상,30.0,30.0
6603,2021022300100522,21,화요일,서해안,충청남도,경상사고,0,0,1,0,차대차 - 추돌,안전운전불이행,-,맑음,단일로 - 기타,승용,0,22,상해없음,승용,0,31,경상,20.0,20.0
6604,2021022400100328,17,수요일,서해안,경기도,경상사고,0,0,1,0,차대차 - 측면충돌,안전거리미확보,-,맑음,단일로 - 기타,승용,1,40,기타불명,화물,0,43,경상,30.0,30.0
6605,2021022600100531,20,금요일,서해안,충청남도,경상사고,0,0,1,0,차대차 - 측면충돌,안전운전불이행,-,맑음,단일로 - 기타,화물,0,58,경상,화물,0,56,상해없음,50.0,50.0
6606,2021022700100258,14,토요일,서해안,경기도,중상사고,0,1,0,0,차대차 - 추돌,안전운전불이행,-,맑음,단일로 - 기타,승용,0,58,상해없음,승용,0,47,중상,50.0,50.0
6607,2021022700100264,14,토요일,서해안,충청남도,경상사고,0,0,5,0,차대차 - 측면충돌,안전운전불이행,-,맑음,기타 - 기타,승용,0,49,상해없음,승용,0,43,경상,40.0,40.0
6608,2021022700100327,16,토요일,서해안,경기도,경상사고,0,0,2,0,차대차 - 추돌,안전운전불이행,-,맑음,단일로 - 기타,승용,0,31,상해없음,승용,0,32,경상,,
6609,2021022800100058,8,일요일,서해안,경기도,경상사고,0,0,3,0,차대차 - 측면충돌,안전거리미확보,-,맑음,단일로 - 기타,승용,1,64,상해없음,승용,0,42,경상,60.0,60.0
6610,2021030100100349,19,월요일,서해안,경기도,중상사고,0,1,0,1,차대차 - 측면충돌,안전운전불이행,-,눈,단일로 - 기타,승용,0,37,부상신고,승용,0,62,중상,30.0,30.0
6611,2021030200100037,6,화요일,서해안,경기도,부상신고사고,0,0,0,1,차대차 - 기타,안전운전불이행,-,맑음,단일로 - 기타,승용,0,30,부상신고,특수,0,38,상해없음,20.0,20.0
6612,2021030400100250,14,목요일,서해안,경기도,경상사고,0,0,2,0,차대차 - 기타,안전거리미확보,-,맑음,기타 - 기타,화물,0,64,상해없음,승용,0,39,경상,60.0,60.0
6613,2021030500100118,8,금요일,서해안,경기도,경상사고,0,0,1,0,차대차 - 추돌,안전거리미확보,-,흐림,단일로 - 기타,화물,0,39,상해없음,승용,0,49,경상,30.0,30.0
6614,2021030500100138,9,금요일,서해안,충청남도,중상사고,0,1,0,0,차대사람 - 기타,안전운전불이행,-,맑음,단일로 - 기타,화물,0,36,상해없음,보행자,0,69,중상,30.0,30.0
6615,2021030700100245,17,일요일,서해안,경기도,경상사고,0,0,4,0,차대차 - 기타,안전운전불이행,-,맑음,단일로 - 기타,승용,0,31,상해없음,승용,0,46,경상,,
6616,2021030700100273,18,일요일,서해안,충청남도,중상사고,0,4,2,0,차대차 - 기타,안전운전불이행,-,맑음,단일로 - 교량,승합,0,49,상해없음,승용,0,28,경상,40.0,40.0
6617,2021030800100095,8,월요일,서해안,경기도,경상사고,0,0,2,0,차대차 - 추돌,안전운전불이행,-,맑음,단일로 - 기타,승용,0,60,상해없음,화물,0,52,경상,50.0,50.0
6618,2021030800100292,14,월요일,서해안,전라남도,경상사고,0,0,1,0,차대차 - 기타,안전운전불이행,-,맑음,기타 - 기타,승용,0,44,상해없음,화물,0,62,경상,40.0,40.0
6619,2021030900100453,20,화요일,서해안,경기도,경상사고,0,0,1,0,차대차 - 기타,안전거리미확보,-,맑음,기타 - 기타,승용,1,48,상해없음,승용,0,36,경상,40.0,40.0
6620,2021031000100452,18,수요일,서해안,경기도,경상사고,0,0,1,0,차대차 - 기타,안전운전불이행,-,맑음,단일로 - 기타,화물,0,42,상해없음,승용,0,28,경상,40.0,40.0
6621,2021031100100041,6,목요일,서해안,충청남도,중상사고,0,1,0,0,차대차 - 추돌,안전거리미확보,-,맑음,단일로 - 교량,승합,2,0,기타불명,승용,0,46,중상,20.0,20.0
6622,2021031300100371,17,토요일,서해안,충청남도,경상사고,0,0,3,0,차대차 - 기타,안전운전불이행,-,맑음,단일로 - 기타,승용,0,56,상해없음,승용,0,60,경상,50.0,50.0
6623,2021031600100057,6,화요일,서해안,경기도,경상사고,0,0,1,0,차대차 - 측면충돌,안전거리미확보,-,맑음,단일로 - 기타,화물,0,62,상해없음,승용,0,36,경상,60.0,60.0
6624,2021031600100218,11,화요일,서해안,경기도,중상사고,0,1,0,0,차대차 - 측면충돌,안전운전불이행,-,맑음,단일로 - 기타,화물,0,56,상해없음,승용,0,40,중상,50.0,50.0
6625,2021031600100570,22,화요일,서해안,충청남도,중상사고,0,1,1,0,차대차 - 추돌,안전운전불이행,-,맑음,단일로 - 교량,화물,0,60,중상,화물,0,43,경상,50.0,50.0
6626,2021031800100430,19,목요일,서해안,경기도,경상사고,0,0,1,0,차대차 - 기타,안전운전불이행,-,맑음,주차장 - 주차장,승용,0,25,상해없음,승용,0,62,경상,20.0,20.0
6627,2021031900100596,21,금요일,서해안,경기도,중상사고,0,1,1,0,차대차 - 측면충돌,안전거리미확보,-,맑음,단일로 - 기타,화물,0,71,상해없음,승용,1,51,경상,70.0,70.0
6628,2021032400100017,3,수요일,서해안,경기도,경상사고,0,0,1,0,차대차 - 추돌,안전운전불이행,-,맑음,기타 - 기타,화물,0,46,상해없음,승용,0,31,경상,40.0,40.0
6629,2021032500100310,14,목요일,서해안,경기도,경상사고,0,0,2,0,차대차 - 측면충돌,안전거리미확보,-,맑음,단일로 - 기타,화물,0,51,상해없음,승용,1,57,경상,,
6630,2021032500100333,15,목요일,서해안,전라북도,경상사고,0,0,3,0,차대차 - 추돌,안전거리미확보,-,맑음,단일로 - 기타,승용,0,29,상해없음,승용,0,30,경상,20.0,20.0
6631,2021032600100580,21,금요일,서해안,경기도,경상사고,0,0,1,0,차대차 - 추돌,안전거리미확보,-,맑음,단일로 - 기타,화물,0,47,상해없음,승용,1,31,경상,40.0,40.0
6632,2021032700100643,22,토요일,서해안,경기도,경상사고,0,0,2,0,차대차 - 측면충돌,안전거리미확보,-,비,단일로 - 교량,승용,0,64,상해없음,승용,0,42,경상,60.0,60.0
6633,2021032800100065,4,일요일,서해안,서울특별시,경상사고,0,0,1,0,차대차 - 추돌,과속,-,비,단일로 - 교량,승용,0,32,상해없음,승용,0,49,경상,30.0,30.0
6634,2021032900100022,3,월요일,서해안,충청남도,경상사고,0,0,1,0,차대차 - 추돌,안전운전불이행,-,맑음,단일로 - 교량,화물,0,38,상해없음,화물,0,58,경상,30.0,30.0
6635,2021032900100115,8,월요일,서해안,경기도,경상사고,0,0,1,0,차대차 - 기타,안전거리미확보,-,맑음,기타 - 기타,승용,0,48,상해없음,승용,0,43,경상,40.0,40.0
6636,2021033000100247,12,화요일,서해안,경기도,경상사고,0,0,3,0,차량단독 - 공작물충돌,안전거리미확보,-,맑음,기타 - 기타,승합,0,62,상해없음,기타불명,2,0,기타불명,60.0,60.0
6637,2021033000100310,14,화요일,서해안,전라북도,사망사고,1,2,0,0,차대차 - 기타,과속,-,맑음,단일로 - 기타,승용,0,55,중상,승용,1,30,상해없음,50.0,50.0
6638,2021033000100396,16,화요일,서해안,경기도,경상사고,0,0,1,0,차대차 - 측면충돌,안전운전불이행,-,맑음,단일로 - 교량,승용,0,68,상해없음,특수,0,61,상해없음,60.0,60.0
6639,2021033100100090,8,수요일,서해안,경기도,경상사고,0,0,1,0,차대차 - 측면충돌,안전거리미확보,-,맑음,미분류 - 미분류,화물,0,55,상해없음,승용,0,42,경상,50.0,50.0
6640,2021033100100606,23,수요일,서해안,경기도,경상사고,0,0,2,0,차대차 - 추돌,안전운전불이행,-,맑음,단일로 - 기타,승용,0,33,상해없음,승용,1,45,경상,30.0,30.0
6641,2021040100100038,5,목요일,서해안,전라남도,경상사고,0,0,1,0,차대차 - 측면충돌,안전운전불이행,-,맑음,단일로 - 기타,화물,0,61,상해없음,화물,0,56,상해없음,,
6642,2021040500100047,6,월요일,서해안,경기도,경상사고,0,0,1,0,차대차 - 측면충돌,안전거리미확보,-,맑음,단일로 - 기타,승용,0,65,상해없음,승용,0,60,경상,60.0,60.0
6643,2021040800100114,8,목요일,서해안,경기도,경상사고,0,0,2,0,차대차 - 측면충돌,안전거리미확보,-,맑음,단일로 - 교량,기타불명,2,0,기타불명,승용,1,50,경상,20.0,20.0
6644,2021040800100210,11,목요일,서해안,경기도,경상사고,0,0,1,0,차대차 - 기타,안전운전불이행,-,맑음,단일로 - 기타,화물,0,42,상해없음,승용,1,55,경상,40.0,40.0
6645,2021040800100315,14,목요일,서해안,충청남도,중상사고,0,2,1,0,차대차 - 추돌,안전운전불이행,-,맑음,단일로 - 기타,화물,0,36,중상,특수,0,30,경상,30.0,30.0
6646,2021040900100377,16,금요일,서해안,충청남도,경상사고,0,0,2,0,차대차 - 추돌,안전운전불이행,-,맑음,단일로 - 기타,화물,0,42,상해없음,화물,0,61,경상,40.0,40.0
6647,2021040900100625,22,금요일,서해안,충청남도,경상사고,0,0,5,0,차대차 - 추돌,과속,-,맑음,단일로 - 기타,승용,0,45,경상,승용,0,50,경상,40.0,40.0
6648,2021041100100099,10,일요일,서해안,충청남도,중상사고,0,1,2,0,차대차 - 추돌,안전운전불이행,-,맑음,단일로 - 기타,승용,0,52,상해없음,승용,0,31,상해없음,50.0,50.0
6649,2021041300100578,21,화요일,서해안,경기도,경상사고,0,0,1,0,차대차 - 추돌,과속,-,맑음,단일로 - 기타,승용,0,39,상해없음,승용,0,62,경상,30.0,30.0
6650,2021041300100599,22,화요일,서해안,경기도,경상사고,0,0,1,0,차대차 - 측면충돌,차로위반,-,맑음,단일로 - 기타,승용,0,61,상해없음,승용,0,27,상해없음,,
6651,2021041400100151,11,수요일,서해안,경기도,중상사고,0,1,0,0,차대차 - 측면충돌,안전거리미확보,-,맑음,단일로 - 기타,승용,0,40,중상,화물,0,56,상해없음,30.0,30.0
6652,2021041600100004,0,금요일,서해안,충청남도,중상사고,0,1,2,0,차대차 - 기타,기타,-,맑음,단일로 - 기타,특수,0,52,상해없음,승용,0,55,상해없음,50.0,50.0
6653,2021041700100356,15,토요일,서해안,서울특별시,경상사고,0,0,2,0,차대차 - 추돌,안전운전불이행,-,맑음,단일로 - 교량,승용,0,52,상해없음,승용,1,43,경상,50.0,50.0
6654,2021042100100190,11,수요일,서해안,충청남도,사망사고,1,0,2,3,차대차 - 추돌,안전운전불이행,-,맑음,단일로 - 기타,승용,0,57,사망,승합,0,60,부상신고,50.0,50.0
6655,2021042200100051,7,목요일,서해안,경기도,경상사고,0,0,1,0,차대차 - 추돌,안전운전불이행,-,맑음,단일로 - 기타,승합,0,41,상해없음,승용,0,35,경상,,
6656,2021042300100313,14,금요일,서해안,경기도,중상사고,0,1,1,0,차대차 - 추돌,안전거리미확보,-,맑음,기타 - 기타,승용,1,38,상해없음,승용,1,63,중상,30.0,30.0
6657,2021042900100402,17,목요일,서해안,경기도,경상사고,0,0,2,0,차대차 - 추돌,안전운전불이행,-,맑음,단일로 - 기타,승용,0,61,상해없음,승용,0,43,경상,,
6658,2021043000100533,19,금요일,서해안,경기도,경상사고,0,0,2,0,차대차 - 추돌,안전운전불이행,-,맑음,단일로 - 기타,특수,0,50,상해없음,승용,0,32,경상,40.0,40.0
6659,2021050100100217,13,토요일,서해안,경기도,경상사고,0,0,4,0,차대차 - 추돌,안전운전불이행,-,맑음,단일로 - 기타,승용,1,26,상해없음,승용,0,41,경상,20.0,20.0
6660,2021050100100526,22,토요일,서해안,충청남도,중상사고,0,1,3,0,차대차 - 추돌,안전운전불이행,-,흐림,단일로 - 기타,승용,1,56,중상,승용,1,30,경상,50.0,50.0
6661,2021050200100196,13,일요일,서해안,충청남도,사망사고,1,0,0,0,차량단독 - 기타,안전운전불이행,-,맑음,기타 - 기타,승용,0,63,사망,기타불명,2,0,기타불명,60.0,60.0
6662,2021050400100198,12,화요일,서해안,경기도,경상사고,0,0,1,0,차대차 - 추돌,안전운전불이행,-,맑음,단일로 - 교량,화물,0,60,상해없음,승용,1,23,경상,50.0,50.0
6663,2021050400100269,14,화요일,서해안,경기도,경상사고,0,0,5,0,차대차 - 추돌,안전거리미확보,-,비,단일로 - 교량,승용,0,19,상해없음,승용,0,21,경상,20.0,20.0
6664,2021050400100623,21,화요일,서해안,경기도,중상사고,0,1,0,0,차대차 - 측면충돌,차로위반,-,비,단일로 - 기타,승용,0,52,상해없음,승용,0,47,중상,50.0,50.0
6665,2021050600100565,23,목요일,서해안,경기도,경상사고,0,0,2,0,차대차 - 정면충돌,안전운전불이행,-,맑음,기타 - 기타,승용,0,38,상해없음,승용,0,41,경상,30.0,30.0
6666,2021050700100289,14,금요일,서해안,경기도,중상사고,0,3,1,1,차대차 - 추돌,안전운전불이행,-,맑음,단일로 - 기타,승용,0,46,경상,승용,0,35,상해없음,40.0,40.0
6667,2021050700100510,19,금요일,서해안,경기도,경상사고,0,0,2,0,차대차 - 측면충돌,안전거리미확보,-,흐림,단일로 - 교량,화물,0,38,상해없음,승용,0,34,경상,30.0,30.0
6668,2021050800100128,10,토요일,서해안,경기도,경상사고,0,0,1,0,차대차 - 기타,안전거리미확보,-,맑음,단일로 - 기타,승용,1,63,상해없음,특수,0,57,경상,60.0,60.0
6669,2021050800100365,15,토요일,서해안,충청남도,중상사고,0,1,8,0,차대차 - 기타,안전운전불이행,-,맑음,단일로 - 기타,승용,0,61,상해없음,승용,0,63,경상,,
6670,2021050800100366,15,토요일,서해안,충청남도,경상사고,0,0,2,0,차대차 - 기타,안전운전불이행,-,맑음,단일로 - 기타,승용,0,44,상해없음,승용,0,61,경상,40.0,40.0
6671,2021050900100275,15,일요일,서해안,전라북도,경상사고,0,0,3,0,차대차 - 추돌,안전거리미확보,-,맑음,단일로 - 기타,승용,0,28,상해없음,승용,2,0,기타불명,20.0,20.0
6672,2021051300100516,19,목요일,서해안,경기도,경상사고,0,0,2,0,차대차 - 기타,안전운전불이행,-,맑음,단일로 - 기타,화물,0,66,상해없음,승용,1,54,경상,60.0,60.0
6673,2021051800100184,12,화요일,서해안,경기도,경상사고,0,0,2,0,차대차 - 추돌,안전운전불이행,-,맑음,단일로 - 기타,승용,0,58,경상,화물,0,66,경상,50.0,50.0
6674,2021051800100252,14,화요일,서해안,경기도,중상사고,0,1,7,0,차대차 - 추돌,안전운전불이행,-,맑음,단일로 - 기타,승합,0,67,상해없음,승용,0,58,중상,60.0,60.0
6675,2021051800100302,15,화요일,서해안,경기도,경상사고,0,0,3,0,차대차 - 추돌,안전운전불이행,-,맑음,단일로 - 기타,승용,0,28,기타불명,승용,0,65,경상,20.0,20.0
6676,2021051900100007,0,수요일,서해안,경기도,경상사고,0,0,3,0,차대차 - 기타,안전운전불이행,-,맑음,기타 - 기타,승용,0,25,상해없음,승용,0,32,경상,20.0,20.0
6677,2021051900100316,15,수요일,서해안,경기도,경상사고,0,0,2,0,차대차 - 추돌,신호위반,-,맑음,단일로 - 교량,승용,0,61,상해없음,승용,1,29,경상,,
6678,2021052100100038,6,금요일,서해안,경기도,부상신고사고,0,0,0,1,차대차 - 기타,안전운전불이행,-,비,기타 - 기타,승합,0,60,상해없음,승용,0,34,부상신고,50.0,50.0
6679,2021052200100429,17,토요일,서해안,경기도,경상사고,0,0,1,0,차대차 - 추돌,안전운전불이행,-,맑음,단일로 - 기타,승용,0,50,상해없음,승용,0,27,경상,40.0,40.0
6680,2021052300100388,21,일요일,서해안,충청남도,경상사고,0,0,1,0,차대차 - 측면충돌,신호위반,-,맑음,기타 - 기타,화물,0,53,상해없음,승용,0,26,경상,50.0,50.0
6681,2021052400100307,15,월요일,서해안,경기도,중상사고,0,2,0,0,차대차 - 추돌,안전운전불이행,-,맑음,단일로 - 기타,승용,1,67,상해없음,화물,0,24,중상,60.0,60.0
6682,2021052600100041,6,수요일,서해안,경기도,중상사고,0,1,1,0,차대차 - 측면충돌,차로위반,-,맑음,단일로 - 기타,승용,1,59,중상,승용,0,48,경상,50.0,50.0
6683,2021052600100237,13,수요일,서해안,전라남도,중상사고,0,2,3,0,차대차 - 기타,신호위반,-,맑음,단일로 - 기타,화물,0,60,상해없음,승용,0,61,경상,50.0,50.0
6684,2021052900100015,1,토요일,서해안,경기도,경상사고,0,0,1,0,차대차 - 측면충돌,안전운전불이행,-,맑음,단일로 - 기타,화물,0,42,상해없음,승용,0,27,경상,40.0,40.0
6685,2021052900100091,8,토요일,서해안,경기도,중상사고,0,1,0,0,차대차 - 측면충돌,안전거리미확보,-,맑음,단일로 - 기타,승용,0,28,상해없음,특수,0,58,중상,20.0,20.0
6686,2021053000100442,21,일요일,서해안,충청남도,중상사고,0,2,0,0,차대차 - 추돌,안전운전불이행,-,맑음,기타 - 기타,승용,0,60,상해없음,승용,0,62,중상,50.0,50.0
6687,2021053100100015,3,월요일,서해안,서울특별시,경상사고,0,0,1,1,차대차 - 추돌,안전운전불이행,-,맑음,단일로 - 고가도로위,화물,0,27,부상신고,화물,0,64,경상,20.0,20.0
6688,2021053100100053,7,월요일,서해안,경기도,경상사고,0,0,1,0,차대차 - 측면충돌,안전거리미확보,-,맑음,단일로 - 교량,승용,1,48,상해없음,화물,0,32,경상,40.0,40.0
6689,2021053100100490,20,월요일,서해안,경기도,경상사고,0,0,2,0,차대차 - 기타,안전거리미확보,-,맑음,단일로 - 기타,승용,1,64,경상,화물,0,68,경상,60.0,60.0
6690,2021060100100279,13,화요일,서해안,경기도,경상사고,0,0,4,0,차대차 - 측면충돌,안전운전불이행,-,맑음,단일로 - 교량,승용,0,35,상해없음,승합,0,36,경상,30.0,30.0
6691,2021060200100431,17,수요일,서해안,경기도,중상사고,0,2,0,0,차대차 - 추돌,안전거리미확보,-,맑음,단일로 - 교량,승용,0,38,상해없음,승용,0,49,중상,30.0,30.0
6692,2021060300100063,7,목요일,서해안,경기도,부상신고사고,0,0,0,1,차대차 - 측면충돌,안전운전불이행,-,맑음,단일로 - 기타,승용,0,46,상해없음,승용,0,44,부상신고,40.0,40.0