,사고번호,사고일시,요일,도로종류,시군구,사고내용,사망자수,중상자수,경상자수,부상신고자수,사고유형,법규위반,노면상태,기상상태,도로형태,가해운전자 차종,가해운전자 성별,가해운전자 연령,가해운전자 상해정도,피해운전자 차종,피해운전자 성별,피해운전자 연령,피해운전자 상해정도,연령대,가해연령대
6693,2021060300100157,10,목요일,서해안,전라북도,경상사고,0,0,1,0,차대차 - 추돌,안전운전불이행,-,비,단일로 - 기타,승용,0,52,상해없음,승용,0,41,경상,50.0,50.0
6694,2021060300100302,15,목요일,서해안,충청남도,경상사고,0,0,2,0,차대차 - 기타,안전운전불이행,-,비,단일로 - 기타,화물,0,58,상해없음,화물,0,64,경상,50.0,50.0
6695,2021060500100568,21,토요일,서해안,충청남도,경상사고,0,0,4,0,차대차 - 기타,안전운전불이행,-,맑음,단일로 - 기타,승용,0,33,상해없음,승용,0,47,경상,30.0,30.0
6696,2021060600100442,23,일요일,서해안,경기도,경상사고,0,0,1,0,차대차 - 기타,안전거리미확보,-,맑음,기타 - 기타,승용,1,22,상해없음,승용,1,32,경상,20.0,20.0
6697,2021060700100168,11,월요일,서해안,경기도,중상사고,0,1,0,0,차대차 - 기타,안전거리미확보,-,맑음,단일로 - 기타,승용,0,58,중상,화물,0,56,상해없음,50.0,50.0
6698,2021060700100583,22,월요일,서해안,경기도,중상사고,0,1,1,0,차대차 - 추돌,안전운전불이행,-,맑음,기타 - 기타,승용,0,54,상해없음,승용,0,62,경상,50.0,50.0
6699,2021060800100112,9,화요일,서해안,경기도,중상사고,0,1,3,0,차대차 - 추돌,안전운전불이행,-,흐림,단일로 - 기타,화물,0,72,상해없음,승용,0,33,경상,70.0,70.0
6700,2021060800100228,12,화요일,서해안,경기도,중상사고,0,2,3,0,차대차 - 추돌,안전운전불이행,-,맑음,단일로 - 기타,승용,0,31,경상,승용,0,53,중상,,
6701,2021061200100015,1,토요일,서해안,충청남도,경상사고,0,0,1,0,차대차 - 추돌,안전운전불이행,-,맑음,단일로 - 기타,화물,0,47,상해없음,승용,0,41,경상,40.0,40.0
6702,2021061300100022,2,일요일,서해안,전라남도,경상사고,0,0,1,0,차대차 - 추돌,안전운전불이행,-,맑음,기타 - 기타,승용,2,0,기타불명,화물,0,52,경상,20.0,20.0
6703,2021061900100447,17,토요일,서해안,충청남도,중상사고,0,1,0,0,차대차 - 추돌,안전운전불이행,-,맑음,단일로 - 기타,승합,0,42,상해없음,승용,1,41,중상,40.0,40.0
6704,2021062000100044,5,일요일,서해안,전라남도,부상신고사고,0,0,0,1,차량단독 - 공작물충돌,안전운전불이행,-,맑음,기타 - 기타,화물,0,29,부상신고,기타불명,2,0,기타불명,20.0,20.0
6705,2021062000100463,21,일요일,서해안,경기도,중상사고,0,1,1,0,차대차 - 측면충돌,안전거리미확보,-,맑음,단일로 - 기타,승용,0,29,상해없음,승용,0,35,중상,20.0,20.0
6706,2021062200100203,11,화요일,서해안,전라남도,경상사고,0,0,2,0,차대차 - 기타,안전운전불이행,-,맑음,단일로 - 기타,화물,0,64,상해없음,승용,0,67,경상,60.0,60.0
6707,2021062300100060,7,수요일,서해안,경기도,경상사고,0,0,1,0,차대차 - 추돌,안전거리미확보,-,맑음,단일로 - 기타,승용,0,54,기타불명,승용,0,39,경상,50.0,50.0
6708,2021062300100129,10,수요일,서해안,충청남도,중상사고,0,1,0,0,차대차 - 측면충돌,안전운전불이행,-,비,기타 - 기타,승용,0,50,상해없음,화물,0,66,중상,40.0,40.0
6709,2021062500100157,9,금요일,서해안,경기도,경상사고,0,0,3,0,차대차 - 측면충돌,차로위반,-,맑음,단일로 - 기타,승용,1,38,상해없음,승용,0,52,경상,30.0,30.0
6710,2021062500100568,19,금요일,서해안,충청남도,중상사고,0,1,1,0,차대차 - 추돌,안전운전불이행,-,맑음,단일로 - 교량,승용,1,68,상해없음,승용,0,70,경상,60.0,60.0
6711,2021062600100158,10,토요일,서해안,경기도,경상사고,0,0,2,0,차대차 - 측면충돌,차로위반,-,맑음,단일로 - 기타,화물,0,66,상해없음,승용,0,34,경상,60.0,60.0
6712,2021062600100190,11,토요일,서해안,경기도,경상사고,0,0,1,0,차대차 - 추돌,안전운전불이행,-,맑음,단일로 - 기타,기타불명,2,0,기타불명,승용,1,66,경상,20.0,20.0
6713,2021062800100053,7,월요일,서해안,경기도,부상신고사고,0,0,0,1,차대차 - 추돌,안전운전불이행,-,맑음,단일로 - 기타,승용,2,0,기타불명,승용,0,61,부상신고,20.0,20.0
6714,2021070100100373,16,목요일,서해안,경기도,경상사고,0,0,2,0,차대차 - 기타,안전운전불이행,-,맑음,단일로 - 교량,승용,1,46,상해없음,승용,0,34,경상,40.0,40.0
6715,2021070200100096,8,금요일,서해안,전라북도,경상사고,0,0,2,0,차대차 - 기타,안전거리미확보,-,맑음,단일로 - 기타,화물,0,49,상해없음,승용,0,48,경상,40.0,40.0
6716,2021070300100022,1,토요일,서해안,경기도,경상사고,0,0,2,0,차대차 - 측면충돌,안전거리미확보,-,흐림,단일로 - 교량,승용,0,49,상해없음,승용,0,24,경상,40.0,40.0
6717,2021070400100036,1,일요일,서해안,전라남도,경상사고,0,0,1,0,차대차 - 추돌,안전운전불이행,-,비,단일로 - 기타,화물,0,60,상해없음,승용,0,29,경상,50.0,50.0
6718,2021070800100029,2,목요일,서해안,경기도,경상사고,0,0,1,0,차대차 - 측면충돌,안전거리미확보,-,비,단일로 - 기타,승용,0,48,상해없음,특수,0,49,경상,40.0,40.0
6719,2021070800100368,16,목요일,서해안,경기도,경상사고,0,0,1,0,차대차 - 기타,안전운전불이행,-,맑음,단일로 - 기타,승용,1,31,상해없음,승용,0,28,경상,,
6720,2021070900100514,19,금요일,서해안,경기도,경상사고,0,0,1,0,차대차 - 추돌,안전운전불이행,-,맑음,기타 - 기타,승용,1,50,상해없음,승용,0,33,경상,40.0,40.0
6721,2021071000100205,11,토요일,서해안,경기도,경상사고,0,0,3,0,차대차 - 추돌,안전운전불이행,-,맑음,단일로 - 기타,승용,1,30,상해없음,승용,1,40,경상,20.0,20.0
6722,2021071000100614,23,토요일,서해안,경기도,경상사고,0,0,1,0,차대차 - 측면충돌,신호위반,-,맑음,단일로 - 기타,승용,0,33,상해없음,승용,0,28,경상,30.0,30.0
6723,2021071100100058,9,일요일,서해안,경기도,경상사고,0,0,1,0,차대차 - 측면충돌,안전거리미확보,-,맑음,단일로 - 기타,승용,0,55,상해없음,승용,1,38,경상,50.0,50.0
6724,2021071400100022,2,수요일,서해안,경기도,사망사고,1,0,1,0,차대차 - 추돌,안전운전불이행,-,맑음,기타 - 기타,승용,0,43,사망,건설기계,0,36,경상,40.0,40.0
6725,2021071400100407,17,수요일,서해안,경기도,경상사고,0,0,1,0,차대차 - 측면충돌,안전거리미확보,-,맑음,단일로 - 기타,승용,0,52,상해없음,승용,0,41,경상,50.0,50.0
6726,2021071500100146,9,목요일,서해안,경기도,경상사고,0,0,1,0,차대차 - 측면충돌,안전거리미확보,-,맑음,단일로 - 교량,승용,0,52,상해없음,승용,0,33,경상,50.0,50.0
6727,2021071600100246,12,금요일,서해안,경기도,경상사고,0,0,1,0,차대차 - 측면충돌,안전운전불이행,-,맑음,단일로 - 교량,승용,0,56,상해없음,승용,0,47,경상,50.0,50.0
6728,2021071600100393,16,금요일,서해안,경기도,경상사고,0,0,1,0,차대차 - 추돌,안전운전불이행,-,맑음,단일로 - 교량,승용,0,59,상해없음,화물,0,42,경상,50.0,50.0
6729,2021071700100283,13,토요일,서해안,경기도,중상사고,0,3,0,0,차대차 - 측면충돌,안전거리미확보,-,맑음,단일로 - 교량,화물,0,46,상해없음,승용,1,35,중상,40.0,40.0
6730,2021071800100132,12,일요일,서해안,충청남도,경상사고,0,0,1,0,차대차 - 측면충돌,안전운전불이행,-,맑음,단일로 - 기타,승용,0,29,상해없음,승용,0,49,경상,20.0,20.0
6731,2021072100100091,8,수요일,서해안,경기도,경상사고,0,0,1,0,차대차 - 기타,차로위반,-,맑음,단일로 - 기타,승용,0,66,상해없음,승용,0,43,경상,60.0,60.0
6732,2021072100100290,13,수요일,서해안,경기도,경상사고,0,0,1,0,차대차 - 추돌,안전거리미확보,-,맑음,단일로 - 기타,건설기계,0,58,상해없음,승용,0,47,경상,50.0,50.0
6733,2021072400100099,9,토요일,서해안,경기도,경상사고,0,0,2,2,차대차 - 추돌,안전운전불이행,-,맑음,단일로 - 교량,승용,0,24,상해없음,승용,0,39,경상,20.0,20.0
6734,2021072400100158,11,토요일,서해안,경기도,경상사고,0,0,3,0,차대차 - 추돌,안전운전불이행,-,맑음,단일로 - 기타,승용,1,50,상해없음,승용,0,29,경상,40.0,40.0
6735,2021072400100288,14,토요일,서해안,경기도,중상사고,0,2,3,2,차대차 - 기타,안전운전불이행,-,맑음,단일로 - 기타,승용,0,65,경상,승용,1,49,중상,60.0,60.0
6736,2021072700100108,8,화요일,서해안,경기도,경상사고,0,0,1,0,차대차 - 측면충돌,안전거리미확보,-,맑음,단일로 - 기타,화물,0,59,상해없음,승용,0,31,경상,50.0,50.0
6737,2021072700100313,14,화요일,서해안,충청남도,경상사고,0,0,2,0,차량단독 - 전도전복 - 전복,안전운전불이행,-,맑음,단일로 - 기타,승용,1,63,상해없음,기타불명,2,0,기타불명,60.0,60.0
6738,2021072800100589,22,수요일,서해안,충청남도,중상사고,0,1,0,0,차대사람 - 기타,안전운전불이행,-,맑음,단일로 - 기타,승용,0,53,상해없음,보행자,0,42,중상,50.0,50.0
6739,2021073000100251,13,금요일,서해안,경기도,경상사고,0,0,11,0,차대차 - 추돌,안전운전불이행,-,맑음,기타 - 기타,승용,0,20,기타불명,승용,0,38,경상,20.0,20.0
6740,2021073000100292,14,금요일,서해안,경기도,중상사고,0,1,3,1,차대차 - 추돌,안전운전불이행,-,맑음,단일로 - 기타,승용,0,43,부상신고,승용,0,32,경상,40.0,40.0
6741,2021073000100294,14,금요일,서해안,경기도,경상사고,0,0,1,0,차대차 - 기타,안전운전불이행,-,맑음,기타 - 기타,승용,0,18,상해없음,승용,0,31,경상,20.0,20.0
6742,2021073100100387,17,토요일,서해안,전라북도,사망사고,1,0,1,0,차대차 - 추돌,안전운전불이행,-,맑음,단일로 - 기타,화물,0,64,상해없음,화물,0,58,경상,60.0,60.0
6743,2021080300100148,11,화요일,서해안,전라남도,중상사고,0,3,3,0,차대차 - 추돌,안전운전불이행,-,맑음,단일로 - 기타,화물,0,37,경상,화물,0,34,경상,30.0,30.0
6744,2021080500100160,10,목요일,서해안,경기도,중상사고,0,1,0,0,차대차 - 추돌,안전운전불이행,-,맑음,단일로 - 기타,승용,0,44,상해없음,승용,1,61,중상,40.0,40.0
6745,2021080500100539,20,목요일,서해안,경기도,경상사고,0,0,2,1,차대차 - 측면충돌,안전거리미확보,-,맑음,교차로 - 교차로부근,승용,0,52,부상신고,승용,0,28,경상,50.0,50.0
6746,2021080500100572,21,목요일,서해안,충청남도,사망사고,1,1,0,0,차대차 - 정면충돌,중앙선침범,-,맑음,단일로 - 기타,화물,0,56,상해없음,화물,0,44,사망,50.0,50.0
6747,2021080600100159,10,금요일,서해안,경기도,경상사고,0,0,1,0,차대차 - 측면충돌,안전거리미확보,-,맑음,기타 - 기타,화물,0,32,상해없음,승용,0,35,경상,30.0,30.0
6748,2021080700100483,20,토요일,서해안,경기도,경상사고,0,0,4,0,차대차 - 측면충돌,안전거리미확보,-,맑음,단일로 - 교량,승용,1,53,상해없음,승용,0,34,경상,50.0,50.0
6749,2021080700100535,22,토요일,서해안,전라북도,경상사고,0,0,3,0,차대차 - 추돌,안전운전불이행,-,맑음,단일로 - 기타,화물,0,40,상해없음,화물,0,65,경상,30.0,30.0
6750,2021080900100043,6,월요일,서해안,경기도,경상사고,0,0,1,0,차대차 - 측면충돌,안전운전불이행,-,맑음,단일로 - 기타,화물,0,36,상해없음,화물,0,38,경상,30.0,30.0
6751,2021081200100231,12,목요일,서해안,경기도,중상사고,0,1,1,0,차대차 - 기타,안전거리미확보,-,맑음,기타 - 기타,화물,0,59,상해없음,화물,1,47,중상,50.0,50.0
6752,2021081200100465,19,목요일,서해안,충청남도,경상사고,0,0,3,0,차대차 - 추돌,안전운전불이행,-,맑음,단일로 - 기타,승용,0,32,상해없음,승용,0,53,경상,30.0,30.0
6753,2021081700100140,10,화요일,서해안,전라남도,중상사고,0,1,0,0,차대차 - 추돌,안전운전불이행,-,맑음,단일로 - 기타,화물,0,59,상해없음,화물,0,28,중상,50.0,50.0
6754,2021081700100458,18,화요일,서해안,경기도,경상사고,0,0,1,0,차대차 - 추돌,안전운전불이행,-,비,단일로 - 기타,승용,0,27,상해없음,승용,0,42,경상,20.0,20.0
6755,2021081800100298,15,수요일,서해안,충청남도,경상사고,0,0,1,0,차대차 - 기타,안전운전불이행,-,맑음,기타 - 기타,승용,1,70,상해없음,화물,0,46,경상,60.0,60.0
6756,2021081800100506,20,수요일,서해안,충청남도,중상사고,0,1,1,0,차대차 - 추돌,안전운전불이행,-,비,단일로 - 교량,승용,0,63,상해없음,승용,0,56,중상,60.0,60.0
6757,2021081900100104,9,목요일,서해안,경기도,경상사고,0,0,1,0,차대차 - 측면충돌,안전거리미확보,-,맑음,단일로 - 기타,승용,0,61,상해없음,승용,0,47,경상,,
6758,2021081900100216,12,목요일,서해안,경기도,중상사고,0,2,1,2,차대차 - 추돌,안전운전불이행,-,맑음,단일로 - 기타,승용,0,41,상해없음,승용,0,67,부상신고,,
6759,2021082100100209,13,토요일,서해안,경기도,경상사고,0,0,2,0,차대차 - 추돌,안전운전불이행,-,맑음,단일로 - 기타,승용,0,19,상해없음,승용,0,34,경상,20.0,20.0
6760,2021082600100327,15,목요일,서해안,충청남도,경상사고,0,0,3,0,차대차 - 추돌,안전운전불이행,-,맑음,기타 - 기타,승용,0,40,상해없음,승용,0,41,상해없음,30.0,30.0
6761,2021082700100399,18,금요일,서해안,경기도,경상사고,0,0,1,0,차대차 - 기타,안전거리미확보,-,맑음,단일로 - 기타,화물,0,57,상해없음,승용,1,32,경상,50.0,50.0
6762,2021090200100328,16,목요일,서해안,경기도,경상사고,0,0,2,0,차대차 - 측면충돌,신호위반,-,맑음,기타 - 기타,승용,0,29,상해없음,승용,0,34,경상,20.0,20.0
6763,2021090200100467,19,목요일,서해안,경기도,경상사고,0,0,2,0,차대차 - 측면충돌,안전거리미확보,-,맑음,단일로 - 기타,승용,0,64,상해없음,승용,0,27,경상,60.0,60.0
6764,2021090300100212,13,금요일,서해안,경기도,사망사고,1,0,0,0,차대사람 - 기타,안전운전불이행,-,맑음,단일로 - 기타,특수,0,51,상해없음,보행자,0,36,사망,,
6765,2021090300100316,16,금요일,서해안,경기도,중상사고,0,1,5,1,차대차 - 추돌,안전운전불이행,-,맑음,단일로 - 기타,승용,0,50,부상신고,승용,1,24,경상,40.0,40.0
6766,2021090300100359,17,금요일,서해안,경기도,경상사고,0,0,1,0,차대차 - 측면충돌,안전거리미확보,-,맑음,단일로 - 기타,승용,0,41,상해없음,승용,1,34,경상,,
6767,2021090300100426,18,금요일,서해안,충청남도,경상사고,0,0,1,0,차대차 - 기타,안전운전불이행,-,맑음,단일로 - 기타,화물,0,43,상해없음,화물,0,62,경상,40.0,40.0
6768,2021090400100010,0,토요일,서해안,충청남도,경상사고,0,0,1,0,차대차 - 기타,안전운전불이행,-,맑음,단일로 - 기타,화물,0,58,상해없음,특수,0,38,경상,50.0,50.0
6769,2021090400100188,12,토요일,서해안,경기도,중상사고,0,2,2,0,차대차 - 추돌,안전운전불이행,-,맑음,단일로 - 기타,화물,0,59,중상,특수,0,53,중상,50.0,50.0
6770,2021090700100414,18,화요일,서해안,경기도,경상사고,0,0,2,0,차대차 - 기타,안전운전불이행,-,비,단일로 - 기타,승용,0,34,상해없음,승합,0,28,경상,30.0,30.0
6771,2021090800100043,6,수요일,서해안,경기도,경상사고,0,0,1,0,차대차 - 측면충돌,안전거리미확보,-,맑음,단일로 - 기타,화물,0,69,상해없음,화물,0,37,경상,60.0,60.0
6772,2021090800100335,14,수요일,서해안,경기도,부상신고사고,0,0,0,1,차대차 - 기타,안전거리미확보,-,맑음,기타 - 기타,화물,0,59,상해없음,승용,0,34,부상신고,50.0,50.0
6773,2021090800100583,20,수요일,서해안,경기도,중상사고,0,2,2,1,차대차 - 기타,안전운전불이행,-,맑음,단일로 - 기타,승용,0,41,부상신고,승용,1,54,중상,,
6774,2021090900100157,10,목요일,서해안,충청남도,경상사고,0,0,1,0,차대차 - 측면충돌,안전운전불이행,-,맑음,단일로 - 기타,화물,0,59,상해없음,화물,0,54,경상,50.0,50.0
6775,2021091000100073,7,금요일,서해안,경기도,경상사고,0,0,1,0,차대차 - 측면충돌,안전운전불이행,-,맑음,단일로 - 기타,승용,1,51,상해없음,화물,0,28,경상,,
6776,2021091100100036,5,토요일,서해안,경기도,경상사고,0,0,1,0,차대차 - 측면충돌,안전거리미확보,-,맑음,단일로 - 교량,승용,1,38,상해없음,승용,0,53,경상,30.0,30.0
6777,2021091100100286,13,토요일,서해안,경기도,경상사고,0,0,1,0,차대차 - 추돌,안전운전불이행,-,맑음,단일로 - 기타,승용,0,28,상해없음,승용,1,56,경상,20.0,20.0
6778,2021091200100258,16,일요일,서해안,충청남도,경상사고,0,0,2,0,차대차 - 추돌,안전거리미확보,-,맑음,단일로 - 기타,승용,0,56,상해없음,승용,0,49,경상,50.0,50.0
6779,2021091600100297,13,목요일,서해안,경기도,중상사고,0,1,0,0,차대차 - 추돌,안전운전불이행,-,맑음,단일로 - 교량,화물,0,54,상해없음,승용,0,35,중상,50.0,50.0
6780,2021091600100641,21,목요일,서해안,경기도,중상사고,0,1,0,0,차대차 - 기타,안전운전불이행,-,맑음,단일로 - 기타,승용,0,34,상해없음,승용,0,71,상해없음,30.0,30.0
6781,2021091800100046,7,토요일,서해안,경기도,경상사고,0,0,1,0,차대차 - 측면충돌,안전거리미확보,-,맑음,단일로 - 기타,승용,0,50,상해없음,특수,0,46,경상,40.0,40.0
6782,2021091800100471,17,토요일,서해안,경기도,경상사고,0,0,1,0,차대차 - 기타,안전거리미확보,-,맑음,미분류 - 미분류,승합,0,31,기타불명,승용,0,42,경상,,
6783,2021091900100145,12,일요일,서해안,경기도,경상사고,0,0,4,0,차대차 - 기타,안전운전불이행,-,맑음,단일로 - 기타,승용,0,27,상해없음,승용,0,49,경상,20.0,20.0
6784,2021092000100038,6,월요일,서해안,충청남도,중상사고,0,1,0,0,차대차 - 측면충돌,안전거리미확보,-,맑음,기타 - 기타,승용,0,74,상해없음,화물,0,46,중상,70.0,70.0
6785,2021092200100019,1,수요일,서해안,충청남도,경상사고,0,0,4,0,차대차 - 추돌,안전운전불이행,-,비,단일로 - 교량,승용,0,24,상해없음,승용,0,44,경상,20.0,20.0
6786,2021092200100152,13,수요일,서해안,충청남도,경상사고,0,0,2,0,차대차 - 추돌,안전거리미확보,-,맑음,단일로 - 기타,승용,0,65,상해없음,승용,1,33,경상,60.0,60.0
6787,2021092200100185,14,수요일,서해안,충청남도,경상사고,0,0,9,0,차대차 - 추돌,안전운전불이행,-,맑음,단일로 - 기타,승용,0,39,경상,승용,1,34,경상,30.0,30.0
6788,2021092200100247,16,수요일,서해안,전라남도,경상사고,0,0,5,0,차대차 - 추돌,안전운전불이행,-,맑음,단일로 - 기타,승용,0,45,상해없음,승용,0,27,경상,40.0,40.0
6789,2021092300100022,5,목요일,서해안,경기도,경상사고,0,0,1,0,차대차 - 추돌,안전거리미확보,-,맑음,단일로 - 기타,승용,0,60,상해없음,화물,0,42,경상,50.0,50.0
6790,2021092600100032,5,일요일,서해안,충청남도,중상사고,0,3,2,1,차대차 - 기타,안전운전불이행,-,맑음,단일로 - 기타,승용,0,37,중상,화물,0,70,경상,30.0,30.0
6791,2021092700100003,0,월요일,서해안,충청남도,경상사고,0,0,1,0,차대차 - 추돌,안전운전불이행,-,맑음,기타 - 기타,화물,0,34,상해없음,승용,0,45,경상,30.0,30.0
6792,2021092700100027,5,월요일,서해안,경기도,경상사고,0,0,2,0,차대차 - 측면충돌,안전거리미확보,-,맑음,단일로 - 기타,화물,0,38,상해없음,승용,0,49,경상,30.0,30.0
6793,2021092900100250,13,수요일,서해안,경기도,경상사고,0,0,2,0,차대차 - 추돌,안전운전불이행,-,비,단일로 - 기타,화물,0,33,상해없음,승용,1,22,경상,30.0,30.0
6794,2021100100100053,7,금요일,서해안,경기도,경상사고,0,0,1,0,차대차 - 기타,안전거리미확보,-,맑음,단일로 - 기타,승용,0,38,상해없음,승용,0,41,경상,30.0,30.0
6795,2021100200100122,10,토요일,서해안,경기도,경상사고,0,0,1,0,차대차 - 추돌,안전운전불이행,-,맑음,단일로 - 기타,승용,0,75,상해없음,승용,0,48,경상,70.0,70.0
6796,2021100200100629,23,토요일,서해안,경기도,부상신고사고,0,0,0,1,차대차 - 기타,안전거리미확보,-,맑음,단일로 - 기타,승용,0,53,상해없음,승용,0,46,상해없음,50.0,50.0
6797,2021101000100032,3,일요일,서해안,경기도,경상사고,0,0,4,0,차대차 - 추돌,안전거리미확보,-,맑음,단일로 - 교량,승용,0,30,상해없음,승용,0,50,경상,20.0,20.0
6798,2021101000100277,16,일요일,서해안,경기도,중상사고,0,2,0,0,차대차 - 추돌,안전운전불이행,-,비,단일로 - 기타,승용,0,49,상해없음,승용,0,35,중상,40.0,40.0
6799,2021101400100007,0,목요일,서해안,충청남도,중상사고,0,1,0,0,차대차 - 기타,안전운전불이행,-,맑음,단일로 - 기타,화물,0,37,상해없음,화물,0,34,중상,30.0,30.0
6800,2021101500100312,14,금요일,서해안,충청남도,중상사고,0,1,0,0,차대차 - 기타,안전운전불이행,-,맑음,단일로 - 기타,건설기계,0,56,상해없음,화물,0,59,중상,50.0,50.0
6801,2021101500100321,14,금요일,서해안,경기도,중상사고,0,2,0,0,차대차 - 기타,안전거리미확보,-,맑음,기타 - 기타,승용,0,21,상해없음,화물,0,65,중상,20.0,20.0
6802,2021101700100393,20,일요일,서해안,충청남도,중상사고,0,1,1,0,차대차 - 추돌,안전운전불이행,-,맑음,단일로 - 교량,승용,0,41,상해없음,승용,0,58,경상,,
6803,2021101800100038,6,월요일,서해안,충청남도,중상사고,0,1,1,0,차대차 - 측면충돌,안전운전불이행,-,맑음,단일로 - 기타,승용,0,49,중상,승용,0,24,상해없음,40.0,40.0
6804,2021101900100009,0,화요일,서해안,서울특별시,중상사고,0,2,2,0,차대차 - 추돌,안전운전불이행,-,비,단일로 - 교량,승용,0,63,상해없음,승용,0,57,경상,60.0,60.0
6805,2021101900100567,22,화요일,서해안,경기도,경상사고,0,0,3,0,차대차 - 추돌,안전운전불이행,-,맑음,단일로 - 기타,승용,0,52,경상,화물,0,59,경상,50.0,50.0
6806,2021102200100545,18,금요일,서해안,충청남도,경상사고,0,0,1,0,차대차 - 기타,안전운전불이행,-,흐림,단일로 - 기타,기타불명,2,0,기타불명,승용,0,46,경상,20.0,20.0
6807,2021102300100202,12,토요일,서해안,경기도,경상사고,0,0,1,0,차대차 - 추돌,안전운전불이행,-,맑음,단일로 - 기타,승용,0,66,상해없음,승용,0,46,경상,60.0,60.0
6808,2021102400100458,21,일요일,서해안,경기도,중상사고,0,1,1,0,차대차 - 측면충돌,안전운전불이행,-,맑음,단일로 - 기타,승용,0,42,상해없음,승용,1,48,중상,40.0,40.0
6809,2021102500100145,9,월요일,서해안,경기도,경상사고,0,0,2,0,차대차 - 기타,안전운전불이행,-,맑음,기타 - 기타,승용,0,42,상해없음,화물,0,46,경상,40.0,40.0
6810,2021102700100495,19,수요일,서해안,경기도,경상사고,0,0,2,0,차대차 - 측면충돌,안전거리미확보,-,맑음,단일로 - 기타,승용,1,62,상해없음,승용,0,57,경상,60.0,60.0
6811,2021102700100543,20,수요일,서해안,경기도,경상사고,0,0,1,0,차대차 - 측면충돌,안전운전불이행,-,맑음,기타 - 기타,승용,1,63,상해없음,특수,0,55,경상,60.0,60.0
6812,2021102800100026,4,목요일,서해안,경기도,경상사고,0,0,2,0,차대차 - 측면충돌,안전거리미확보,-,맑음,기타 - 기타,화물,0,51,상해없음,승용,1,28,경상,,
6813,2021103100100255,15,일요일,서해안,경기도,경상사고,0,0,1,0,차대차 - 추돌,안전운전불이행,-,맑음,기타 - 기타,승용,1,26,상해없음,승용,0,28,경상,20.0,20.0
6814,2021103100100473,22,일요일,서해안,경기도,경상사고,0,0,1,0,차대차 - 기타,안전운전불이행,-,맑음,단일로 - 기타,승용,0,60,상해없음,화물,0,49,경상,50.0,50.0
6815,2021110100100395,16,월요일,서해안,경기도,경상사고,0,0,4,0,차대차 - 기타,안전거리미확보,-,맑음,기타 - 기타,화물,0,61,상해없음,승용,0,52,경상,,
6816,2021110100100446,17,월요일,서해안,경기도,경상사고,0,0,2,0,차대차 - 측면충돌,안전거리미확보,-,맑음,단일로 - 교량,승용,1,51,경상,화물,0,40,경상,,
6817,2021110200100200,11,화요일,서해안,경기도,경상사고,0,0,2,0,차대차 - 측면충돌,안전거리미확보,-,맑음,단일로 - 기타,화물,0,35,상해없음,승용,1,38,경상,30.0,30.0
6818,2021110500100281,13,금요일,서해안,충청남도,경상사고,0,0,1,0,차대차 - 추돌,안전운전불이행,-,맑음,단일로 - 기타,승용,1,48,상해없음,화물,0,61,경상,40.0,40.0
6819,2021110600100207,12,토요일,서해안,경기도,경상사고,0,0,1,0,차대차 - 추돌,기타,-,맑음,단일로 - 기타,기타불명,2,0,기타불명,기타불명,2,0,기타불명,20.0,20.0
6820,2021110700100125,11,일요일,서해안,경기도,경상사고,0,0,3,0,차대차 - 추돌,안전거리미확보,-,맑음,단일로 - 기타,승용,1,48,상해없음,승용,0,37,경상,40.0,40.0
6821,2021110700100310,16,일요일,서해안,전라남도,경상사고,0,0,2,0,차대차 - 기타,신호위반,-,맑음,기타 - 기타,승용,0,47,상해없음,승합,0,56,경상,40.0,40.0
6822,2021110800100452,17,월요일,서해안,경기도,경상사고,0,0,3,0,차대차 - 추돌,안전운전불이행,-,비,단일로 - 기타,승용,0,37,상해없음,승용,0,53,경상,30.0,30.0
6823,2021110900100091,8,화요일,서해안,경기도,중상사고,0,2,1,0,차량단독 - 공작물충돌,안전운전불이행,-,비,기타 - 기타,승합,0,69,상해없음,기타불명,2,0,기타불명,60.0,60.0
6824,2021111100100255,12,목요일,서해안,경기도,경상사고,0,0,2,0,차대차 - 추돌,안전운전불이행,-,맑음,단일로 - 기타,승용,0,35,상해없음,승용,0,65,경상,30.0,30.0
6825,2021111100100385,16,목요일,서해안,경기도,경상사고,0,0,1,1,차대차 - 추돌,안전운전불이행,-,비,단일로 - 기타,화물,0,54,부상신고,승용,1,50,경상,50.0,50.0
6826,2021111100100391,16,목요일,서해안,전라북도,경상사고,0,0,1,0,차대차 - 기타,안전거리미확보,-,맑음,단일로 - 기타,기타불명,2,0,기타불명,승용,0,26,경상,20.0,20.0
6827,2021111100100392,16,목요일,서해안,전라남도,경상사고,0,0,1,0,차대차 - 추돌,안전운전불이행,-,비,단일로 - 기타,승용,1,55,경상,승용,0,32,상해없음,50.0,50.0
6828,2021111100100402,16,목요일,서해안,경기도,경상사고,0,0,1,0,차대차 - 기타,안전거리미확보,-,맑음,기타 - 기타,화물,0,45,상해없음,승용,1,43,경상,40.0,40.0
6829,2021111100100548,19,목요일,서해안,충청남도,경상사고,0,0,1,0,차대차 - 측면충돌,안전운전불이행,-,맑음,단일로 - 기타,기타불명,2,0,기타불명,승용,0,31,경상,20.0,20.0