,사고번호,사고일시,요일,도로종류,시군구,사고내용,사망자수,중상자수,경상자수,부상신고자수,사고유형,법규위반,노면상태,기상상태,도로형태,가해운전자 차종,가해운전자 성별,가해운전자 연령,가해운전자 상해정도,피해운전자 차종,피해운전자 성별,피해운전자 연령,피해운전자 상해정도,연령대,가해연령대
6830,2021111200100318,14,금요일,서해안,경기도,경상사고,0,0,3,0,차대차 - 기타,안전운전불이행,-,맑음,단일로 - 교량,승용,1,56,상해없음,승용,0,38,경상,50.0,50.0
6831,2021111300100562,20,토요일,서해안,경기도,중상사고,0,1,0,0,차대차 - 추돌,안전운전불이행,-,맑음,단일로 - 기타,승용,0,41,상해없음,승합,0,59,중상,,
6832,2021111400100466,22,일요일,서해안,충청남도,경상사고,0,0,5,0,차대차 - 기타,안전운전불이행,-,맑음,단일로 - 기타,승용,0,65,상해없음,승용,0,54,경상,60.0,60.0
6833,2021111600100193,10,화요일,서해안,경기도,경상사고,0,0,1,0,차대차 - 기타,안전운전불이행,-,맑음,단일로 - 기타,화물,0,46,상해없음,승용,0,63,경상,40.0,40.0
6834,2021111700100454,17,수요일,서해안,경기도,경상사고,0,0,2,0,차대차 - 추돌,안전운전불이행,-,맑음,단일로 - 기타,승용,0,26,상해없음,승용,0,57,경상,20.0,20.0
6835,2021111800100156,9,목요일,서해안,경기도,경상사고,0,0,1,0,차대차 - 측면충돌,안전거리미확보,-,맑음,단일로 - 교량,화물,0,31,상해없음,승용,0,56,경상,,
6836,2021111800100544,20,목요일,서해안,전라남도,경상사고,0,0,3,0,차대차 - 기타,과속,-,맑음,단일로 - 기타,승용,0,48,경상,화물,0,51,상해없음,40.0,40.0
6837,2021111900100036,2,금요일,서해안,충청남도,중상사고,0,1,0,0,차대차 - 기타,안전운전불이행,-,맑음,단일로 - 기타,화물,0,58,중상,승용,0,39,기타불명,50.0,50.0
6838,2021111900100400,16,금요일,서해안,경기도,경상사고,0,0,2,0,차대차 - 측면충돌,안전거리미확보,-,맑음,단일로 - 기타,승용,0,27,상해없음,승용,0,37,경상,20.0,20.0
6839,2021112000100087,6,토요일,서해안,경기도,경상사고,0,0,1,0,차대차 - 측면충돌,안전거리미확보,-,맑음,단일로 - 기타,화물,0,64,기타불명,화물,0,57,경상,60.0,60.0
6840,2021112000100332,15,토요일,서해안,충청남도,경상사고,0,0,3,0,차대차 - 기타,안전운전불이행,-,맑음,단일로 - 기타,승용,0,51,상해없음,승용,0,46,경상,,
6841,2021112000100548,21,토요일,서해안,경기도,경상사고,0,0,1,0,차대차 - 기타,안전거리미확보,-,맑음,단일로 - 기타,승용,0,24,상해없음,승용,0,41,경상,20.0,20.0
6842,2021112200100293,13,월요일,서해안,충청남도,중상사고,0,1,4,0,차대차 - 기타,안전운전불이행,-,맑음,단일로 - 기타,승용,0,40,경상,승용,0,39,경상,30.0,30.0
6843,2021112200100478,18,월요일,서해안,경기도,경상사고,0,0,1,0,차대차 - 기타,안전거리미확보,-,맑음,단일로 - 기타,승용,0,33,상해없음,승용,1,48,경상,30.0,30.0
6844,2021112300100437,18,화요일,서해안,경기도,경상사고,0,0,1,0,차대차 - 추돌,안전운전불이행,-,비,단일로 - 기타,승용,1,62,상해없음,승용,1,37,경상,60.0,60.0
6845,2021112700100137,10,토요일,서해안,경기도,중상사고,0,1,7,1,차대차 - 추돌,안전운전불이행,-,맑음,단일로 - 기타,승용,0,53,경상,승용,0,22,부상신고,50.0,50.0
6846,2021120300100631,19,금요일,서해안,경기도,경상사고,0,0,1,0,차대차 - 측면충돌,안전거리미확보,-,맑음,단일로 - 기타,승용,0,31,상해없음,승용,0,58,경상,,
6847,2021120400100511,21,토요일,서해안,경기도,경상사고,0,0,1,0,차대차 - 기타,안전운전불이행,-,맑음,단일로 - 교량,승용,0,26,상해없음,승용,0,61,경상,20.0,20.0
6848,2021120600100385,17,월요일,서해안,경기도,경상사고,0,0,2,0,차대차 - 기타,안전거리미확보,-,맑음,기타 - 기타,승용,0,22,상해없음,승용,0,29,경상,20.0,20.0
6849,2021120700100187,11,화요일,서해안,전라남도,경상사고,0,0,2,0,차대차 - 측면충돌,안전거리미확보,-,맑음,단일로 - 기타,승합,0,67,상해없음,화물,0,45,경상,60.0,60.0
6850,2021120700100438,17,화요일,서해안,경기도,경상사고,0,0,1,0,차대차 - 기타,신호위반,-,맑음,기타 - 기타,화물,0,65,상해없음,승용,0,43,경상,60.0,60.0
6851,2021120700100596,23,화요일,서해안,경기도,중상사고,0,1,0,0,차대차 - 측면충돌,안전거리미확보,-,맑음,단일로 - 기타,승용,1,30,상해없음,승용,0,69,중상,20.0,20.0
6852,2021120900100469,20,목요일,서해안,경기도,경상사고,0,0,4,0,차대차 - 측면충돌,안전거리미확보,-,맑음,단일로 - 교량,승용,0,50,상해없음,승용,1,24,경상,40.0,40.0
6853,2021121100100135,10,토요일,서해안,경기도,경상사고,0,0,1,0,차대차 - 기타,안전운전불이행,-,맑음,단일로 - 기타,승용,0,63,상해없음,특수,0,50,상해없음,60.0,60.0
6854,2021121100100398,18,토요일,서해안,경기도,경상사고,0,0,1,0,차량단독 - 공작물충돌,안전운전불이행,-,맑음,기타 - 기타,화물,0,66,경상,기타불명,2,0,기타불명,60.0,60.0
6855,2021121100100525,23,토요일,서해안,경기도,경상사고,0,0,1,0,차대차 - 추돌,안전운전불이행,-,흐림,단일로 - 기타,승용,0,30,상해없음,승용,0,32,경상,20.0,20.0
6856,2021121400100042,6,화요일,서해안,충청남도,중상사고,0,1,0,0,차대차 - 기타,안전운전불이행,-,맑음,단일로 - 기타,승용,0,37,상해없음,승용,1,41,중상,30.0,30.0
6857,2021121900100062,9,일요일,서해안,경기도,경상사고,0,0,4,0,차대차 - 기타,안전운전불이행,-,눈,기타 - 기타,승용,1,22,상해없음,승용,0,40,경상,20.0,20.0
6858,2021121900100176,14,일요일,서해안,경기도,중상사고,0,1,3,0,차대차 - 추돌,안전거리미확보,-,맑음,단일로 - 기타,승용,0,37,상해없음,승용,0,67,경상,30.0,30.0
6859,2021122000100281,14,월요일,서해안,경기도,경상사고,0,0,1,0,차대차 - 측면충돌,안전운전불이행,-,맑음,단일로 - 기타,화물,0,39,상해없음,승용,0,36,경상,30.0,30.0
6860,2021122000100623,22,월요일,서해안,경기도,경상사고,0,0,1,0,차대차 - 기타,안전거리미확보,-,비,단일로 - 교량,승합,0,52,상해없음,승용,0,51,경상,50.0,50.0
6861,2021122100100115,9,화요일,서해안,경기도,경상사고,0,0,1,0,차대차 - 측면충돌,안전거리미확보,-,맑음,단일로 - 기타,특수,0,36,상해없음,특수,0,56,경상,30.0,30.0
6862,2021122400100189,12,금요일,서해안,경기도,중상사고,0,1,0,0,차대차 - 기타,기타,-,맑음,단일로 - 기타,화물,0,27,상해없음,승용,0,61,상해없음,20.0,20.0
6863,2021122700100161,11,월요일,서해안,경기도,경상사고,0,0,5,0,차대차 - 추돌,안전운전불이행,-,맑음,기타 - 기타,승합,0,65,상해없음,승용,0,50,경상,60.0,60.0
6864,2021122800100257,14,화요일,서해안,전라북도,중상사고,0,2,2,0,차대차 - 추돌,안전운전불이행,-,맑음,단일로 - 기타,화물,0,27,경상,승용,0,68,중상,20.0,20.0
6865,2021122800100314,16,화요일,서해안,경기도,경상사고,0,0,1,0,차대차 - 측면충돌,안전거리미확보,-,맑음,단일로 - 기타,승용,0,53,상해없음,승용,1,45,경상,50.0,50.0
6866,2021122900100352,17,수요일,서해안,경기도,중상사고,0,1,0,0,차대차 - 추돌,안전운전불이행,-,흐림,단일로 - 기타,승용,1,31,상해없음,승용,0,60,중상,,
6867,2021123100100129,11,금요일,서해안,경기도,경상사고,0,0,1,0,차대차 - 추돌,안전운전불이행,-,맑음,단일로 - 기타,화물,0,60,상해없음,승용,0,52,경상,50.0,50.0
6868,2021123100100200,13,금요일,서해안,경기도,경상사고,0,0,2,0,차대차 - 기타,안전운전불이행,-,맑음,기타 - 기타,승용,0,41,상해없음,승용,0,37,상해없음,,
6869,2021123100100326,16,금요일,서해안,경기도,경상사고,0,0,1,0,차대차 - 추돌,안전운전불이행,-,맑음,기타 - 기타,건설기계,0,61,상해없음,승용,0,27,경상,,
6870,2019032300100041,1,토요일,서해안진입로,전라북도,경상사고,0,0,2,0,차대차 - 측면충돌,과속,포장 - 건조,흐림,단일로 - 기타,승용,0,37,경상,승합,0,60,상해없음,30.0,30.0
6871,2020071600100323,14,목요일,세종포천,서울특별시,경상사고,0,0,1,0,차대차 - 추돌,안전운전불이행,포장 - 건조,맑음,단일로 - 기타,승용,0,49,상해없음,승용,1,48,경상,40.0,40.0
6872,2020091200100559,21,토요일,세종포천,경기도,부상신고사고,0,0,0,2,차대차 - 기타,안전거리미확보,포장 - 건조,맑음,단일로 - 기타,승용,0,23,상해없음,승용,0,35,부상신고,20.0,20.0
6873,2020112000100224,11,금요일,세종포천,경기도,중상사고,0,1,0,0,차대차 - 측면충돌,안전거리미확보,포장 - 건조,맑음,단일로 - 기타,화물,0,55,상해없음,승용,0,66,중상,50.0,50.0
6874,2021031200100235,13,금요일,세종포천,경기도,중상사고,0,2,1,0,차대차 - 측면충돌,안전거리미확보,-,맑음,단일로 - 기타,승용,0,31,상해없음,화물,0,51,중상,,
6875,2021031800100053,6,목요일,세종포천,경기도,경상사고,0,0,1,0,차대차 - 측면충돌,안전거리미확보,-,맑음,단일로 - 기타,화물,0,43,상해없음,승용,1,68,경상,40.0,40.0
6876,2021112900100384,15,월요일,세종포천,경기도,경상사고,0,0,1,0,차대차 - 측면충돌,안전거리미확보,-,맑음,단일로 - 기타,승용,0,35,상해없음,화물,0,53,경상,30.0,30.0
6877,2019010100100057,3,화요일,호남지선,대전광역시,경상사고,0,0,1,0,차대차 - 추돌,안전운전불이행,포장 - 건조,맑음,단일로 - 기타,승용,0,31,상해없음,화물,0,36,경상,,
6878,2019010800100292,14,화요일,호남지선,대전광역시,경상사고,0,0,1,0,차대차 - 측면충돌,안전거리미확보,포장 - 건조,맑음,단일로 - 기타,화물,0,33,상해없음,승용,1,47,경상,30.0,30.0
6879,2019031100100576,22,월요일,호남지선,대전광역시,중상사고,0,1,0,0,차량단독 - 기타,안전운전불이행,포장 - 젖음/습기,흐림,단일로 - 기타,화물,0,38,중상,기타불명,2,0,기타불명,30.0,30.0
6880,2019032400100312,15,일요일,호남지선,충청남도,경상사고,0,0,8,0,차대차 - 기타,안전운전불이행,포장 - 건조,맑음,단일로 - 기타,승용,0,39,경상,승용,0,59,경상,30.0,30.0
6881,2019042000100411,15,토요일,호남지선,충청남도,경상사고,0,0,5,0,차대차 - 추돌,안전운전불이행,포장 - 건조,맑음,단일로 - 기타,승용,0,60,경상,승합,0,54,상해없음,50.0,50.0
6882,2019042300100622,22,화요일,호남지선,대전광역시,경상사고,0,0,1,0,차대차 - 측면충돌,안전운전불이행,포장 - 젖음/습기,비,단일로 - 기타,화물,0,64,상해없음,승용,0,47,경상,60.0,60.0
6883,2019052500100565,19,토요일,호남지선,대전광역시,경상사고,0,0,2,0,차대차 - 추돌,기타,포장 - 건조,맑음,기타 - 기타,승용,0,61,상해없음,승용,0,64,경상,,
6884,2019052600100225,12,일요일,호남지선,충청남도,중상사고,0,2,0,0,차대차 - 측면충돌,안전운전불이행,포장 - 건조,맑음,단일로 - 기타,승용,0,43,상해없음,승용,0,57,중상,40.0,40.0
6885,2019061200100510,19,수요일,호남지선,대전광역시,경상사고,0,0,1,0,차대차 - 측면충돌,안전운전불이행,포장 - 건조,맑음,단일로 - 교량,화물,0,60,상해없음,승용,0,31,경상,50.0,50.0
6886,2019070900100146,8,화요일,호남지선,충청남도,부상신고사고,0,0,0,1,차대차 - 기타,안전운전불이행,포장 - 건조,맑음,단일로 - 기타,화물,0,63,상해없음,승용,0,35,상해없음,60.0,60.0
6887,2019071800100382,16,목요일,호남지선,대전광역시,경상사고,0,0,2,0,차대차 - 추돌,안전운전불이행,포장 - 건조,흐림,단일로 - 기타,화물,0,56,상해없음,승용,0,26,경상,50.0,50.0
6888,2019080300100238,12,토요일,호남지선,대전광역시,경상사고,0,0,2,0,차대차 - 추돌,안전운전불이행,포장 - 건조,맑음,단일로 - 기타,승용,0,32,상해없음,승용,0,41,경상,30.0,30.0
6889,2019081400100102,6,수요일,호남지선,대전광역시,경상사고,0,0,2,0,차대차 - 기타,안전운전불이행,포장 - 건조,맑음,단일로 - 기타,화물,0,59,상해없음,승용,0,47,경상,50.0,50.0
6890,2019082500100198,12,일요일,호남지선,대전광역시,경상사고,0,0,1,0,차대차 - 기타,신호위반,포장 - 건조,맑음,단일로 - 기타,승용,1,35,상해없음,화물,0,61,경상,30.0,30.0
6891,2019091700100694,23,화요일,호남지선,대전광역시,중상사고,0,1,2,0,차대차 - 측면충돌,안전운전불이행,포장 - 건조,맑음,기타 - 기타,승용,0,54,상해없음,승용,1,51,중상,50.0,50.0
6892,2019092000100049,2,금요일,호남지선,충청남도,중상사고,0,1,0,0,차대차 - 추돌,안전운전불이행,포장 - 건조,맑음,기타 - 기타,승용,0,65,상해없음,승용,0,30,중상,60.0,60.0
6893,2019102000100180,11,일요일,호남지선,충청남도,중상사고,0,1,0,0,차대사람 - 기타,안전운전불이행,포장 - 건조,맑음,기타 - 기타,화물,1,60,상해없음,보행자,0,60,중상,50.0,50.0
6894,2019103000100357,13,수요일,호남지선,대전광역시,중상사고,0,1,2,0,차대차 - 추돌,안전운전불이행,포장 - 건조,맑음,기타 - 기타,화물,0,40,경상,승용,0,54,중상,30.0,30.0
6895,2019111400100034,0,목요일,호남지선,대전광역시,경상사고,0,0,1,0,차대차 - 추돌,차로위반,포장 - 젖음/습기,비,단일로 - 기타,승용,0,48,상해없음,특수,0,41,경상,40.0,40.0
6896,2019121300100558,18,금요일,호남지선,대전광역시,경상사고,0,0,2,0,차대차 - 추돌,안전운전불이행,포장 - 건조,맑음,기타 - 기타,승용,0,49,상해없음,승용,0,37,상해없음,40.0,40.0
6897,2020010300100045,5,금요일,호남지선,충청남도,사망사고,1,0,1,0,차대차 - 추돌,안전운전불이행,포장 - 건조,맑음,단일로 - 기타,특수,0,47,상해없음,화물,0,49,경상,40.0,40.0
6898,2020012100100239,11,화요일,호남지선,대전광역시,경상사고,0,0,6,0,차대차 - 추돌,안전운전불이행,포장 - 건조,맑음,단일로 - 기타,승용,0,55,상해없음,승합,0,37,경상,50.0,50.0
6899,2020012500100339,22,토요일,호남지선,충청남도,경상사고,0,0,3,0,차대차 - 측면충돌,안전운전불이행,포장 - 건조,맑음,단일로 - 기타,승합,0,61,상해없음,승용,1,36,경상,,
6900,2020022000100421,16,목요일,호남지선,대전광역시,경상사고,0,0,3,0,차대차 - 측면충돌,안전운전불이행,포장 - 건조,맑음,단일로 - 기타,승용,1,49,경상,화물,0,57,경상,40.0,40.0
6901,2020022100100465,18,금요일,호남지선,대전광역시,경상사고,0,0,2,0,차대차 - 추돌,안전운전불이행,포장 - 건조,맑음,단일로 - 기타,승용,0,34,상해없음,승용,0,26,경상,30.0,30.0
6902,2020022500100348,18,화요일,호남지선,대전광역시,경상사고,0,0,1,0,차대차 - 측면충돌,안전운전불이행,포장 - 젖음/습기,흐림,기타 - 기타,승용,1,54,상해없음,승용,0,53,경상,50.0,50.0
6903,2020041000100368,16,금요일,호남지선,충청남도,경상사고,0,0,1,0,차대차 - 추돌,안전운전불이행,포장 - 건조,맑음,단일로 - 기타,화물,0,61,상해없음,승용,0,27,경상,,
6904,2020042500100028,1,토요일,호남지선,충청남도,중상사고,0,1,0,0,차대차 - 측면충돌,안전운전불이행,포장 - 건조,맑음,단일로 - 기타,승용,1,47,상해없음,화물,0,60,중상,40.0,40.0
6905,2020050200100171,11,토요일,호남지선,대전광역시,중상사고,0,2,5,0,차대차 - 추돌,안전운전불이행,포장 - 건조,맑음,단일로 - 기타,화물,1,67,중상,승용,0,42,경상,60.0,60.0
6906,2020050900100024,0,토요일,호남지선,충청남도,경상사고,0,0,1,0,차대차 - 추돌,안전운전불이행,포장 - 젖음/습기,비,단일로 - 기타,승용,0,48,상해없음,승용,1,30,경상,40.0,40.0
6907,2020051300100042,3,수요일,호남지선,충청남도,중상사고,0,1,1,0,차대차 - 추돌,안전운전불이행,포장 - 건조,맑음,단일로 - 기타,승용,0,24,중상,화물,0,50,경상,20.0,20.0
6908,2020052500100193,11,월요일,호남지선,충청남도,경상사고,0,0,1,0,차대차 - 추돌,안전운전불이행,포장 - 건조,맑음,기타 - 기타,화물,0,32,기타불명,건설기계,0,29,경상,30.0,30.0
6909,2020052500100522,20,월요일,호남지선,대전광역시,중상사고,0,1,0,0,차대차 - 추돌,안전운전불이행,포장 - 건조,맑음,단일로 - 기타,승용,0,22,상해없음,승용,1,36,중상,20.0,20.0
6910,2020052900100494,17,금요일,호남지선,대전광역시,경상사고,0,0,2,0,차대차 - 추돌,안전운전불이행,포장 - 건조,맑음,단일로 - 기타,승용,0,54,상해없음,승용,1,30,경상,50.0,50.0
6911,2020061300100189,10,토요일,호남지선,충청남도,경상사고,0,0,1,0,차대차 - 추돌,안전운전불이행,포장 - 건조,맑음,단일로 - 기타,승용,0,35,기타불명,승용,0,63,경상,30.0,30.0
6912,2020061600100464,17,화요일,호남지선,대전광역시,경상사고,0,0,1,0,차대차 - 기타,안전운전불이행,포장 - 건조,맑음,단일로 - 기타,승용,1,28,상해없음,승용,0,39,경상,20.0,20.0
6913,2020072600100192,13,일요일,호남지선,충청남도,경상사고,0,0,3,0,차대차 - 기타,안전운전불이행,포장 - 건조,맑음,기타 - 기타,승용,0,26,경상,승용,0,52,상해없음,20.0,20.0
6914,2020081800100421,16,화요일,호남지선,충청남도,경상사고,0,0,6,0,차대차 - 추돌,안전운전불이행,포장 - 건조,맑음,단일로 - 기타,승용,0,41,경상,승용,0,43,경상,,
6915,2020082700100270,14,목요일,호남지선,대전광역시,경상사고,0,0,1,0,차대차 - 기타,안전운전불이행,포장 - 건조,맑음,단일로 - 기타,승용,0,25,상해없음,승용,0,35,경상,20.0,20.0
6916,2020090700100276,14,월요일,호남지선,대전광역시,중상사고,0,1,0,0,차대차 - 측면충돌,안전운전불이행,포장 - 젖음/습기,비,단일로 - 기타,승용,1,34,기타불명,승용,0,40,중상,30.0,30.0
6917,2020091800100328,14,금요일,호남지선,대전광역시,중상사고,0,1,3,0,차대차 - 정면충돌,안전운전불이행,포장 - 건조,맑음,기타 - 기타,화물,0,62,기타불명,승용,1,38,중상,60.0,60.0
6918,2020092600100507,17,토요일,호남지선,대전광역시,경상사고,0,0,2,0,차대차 - 측면충돌,안전운전불이행,포장 - 건조,맑음,기타 - 기타,승용,0,60,상해없음,승용,0,75,경상,50.0,50.0
6919,2020092900100441,15,화요일,호남지선,충청남도,부상신고사고,0,0,0,2,차대차 - 기타,안전운전불이행,포장 - 건조,맑음,단일로 - 기타,화물,0,55,상해없음,승용,0,34,부상신고,50.0,50.0
6920,2020100300100428,22,토요일,호남지선,충청남도,중상사고,0,1,4,0,차대차 - 측면충돌,기타,포장 - 건조,흐림,단일로 - 기타,승용,1,25,상해없음,승용,0,45,경상,20.0,20.0
6921,2020101200100271,12,월요일,호남지선,대전광역시,경상사고,0,0,2,0,차대차 - 기타,안전운전불이행,포장 - 건조,맑음,단일로 - 기타,화물,0,53,상해없음,화물,0,41,경상,50.0,50.0
6922,2020102100100033,4,수요일,호남지선,대전광역시,경상사고,0,0,1,0,차대차 - 기타,안전운전불이행,포장 - 건조,맑음,단일로 - 기타,기타불명,2,0,기타불명,화물,0,48,경상,20.0,20.0
6923,2020102200100317,14,목요일,호남지선,대전광역시,경상사고,0,0,1,0,차대차 - 기타,안전운전불이행,포장 - 건조,맑음,단일로 - 기타,승용,0,61,상해없음,승용,0,57,경상,,
6924,2020110600100349,16,금요일,호남지선,대전광역시,경상사고,0,0,1,0,차대차 - 측면충돌,안전운전불이행,포장 - 건조,맑음,단일로 - 기타,승용,0,63,상해없음,승용,0,35,경상,60.0,60.0
6925,2020111000100123,8,화요일,호남지선,대전광역시,경상사고,0,0,1,0,차대차 - 측면충돌,안전운전불이행,포장 - 건조,맑음,단일로 - 기타,화물,0,63,상해없음,승용,1,29,경상,60.0,60.0
6926,2020111200100523,18,목요일,호남지선,대전광역시,중상사고,0,1,0,0,차대차 - 기타,안전운전불이행,포장 - 건조,맑음,단일로 - 기타,승용,0,22,상해없음,승용,0,33,중상,20.0,20.0
6927,2020111700100177,10,화요일,호남지선,대전광역시,경상사고,0,0,2,0,차대차 - 기타,안전운전불이행,포장 - 건조,맑음,단일로 - 기타,승용,1,46,상해없음,승용,0,60,경상,40.0,40.0
6928,2020122100100060,7,월요일,호남지선,충청남도,경상사고,0,0,1,0,차대차 - 측면충돌,안전운전불이행,포장 - 건조,맑음,단일로 - 기타,승용,0,25,상해없음,화물,0,40,경상,20.0,20.0
6929,2020122200100016,4,화요일,호남지선,대전광역시,중상사고,0,2,0,0,차량단독 - 전도전복 - 전도,안전운전불이행,포장 - 건조,맑음,단일로 - 기타,승용,0,31,중상,기타불명,2,0,기타불명,,
6930,2021010700100158,12,목요일,호남지선,충청남도,중상사고,0,1,0,0,차대차 - 추돌,안전운전불이행,-,맑음,단일로 - 기타,화물,0,64,상해없음,승용,1,63,중상,60.0,60.0
6931,2021010800100019,6,금요일,호남지선,충청남도,중상사고,0,1,0,0,차대차 - 추돌,안전운전불이행,-,맑음,단일로 - 기타,승용,0,62,중상,특수,0,61,상해없음,60.0,60.0
6932,2021011200100354,18,화요일,호남지선,충청남도,사망사고,1,1,0,0,차대차 - 추돌,안전운전불이행,-,눈,단일로 - 기타,화물,0,66,사망,화물,0,43,중상,60.0,60.0
6933,2021011500100255,14,금요일,호남지선,충청남도,경상사고,0,0,1,0,차대차 - 추돌,안전운전불이행,-,흐림,단일로 - 기타,승용,2,0,기타불명,승용,1,52,경상,20.0,20.0
6934,2021013100100329,20,일요일,호남지선,대전광역시,경상사고,0,0,1,0,차대차 - 측면충돌,안전운전불이행,-,맑음,단일로 - 기타,특수,0,53,상해없음,승용,0,37,경상,50.0,50.0
6935,2021021600100367,17,화요일,호남지선,충청남도,경상사고,0,0,1,0,차대차 - 추돌,안전운전불이행,-,흐림,단일로 - 기타,화물,0,54,상해없음,화물,0,51,경상,50.0,50.0
6936,2021022600100392,17,금요일,호남지선,충청남도,중상사고,0,1,1,0,차대차 - 측면충돌,안전거리미확보,-,맑음,단일로 - 기타,승용,0,28,상해없음,승용,1,47,중상,20.0,20.0
6937,2021030400100394,19,목요일,호남지선,대전광역시,경상사고,0,0,1,0,차대차 - 추돌,안전운전불이행,-,비,단일로 - 기타,승용,0,50,기타불명,승용,0,39,경상,40.0,40.0
6938,2021042000100057,7,화요일,호남지선,대전광역시,경상사고,0,0,1,0,차대차 - 추돌,안전운전불이행,-,맑음,단일로 - 기타,화물,0,47,상해없음,승용,0,43,경상,40.0,40.0
6939,2021050500100194,12,수요일,호남지선,충청남도,경상사고,0,0,2,0,차대차 - 추돌,안전운전불이행,-,맑음,단일로 - 기타,승용,0,45,상해없음,승용,0,25,경상,40.0,40.0
6940,2021050800100443,17,토요일,호남지선,대전광역시,경상사고,0,0,1,0,차대차 - 기타,안전운전불이행,-,맑음,단일로 - 기타,화물,0,40,상해없음,승용,1,42,경상,30.0,30.0
6941,2021050800100603,22,토요일,호남지선,대전광역시,경상사고,0,0,1,0,차대차 - 추돌,안전운전불이행,-,맑음,단일로 - 기타,승용,0,50,상해없음,승용,1,41,경상,40.0,40.0
6942,2021060300100101,8,목요일,호남지선,대전광역시,중상사고,0,2,0,0,차대차 - 측면충돌,안전거리미확보,-,흐림,단일로 - 기타,승용,1,47,상해없음,화물,0,61,중상,40.0,40.0
6943,2021061300100326,17,일요일,호남지선,충청남도,경상사고,0,0,5,0,차대차 - 기타,안전운전불이행,-,맑음,단일로 - 기타,승용,0,74,상해없음,승용,0,38,경상,70.0,70.0
6944,2021063000100312,14,수요일,호남지선,충청남도,경상사고,0,0,2,0,차대차 - 기타,안전운전불이행,-,맑음,단일로 - 기타,승용,0,39,상해없음,화물,0,36,상해없음,30.0,30.0
6945,2021070200100191,11,금요일,호남지선,충청남도,부상신고사고,0,0,0,2,차대차 - 측면충돌,안전거리미확보,-,맑음,단일로 - 기타,화물,0,49,상해없음,화물,0,56,부상신고,40.0,40.0
6946,2021071600100081,8,금요일,호남지선,대전광역시,경상사고,0,0,1,0,차대차 - 기타,안전운전불이행,-,맑음,단일로 - 기타,승용,0,42,상해없음,승용,0,58,경상,40.0,40.0
6947,2021072000100307,15,화요일,호남지선,대전광역시,경상사고,0,0,1,0,차대사람 - 기타,기타,-,맑음,단일로 - 기타,화물,0,40,상해없음,보행자,1,40,경상,30.0,30.0
6948,2021073000100258,13,금요일,호남지선,충청남도,경상사고,0,0,1,0,차대차 - 기타,안전거리미확보,-,맑음,단일로 - 기타,승용,0,79,상해없음,화물,0,64,경상,70.0,70.0
6949,2021080200100240,13,월요일,호남지선,대전광역시,경상사고,0,0,2,0,차대차 - 추돌,안전운전불이행,-,맑음,단일로 - 기타,화물,0,55,상해없음,승용,1,25,경상,50.0,50.0
6950,2021081500100202,14,일요일,호남지선,대전광역시,경상사고,0,0,2,0,차대차 - 측면충돌,안전운전불이행,-,맑음,단일로 - 기타,승용,1,53,상해없음,승용,1,28,경상,50.0,50.0
6951,2021082600100326,15,목요일,호남지선,대전광역시,사망사고,1,0,0,0,차대차 - 기타,안전운전불이행,-,맑음,기타 - 기타,승용,0,66,상해없음,화물,0,47,상해없음,60.0,60.0
6952,2021090600100578,20,월요일,호남지선,충청남도,중상사고,0,1,1,0,차대차 - 추돌,안전거리미확보,-,비,단일로 - 기타,화물,0,56,상해없음,승용,1,66,중상,50.0,50.0
6953,2021092700100276,14,월요일,호남지선,충청남도,경상사고,0,0,2,0,차대차 - 기타,안전운전불이행,-,맑음,단일로 - 기타,화물,0,67,상해없음,화물,0,28,경상,60.0,60.0
6954,2021102500100350,15,월요일,호남지선,충청남도,경상사고,0,0,2,0,차대차 - 기타,기타,-,맑음,단일로 - 기타,화물,0,61,상해없음,승용,1,58,경상,,
6955,2021110100100611,23,월요일,호남지선,대전광역시,중상사고,0,1,1,0,차대차 - 측면충돌,안전운전불이행,-,맑음,기타 - 기타,승용,0,57,상해없음,승용,0,34,경상,50.0,50.0
6956,2021110200100044,5,화요일,호남지선,대전광역시,중상사고,0,1,0,0,차대차 - 추돌,기타,-,맑음,기타 - 기타,화물,0,49,상해없음,화물,0,71,중상,40.0,40.0
6957,2021112600100085,7,금요일,호남지선,대전광역시,경상사고,0,0,1,0,차대차 - 기타,기타,-,맑음,단일로 - 기타,건설기계,0,62,상해없음,승용,1,56,경상,60.0,60.0
6958,2019010200100467,20,수요일,호남,전라남도,경상사고,0,0,1,0,차량단독 - 기타,안전운전불이행,포장 - 건조,맑음,단일로 - 기타,승용,0,33,상해없음,기타불명,2,0,기타불명,30.0,30.0
6959,2019010900100026,0,수요일,호남,광주광역시,경상사고,0,0,1,0,차대차 - 추돌,안전운전불이행,포장 - 건조,맑음,단일로 - 기타,승용,0,41,상해없음,승용,0,39,경상,,
6960,2019010900100076,6,수요일,호남,전라북도,중상사고,0,1,1,0,차대차 - 추돌,안전운전불이행,포장 - 건조,맑음,단일로 - 기타,화물,0,57,상해없음,승용,0,27,중상,50.0,50.0
6961,2019011400100246,11,월요일,호남,전라남도,사망사고,1,0,0,0,차량단독 - 전도전복 - 전도,안전운전불이행,포장 - 건조,맑음,단일로 - 기타,화물,0,44,사망,기타불명,2,0,기타불명,40.0,40.0