,사고번호,사고일시,요일,도로종류,시군구,사고내용,사망자수,중상자수,경상자수,부상신고자수,사고유형,법규위반,노면상태,기상상태,도로형태,가해운전자 차종,가해운전자 성별,가해운전자 연령,가해운전자 상해정도,피해운전자 차종,피해운전자 성별,피해운전자 연령,피해운전자 상해정도,연령대,가해연령대
6962,2019011400100373,16,월요일,호남,전라남도,경상사고,0,0,1,0,차대차 - 기타,안전운전불이행,포장 - 건조,맑음,단일로 - 기타,기타불명,2,0,기타불명,승합,0,56,경상,20.0,20.0
6963,2019011900100255,13,토요일,호남,광주광역시,경상사고,0,0,3,0,차대차 - 측면충돌,안전운전불이행,포장 - 건조,맑음,단일로 - 기타,승용,0,38,상해없음,승용,0,39,경상,30.0,30.0
6964,2019012600100302,14,토요일,호남,광주광역시,경상사고,0,0,2,0,차대차 - 기타,차로위반,포장 - 건조,맑음,단일로 - 기타,승용,0,30,상해없음,승용,1,62,상해없음,20.0,20.0
6965,2019020600100109,11,수요일,호남,전라북도,경상사고,0,0,4,1,차대차 - 기타,안전거리미확보,포장 - 건조,맑음,단일로 - 기타,화물,0,72,상해없음,승합,0,53,경상,70.0,70.0
6966,2019021700100139,9,일요일,호남,전라북도,경상사고,0,0,3,0,차대차 - 기타,안전운전불이행,포장 - 건조,맑음,단일로 - 기타,기타불명,2,0,기타불명,승용,0,35,경상,20.0,20.0
6967,2019021700100140,9,일요일,호남,전라남도,경상사고,0,0,2,0,차대차 - 기타,안전운전불이행,포장 - 건조,맑음,단일로 - 기타,승합,0,50,상해없음,승용,0,76,경상,40.0,40.0
6968,2019021700100323,17,일요일,호남,전라남도,중상사고,0,1,0,0,차량단독 - 기타,안전운전불이행,포장 - 건조,맑음,기타 - 기타,승합,0,60,상해없음,기타불명,2,0,기타불명,50.0,50.0
6969,2019022000100061,5,수요일,호남,전라남도,중상사고,0,1,0,0,차대사람 - 기타,안전운전불이행,포장 - 건조,맑음,단일로 - 기타,화물,0,53,상해없음,보행자,0,54,중상,50.0,50.0
6970,2019030500100068,5,화요일,호남,전라북도,사망사고,1,0,1,0,차대차 - 기타,안전운전불이행,포장 - 건조,맑음,단일로 - 기타,화물,0,39,사망,화물,0,53,상해없음,30.0,30.0
6971,2019030600100264,12,수요일,호남,전라남도,경상사고,0,0,2,0,차대차 - 추돌,차로위반,포장 - 건조,맑음,단일로 - 기타,승용,1,50,경상,화물,0,59,경상,40.0,40.0
6972,2019030900100204,10,토요일,호남,광주광역시,중상사고,0,1,0,0,차대차 - 측면충돌,안전운전불이행,포장 - 건조,맑음,기타 - 기타,승합,0,49,상해없음,승용,0,50,상해없음,40.0,40.0
6973,2019031000100100,6,일요일,호남,전라남도,중상사고,0,1,1,0,차량단독 - 전도전복 - 전복,안전운전불이행,포장 - 건조,맑음,단일로 - 기타,승용,0,61,경상,기타불명,2,0,기타불명,,
6974,2019031200100047,3,화요일,호남,전라남도,중상사고,0,1,0,0,차대차 - 추돌,안전운전불이행,포장 - 건조,맑음,단일로 - 기타,화물,0,56,상해없음,화물,0,53,중상,50.0,50.0
6975,2019031500100413,16,금요일,호남,광주광역시,경상사고,0,0,1,0,차대차 - 추돌,안전거리미확보,포장 - 건조,맑음,단일로 - 기타,화물,0,52,상해없음,승용,1,40,경상,50.0,50.0
6976,2019031800100052,4,월요일,호남,전라북도,중상사고,0,1,1,0,차대차 - 기타,안전운전불이행,포장 - 건조,맑음,단일로 - 기타,화물,0,46,경상,승용,0,49,상해없음,40.0,40.0
6977,2019032300100296,13,토요일,호남,전라남도,경상사고,0,0,2,0,차대차 - 기타,안전운전불이행,포장 - 젖음/습기,비,단일로 - 기타,승용,0,63,상해없음,승용,0,37,경상,60.0,60.0
6978,2019032600100291,13,화요일,호남,광주광역시,경상사고,0,0,1,0,차대차 - 추돌,안전운전불이행,포장 - 건조,맑음,단일로 - 기타,승용,1,34,상해없음,승용,1,52,경상,30.0,30.0
6979,2019033100100327,17,일요일,호남,전라남도,경상사고,0,0,3,0,차대차 - 기타,안전거리미확보,포장 - 건조,맑음,단일로 - 기타,승용,1,26,상해없음,승용,1,44,경상,20.0,20.0
6980,2019040100100690,23,월요일,호남,광주광역시,경상사고,0,0,1,0,차대차 - 추돌,안전운전불이행,포장 - 건조,맑음,단일로 - 기타,승용,1,39,상해없음,승용,0,25,경상,30.0,30.0
6981,2019040400100378,15,목요일,호남,전라북도,경상사고,0,0,5,0,차대차 - 측면충돌,안전거리미확보,포장 - 건조,맑음,단일로 - 기타,승용,1,64,경상,승용,1,58,경상,60.0,60.0
6982,2019040600100391,15,토요일,호남,전라북도,경상사고,0,0,5,0,차대차 - 측면충돌,기타,포장 - 건조,맑음,단일로 - 기타,승용,1,58,상해없음,승용,0,58,경상,50.0,50.0
6983,2019040900100680,22,화요일,호남,전라남도,경상사고,0,0,2,0,차대차 - 정면충돌,안전운전불이행,포장 - 젖음/습기,비,단일로 - 기타,승용,0,53,상해없음,화물,0,48,경상,50.0,50.0
6984,2019041400100185,12,일요일,호남,광주광역시,중상사고,0,1,1,0,차대차 - 측면충돌,안전운전불이행,포장 - 젖음/습기,비,단일로 - 기타,화물,0,50,상해없음,승용,1,42,중상,40.0,40.0
6985,2019041500100520,17,월요일,호남,전라북도,경상사고,0,0,1,0,차대차 - 기타,안전운전불이행,포장 - 건조,맑음,단일로 - 기타,화물,0,65,상해없음,승용,0,34,경상,60.0,60.0
6986,2019041500100570,18,월요일,호남,광주광역시,경상사고,0,0,6,0,차대차 - 추돌,안전운전불이행,포장 - 건조,맑음,기타 - 기타,승용,0,50,경상,승용,0,37,경상,40.0,40.0
6987,2019041900100479,17,금요일,호남,전라남도,경상사고,0,0,3,0,차대차 - 기타,과속,포장 - 건조,맑음,단일로 - 기타,승용,1,34,경상,승용,0,48,상해없음,30.0,30.0
6988,2019042100100208,12,일요일,호남,광주광역시,경상사고,0,0,1,0,차대차 - 기타,안전운전불이행,포장 - 건조,맑음,단일로 - 기타,승합,0,32,상해없음,승용,0,20,경상,30.0,30.0
6989,2019042200100339,13,월요일,호남,전라남도,경상사고,0,0,2,0,차대차 - 기타,안전거리미확보,포장 - 건조,맑음,단일로 - 기타,승용,0,18,상해없음,화물,0,29,경상,20.0,20.0
6990,2019042600100520,18,금요일,호남,광주광역시,경상사고,0,0,4,0,차대차 - 추돌,안전운전불이행,포장 - 젖음/습기,비,단일로 - 고가도로위,승용,1,29,상해없음,승용,0,36,경상,20.0,20.0
6991,2019042600100726,23,금요일,호남,전라북도,중상사고,0,1,0,0,차대차 - 측면충돌,안전운전불이행,포장 - 젖음/습기,비,단일로 - 기타,승용,1,58,상해없음,승용,0,54,중상,50.0,50.0
6992,2019042700100686,22,토요일,호남,전라북도,경상사고,0,0,2,0,차대차 - 기타,안전운전불이행,포장 - 건조,맑음,단일로 - 기타,기타불명,2,0,기타불명,승용,1,48,경상,20.0,20.0
6993,2019042800100345,17,일요일,호남,전라남도,경상사고,0,0,2,0,차대차 - 기타,안전운전불이행,포장 - 건조,맑음,단일로 - 기타,승용,0,26,상해없음,승용,0,44,경상,20.0,20.0
6994,2019042900100212,10,월요일,호남,전라북도,경상사고,0,0,1,0,차량단독 - 기타,안전운전불이행,포장 - 젖음/습기,비,단일로 - 기타,승용,0,25,상해없음,기타불명,2,0,기타불명,20.0,20.0
6995,2019050200100221,10,목요일,호남,전라남도,중상사고,0,2,1,0,차대차 - 추돌,안전운전불이행,포장 - 건조,맑음,단일로 - 기타,화물,0,35,상해없음,승용,0,18,경상,30.0,30.0
6996,2019050400100204,10,토요일,호남,광주광역시,경상사고,0,0,2,0,차대차 - 측면충돌,안전운전불이행,포장 - 건조,맑음,단일로 - 기타,화물,0,55,상해없음,승용,1,27,경상,50.0,50.0
6997,2019050500100590,22,일요일,호남,광주광역시,경상사고,0,0,1,0,차대차 - 추돌,안전운전불이행,포장 - 건조,맑음,단일로 - 기타,승용,1,32,상해없음,승용,0,42,경상,30.0,30.0
6998,2019050700100436,15,화요일,호남,전라북도,중상사고,0,1,0,0,차대사람 - 기타,안전운전불이행,포장 - 건조,맑음,단일로 - 기타,화물,0,26,상해없음,보행자,0,46,중상,20.0,20.0
6999,2019051100100034,0,토요일,호남,전라남도,경상사고,0,0,4,0,차대차 - 기타,안전거리미확보,포장 - 건조,맑음,단일로 - 기타,승용,0,54,상해없음,승용,0,18,경상,50.0,50.0
7000,2019051100100273,11,토요일,호남,전라남도,경상사고,0,0,5,0,차대차 - 추돌,안전운전불이행,포장 - 건조,맑음,단일로 - 기타,승용,1,37,경상,승용,1,26,경상,30.0,30.0
7001,2019051200100332,15,일요일,호남,전라남도,경상사고,0,0,6,0,차대차 - 측면충돌,안전운전불이행,포장 - 건조,맑음,단일로 - 기타,승용,0,33,경상,승용,0,31,경상,30.0,30.0
7002,2019051700100658,21,금요일,호남,전라북도,중상사고,0,1,2,0,차대차 - 기타,안전운전불이행,포장 - 젖음/습기,비,단일로 - 기타,화물,0,61,경상,화물,0,43,중상,,
7003,2019051800100090,2,토요일,호남,전라남도,중상사고,0,1,0,0,차대차 - 기타,안전거리미확보,포장 - 젖음/습기,비,단일로 - 기타,승용,1,59,상해없음,승용,0,42,중상,50.0,50.0
7004,2019051800100107,3,토요일,호남,전라남도,중상사고,0,2,0,0,차대차 - 기타,안전운전불이행,포장 - 젖음/습기,비,단일로 - 기타,화물,0,39,중상,승용,0,27,중상,30.0,30.0
7005,2019051800100136,5,토요일,호남,광주광역시,중상사고,0,1,0,0,차대차 - 기타,안전운전불이행,포장 - 젖음/습기,비,단일로 - 기타,승용,0,29,상해없음,화물,0,64,중상,20.0,20.0
7006,2019052000100702,23,월요일,호남,전라북도,경상사고,0,0,3,0,차대차 - 측면충돌,안전운전불이행,포장 - 건조,맑음,기타 - 기타,승용,0,48,상해없음,승용,0,21,경상,40.0,40.0
7007,2019052500100420,15,토요일,호남,광주광역시,경상사고,0,0,2,0,차대차 - 기타,안전거리미확보,포장 - 건조,맑음,단일로 - 기타,화물,0,50,상해없음,승용,0,51,경상,40.0,40.0
7008,2019052500100566,19,토요일,호남,전라남도,경상사고,0,0,3,0,차대차 - 측면충돌,안전운전불이행,포장 - 건조,맑음,단일로 - 기타,승용,0,43,상해없음,화물,0,61,경상,40.0,40.0
7009,2019053000100078,4,목요일,호남,전라남도,중상사고,0,1,0,0,차대차 - 기타,안전운전불이행,포장 - 건조,맑음,기타 - 기타,화물,0,36,중상,승용,0,19,상해없음,30.0,30.0
7010,2019060200100076,5,일요일,호남,전라남도,중상사고,0,1,2,0,차량단독 - 공작물충돌,안전운전불이행,포장 - 건조,맑음,단일로 - 기타,승용,0,18,상해없음,기타불명,2,0,기타불명,20.0,20.0
7011,2019060400100384,15,화요일,호남,전라북도,경상사고,0,0,1,2,차대차 - 기타,안전운전불이행,포장 - 건조,맑음,단일로 - 기타,승용,0,40,상해없음,승용,0,61,상해없음,30.0,30.0
7012,2019060500100567,18,수요일,호남,광주광역시,경상사고,0,0,1,0,차대차 - 기타,안전운전불이행,포장 - 건조,맑음,기타 - 기타,특수,0,52,상해없음,승용,1,38,경상,50.0,50.0
7013,2019060700100095,5,금요일,호남,전라남도,중상사고,0,1,0,0,차량단독 - 기타,안전운전불이행,포장 - 젖음/습기,비,단일로 - 기타,승용,0,39,중상,기타불명,2,0,기타불명,30.0,30.0
7014,2019060700100583,20,금요일,호남,광주광역시,경상사고,0,0,1,0,차대차 - 기타,안전운전불이행,포장 - 젖음/습기,비,기타 - 기타,승용,1,22,상해없음,승용,0,30,경상,20.0,20.0
7015,2019060900100282,15,일요일,호남,전라북도,경상사고,0,0,2,0,차대차 - 추돌,안전운전불이행,포장 - 건조,맑음,단일로 - 기타,승용,1,27,상해없음,승용,0,52,경상,20.0,20.0
7016,2019061100100156,8,화요일,호남,광주광역시,경상사고,0,0,1,0,차대차 - 추돌,안전운전불이행,포장 - 건조,맑음,단일로 - 기타,승용,0,45,상해없음,승용,1,58,경상,40.0,40.0
7017,2019061100100500,18,화요일,호남,전라남도,중상사고,0,1,0,0,차량단독 - 기타,안전운전불이행,포장 - 건조,맑음,단일로 - 기타,승용,0,26,중상,기타불명,2,0,기타불명,20.0,20.0
7018,2019061500100337,13,토요일,호남,광주광역시,중상사고,0,1,3,0,차대차 - 기타,안전운전불이행,포장 - 건조,맑음,단일로 - 기타,승용,1,34,상해없음,승용,0,74,중상,30.0,30.0
7019,2019061600100516,23,일요일,호남,전라북도,중상사고,0,6,6,2,차대차 - 추돌,안전운전불이행,포장 - 건조,맑음,기타 - 기타,승합,0,42,중상,화물,0,52,경상,40.0,40.0
7020,2019061900100321,14,수요일,호남,광주광역시,중상사고,0,1,0,0,차대사람 - 횡단중,안전운전불이행,포장 - 건조,맑음,기타 - 기타,화물,0,51,상해없음,보행자,0,56,중상,,
7021,2019062000100049,1,목요일,호남,전라북도,경상사고,0,0,3,2,차대차 - 추돌,안전운전불이행,포장 - 건조,맑음,단일로 - 기타,화물,0,44,상해없음,승용,0,25,부상신고,40.0,40.0
7022,2019062200100119,4,토요일,호남,전라북도,경상사고,0,0,2,0,차대차 - 추돌,안전운전불이행,포장 - 건조,맑음,단일로 - 기타,승용,1,61,상해없음,승용,1,42,경상,,
7023,2019062400100267,11,월요일,호남,전라북도,경상사고,0,0,3,0,차대차 - 기타,안전거리미확보,포장 - 건조,맑음,단일로 - 기타,승용,1,21,경상,승용,0,24,상해없음,20.0,20.0
7024,2019062900100420,16,토요일,호남,전라남도,사망사고,1,0,1,0,차량단독 - 전도전복 - 전복,안전운전불이행,포장 - 젖음/습기,비,단일로 - 기타,승용,0,55,사망,기타불명,2,0,기타불명,50.0,50.0
7025,2019063000100053,2,일요일,호남,전라남도,중상사고,0,1,0,0,차량단독 - 공작물충돌,안전운전불이행,포장 - 젖음/습기,비,단일로 - 기타,승용,1,50,중상,기타불명,2,0,기타불명,40.0,40.0
7026,2019063000100395,20,일요일,호남,전라남도,중상사고,0,1,3,0,차대차 - 측면충돌,안전운전불이행,포장 - 건조,맑음,단일로 - 기타,승용,0,27,상해없음,승용,0,63,경상,20.0,20.0
7027,2019070100100448,16,월요일,호남,전라남도,경상사고,0,0,1,0,차대차 - 기타,안전운전불이행,포장 - 건조,맑음,단일로 - 기타,특수,0,58,상해없음,승합,0,63,상해없음,50.0,50.0
7028,2019070600100075,2,토요일,호남,전라남도,경상사고,0,0,2,0,차대차 - 추돌,안전운전불이행,포장 - 건조,맑음,단일로 - 기타,승용,1,28,경상,화물,0,52,경상,20.0,20.0
7029,2019070700100445,20,일요일,호남,광주광역시,중상사고,0,1,0,0,차대차 - 측면충돌,안전운전불이행,포장 - 건조,맑음,단일로 - 기타,승용,1,52,상해없음,승용,1,26,중상,50.0,50.0
7030,2019071400100175,11,일요일,호남,전라남도,경상사고,0,0,2,0,차대차 - 추돌,안전운전불이행,포장 - 건조,맑음,기타 - 기타,승용,0,30,상해없음,승용,1,45,경상,20.0,20.0
7031,2019071500100578,20,월요일,호남,전라북도,부상신고사고,0,0,0,1,차량단독 - 공작물충돌,안전운전불이행,포장 - 젖음/습기,비,단일로 - 기타,화물,0,60,부상신고,기타불명,2,0,기타불명,50.0,50.0
7032,2019071700100227,11,수요일,호남,전라북도,경상사고,0,0,3,0,차대차 - 기타,안전운전불이행,포장 - 건조,맑음,단일로 - 기타,화물,0,56,상해없음,승용,0,34,경상,50.0,50.0
7033,2019071800100348,15,목요일,호남,전라북도,중상사고,0,2,0,0,차대차 - 기타,안전운전불이행,포장 - 건조,맑음,단일로 - 기타,화물,0,61,중상,화물,0,62,중상,,
7034,2019072000100186,10,토요일,호남,전라남도,경상사고,0,0,1,0,차대사람 - 기타,안전운전불이행,포장 - 젖음/습기,비,기타 - 기타,승용,0,34,상해없음,보행자,0,47,경상,30.0,30.0
7035,2019072300100533,18,화요일,호남,전라북도,중상사고,0,1,3,0,차대차 - 기타,안전운전불이행,포장 - 건조,맑음,단일로 - 기타,승합,0,45,경상,승용,1,28,중상,40.0,40.0
7036,2019072300100652,22,화요일,호남,광주광역시,경상사고,0,0,1,0,차대차 - 기타,안전운전불이행,포장 - 건조,맑음,단일로 - 기타,승합,0,44,상해없음,승용,0,23,경상,40.0,40.0
7037,2019072500100372,15,목요일,호남,전라북도,중상사고,0,1,1,0,차대차 - 기타,안전거리미확보,포장 - 건조,맑음,단일로 - 기타,화물,0,46,상해없음,화물,0,30,경상,40.0,40.0
7038,2019080100100601,20,목요일,호남,전라북도,중상사고,0,3,0,0,차대차 - 기타,안전거리미확보,포장 - 건조,맑음,단일로 - 기타,승용,0,20,상해없음,승용,0,33,중상,20.0,20.0
7039,2019080300100088,6,토요일,호남,광주광역시,경상사고,0,0,1,0,차대차 - 추돌,안전거리미확보,포장 - 건조,맑음,기타 - 기타,승용,0,27,상해없음,승용,0,51,경상,20.0,20.0
7040,2019080500100121,8,월요일,호남,전라북도,경상사고,0,0,2,0,차대차 - 기타,안전거리미확보,포장 - 건조,맑음,단일로 - 기타,승용,0,48,상해없음,승용,0,33,상해없음,40.0,40.0
7041,2019080500100122,8,월요일,호남,전라남도,경상사고,0,0,1,0,차대차 - 추돌,안전운전불이행,포장 - 건조,맑음,단일로 - 기타,승용,0,44,상해없음,화물,0,43,상해없음,40.0,40.0
7042,2019080900100572,18,금요일,호남,전라북도,경상사고,0,0,1,0,차대차 - 기타,차로위반,포장 - 건조,맑음,기타 - 기타,화물,0,43,상해없음,화물,0,59,경상,40.0,40.0
7043,2019080900100688,21,금요일,호남,전라북도,중상사고,0,1,0,0,차대차 - 기타,안전운전불이행,포장 - 건조,맑음,단일로 - 기타,특수,0,46,상해없음,화물,0,48,중상,40.0,40.0
7044,2019080900100714,22,금요일,호남,전라북도,중상사고,0,1,0,0,차대차 - 기타,안전거리미확보,포장 - 건조,맑음,기타 - 기타,승용,1,41,상해없음,승용,0,40,상해없음,,
7045,2019081100100310,16,일요일,호남,광주광역시,경상사고,0,0,8,2,차대차 - 추돌,안전운전불이행,포장 - 건조,맑음,단일로 - 기타,승용,0,63,경상,승용,1,46,경상,60.0,60.0
7046,2019081200100405,14,월요일,호남,전라북도,중상사고,0,1,0,0,차대사람 - 기타,안전운전불이행,포장 - 건조,맑음,단일로 - 기타,승합,0,51,상해없음,보행자,0,31,중상,,
7047,2019081300100711,23,화요일,호남,전라남도,중상사고,0,1,1,0,차대차 - 추돌,안전운전불이행,포장 - 건조,맑음,단일로 - 기타,화물,0,33,상해없음,승용,0,55,경상,30.0,30.0
7048,2019081600100206,10,금요일,호남,광주광역시,경상사고,0,0,1,0,차대차 - 기타,차로위반,포장 - 건조,맑음,기타 - 기타,승용,0,55,상해없음,승용,0,28,상해없음,50.0,50.0
7049,2019082000100587,20,화요일,호남,전라북도,경상사고,0,0,2,0,차대차 - 기타,안전거리미확보,포장 - 건조,맑음,기타 - 기타,승용,0,36,경상,화물,0,44,경상,30.0,30.0
7050,2019082100100609,20,수요일,호남,광주광역시,경상사고,0,0,2,0,차대차 - 측면충돌,안전운전불이행,포장 - 젖음/습기,비,단일로 - 기타,승용,0,59,상해없음,승합,0,59,경상,50.0,50.0
7051,2019082400100493,18,토요일,호남,전라북도,경상사고,0,0,1,0,차대차 - 기타,안전거리미확보,포장 - 건조,맑음,단일로 - 기타,승합,0,51,상해없음,승용,0,24,경상,,
7052,2019083000100749,21,금요일,호남,전라남도,경상사고,0,0,1,0,차대차 - 추돌,안전운전불이행,포장 - 건조,맑음,단일로 - 기타,승용,0,61,상해없음,승용,0,61,경상,,
7053,2019090400100363,15,수요일,호남,광주광역시,경상사고,0,0,1,0,차대차 - 추돌,안전운전불이행,포장 - 건조,맑음,기타 - 기타,승용,1,40,상해없음,승용,0,47,경상,30.0,30.0
7054,2019090600100120,8,금요일,호남,광주광역시,경상사고,0,0,4,0,차대차 - 기타,안전거리미확보,포장 - 건조,맑음,기타 - 기타,승용,0,68,상해없음,승용,0,27,경상,60.0,60.0
7055,2019090900100440,15,월요일,호남,전라남도,경상사고,0,0,1,0,차대차 - 기타,안전운전불이행,포장 - 젖음/습기,흐림,단일로 - 기타,승용,1,67,상해없음,승용,0,36,경상,60.0,60.0
7056,2019091000100140,7,화요일,호남,광주광역시,경상사고,0,0,2,0,차대차 - 추돌,안전운전불이행,포장 - 건조,맑음,기타 - 기타,승용,0,17,상해없음,화물,0,61,경상,20.0,20.0
7057,2019091000100357,12,화요일,호남,전라남도,경상사고,0,0,1,0,차대차 - 추돌,안전운전불이행,포장 - 건조,맑음,기타 - 기타,승용,1,26,상해없음,화물,0,55,경상,20.0,20.0
7058,2019091000100718,20,화요일,호남,전라남도,중상사고,0,1,0,0,차대차 - 추돌,안전운전불이행,포장 - 건조,맑음,단일로 - 기타,화물,0,31,상해없음,화물,0,50,상해없음,,
7059,2019091200100538,23,목요일,호남,전라북도,경상사고,0,0,3,0,차대차 - 측면충돌,안전운전불이행,포장 - 건조,맑음,단일로 - 기타,승용,0,26,상해없음,승용,1,33,경상,20.0,20.0
7060,2019091300100118,10,금요일,호남,전라북도,경상사고,0,0,1,0,차대차 - 추돌,안전거리미확보,포장 - 건조,맑음,기타 - 기타,화물,0,57,상해없음,승용,0,65,경상,50.0,50.0
7061,2019091400100111,11,토요일,호남,전라남도,경상사고,0,0,5,0,차대차 - 추돌,안전운전불이행,포장 - 건조,맑음,단일로 - 기타,승용,0,21,상해없음,승용,0,53,경상,20.0,20.0
7062,2019091700100448,16,화요일,호남,광주광역시,경상사고,0,0,1,0,차대차 - 기타,차로위반,포장 - 건조,맑음,단일로 - 기타,승용,0,70,상해없음,승용,1,54,경상,60.0,60.0
7063,2019091700100545,18,화요일,호남,광주광역시,경상사고,0,0,1,0,차대차 - 추돌,안전운전불이행,포장 - 건조,맑음,단일로 - 기타,승용,0,33,상해없음,승용,0,24,경상,30.0,30.0
7064,2019092600100364,15,목요일,호남,광주광역시,경상사고,0,0,1,0,차대차 - 기타,안전운전불이행,포장 - 건조,맑음,단일로 - 기타,승합,0,39,상해없음,승용,0,66,상해없음,30.0,30.0
7065,2019092800100747,22,토요일,호남,전라남도,중상사고,0,1,0,0,차대차 - 측면충돌,안전운전불이행,포장 - 건조,맑음,단일로 - 기타,승용,0,38,상해없음,승용,0,47,중상,30.0,30.0
7066,2019093000100033,1,월요일,호남,광주광역시,경상사고,0,0,1,0,차량단독 - 공작물충돌,안전운전불이행,포장 - 건조,맑음,단일로 - 기타,승용,0,67,상해없음,기타불명,2,0,기타불명,60.0,60.0
7067,2019100100100222,10,화요일,호남,광주광역시,중상사고,0,2,0,0,차대차 - 추돌,안전거리미확보,포장 - 젖음/습기,비,기타 - 기타,승용,0,72,상해없음,승용,0,54,중상,70.0,70.0
7068,2019101400100253,11,월요일,호남,전라북도,중상사고,0,1,0,0,차대차 - 추돌,안전거리미확보,포장 - 건조,맑음,단일로 - 기타,승용,1,29,상해없음,승용,0,42,중상,20.0,20.0
7069,2019101800100743,20,금요일,호남,전라남도,중상사고,0,1,0,0,차량단독 - 기타,안전운전불이행,포장 - 건조,맑음,기타 - 기타,승합,0,63,상해없음,기타불명,2,0,기타불명,60.0,60.0
7070,2019102100100076,6,월요일,호남,전라남도,경상사고,0,0,2,0,차대차 - 기타,안전운전불이행,포장 - 건조,맑음,기타 - 기타,승용,0,43,상해없음,승용,0,57,경상,40.0,40.0
7071,2019102300100374,15,수요일,호남,전라북도,경상사고,0,0,1,0,차대차 - 기타,안전운전불이행,포장 - 건조,맑음,단일로 - 기타,화물,0,67,상해없음,승용,0,28,상해없음,60.0,60.0
7072,2019102800100503,17,월요일,호남,전라남도,사망사고,1,0,3,0,차대차 - 추돌,안전운전불이행,포장 - 건조,맑음,기타 - 기타,화물,0,66,사망,승용,0,42,경상,60.0,60.0
7073,2019102900100708,22,화요일,호남,광주광역시,경상사고,0,0,2,0,차대차 - 추돌,안전운전불이행,포장 - 건조,맑음,기타 - 기타,승용,0,30,경상,승용,0,48,상해없음,20.0,20.0
7074,2019103000100104,6,수요일,호남,전라북도,경상사고,0,0,4,0,차대차 - 기타,안전운전불이행,포장 - 건조,맑음,기타 - 기타,승용,0,43,경상,승용,1,52,경상,40.0,40.0
7075,2019110100100228,9,금요일,호남,충청남도,중상사고,0,1,0,0,차대차 - 추돌,안전운전불이행,포장 - 건조,맑음,단일로 - 기타,승용,1,18,상해없음,승용,0,40,중상,20.0,20.0
7076,2019110300100038,0,일요일,호남,전라남도,경상사고,0,0,9,0,차대차 - 추돌,안전거리미확보,포장 - 건조,맑음,기타 - 기타,승합,0,59,상해없음,승용,0,56,경상,50.0,50.0
7077,2019110300100050,1,일요일,호남,광주광역시,중상사고,0,1,0,0,차량단독 - 기타,안전운전불이행,포장 - 건조,맑음,기타 - 기타,승용,0,30,중상,기타불명,2,0,기타불명,20.0,20.0
7078,2019110300100279,14,일요일,호남,전라북도,중상사고,0,1,5,0,차대차 - 추돌,안전거리미확보,포장 - 건조,맑음,단일로 - 기타,승용,1,39,상해없음,승용,0,43,경상,30.0,30.0
7079,2019110500100255,10,화요일,호남,광주광역시,경상사고,0,0,1,0,차대차 - 기타,안전거리미확보,포장 - 건조,맑음,기타 - 기타,건설기계,0,55,상해없음,승용,0,61,상해없음,50.0,50.0
7080,2019110600100230,10,수요일,호남,전라북도,사망사고,1,1,5,0,차대차 - 추돌,안전운전불이행,포장 - 건조,맑음,기타 - 기타,화물,0,60,사망,승용,0,46,경상,50.0,50.0
7081,2019110600100579,18,수요일,호남,전라남도,중상사고,0,1,1,0,차대차 - 추돌,안전운전불이행,포장 - 건조,맑음,기타 - 기타,화물,0,52,중상,화물,0,66,경상,50.0,50.0
7082,2019110800100377,13,금요일,호남,전라북도,경상사고,0,0,2,0,차대차 - 기타,안전운전불이행,포장 - 건조,맑음,단일로 - 기타,기타불명,2,0,기타불명,승용,0,37,경상,20.0,20.0
7083,2019111000100307,15,일요일,호남,전라북도,경상사고,0,0,3,0,차대차 - 기타,안전운전불이행,포장 - 건조,맑음,단일로 - 기타,승용,0,53,경상,화물,0,39,경상,50.0,50.0
7084,2019111500100754,19,금요일,호남,전라남도,경상사고,0,0,2,0,차대차 - 기타,안전운전불이행,포장 - 건조,맑음,단일로 - 터널,화물,0,45,상해없음,승용,0,28,경상,40.0,40.0
7085,2019111600100560,18,토요일,호남,광주광역시,경상사고,0,0,1,0,차대차 - 추돌,안전거리미확보,포장 - 건조,맑음,기타 - 기타,승용,1,38,상해없음,승용,0,21,경상,30.0,30.0
7086,2019112000100219,9,수요일,호남,전라남도,사망사고,1,0,0,0,차대차 - 기타,안전운전불이행,포장 - 건조,맑음,단일로 - 기타,승용,0,77,사망,화물,0,51,상해없음,70.0,70.0
7087,2019112100100199,9,목요일,호남,광주광역시,경상사고,0,0,2,0,차대차 - 기타,차로위반,포장 - 건조,맑음,단일로 - 기타,건설기계,0,55,상해없음,승용,0,59,경상,50.0,50.0
7088,2019112500100076,6,월요일,호남,전라남도,경상사고,0,0,1,0,차대차 - 기타,신호위반,포장 - 건조,맑음,단일로 - 교량,화물,0,52,상해없음,승용,0,38,경상,50.0,50.0
7089,2019112600100098,6,화요일,호남,전라북도,중상사고,0,1,0,0,차대차 - 기타,안전운전불이행,포장 - 건조,맑음,기타 - 기타,화물,0,60,상해없음,화물,0,42,중상,50.0,50.0
7090,2019112800100139,8,목요일,호남,광주광역시,경상사고,0,0,2,0,차대차 - 기타,안전운전불이행,포장 - 건조,맑음,기타 - 기타,승용,1,27,상해없음,승용,0,50,상해없음,20.0,20.0