,사고번호,사고일시,요일,도로종류,시군구,사고내용,사망자수,중상자수,경상자수,부상신고자수,사고유형,법규위반,노면상태,기상상태,도로형태,가해운전자 차종,가해운전자 성별,가해운전자 연령,가해운전자 상해정도,피해운전자 차종,피해운전자 성별,피해운전자 연령,피해운전자 상해정도,연령대,가해연령대
7222,2020111600100302,13,월요일,호남,전라남도,경상사고,0,0,2,0,차대차 - 기타,안전운전불이행,포장 - 건조,맑음,기타 - 기타,승용,0,74,상해없음,승용,0,33,경상,70.0,70.0
7223,2020112400100285,14,화요일,호남,전라남도,경상사고,0,0,1,0,차대차 - 측면충돌,안전운전불이행,포장 - 건조,맑음,단일로 - 기타,화물,0,54,상해없음,승용,0,59,경상,50.0,50.0
7224,2020112700100534,19,금요일,호남,광주광역시,경상사고,0,0,2,1,차대차 - 추돌,안전운전불이행,포장 - 건조,맑음,단일로 - 기타,승용,0,44,상해없음,승용,0,52,경상,40.0,40.0
7225,2020112800100288,14,토요일,호남,광주광역시,경상사고,0,0,1,0,차대차 - 추돌,안전운전불이행,포장 - 건조,맑음,단일로 - 기타,승합,0,59,상해없음,승용,0,47,경상,50.0,50.0
7226,2020113000100176,10,월요일,호남,전라남도,경상사고,0,0,1,0,차대차 - 측면충돌,안전운전불이행,포장 - 건조,맑음,단일로 - 기타,승용,0,63,상해없음,승용,0,31,경상,60.0,60.0
7227,2020120200100487,19,수요일,호남,광주광역시,경상사고,0,0,3,0,차대차 - 추돌,안전거리미확보,포장 - 건조,맑음,단일로 - 기타,승용,0,58,경상,승용,0,27,상해없음,50.0,50.0
7228,2020120500100427,18,토요일,호남,광주광역시,경상사고,0,0,1,0,차대차 - 기타,안전운전불이행,포장 - 건조,맑음,기타 - 기타,승용,1,37,상해없음,승용,1,54,경상,30.0,30.0
7229,2020120600100231,15,일요일,호남,광주광역시,경상사고,0,0,2,0,차대차 - 기타,안전거리미확보,포장 - 건조,맑음,단일로 - 기타,승용,1,24,상해없음,승용,0,32,경상,20.0,20.0
7230,2020120900100033,6,수요일,호남,광주광역시,경상사고,0,0,2,0,차대차 - 추돌,안전운전불이행,포장 - 건조,맑음,단일로 - 기타,승용,0,28,상해없음,승용,1,49,경상,20.0,20.0
7231,2020121000100053,7,목요일,호남,광주광역시,경상사고,0,0,1,0,차대차 - 기타,안전운전불이행,포장 - 건조,맑음,단일로 - 기타,승용,0,46,상해없음,승용,0,40,경상,40.0,40.0
7232,2020121400100116,9,월요일,호남,전라남도,경상사고,0,0,1,0,차대차 - 기타,안전거리미확보,포장 - 건조,맑음,단일로 - 기타,화물,0,60,상해없음,승용,1,50,경상,50.0,50.0
7233,2020121400100539,22,월요일,호남,전라남도,중상사고,0,1,0,0,차량단독 - 공작물충돌,안전운전불이행,포장 - 건조,맑음,단일로 - 기타,승용,0,47,상해없음,기타불명,2,0,기타불명,40.0,40.0
7234,2020121500100537,21,화요일,호남,광주광역시,경상사고,0,0,1,0,차대차 - 추돌,안전운전불이행,포장 - 건조,맑음,단일로 - 기타,승용,0,17,상해없음,화물,0,35,경상,20.0,20.0
7235,2020121800100537,19,금요일,호남,광주광역시,경상사고,0,0,2,0,차대차 - 추돌,안전거리미확보,포장 - 건조,맑음,단일로 - 기타,화물,0,24,상해없음,승용,0,27,경상,20.0,20.0
7236,2020122000100055,10,일요일,호남,광주광역시,경상사고,0,0,3,0,차대차 - 측면충돌,안전운전불이행,포장 - 건조,맑음,단일로 - 기타,승용,1,36,상해없음,승용,0,43,경상,30.0,30.0
7237,2020122300100165,10,수요일,호남,전라북도,중상사고,0,1,0,0,차대차 - 추돌,안전운전불이행,포장 - 건조,맑음,단일로 - 기타,승용,0,37,중상,특수,0,58,상해없음,30.0,30.0
7238,2020122500100380,22,금요일,호남,전라북도,사망사고,1,0,1,0,차대차 - 기타,안전운전불이행,포장 - 건조,맑음,단일로 - 기타,승용,1,50,상해없음,승용,0,35,사망,40.0,40.0
7239,2020123000100342,17,수요일,호남,광주광역시,경상사고,0,0,1,0,차대차 - 추돌,안전운전불이행,포장 - 젖음/습기,흐림,단일로 - 기타,화물,0,49,상해없음,승용,1,31,경상,40.0,40.0
7240,2021010700100013,1,목요일,호남,전라북도,중상사고,0,1,0,0,차량단독 - 공작물충돌,안전운전불이행,-,눈,단일로 - 기타,승합,0,59,기타불명,기타불명,2,0,기타불명,50.0,50.0
7241,2021010800100184,13,금요일,호남,광주광역시,경상사고,0,0,3,0,차량단독 - 공작물충돌,안전운전불이행,-,맑음,단일로 - 기타,승용,0,60,경상,기타불명,2,0,기타불명,50.0,50.0
7242,2021011100100104,9,월요일,호남,전라북도,경상사고,0,0,1,0,차대차 - 측면충돌,과속,-,맑음,단일로 - 기타,승용,1,41,상해없음,승용,0,53,경상,,
7243,2021011800100057,8,월요일,호남,전라북도,경상사고,0,0,1,0,차대차 - 측면충돌,안전운전불이행,-,눈,단일로 - 기타,승용,0,45,상해없음,승용,0,44,경상,40.0,40.0
7244,2021011900100283,14,화요일,호남,전라북도,중상사고,0,1,1,0,차대차 - 추돌,안전거리미확보,-,맑음,단일로 - 기타,화물,0,39,중상,화물,0,29,경상,30.0,30.0
7245,2021012100100331,16,목요일,호남,전라남도,경상사고,0,0,3,0,차대차 - 기타,기타,-,비,단일로 - 기타,화물,0,56,상해없음,승용,0,28,경상,50.0,50.0
7246,2021012700100003,0,수요일,호남,광주광역시,경상사고,0,0,1,0,차대차 - 측면충돌,과속,-,맑음,기타 - 기타,승용,0,30,상해없음,승용,0,43,경상,20.0,20.0
7247,2021020700100353,20,일요일,호남,전라북도,경상사고,0,0,1,1,차대차 - 기타,안전운전불이행,-,맑음,단일로 - 기타,승용,0,42,상해없음,승용,0,40,경상,40.0,40.0
7248,2021020800100083,8,월요일,호남,전라남도,경상사고,0,0,1,0,차대차 - 추돌,안전거리미확보,-,맑음,기타 - 기타,승용,1,37,상해없음,승용,1,28,경상,30.0,30.0
7249,2021020900100370,15,화요일,호남,광주광역시,경상사고,0,0,1,0,차대차 - 추돌,안전거리미확보,-,맑음,기타 - 기타,화물,0,42,상해없음,승용,0,55,경상,40.0,40.0
7250,2021021000100269,13,수요일,호남,광주광역시,중상사고,0,1,0,0,차대차 - 측면충돌,안전운전불이행,-,맑음,기타 - 기타,화물,0,40,상해없음,승용,1,27,중상,30.0,30.0
7251,2021021300100163,15,토요일,호남,전라북도,경상사고,0,0,2,0,차대차 - 추돌,안전거리미확보,-,맑음,단일로 - 기타,승용,0,46,상해없음,승용,0,27,경상,40.0,40.0
7252,2021021700100239,13,수요일,호남,전라남도,중상사고,0,2,2,0,차대차 - 추돌,안전거리미확보,-,맑음,기타 - 기타,승용,0,53,중상,승합,0,44,상해없음,50.0,50.0
7253,2021021900100318,14,금요일,호남,광주광역시,경상사고,0,0,2,0,차대차 - 측면충돌,차로위반,-,맑음,기타 - 기타,승용,1,20,상해없음,승용,0,53,경상,20.0,20.0
7254,2021021900100700,22,금요일,호남,광주광역시,경상사고,0,0,1,0,차대차 - 기타,안전거리미확보,-,맑음,단일로 - 기타,승용,0,46,상해없음,승용,0,55,경상,40.0,40.0
7255,2021022300100417,18,화요일,호남,광주광역시,경상사고,0,0,1,0,차대차 - 기타,기타,-,맑음,단일로 - 기타,승용,0,72,상해없음,승용,0,59,경상,70.0,70.0
7256,2021030400100058,7,목요일,호남,전라남도,중상사고,0,1,0,0,차량단독 - 기타,안전운전불이행,-,맑음,기타 - 기타,승용,1,42,중상,기타불명,2,0,기타불명,40.0,40.0
7257,2021031100100066,7,목요일,호남,전라북도,경상사고,0,0,1,0,차대차 - 기타,안전거리미확보,-,맑음,단일로 - 기타,승용,0,27,상해없음,승용,1,30,경상,20.0,20.0
7258,2021031100100439,19,목요일,호남,전라남도,중상사고,0,1,3,0,차대차 - 기타,안전운전불이행,-,맑음,단일로 - 기타,화물,0,58,상해없음,특수,0,62,상해없음,50.0,50.0
7259,2021031400100344,20,일요일,호남,전라북도,중상사고,0,1,2,0,차대차 - 측면충돌,안전거리미확보,-,맑음,단일로 - 기타,화물,0,65,상해없음,승용,0,41,경상,60.0,60.0
7260,2021031500100379,17,월요일,호남,광주광역시,경상사고,0,0,1,0,차대차 - 추돌,안전거리미확보,-,맑음,단일로 - 기타,화물,0,56,상해없음,승용,0,35,경상,50.0,50.0
7261,2021031600100180,10,화요일,호남,전라남도,사망사고,1,0,0,0,차대차 - 측면충돌,과속,-,맑음,기타 - 기타,승합,0,52,상해없음,화물,1,53,사망,50.0,50.0
7262,2021031700100114,9,수요일,호남,전라남도,중상사고,0,1,0,0,차대차 - 추돌,안전운전불이행,-,맑음,기타 - 기타,승용,0,36,중상,화물,0,43,기타불명,30.0,30.0
7263,2021031900100022,3,금요일,호남,전라북도,경상사고,0,0,1,0,차대차 - 추돌,안전운전불이행,-,맑음,단일로 - 기타,화물,0,44,상해없음,화물,0,43,경상,40.0,40.0
7264,2021032100100049,7,일요일,호남,전라남도,경상사고,0,0,1,0,차대차 - 기타,중앙선침범,-,맑음,단일로 - 기타,승용,1,67,상해없음,승합,0,41,경상,60.0,60.0
7265,2021032200100052,7,월요일,호남,전라남도,중상사고,0,1,0,0,차대차 - 측면충돌,안전운전불이행,-,맑음,기타 - 기타,화물,0,55,상해없음,승용,0,54,중상,50.0,50.0
7266,2021032400100388,17,수요일,호남,광주광역시,경상사고,0,0,1,0,차대차 - 추돌,안전운전불이행,-,맑음,교차로 - 교차로부근,승용,0,60,상해없음,승용,1,34,경상,50.0,50.0
7267,2021032600100091,8,금요일,호남,광주광역시,경상사고,0,0,1,0,차대차 - 추돌,안전운전불이행,-,맑음,단일로 - 기타,화물,0,22,상해없음,승용,1,53,경상,20.0,20.0
7268,2021032700100230,13,토요일,호남,전라북도,경상사고,0,0,2,1,차대차 - 기타,안전운전불이행,-,비,단일로 - 기타,승용,0,34,상해없음,승용,0,31,경상,30.0,30.0
7269,2021032900100009,1,월요일,호남,광주광역시,경상사고,0,0,1,1,차대차 - 기타,안전운전불이행,-,맑음,기타 - 기타,승용,0,30,상해없음,승용,0,22,상해없음,20.0,20.0
7270,2021040500100004,0,월요일,호남,전라남도,중상사고,0,3,0,0,차대차 - 추돌,안전운전불이행,-,맑음,단일로 - 기타,승용,0,24,상해없음,승용,0,42,상해없음,20.0,20.0
7271,2021040700100051,7,수요일,호남,광주광역시,중상사고,0,1,0,0,차대차 - 추돌,안전운전불이행,-,맑음,기타 - 기타,승용,1,54,상해없음,화물,0,65,중상,50.0,50.0
7272,2021040700100290,14,수요일,호남,광주광역시,경상사고,0,0,1,0,차대차 - 측면충돌,안전운전불이행,-,맑음,단일로 - 기타,건설기계,0,45,상해없음,승용,0,31,경상,40.0,40.0
7273,2021040700100479,18,수요일,호남,광주광역시,경상사고,0,0,1,0,차대차 - 측면충돌,안전운전불이행,-,맑음,기타 - 기타,승용,0,54,상해없음,승용,0,72,상해없음,50.0,50.0
7274,2021040800100103,8,목요일,호남,전라남도,경상사고,0,0,2,0,차대차 - 추돌,안전운전불이행,-,맑음,단일로 - 기타,승용,0,22,경상,화물,0,51,상해없음,20.0,20.0
7275,2021040800100585,21,목요일,호남,광주광역시,경상사고,0,0,2,0,차대차 - 측면충돌,안전운전불이행,-,맑음,기타 - 기타,특수,0,54,상해없음,승용,0,35,경상,50.0,50.0
7276,2021040900100303,14,금요일,호남,광주광역시,경상사고,0,0,1,0,차대차 - 기타,안전운전불이행,-,맑음,단일로 - 기타,승용,0,49,상해없음,승용,0,35,경상,40.0,40.0
7277,2021041000100534,20,토요일,호남,충청남도,중상사고,0,1,2,0,차대차 - 측면충돌,차로위반,-,맑음,기타 - 기타,승용,0,51,상해없음,승용,0,38,경상,,
7278,2021041700100494,19,토요일,호남,전라북도,중상사고,0,1,1,0,차량단독 - 공작물충돌,안전운전불이행,-,맑음,단일로 - 기타,승용,0,22,상해없음,기타불명,2,0,기타불명,20.0,20.0
7279,2021041800100080,10,일요일,호남,전라남도,경상사고,0,0,2,0,차대차 - 기타,안전거리미확보,-,맑음,단일로 - 기타,승용,0,62,상해없음,승용,0,52,경상,60.0,60.0
7280,2021042100100017,2,수요일,호남,전라북도,경상사고,0,0,1,0,차대차 - 추돌,안전거리미확보,-,맑음,단일로 - 기타,화물,0,50,상해없음,승용,0,23,경상,40.0,40.0
7281,2021050100100032,2,토요일,호남,전라북도,경상사고,0,0,3,0,차대차 - 측면충돌,신호위반,-,흐림,단일로 - 기타,승용,0,37,상해없음,승용,0,37,경상,30.0,30.0
7282,2021051000100301,15,월요일,호남,전라북도,사망사고,1,0,1,0,차대차 - 추돌,안전운전불이행,-,흐림,단일로 - 기타,화물,0,57,사망,화물,0,50,경상,50.0,50.0
7283,2021051500100066,6,토요일,호남,전라북도,중상사고,0,1,0,0,차대차 - 측면충돌,안전운전불이행,-,비,단일로 - 기타,승용,0,59,상해없음,승용,0,64,중상,50.0,50.0
7284,2021051600100210,14,일요일,호남,광주광역시,경상사고,0,0,2,0,차대차 - 기타,기타,-,비,단일로 - 기타,승용,0,63,상해없음,화물,0,58,경상,60.0,60.0
7285,2021051800100190,12,화요일,호남,전라남도,경상사고,0,0,1,0,차대차 - 추돌,안전운전불이행,-,맑음,기타 - 기타,승용,0,23,상해없음,승용,0,38,경상,20.0,20.0
7286,2021051900100459,19,수요일,호남,광주광역시,경상사고,0,0,4,0,차대차 - 추돌,안전운전불이행,-,맑음,단일로 - 기타,승용,0,28,상해없음,승용,0,46,경상,20.0,20.0
7287,2021052800100104,8,금요일,호남,전라남도,중상사고,0,1,0,0,차대차 - 추돌,안전운전불이행,-,맑음,단일로 - 기타,승용,1,30,중상,화물,0,38,기타불명,20.0,20.0
7288,2021053000100025,4,일요일,호남,전라북도,사망사고,1,0,0,0,차량단독 - 공작물충돌,안전운전불이행,-,맑음,단일로 - 기타,승용,0,68,사망,기타불명,2,0,기타불명,60.0,60.0
7289,2021053000100114,11,일요일,호남,광주광역시,경상사고,0,0,6,0,차대차 - 추돌,안전운전불이행,-,맑음,단일로 - 기타,승용,0,27,경상,승용,1,41,경상,20.0,20.0
7290,2021060100100268,13,화요일,호남,전라남도,경상사고,0,0,1,0,차대차 - 추돌,안전운전불이행,-,맑음,단일로 - 기타,화물,0,35,상해없음,승용,1,38,경상,30.0,30.0
7291,2021060400100409,16,금요일,호남,광주광역시,경상사고,0,0,3,0,차대차 - 추돌,안전운전불이행,-,맑음,단일로 - 기타,승용,0,69,경상,승용,0,29,경상,60.0,60.0
7292,2021060400100410,16,금요일,호남,전라남도,경상사고,0,0,2,0,차대차 - 추돌,안전운전불이행,-,맑음,단일로 - 기타,승용,0,52,상해없음,승용,0,44,경상,50.0,50.0
7293,2021060800100458,18,화요일,호남,광주광역시,경상사고,0,0,2,0,차대차 - 추돌,안전운전불이행,-,맑음,단일로 - 기타,승용,0,58,상해없음,승용,0,35,경상,50.0,50.0
7294,2021061100100137,9,금요일,호남,광주광역시,경상사고,0,0,1,0,차대차 - 기타,안전운전불이행,-,흐림,단일로 - 기타,화물,0,25,상해없음,승용,0,32,경상,20.0,20.0
7295,2021061200100023,2,토요일,호남,전라북도,사망사고,1,0,0,0,차대차 - 추돌,안전운전불이행,-,맑음,단일로 - 기타,화물,0,39,사망,승용,0,18,기타불명,30.0,30.0
7296,2021061200100442,17,토요일,호남,광주광역시,경상사고,0,0,1,0,차대차 - 추돌,안전거리미확보,-,맑음,단일로 - 기타,화물,0,27,상해없음,승용,0,45,경상,20.0,20.0
7297,2021061300100360,18,일요일,호남,광주광역시,경상사고,0,0,2,0,차대차 - 기타,안전운전불이행,-,맑음,단일로 - 기타,기타불명,2,0,기타불명,승용,0,18,경상,20.0,20.0
7298,2021061600100307,14,수요일,호남,전라남도,경상사고,0,0,1,0,차대차 - 추돌,안전운전불이행,-,맑음,기타 - 기타,승용,0,51,상해없음,화물,0,38,경상,,
7299,2021061900100021,1,토요일,호남,전라남도,중상사고,0,1,0,0,차대차 - 기타,안전운전불이행,-,맑음,단일로 - 기타,승용,0,36,상해없음,화물,0,54,중상,30.0,30.0
7300,2021061900100022,1,토요일,호남,전라남도,경상사고,0,0,4,0,차량단독 - 공작물충돌,안전운전불이행,-,맑음,단일로 - 기타,승용,0,36,경상,기타불명,2,0,기타불명,30.0,30.0
7301,2021062200100545,21,화요일,호남,전라남도,중상사고,0,1,0,0,차대차 - 기타,차로위반,-,맑음,단일로 - 기타,화물,0,42,상해없음,특수,0,53,중상,40.0,40.0
7302,2021062900100004,0,화요일,호남,전라남도,경상사고,0,0,7,0,차대차 - 측면충돌,안전운전불이행,-,맑음,단일로 - 기타,승용,0,35,상해없음,화물,0,42,경상,30.0,30.0
7303,2021070300100323,15,토요일,호남,전라북도,경상사고,0,0,3,0,차대차 - 측면충돌,안전운전불이행,-,비,단일로 - 기타,승용,0,50,상해없음,승용,0,33,경상,40.0,40.0
7304,2021070300100655,23,토요일,호남,광주광역시,경상사고,0,0,2,0,차대차 - 추돌,안전운전불이행,-,비,단일로 - 기타,승용,0,51,상해없음,승용,0,46,경상,,
7305,2021070800100009,0,목요일,호남,광주광역시,부상신고사고,0,0,0,1,차량단독 - 공작물충돌,안전운전불이행,-,비,기타 - 기타,승용,0,34,부상신고,기타불명,2,0,기타불명,30.0,30.0
7306,2021070800100551,21,목요일,호남,광주광역시,경상사고,0,0,1,0,차대차 - 측면충돌,안전거리미확보,-,맑음,단일로 - 기타,승용,1,34,상해없음,승용,0,42,경상,30.0,30.0
7307,2021071200100512,20,월요일,호남,전라남도,경상사고,0,0,2,0,차대차 - 기타,안전거리미확보,-,맑음,단일로 - 기타,승용,0,34,상해없음,승합,0,48,상해없음,30.0,30.0
7308,2021071300100639,23,화요일,호남,전라남도,중상사고,0,2,0,0,차대차 - 추돌,안전운전불이행,-,맑음,단일로 - 기타,화물,0,42,중상,화물,0,42,중상,40.0,40.0
7309,2021071900100354,15,월요일,호남,광주광역시,경상사고,0,0,2,0,차대차 - 기타,안전운전불이행,-,맑음,단일로 - 기타,화물,0,43,상해없음,승용,1,49,경상,40.0,40.0
7310,2021071900100424,17,월요일,호남,전라남도,중상사고,0,2,2,0,차대차 - 기타,안전운전불이행,-,맑음,단일로 - 기타,화물,0,44,경상,화물,0,52,중상,40.0,40.0
7311,2021072300100497,18,금요일,호남,광주광역시,경상사고,0,0,1,0,차대차 - 기타,안전거리미확보,-,맑음,단일로 - 기타,승용,0,28,상해없음,승용,1,58,경상,20.0,20.0
7312,2021072900100462,19,목요일,호남,광주광역시,중상사고,0,1,2,0,차대차 - 측면충돌,차로위반,-,맑음,기타 - 기타,승용,0,67,경상,승용,0,63,경상,60.0,60.0
7313,2021072900100510,21,목요일,호남,광주광역시,경상사고,0,0,2,0,차대차 - 측면충돌,차로위반,-,맑음,단일로 - 기타,승용,1,52,상해없음,승용,1,32,경상,50.0,50.0
7314,2021080800100338,19,일요일,호남,전라남도,경상사고,0,0,1,0,차대차 - 추돌,안전운전불이행,-,맑음,단일로 - 기타,승용,1,18,상해없음,승용,1,60,경상,20.0,20.0
7315,2021081200100422,18,목요일,호남,광주광역시,중상사고,0,1,0,0,차량단독 - 공작물충돌,안전운전불이행,-,비,단일로 - 기타,승용,0,50,중상,기타불명,2,0,기타불명,40.0,40.0
7316,2021081200100423,18,목요일,호남,광주광역시,경상사고,0,0,1,0,차대차 - 추돌,안전운전불이행,-,비,단일로 - 기타,승용,1,22,상해없음,승용,0,21,경상,20.0,20.0
7317,2021081700100215,12,화요일,호남,전라남도,중상사고,0,2,2,0,차대차 - 추돌,안전운전불이행,-,맑음,단일로 - 기타,승용,0,72,상해없음,승용,1,25,경상,70.0,70.0
7318,2021082000100247,13,금요일,호남,광주광역시,경상사고,0,0,2,0,차대차 - 측면충돌,안전거리미확보,-,맑음,기타 - 기타,승용,1,60,상해없음,화물,0,54,경상,50.0,50.0
7319,2021082000100364,16,금요일,호남,광주광역시,경상사고,0,0,1,0,차대차 - 측면충돌,안전거리미확보,-,맑음,단일로 - 기타,승용,0,52,상해없음,승용,1,39,경상,50.0,50.0
7320,2021091500100526,17,수요일,호남,광주광역시,경상사고,0,0,1,0,차대차 - 기타,안전운전불이행,-,맑음,단일로 - 기타,승용,0,70,상해없음,승용,0,43,상해없음,60.0,60.0
7321,2021091800100566,19,토요일,호남,광주광역시,중상사고,0,1,1,0,차대차 - 기타,안전거리미확보,-,맑음,단일로 - 기타,승용,0,78,경상,화물,0,58,중상,70.0,70.0
7322,2021092000100025,2,월요일,호남,광주광역시,경상사고,0,0,2,0,차대차 - 추돌,안전운전불이행,-,맑음,단일로 - 기타,승용,0,28,상해없음,승용,0,32,경상,20.0,20.0
7323,2021092000100420,21,월요일,호남,전라남도,경상사고,0,0,2,1,차대차 - 기타,안전운전불이행,-,흐림,단일로 - 기타,승용,0,30,경상,승용,2,0,기타불명,20.0,20.0
7324,2021092400100050,7,금요일,호남,광주광역시,경상사고,0,0,2,0,차대차 - 측면충돌,과속,-,맑음,기타 - 기타,승용,0,56,경상,승용,0,44,경상,50.0,50.0
7325,2021092400100113,9,금요일,호남,전라남도,사망사고,1,0,0,0,차량단독 - 주/정차차량 충돌,안전운전불이행,-,맑음,단일로 - 기타,화물,0,31,사망,기타불명,2,0,기타불명,,
7326,2021100200100126,10,토요일,호남,광주광역시,경상사고,0,0,1,0,차대차 - 추돌,안전운전불이행,-,맑음,단일로 - 기타,승용,1,36,상해없음,승용,0,34,경상,30.0,30.0
7327,2021102500100230,12,월요일,호남,전라북도,사망사고,1,2,6,0,차대차 - 추돌,안전운전불이행,-,맑음,단일로 - 기타,승용,0,77,중상,승용,0,23,경상,70.0,70.0
7328,2021102500100446,17,월요일,호남,광주광역시,경상사고,0,0,2,0,차대차 - 추돌,안전거리미확보,-,맑음,단일로 - 기타,승용,0,24,상해없음,화물,0,74,경상,20.0,20.0
7329,2021102600100594,22,화요일,호남,전라북도,중상사고,0,1,0,1,차대차 - 기타,안전거리미확보,-,맑음,단일로 - 기타,화물,0,53,중상,화물,0,56,부상신고,50.0,50.0
7330,2021102800100014,1,목요일,호남,전라북도,경상사고,0,0,1,0,차대차 - 기타,안전운전불이행,-,맑음,단일로 - 기타,승용,0,49,상해없음,승용,1,33,경상,40.0,40.0
7331,2021110400100424,17,목요일,호남,전라북도,경상사고,0,0,2,0,차대차 - 추돌,안전운전불이행,-,맑음,단일로 - 기타,승용,0,39,상해없음,승용,0,26,경상,30.0,30.0
7332,2021110500100283,13,금요일,호남,전라북도,사망사고,1,1,3,0,차대차 - 추돌,안전거리미확보,-,맑음,단일로 - 기타,화물,0,66,상해없음,화물,0,65,사망,60.0,60.0
7333,2021110900100344,15,화요일,호남,전라남도,중상사고,0,1,1,0,차대차 - 추돌,안전운전불이행,-,비,단일로 - 기타,화물,0,55,중상,승용,0,62,경상,50.0,50.0
7334,2021110900100676,23,화요일,호남,전라북도,중상사고,0,1,0,0,차대차 - 기타,안전운전불이행,-,비,단일로 - 기타,승용,0,48,상해없음,화물,0,53,상해없음,40.0,40.0
7335,2021111200100284,13,금요일,호남,광주광역시,경상사고,0,0,5,0,차대차 - 측면충돌,기타,-,맑음,단일로 - 기타,승용,0,55,상해없음,승용,0,24,경상,50.0,50.0
7336,2021111200100404,16,금요일,호남,전라남도,경상사고,0,0,3,0,차대차 - 측면충돌,중앙선침범,-,흐림,단일로 - 기타,화물,0,72,상해없음,승용,0,37,상해없음,70.0,70.0
7337,2021111300100494,18,토요일,호남,전라북도,경상사고,0,0,2,0,차대차 - 추돌,안전거리미확보,-,맑음,단일로 - 기타,승용,0,49,상해없음,화물,0,34,경상,40.0,40.0
7338,2021111600100456,17,화요일,호남,전라북도,경상사고,0,0,1,0,차대차 - 추돌,안전운전불이행,-,맑음,단일로 - 기타,승용,0,53,상해없음,승용,1,43,경상,50.0,50.0
7339,2021120100100484,18,수요일,호남,광주광역시,경상사고,0,0,1,0,차대차 - 추돌,안전운전불이행,-,맑음,단일로 - 기타,승용,0,24,상해없음,승용,1,34,경상,20.0,20.0
7340,2021120400100014,0,토요일,호남,광주광역시,경상사고,0,0,1,0,차대차 - 추돌,안전거리미확보,-,맑음,단일로 - 기타,기타불명,2,0,기타불명,승용,0,58,상해없음,20.0,20.0
7341,2021120900100065,7,목요일,호남,전라남도,경상사고,0,0,1,0,차대차 - 정면충돌,중앙선침범,-,안개,단일로 - 기타,승용,0,52,상해없음,승용,0,61,경상,50.0,50.0
7342,2021121300100542,20,월요일,호남,전라북도,경상사고,0,0,1,0,차대차 - 측면충돌,안전거리미확보,-,맑음,단일로 - 기타,승용,1,27,상해없음,화물,0,44,경상,20.0,20.0
7343,2021122000100029,6,월요일,호남,광주광역시,경상사고,0,0,1,0,차대차 - 기타,안전운전불이행,-,맑음,단일로 - 기타,기타불명,2,0,기타불명,승용,0,25,경상,20.0,20.0
7344,2021122800100007,0,화요일,호남,광주광역시,중상사고,0,1,0,0,차대차 - 추돌,안전운전불이행,-,맑음,단일로 - 기타,승용,0,43,중상,승용,0,28,상해없음,40.0,40.0
7345,2021123000100018,2,목요일,호남,전라북도,경상사고,0,0,1,0,차대차 - 추돌,안전운전불이행,-,맑음,단일로 - 기타,승용,0,32,상해없음,승용,0,57,경상,30.0,30.0
7346,2021091100100326,14,토요일,함양울산,울산광역시,경상사고,0,0,2,0,차대차 - 추돌,안전운전불이행,-,맑음,단일로 - 터널,화물,0,74,상해없음,승용,0,60,경상,70.0,70.0
7347,2021010600100454,20,수요일,평택화성,경기도,중상사고,0,1,0,0,차대차 - 추돌,안전운전불이행,-,눈,단일로 - 기타,승용,0,36,상해없음,화물,0,46,상해없음,30.0,30.0
7348,2021030100100202,16,월요일,평택화성,경기도,경상사고,0,0,4,0,차대차 - 추돌,안전운전불이행,-,비,기타 - 기타,승용,0,42,상해없음,승용,0,41,경상,40.0,40.0
7349,2021031600100170,10,화요일,평택화성,경기도,경상사고,0,0,1,0,차량단독 - 공작물충돌,안전운전불이행,-,맑음,단일로 - 기타,승용,0,31,상해없음,기타불명,2,0,기타불명,,
7350,2021040300100091,9,토요일,평택화성,경기도,경상사고,0,0,3,0,차대차 - 기타,중앙선침범,-,비,기타 - 기타,승용,1,39,상해없음,화물,1,23,경상,30.0,30.0
7351,2021041100100329,17,일요일,평택화성,경기도,경상사고,0,0,2,0,차대차 - 측면충돌,안전운전불이행,-,맑음,단일로 - 기타,승용,0,55,상해없음,승용,0,73,경상,50.0,50.0
7352,2021042400100564,21,토요일,평택화성,경기도,경상사고,0,0,4,0,차대차 - 측면충돌,과속,-,맑음,기타 - 기타,승용,0,23,경상,승용,0,55,경상,20.0,20.0
7353,2021051400100535,18,금요일,평택화성,경기도,경상사고,0,0,1,0,차대차 - 기타,안전운전불이행,-,맑음,단일로 - 기타,승용,0,47,상해없음,승용,0,38,경상,40.0,40.0
7354,2021051900100274,14,수요일,평택화성,경기도,중상사고,0,1,3,0,차대차 - 추돌,안전운전불이행,-,맑음,단일로 - 기타,승용,0,49,상해없음,승용,0,34,경상,40.0,40.0
7355,2021052900100083,8,토요일,평택화성,경기도,경상사고,0,0,3,0,차대차 - 측면충돌,안전운전불이행,-,맑음,단일로 - 기타,특수,0,48,상해없음,승용,0,54,경상,40.0,40.0
7356,2021070700100612,22,수요일,평택화성,경기도,경상사고,0,0,1,0,차대차 - 추돌,안전운전불이행,-,맑음,단일로 - 기타,승용,0,29,상해없음,승용,0,24,경상,20.0,20.0