,사고번호,사고일시,요일,도로종류,시군구,사고내용,사망자수,중상자수,경상자수,부상신고자수,사고유형,법규위반,노면상태,기상상태,도로형태,가해운전자 차종,가해운전자 성별,가해운전자 연령,가해운전자 상해정도,피해운전자 차종,피해운전자 성별,피해운전자 연령,피해운전자 상해정도,연령대,가해연령대
7489,2021080300100103,10,화요일,평택제천,경기도,경상사고,0,0,1,0,차대차 - 측면충돌,안전거리미확보,-,맑음,단일로 - 기타,화물,0,69,상해없음,화물,0,50,경상,60.0,60.0
7490,2021081200100006,0,목요일,평택제천,경기도,사망사고,1,3,0,0,차대차 - 추돌,안전운전불이행,-,기타,단일로 - 기타,특수,0,53,중상,승용,0,51,중상,50.0,50.0
7491,2021081200100007,0,목요일,평택제천,경기도,사망사고,1,4,3,0,차대차 - 기타,안전운전불이행,-,기타,단일로 - 기타,화물,0,52,상해없음,승용,0,29,경상,50.0,50.0
7492,2021081700100481,19,화요일,평택제천,충청북도,경상사고,0,0,1,0,차대차 - 추돌,안전운전불이행,-,맑음,단일로 - 기타,화물,0,46,상해없음,승용,1,51,경상,40.0,40.0
7493,2021081900100356,16,목요일,평택제천,경기도,부상신고사고,0,0,0,2,차대차 - 측면충돌,안전운전불이행,-,맑음,기타 - 기타,화물,0,71,부상신고,화물,0,46,부상신고,70.0,70.0
7494,2021082500100342,16,수요일,평택제천,충청북도,경상사고,0,0,1,0,차대차 - 추돌,안전운전불이행,-,비,단일로 - 기타,승용,1,57,상해없음,승용,0,49,경상,50.0,50.0
7495,2021082800100328,16,토요일,평택제천,경기도,경상사고,0,0,2,0,차대차 - 추돌,안전운전불이행,-,맑음,단일로 - 기타,화물,1,78,상해없음,승용,0,51,경상,70.0,70.0
7496,2021090400100147,11,토요일,평택제천,경기도,경상사고,0,0,1,0,차대차 - 기타,안전운전불이행,-,맑음,단일로 - 기타,특수,0,37,상해없음,승용,0,57,경상,30.0,30.0
7497,2021090400100383,18,토요일,평택제천,충청북도,경상사고,0,0,2,0,차대차 - 기타,안전거리미확보,-,맑음,단일로 - 지하차도(도로)내,승용,0,33,상해없음,승용,1,52,경상,30.0,30.0
7498,2021090400100410,19,토요일,평택제천,경기도,경상사고,0,0,2,0,차대차 - 기타,차로위반,-,맑음,단일로 - 기타,승합,0,66,상해없음,승합,0,54,경상,60.0,60.0
7499,2021090600100277,13,월요일,평택제천,경기도,사망사고,1,0,0,0,차대사람 - 기타,안전운전불이행,-,맑음,단일로 - 기타,화물,0,35,상해없음,보행자,0,30,사망,30.0,30.0
7500,2021090600100379,16,월요일,평택제천,경기도,경상사고,0,0,1,0,차대차 - 정면충돌,중앙선침범,-,맑음,단일로 - 기타,승용,0,31,상해없음,승용,0,49,경상,,
7501,2021090600100419,17,월요일,평택제천,경기도,경상사고,0,0,2,1,차대차 - 추돌,안전운전불이행,-,비,기타 - 기타,화물,0,39,경상,건설기계,0,58,상해없음,30.0,30.0
7502,2021091000100156,10,금요일,평택제천,경기도,경상사고,0,0,3,0,차대차 - 추돌,안전운전불이행,-,맑음,기타 - 기타,화물,0,61,상해없음,화물,0,58,경상,,
7503,2021091100100029,3,토요일,평택제천,경기도,사망사고,1,0,0,0,차량단독 - 전도전복 - 전복,안전운전불이행,-,맑음,단일로 - 기타,화물,0,55,사망,기타불명,2,0,기타불명,50.0,50.0
7504,2021091400100004,0,화요일,평택제천,경기도,경상사고,0,0,1,0,차대차 - 추돌,안전운전불이행,-,맑음,단일로 - 기타,화물,0,72,상해없음,화물,0,69,경상,70.0,70.0
7505,2021091700100607,18,금요일,평택제천,경기도,경상사고,0,0,1,0,차대차 - 기타,기타,-,맑음,단일로 - 기타,화물,0,60,상해없음,화물,0,37,경상,50.0,50.0
7506,2021092000100116,11,월요일,평택제천,경기도,중상사고,0,2,6,0,차대차 - 추돌,안전운전불이행,-,맑음,단일로 - 기타,화물,0,57,경상,승용,1,32,경상,50.0,50.0
7507,2021092700100014,3,월요일,평택제천,경기도,경상사고,0,0,1,0,차대차 - 추돌,안전운전불이행,-,맑음,단일로 - 기타,승용,0,24,상해없음,승합,0,50,경상,20.0,20.0
7508,2021100300100408,19,일요일,평택제천,경기도,부상신고사고,0,0,0,2,차대차 - 측면충돌,안전거리미확보,-,맑음,단일로 - 기타,화물,0,63,상해없음,승용,0,31,부상신고,60.0,60.0
7509,2021100500100227,12,화요일,평택제천,경기도,중상사고,0,1,0,0,차대차 - 추돌,안전거리미확보,-,맑음,단일로 - 지하차도(도로)내,건설기계,0,55,상해없음,승용,1,41,중상,50.0,50.0
7510,2021102300100393,16,토요일,평택제천,경기도,경상사고,0,0,1,0,차대차 - 기타,신호위반,-,맑음,단일로 - 기타,화물,0,61,상해없음,승용,1,52,경상,,
7511,2021102800100368,15,목요일,평택제천,경기도,경상사고,0,0,1,0,차대차 - 기타,차로위반,-,맑음,단일로 - 기타,특수,0,49,상해없음,승용,1,22,경상,40.0,40.0
7512,2021102900100482,18,금요일,평택제천,경기도,경상사고,0,0,1,0,차대차 - 추돌,안전운전불이행,-,맑음,단일로 - 기타,승용,0,31,기타불명,승용,0,37,상해없음,,
7513,2021103100100168,13,일요일,평택제천,경기도,경상사고,0,0,12,0,차대차 - 추돌,안전운전불이행,-,맑음,단일로 - 기타,승용,0,33,상해없음,승용,1,35,경상,30.0,30.0
7514,2021103100100352,18,일요일,평택제천,경기도,경상사고,0,0,1,0,차대차 - 추돌,안전운전불이행,-,맑음,단일로 - 기타,승용,0,27,상해없음,승용,0,52,경상,20.0,20.0
7515,2021110100100255,13,월요일,평택제천,경기도,경상사고,0,0,1,0,차대차 - 추돌,안전운전불이행,-,맑음,단일로 - 기타,화물,0,46,상해없음,화물,0,50,경상,40.0,40.0
7516,2021111100100082,7,목요일,평택제천,경기도,경상사고,0,0,1,0,차대차 - 후진중충돌,안전운전불이행,-,맑음,단일로 - 기타,화물,0,55,상해없음,화물,0,55,경상,50.0,50.0
7517,2021111700100588,19,수요일,평택제천,경기도,부상신고사고,0,0,0,1,차대차 - 기타,안전운전불이행,-,맑음,단일로 - 기타,승합,0,69,상해없음,승용,1,52,부상신고,60.0,60.0
7518,2021111900100296,14,금요일,평택제천,경기도,경상사고,0,0,1,0,차대차 - 측면충돌,안전거리미확보,-,맑음,단일로 - 기타,화물,0,57,상해없음,화물,0,57,경상,50.0,50.0
7519,2021111900100495,18,금요일,평택제천,경기도,경상사고,0,0,1,2,차대차 - 추돌,안전운전불이행,-,맑음,단일로 - 기타,승용,0,46,상해없음,승용,0,56,부상신고,40.0,40.0
7520,2021112100100021,1,일요일,평택제천,충청북도,경상사고,0,0,1,0,차대차 - 추돌,안전운전불이행,-,맑음,단일로 - 기타,승용,0,23,상해없음,건설기계,0,56,경상,20.0,20.0
7521,2021112100100055,6,일요일,평택제천,경기도,중상사고,0,1,0,0,차대차 - 기타,안전거리미확보,-,안개,단일로 - 기타,승용,0,52,상해없음,화물,0,55,중상,50.0,50.0
7522,2021112500100510,18,목요일,평택제천,경기도,경상사고,0,0,1,0,차대차 - 기타,안전거리미확보,-,맑음,기타 - 기타,승용,0,54,상해없음,승용,0,48,경상,50.0,50.0
7523,2021112900100021,4,월요일,평택제천,경기도,경상사고,0,0,1,0,차대차 - 추돌,안전운전불이행,-,맑음,단일로 - 기타,화물,0,57,상해없음,화물,0,55,경상,50.0,50.0
7524,2021112900100439,17,월요일,평택제천,경기도,경상사고,0,0,1,0,차대차 - 측면충돌,안전운전불이행,-,맑음,단일로 - 기타,승용,0,33,상해없음,승용,0,36,경상,30.0,30.0
7525,2021120200100604,22,목요일,평택제천,경기도,경상사고,0,0,1,0,차대차 - 측면충돌,안전거리미확보,-,맑음,단일로 - 기타,승용,1,28,상해없음,승용,0,38,경상,20.0,20.0
7526,2021120600100324,16,월요일,평택제천,경기도,경상사고,0,0,2,0,차대차 - 측면충돌,안전거리미확보,-,맑음,기타 - 기타,화물,0,61,상해없음,승용,0,40,경상,,
7527,2021121700100591,20,금요일,평택제천,경기도,중상사고,0,1,2,0,차대차 - 기타,안전거리미확보,-,맑음,단일로 - 기타,승용,0,40,중상,화물,0,59,상해없음,30.0,30.0
7528,2019010600100243,16,일요일,평택제천국도,경기도,경상사고,0,0,1,0,차대차 - 측면충돌,안전운전불이행,포장 - 건조,맑음,단일로 - 기타,기타불명,2,0,기타불명,승용,1,27,경상,20.0,20.0
7529,2019011200100300,14,토요일,평택제천국도,경기도,경상사고,0,0,3,0,차대차 - 기타,안전운전불이행,포장 - 건조,맑음,단일로 - 기타,승용,0,65,상해없음,승용,0,44,경상,60.0,60.0
7530,2019011200100444,19,토요일,평택제천국도,경기도,중상사고,0,1,0,0,차대차 - 측면충돌,안전거리미확보,포장 - 건조,맑음,단일로 - 기타,승용,0,62,상해없음,승용,1,40,중상,60.0,60.0
7531,2019011500100159,10,화요일,평택제천국도,경기도,경상사고,0,0,1,0,차대차 - 측면충돌,안전운전불이행,포장 - 건조,맑음,단일로 - 기타,화물,0,60,상해없음,승용,0,60,경상,50.0,50.0
7532,2019011700100067,5,목요일,평택제천국도,경기도,중상사고,0,1,0,0,차대차 - 기타,안전운전불이행,포장 - 건조,맑음,단일로 - 기타,특수,0,75,상해없음,승용,0,68,중상,70.0,70.0
7533,2019012000100224,14,일요일,평택제천국도,경기도,경상사고,0,0,1,0,차대차 - 측면충돌,안전거리미확보,포장 - 건조,맑음,단일로 - 기타,화물,0,59,상해없음,승용,0,31,경상,50.0,50.0
7534,2019012000100413,20,일요일,평택제천국도,충청북도,경상사고,0,0,2,0,차대차 - 기타,안전운전불이행,포장 - 건조,맑음,주차장 - 주차장,승합,0,52,상해없음,승용,0,28,경상,50.0,50.0
7535,2019012700100179,13,일요일,평택제천국도,경기도,중상사고,0,1,0,0,차대차 - 추돌,안전운전불이행,포장 - 건조,맑음,단일로 - 기타,승용,0,54,상해없음,승용,1,44,중상,50.0,50.0
7536,2019020500100329,21,화요일,평택제천국도,경기도,경상사고,0,0,2,0,차대차 - 기타,안전거리미확보,포장 - 건조,맑음,단일로 - 기타,기타불명,2,0,기타불명,승용,1,25,경상,20.0,20.0
7537,2019021200100047,4,화요일,평택제천국도,경기도,경상사고,0,0,1,0,차대차 - 추돌,안전거리미확보,포장 - 건조,맑음,단일로 - 기타,화물,0,54,상해없음,승용,0,39,경상,50.0,50.0
7538,2019021400100316,15,목요일,평택제천국도,경기도,경상사고,0,0,3,0,차대차 - 추돌,안전운전불이행,포장 - 건조,맑음,단일로 - 기타,화물,0,40,경상,승용,0,23,경상,30.0,30.0
7539,2019021800100337,16,월요일,평택제천국도,경기도,경상사고,0,0,1,0,차대차 - 기타,안전운전불이행,포장 - 건조,맑음,단일로 - 기타,화물,0,61,상해없음,특수,0,49,경상,,
7540,2019021800100510,21,월요일,평택제천국도,경기도,경상사고,0,0,4,0,차대차 - 기타,안전운전불이행,포장 - 건조,맑음,단일로 - 기타,승용,0,33,상해없음,승용,0,44,경상,30.0,30.0
7541,2019030200100361,18,토요일,평택제천국도,충청북도,경상사고,0,0,3,0,차대차 - 추돌,안전거리미확보,포장 - 건조,맑음,단일로 - 기타,승용,0,25,상해없음,승용,0,33,경상,20.0,20.0
7542,2019030600100309,14,수요일,평택제천국도,경기도,부상신고사고,0,0,0,1,차대차 - 기타,안전운전불이행,포장 - 건조,맑음,단일로 - 기타,승용,0,35,부상신고,승용,0,70,상해없음,30.0,30.0
7543,2019030700100622,23,목요일,평택제천국도,경기도,중상사고,0,2,0,0,차대차 - 추돌,안전거리미확보,포장 - 건조,맑음,단일로 - 기타,화물,0,28,상해없음,승용,0,57,중상,20.0,20.0
7544,2019031000100338,18,일요일,평택제천국도,충청북도,중상사고,0,1,2,0,차대차 - 기타,안전거리미확보,포장 - 건조,맑음,단일로 - 기타,승용,0,27,상해없음,화물,0,53,경상,20.0,20.0
7545,2019031300100153,9,수요일,평택제천국도,경기도,중상사고,0,1,1,0,차대차 - 측면충돌,안전거리미확보,포장 - 건조,맑음,단일로 - 기타,건설기계,0,35,상해없음,승용,0,47,중상,30.0,30.0
7546,2019031400100269,12,목요일,평택제천국도,충청북도,중상사고,0,1,0,0,차대차 - 측면충돌,안전운전불이행,포장 - 건조,맑음,단일로 - 기타,화물,0,39,상해없음,승용,0,50,중상,30.0,30.0
7547,2019031600100318,13,토요일,평택제천국도,경기도,경상사고,0,0,3,0,차대차 - 추돌,안전거리미확보,포장 - 건조,맑음,단일로 - 터널,승용,0,54,상해없음,승용,0,37,경상,50.0,50.0
7548,2019031600100389,15,토요일,평택제천국도,경기도,경상사고,0,0,1,0,차대차 - 추돌,안전운전불이행,포장 - 건조,맑음,단일로 - 기타,승용,0,27,상해없음,승용,0,27,경상,20.0,20.0
7549,2019033000100281,11,토요일,평택제천국도,경기도,중상사고,0,1,3,3,차대차 - 추돌,안전운전불이행,포장 - 건조,맑음,단일로 - 기타,화물,0,55,상해없음,승용,0,55,중상,50.0,50.0
7550,2019033100100412,20,일요일,평택제천국도,경기도,경상사고,0,0,1,0,차대차 - 측면충돌,안전거리미확보,포장 - 건조,맑음,단일로 - 기타,승용,1,46,상해없음,승용,0,41,경상,40.0,40.0
7551,2019040500100490,18,금요일,평택제천국도,경기도,경상사고,0,0,1,0,차대차 - 추돌,안전운전불이행,포장 - 건조,맑음,단일로 - 터널,승용,0,21,상해없음,승용,0,26,경상,20.0,20.0
7552,2019040800100141,8,월요일,평택제천국도,경기도,경상사고,0,0,1,0,차대차 - 기타,안전운전불이행,포장 - 건조,맑음,단일로 - 기타,승용,0,61,상해없음,승용,0,24,경상,,
7553,2019040900100061,3,화요일,평택제천국도,충청북도,경상사고,0,0,1,0,차량단독 - 기타,안전운전불이행,포장 - 건조,맑음,단일로 - 기타,승용,0,57,경상,기타불명,2,0,기타불명,50.0,50.0
7554,2019040900100240,12,화요일,평택제천국도,경기도,중상사고,0,2,0,0,차대차 - 측면충돌,안전거리미확보,포장 - 건조,맑음,단일로 - 기타,화물,0,44,상해없음,승용,0,48,중상,40.0,40.0
7555,2019040900100555,20,화요일,평택제천국도,충청북도,경상사고,0,0,1,0,차대차 - 기타,안전운전불이행,포장 - 서리/결빙,눈,단일로 - 교량,승용,0,43,경상,승용,0,33,상해없음,40.0,40.0
7556,2019040900100556,20,화요일,평택제천국도,충청북도,경상사고,0,0,4,0,차대차 - 측면충돌,안전운전불이행,포장 - 서리/결빙,눈,단일로 - 교량,승용,0,35,상해없음,승용,0,57,상해없음,30.0,30.0
7557,2019041000100641,23,수요일,평택제천국도,경기도,경상사고,0,0,2,0,차대차 - 추돌,안전운전불이행,포장 - 건조,맑음,단일로 - 기타,화물,0,41,경상,화물,0,49,상해없음,,
7558,2019041700100406,16,수요일,평택제천국도,경기도,경상사고,0,0,1,0,차대차 - 기타,안전거리미확보,포장 - 건조,맑음,단일로 - 기타,화물,0,37,상해없음,특수,0,46,상해없음,30.0,30.0
7559,2019042600100081,2,금요일,평택제천국도,충청북도,중상사고,0,1,0,0,차대차 - 추돌,안전운전불이행,포장 - 젖음/습기,비,단일로 - 기타,승용,0,22,중상,화물,0,63,상해없음,20.0,20.0
7560,2019042900100074,6,월요일,평택제천국도,충청북도,중상사고,0,1,0,0,차대차 - 기타,안전거리미확보,포장 - 건조,맑음,단일로 - 기타,기타불명,2,0,기타불명,화물,0,62,중상,20.0,20.0
7561,2019051200100093,6,일요일,평택제천국도,경기도,경상사고,0,0,1,0,차대차 - 측면충돌,안전거리미확보,포장 - 건조,맑음,단일로 - 기타,화물,0,39,상해없음,승합,0,49,경상,30.0,30.0
7562,2019051300100525,19,월요일,평택제천국도,경기도,경상사고,0,0,1,0,차대차 - 기타,안전거리미확보,포장 - 건조,맑음,기타 - 기타,화물,0,55,상해없음,화물,0,49,경상,50.0,50.0
7563,2019051600100727,23,목요일,평택제천국도,경기도,중상사고,0,1,0,0,차대차 - 측면충돌,안전거리미확보,포장 - 건조,맑음,단일로 - 기타,승용,0,50,상해없음,화물,0,46,중상,40.0,40.0
7564,2019051600100728,23,목요일,평택제천국도,경기도,부상신고사고,0,0,0,1,차대차 - 추돌,안전운전불이행,포장 - 건조,맑음,단일로 - 기타,승용,1,21,상해없음,승용,1,33,부상신고,20.0,20.0
7565,2019051700100707,23,금요일,평택제천국도,경기도,경상사고,0,0,2,0,차대차 - 측면충돌,안전운전불이행,포장 - 건조,맑음,단일로 - 기타,승용,0,25,상해없음,화물,0,53,경상,20.0,20.0
7566,2019051800100135,5,토요일,평택제천국도,충청북도,사망사고,1,1,0,1,차대차 - 추돌,과속,포장 - 건조,흐림,단일로 - 기타,승용,0,37,사망,화물,0,55,상해없음,30.0,30.0
7567,2019051800100310,12,토요일,평택제천국도,충청북도,중상사고,0,1,0,0,차대차 - 추돌,안전운전불이행,포장 - 건조,맑음,단일로 - 기타,화물,0,60,상해없음,승용,1,60,중상,50.0,50.0
7568,2019052900100612,19,수요일,평택제천국도,경기도,중상사고,0,1,3,0,차대차 - 추돌,안전운전불이행,포장 - 건조,맑음,단일로 - 기타,승합,0,48,상해없음,승용,0,37,경상,40.0,40.0
7569,2019061000100176,9,월요일,평택제천국도,경기도,경상사고,0,0,1,0,차대차 - 추돌,안전운전불이행,포장 - 건조,맑음,단일로 - 기타,화물,0,60,상해없음,화물,0,67,경상,50.0,50.0
7570,2019061000100392,15,월요일,평택제천국도,경기도,경상사고,0,0,3,1,차대차 - 추돌,안전운전불이행,포장 - 건조,맑음,단일로 - 기타,승용,0,45,경상,승용,0,28,부상신고,40.0,40.0
7571,2019061600100306,15,일요일,평택제천국도,충청북도,중상사고,0,1,1,0,차대차 - 기타,안전운전불이행,포장 - 건조,맑음,주차장 - 주차장,승용,1,60,상해없음,승용,0,52,경상,50.0,50.0
7572,2019062500100390,15,화요일,평택제천국도,경기도,중상사고,0,1,0,1,차대차 - 추돌,안전운전불이행,포장 - 건조,맑음,단일로 - 터널,화물,0,52,상해없음,승용,0,47,중상,50.0,50.0
7573,2019071200100293,12,금요일,평택제천국도,경기도,사망사고,1,0,0,1,차대차 - 추돌,안전운전불이행,포장 - 건조,맑음,단일로 - 기타,화물,0,56,사망,화물,0,48,부상신고,50.0,50.0
7574,2019071500100388,16,월요일,평택제천국도,경기도,경상사고,0,0,1,0,차대차 - 기타,안전운전불이행,포장 - 젖음/습기,비,단일로 - 기타,화물,0,59,상해없음,승용,0,49,경상,50.0,50.0
7575,2019072000100451,18,토요일,평택제천국도,경기도,중상사고,0,1,1,0,차대차 - 측면충돌,안전운전불이행,포장 - 젖음/습기,비,단일로 - 기타,화물,0,57,상해없음,승용,1,58,중상,50.0,50.0
7576,2019072600100152,9,금요일,평택제천국도,경기도,경상사고,0,0,1,0,차대차 - 측면충돌,안전거리미확보,포장 - 젖음/습기,비,단일로 - 기타,화물,0,47,상해없음,승용,1,52,경상,40.0,40.0
7577,2019080800100402,16,목요일,평택제천국도,경기도,경상사고,0,0,2,0,차대차 - 기타,안전운전불이행,포장 - 건조,맑음,단일로 - 기타,기타불명,2,0,기타불명,승용,0,29,경상,20.0,20.0
7578,2019080900100647,20,금요일,평택제천국도,충청북도,경상사고,0,0,4,2,차대차 - 추돌,안전운전불이행,포장 - 건조,맑음,단일로 - 기타,승용,1,31,상해없음,승용,1,41,경상,,
7579,2019081200100307,12,월요일,평택제천국도,경기도,사망사고,1,0,1,0,차대차 - 추돌,안전운전불이행,포장 - 젖음/습기,흐림,단일로 - 기타,화물,0,49,상해없음,화물,0,59,사망,40.0,40.0
7580,2019081700100146,9,토요일,평택제천국도,경기도,중상사고,0,1,0,0,차량단독 - 기타,안전운전불이행,포장 - 건조,맑음,단일로 - 기타,승합,0,61,상해없음,기타불명,2,0,기타불명,,
7581,2019090100100287,15,일요일,평택제천국도,경기도,경상사고,0,0,6,2,차대차 - 기타,안전운전불이행,포장 - 건조,맑음,기타 - 기타,승용,1,37,상해없음,승용,1,44,경상,30.0,30.0
7582,2019090100100288,15,일요일,평택제천국도,경기도,중상사고,0,5,1,0,차대차 - 기타,안전운전불이행,포장 - 건조,맑음,단일로 - 기타,승용,0,30,상해없음,승용,2,0,기타불명,20.0,20.0
7583,2019090300100174,9,화요일,평택제천국도,경기도,경상사고,0,0,2,1,차대차 - 추돌,안전운전불이행,포장 - 건조,맑음,단일로 - 기타,특수,0,57,상해없음,화물,0,54,부상신고,50.0,50.0
7584,2019090400100072,6,수요일,평택제천국도,경기도,중상사고,0,1,5,0,차대차 - 기타,안전운전불이행,포장 - 젖음/습기,비,단일로 - 기타,화물,0,35,경상,승용,1,52,경상,30.0,30.0
7585,2019090900100079,6,월요일,평택제천국도,경기도,부상신고사고,0,0,0,1,차대차 - 기타,안전운전불이행,포장 - 젖음/습기,비,단일로 - 기타,특수,0,52,부상신고,화물,0,66,상해없음,50.0,50.0
7586,2019091100100416,14,수요일,평택제천국도,경기도,부상신고사고,0,0,0,1,차대차 - 추돌,안전운전불이행,포장 - 건조,흐림,단일로 - 기타,화물,0,51,부상신고,건설기계,0,58,상해없음,,
7587,2019092100100206,10,토요일,평택제천국도,경기도,경상사고,0,0,5,0,차대차 - 추돌,안전운전불이행,포장 - 건조,맑음,단일로 - 기타,화물,0,62,상해없음,승용,0,31,경상,60.0,60.0
7588,2019092200100122,7,일요일,평택제천국도,경기도,중상사고,0,1,0,0,차대차 - 측면충돌,안전운전불이행,포장 - 젖음/습기,비,단일로 - 기타,승용,0,20,상해없음,승용,0,36,중상,20.0,20.0
7589,2019092500100652,21,수요일,평택제천국도,경기도,경상사고,0,0,1,0,차대차 - 기타,안전운전불이행,포장 - 건조,맑음,단일로 - 기타,기타불명,2,0,기타불명,승용,1,49,경상,20.0,20.0
7590,2019100300100107,2,목요일,평택제천국도,경기도,경상사고,0,0,1,0,차량단독 - 기타,안전운전불이행,포장 - 젖음/습기,비,단일로 - 기타,승용,0,23,상해없음,기타불명,2,0,기타불명,20.0,20.0
7591,2019100800100331,13,화요일,평택제천국도,경기도,중상사고,0,1,0,1,차대차 - 측면충돌,안전거리미확보,포장 - 건조,맑음,단일로 - 기타,승용,0,58,부상신고,화물,0,60,중상,50.0,50.0
7592,2019100900100579,20,수요일,평택제천국도,충청북도,중상사고,0,2,0,0,차대차 - 기타,안전운전불이행,포장 - 건조,맑음,기타 - 기타,화물,0,56,상해없음,승용,0,41,중상,50.0,50.0
7593,2019101300100074,5,일요일,평택제천국도,경기도,중상사고,0,1,0,0,차량단독 - 공작물충돌,안전운전불이행,포장 - 건조,맑음,단일로 - 기타,승용,0,30,상해없음,기타불명,2,0,기타불명,20.0,20.0
7594,2019101300100219,13,일요일,평택제천국도,경기도,부상신고사고,0,0,0,1,차대차 - 기타,안전운전불이행,포장 - 건조,맑음,단일로 - 기타,승용,0,48,부상신고,승용,0,51,상해없음,40.0,40.0
7595,2019101300100304,15,일요일,평택제천국도,충청북도,경상사고,0,0,1,0,차대차 - 측면충돌,안전거리미확보,포장 - 건조,맑음,기타 - 기타,화물,0,65,상해없음,화물,0,55,경상,60.0,60.0
7596,2019101300100305,15,일요일,평택제천국도,충청북도,경상사고,0,0,3,0,차대차 - 추돌,안전거리미확보,포장 - 건조,맑음,기타 - 기타,승용,0,59,상해없음,승용,0,31,경상,50.0,50.0
7597,2019101600100284,11,수요일,평택제천국도,충청북도,경상사고,0,0,2,0,차대차 - 측면충돌,안전운전불이행,포장 - 건조,맑음,단일로 - 기타,승용,0,53,경상,화물,0,35,경상,50.0,50.0
7598,2019101600100659,20,수요일,평택제천국도,경기도,중상사고,0,1,0,0,차대차 - 기타,안전운전불이행,포장 - 건조,맑음,단일로 - 기타,화물,0,50,상해없음,승용,0,56,중상,40.0,40.0
7599,2019101700100425,16,목요일,평택제천국도,경기도,부상신고사고,0,0,0,1,차대차 - 기타,안전거리미확보,포장 - 건조,맑음,단일로 - 기타,화물,0,43,상해없음,승용,1,45,부상신고,40.0,40.0
7600,2019102200100195,9,화요일,평택제천국도,경기도,중상사고,0,1,0,0,차대차 - 추돌,안전운전불이행,포장 - 건조,맑음,단일로 - 기타,화물,0,40,상해없음,승용,1,67,중상,30.0,30.0
7601,2019110600100447,16,수요일,평택제천국도,경기도,경상사고,0,0,1,0,차대차 - 기타,안전운전불이행,포장 - 건조,맑음,단일로 - 기타,화물,0,52,상해없음,승용,0,41,경상,50.0,50.0
7602,2019110800100115,7,금요일,평택제천국도,충청북도,중상사고,0,1,0,0,차대차 - 추돌,안전운전불이행,포장 - 건조,맑음,기타 - 기타,화물,0,30,상해없음,승용,0,32,중상,20.0,20.0
7603,2019110900100455,15,토요일,평택제천국도,경기도,중상사고,0,1,0,0,차대차 - 기타,안전거리미확보,포장 - 건조,맑음,단일로 - 기타,기타불명,2,0,기타불명,승용,1,37,중상,20.0,20.0
7604,2019111000100301,15,일요일,평택제천국도,충청북도,경상사고,0,0,3,0,차대차 - 추돌,안전거리미확보,포장 - 건조,맑음,단일로 - 터널,승용,0,39,상해없음,승용,0,37,경상,30.0,30.0
7605,2019112200100284,11,금요일,평택제천국도,충청북도,중상사고,0,1,1,0,차대차 - 추돌,안전운전불이행,포장 - 건조,맑음,단일로 - 기타,화물,0,61,중상,특수,0,54,경상,,
7606,2019112200100315,12,금요일,평택제천국도,충청북도,경상사고,0,0,1,0,차대차 - 측면충돌,기타,포장 - 건조,맑음,단일로 - 기타,화물,0,51,상해없음,화물,0,41,경상,,
7607,2019112300100067,2,토요일,평택제천국도,경기도,부상신고사고,0,0,0,1,차량단독 - 공작물충돌,안전운전불이행,포장 - 건조,맑음,단일로 - 터널,승용,0,56,부상신고,기타불명,2,0,기타불명,50.0,50.0
7608,2019112300100414,15,토요일,평택제천국도,경기도,경상사고,0,0,1,0,차대차 - 추돌,안전운전불이행,포장 - 건조,맑음,단일로 - 기타,화물,0,44,상해없음,특수,0,47,경상,40.0,40.0
7609,2019120700100543,19,토요일,평택제천국도,충청북도,경상사고,0,0,2,0,차대차 - 추돌,안전운전불이행,포장 - 건조,맑음,단일로 - 기타,기타불명,2,0,기타불명,승합,0,65,경상,20.0,20.0
7610,2019121000100403,16,화요일,평택제천국도,경기도,경상사고,0,0,1,0,차대차 - 측면충돌,안전운전불이행,포장 - 건조,맑음,단일로 - 기타,건설기계,0,30,상해없음,화물,0,32,경상,20.0,20.0
7611,2019121400100426,14,토요일,평택제천국도,경기도,경상사고,0,0,2,0,차대차 - 추돌,안전거리미확보,포장 - 건조,맑음,단일로 - 기타,승합,0,41,상해없음,승용,1,55,경상,,
7612,2019121800100149,9,수요일,평택제천국도,충청북도,중상사고,0,1,0,0,차대사람 - 기타,기타,포장 - 건조,맑음,기타 - 기타,화물,0,69,상해없음,보행자,0,60,중상,60.0,60.0
7613,2019121900100072,3,목요일,평택제천국도,경기도,경상사고,0,0,1,0,차대차 - 기타,안전운전불이행,포장 - 건조,맑음,단일로 - 기타,특수,0,49,상해없음,건설기계,0,48,경상,40.0,40.0
7614,2019123000100346,16,월요일,평택제천국도,경기도,경상사고,0,0,2,2,차대차 - 기타,안전운전불이행,포장 - 건조,흐림,단일로 - 기타,승용,0,58,부상신고,승용,0,55,경상,50.0,50.0
7615,2020011700100378,17,금요일,평택제천국도,경기도,경상사고,0,0,1,0,차대차 - 추돌,안전운전불이행,포장 - 건조,맑음,기타 - 기타,화물,0,53,상해없음,승용,0,30,경상,50.0,50.0
7616,2020012400100153,11,금요일,평택제천국도,경기도,중상사고,0,1,5,2,차대차 - 추돌,안전운전불이행,포장 - 건조,맑음,단일로 - 기타,화물,0,48,부상신고,승용,1,51,중상,40.0,40.0