,사고번호,사고일시,요일,도로종류,시군구,사고내용,사망자수,중상자수,경상자수,부상신고자수,사고유형,법규위반,노면상태,기상상태,도로형태,가해운전자 차종,가해운전자 성별,가해운전자 연령,가해운전자 상해정도,피해운전자 차종,피해운전자 성별,피해운전자 연령,피해운전자 상해정도,연령대,가해연령대
7617,2020012900100490,22,수요일,평택제천국도,충청북도,사망사고,1,1,0,0,차대차 - 추돌,과속,포장 - 건조,맑음,단일로 - 기타,승용,0,44,사망,건설기계,0,57,중상,40.0,40.0
7618,2020020700100091,7,금요일,평택제천국도,경기도,경상사고,0,0,2,0,차대차 - 기타,안전운전불이행,포장 - 건조,맑음,단일로 - 기타,승용,0,62,상해없음,승용,0,55,경상,60.0,60.0
7619,2020021400100596,21,금요일,평택제천국도,경기도,경상사고,0,0,1,0,차대차 - 측면충돌,안전운전불이행,포장 - 건조,맑음,단일로 - 기타,승용,0,28,상해없음,화물,0,57,경상,20.0,20.0
7620,2020021600100094,4,일요일,평택제천국도,경기도,중상사고,0,1,2,2,차대차 - 추돌,안전운전불이행,포장 - 젖음/습기,비,단일로 - 기타,승용,0,59,경상,승용,1,31,부상신고,50.0,50.0
7621,2020021600100204,12,일요일,평택제천국도,충청북도,경상사고,0,0,3,0,차대차 - 추돌,안전운전불이행,포장 - 젖음/습기,비,단일로 - 기타,승용,0,37,상해없음,승용,0,47,경상,30.0,30.0
7622,2020022800100248,16,금요일,평택제천국도,경기도,경상사고,0,0,2,0,차대차 - 기타,안전거리미확보,포장 - 건조,흐림,단일로 - 기타,승용,0,44,상해없음,승용,0,41,경상,40.0,40.0
7623,2020030200100207,13,월요일,평택제천국도,경기도,경상사고,0,0,1,0,차대차 - 기타,안전운전불이행,포장 - 건조,맑음,단일로 - 기타,화물,0,25,상해없음,화물,0,58,경상,20.0,20.0
7624,2020030600100159,10,금요일,평택제천국도,충청북도,경상사고,0,0,1,0,차대차 - 측면충돌,안전운전불이행,포장 - 건조,맑음,단일로 - 지하차도(도로)내,특수,0,60,상해없음,승용,0,68,경상,50.0,50.0
7625,2020030800100143,13,일요일,평택제천국도,경기도,중상사고,0,2,3,1,차대차 - 기타,안전운전불이행,포장 - 건조,맑음,단일로 - 기타,승용,0,43,상해없음,승용,0,25,경상,40.0,40.0
7626,2020032000100291,14,금요일,평택제천국도,충청북도,경상사고,0,0,2,0,차대차 - 추돌,안전운전불이행,포장 - 건조,맑음,단일로 - 터널,승용,1,35,상해없음,승용,0,56,경상,30.0,30.0
7627,2020032400100024,2,화요일,평택제천국도,경기도,중상사고,0,1,1,0,차대차 - 기타,안전운전불이행,포장 - 건조,맑음,단일로 - 기타,승용,0,41,중상,화물,0,61,상해없음,,
7628,2020041500100048,3,수요일,평택제천국도,경기도,경상사고,0,0,2,4,차대차 - 추돌,안전운전불이행,포장 - 건조,맑음,단일로 - 기타,승용,0,28,부상신고,승용,0,50,경상,20.0,20.0
7629,2020041900100224,16,일요일,평택제천국도,경기도,경상사고,0,0,1,0,차대차 - 기타,과속,포장 - 젖음/습기,비,단일로 - 기타,승용,0,27,상해없음,화물,0,51,경상,20.0,20.0
7630,2020042400100353,15,금요일,평택제천국도,경기도,중상사고,0,3,0,0,차대차 - 추돌,안전운전불이행,포장 - 건조,맑음,단일로 - 기타,화물,0,36,상해없음,승용,0,61,중상,30.0,30.0
7631,2020042600100323,17,일요일,평택제천국도,충청북도,경상사고,0,0,1,0,차대차 - 기타,안전운전불이행,포장 - 건조,맑음,단일로 - 지하차도(도로)내,승용,0,26,상해없음,화물,0,46,경상,20.0,20.0
7632,2020042900100479,18,수요일,평택제천국도,경기도,경상사고,0,0,3,0,차대차 - 기타,안전운전불이행,포장 - 건조,맑음,단일로 - 기타,승용,0,57,경상,승용,0,33,경상,50.0,50.0
7633,2020042900100649,22,수요일,평택제천국도,충청북도,중상사고,0,1,3,0,차대차 - 측면충돌,안전운전불이행,포장 - 건조,맑음,단일로 - 지하차도(도로)내,승용,1,58,경상,승용,0,68,경상,50.0,50.0
7634,2020050300100152,12,일요일,평택제천국도,충청북도,경상사고,0,0,3,0,차대차 - 추돌,안전거리미확보,포장 - 젖음/습기,비,단일로 - 터널,승용,0,59,상해없음,승용,0,49,경상,50.0,50.0
7635,2020050300100343,19,일요일,평택제천국도,경기도,경상사고,0,0,4,0,차대차 - 측면충돌,차로위반,포장 - 건조,맑음,단일로 - 기타,승용,0,26,상해없음,승용,1,31,경상,20.0,20.0
7636,2020050600100230,12,수요일,평택제천국도,충청북도,경상사고,0,0,2,0,차대차 - 기타,안전운전불이행,포장 - 건조,맑음,단일로 - 기타,특수,0,44,상해없음,승용,1,54,경상,40.0,40.0
7637,2020050900100265,13,토요일,평택제천국도,경기도,경상사고,0,0,7,0,차대차 - 추돌,안전운전불이행,포장 - 젖음/습기,비,단일로 - 기타,승용,0,36,경상,승용,0,51,경상,30.0,30.0
7638,2020050900100369,16,토요일,평택제천국도,경기도,중상사고,0,3,6,0,차대차 - 추돌,안전운전불이행,포장 - 건조,흐림,단일로 - 기타,화물,0,48,상해없음,화물,0,41,중상,40.0,40.0
7639,2020051300100065,6,수요일,평택제천국도,경기도,경상사고,0,0,1,0,차대차 - 추돌,안전운전불이행,포장 - 건조,맑음,단일로 - 기타,승용,1,30,상해없음,화물,0,50,경상,20.0,20.0
7640,2020052200100267,13,금요일,평택제천국도,경기도,경상사고,0,0,1,0,차대차 - 측면충돌,안전거리미확보,포장 - 건조,맑음,기타 - 기타,화물,0,47,상해없음,승용,1,54,경상,40.0,40.0
7641,2020052300100435,17,토요일,평택제천국도,경기도,중상사고,0,1,0,0,차량단독 - 기타,안전운전불이행,포장 - 건조,맑음,단일로 - 기타,승용,1,40,중상,기타불명,2,0,기타불명,30.0,30.0
7642,2020060200100592,22,화요일,평택제천국도,경기도,중상사고,0,1,1,0,차대차 - 추돌,안전운전불이행,포장 - 젖음/습기,비,단일로 - 기타,승용,0,43,상해없음,승용,0,49,상해없음,40.0,40.0
7643,2020060300100131,9,수요일,평택제천국도,경기도,경상사고,0,0,1,0,차대차 - 기타,안전거리미확보,포장 - 건조,맑음,기타 - 기타,승용,1,22,상해없음,화물,0,39,경상,20.0,20.0
7644,2020060500100517,18,금요일,평택제천국도,경기도,중상사고,0,1,9,0,차대차 - 추돌,안전운전불이행,포장 - 건조,맑음,단일로 - 기타,승용,0,31,경상,승용,0,35,경상,,
7645,2020060600100464,18,토요일,평택제천국도,충청북도,부상신고사고,0,0,0,1,차대차 - 추돌,안전운전불이행,포장 - 건조,맑음,단일로 - 터널,승용,2,0,기타불명,승용,0,36,부상신고,20.0,20.0
7646,2020060700100260,14,일요일,평택제천국도,충청북도,경상사고,0,0,6,0,차대차 - 추돌,안전운전불이행,포장 - 건조,맑음,단일로 - 기타,승용,0,31,경상,승용,0,33,경상,,
7647,2020060900100436,16,화요일,평택제천국도,충청북도,중상사고,0,2,0,0,차대차 - 추돌,안전운전불이행,포장 - 건조,맑음,단일로 - 기타,화물,0,46,중상,화물,0,59,중상,40.0,40.0
7648,2020061000100660,21,수요일,평택제천국도,경기도,중상사고,0,2,0,1,차량단독 - 기타,안전운전불이행,포장 - 젖음/습기,비,단일로 - 기타,특수,0,44,부상신고,기타불명,2,0,기타불명,40.0,40.0
7649,2020061000100719,22,수요일,평택제천국도,경기도,경상사고,0,0,1,0,차대차 - 측면충돌,안전운전불이행,포장 - 젖음/습기,비,단일로 - 기타,승용,0,43,상해없음,화물,0,51,경상,40.0,40.0
7650,2020061200100068,7,금요일,평택제천국도,경기도,경상사고,0,0,1,0,차대차 - 측면충돌,안전운전불이행,포장 - 건조,맑음,단일로 - 기타,승용,0,34,상해없음,화물,0,47,경상,30.0,30.0
7651,2020061200100222,11,금요일,평택제천국도,경기도,경상사고,0,0,2,0,차대차 - 기타,기타,포장 - 건조,흐림,단일로 - 기타,화물,0,67,상해없음,승용,0,64,경상,60.0,60.0
7652,2020061800100244,11,목요일,평택제천국도,경기도,경상사고,0,0,2,0,차대차 - 측면충돌,안전거리미확보,포장 - 건조,맑음,단일로 - 기타,승용,0,65,상해없음,승용,0,52,경상,60.0,60.0
7653,2020061900100436,16,금요일,평택제천국도,충청북도,부상신고사고,0,0,0,1,차대차 - 추돌,안전운전불이행,포장 - 건조,맑음,단일로 - 지하차도(도로)내,특수,0,45,부상신고,화물,0,60,상해없음,40.0,40.0
7654,2020062600100015,0,금요일,평택제천국도,경기도,부상신고사고,0,0,0,1,차대차 - 추돌,안전운전불이행,포장 - 젖음/습기,비,단일로 - 기타,승용,0,50,상해없음,승용,0,49,부상신고,40.0,40.0
7655,2020062600100568,19,금요일,평택제천국도,경기도,경상사고,0,0,2,0,차대차 - 추돌,안전운전불이행,포장 - 건조,맑음,단일로 - 기타,화물,0,67,경상,승용,0,40,상해없음,60.0,60.0
7656,2020062800100024,1,일요일,평택제천국도,경기도,경상사고,0,0,1,0,차량단독 - 기타,안전운전불이행,포장 - 건조,맑음,단일로 - 기타,승용,0,33,경상,기타불명,2,0,기타불명,30.0,30.0
7657,2020070300100090,7,금요일,평택제천국도,경기도,중상사고,0,1,0,0,차대차 - 추돌,안전운전불이행,포장 - 건조,맑음,단일로 - 기타,승용,0,48,상해없음,승용,1,45,중상,40.0,40.0
7658,2020071000100533,19,금요일,평택제천국도,경기도,중상사고,0,1,2,0,차대차 - 기타,안전운전불이행,포장 - 건조,맑음,단일로 - 기타,승용,0,37,상해없음,화물,0,61,경상,30.0,30.0
7659,2020071300100503,20,월요일,평택제천국도,경기도,경상사고,0,0,1,1,차대차 - 기타,안전거리미확보,포장 - 젖음/습기,비,단일로 - 기타,승용,0,28,부상신고,화물,0,53,경상,20.0,20.0
7660,2020072300100646,22,목요일,평택제천국도,충청북도,경상사고,0,0,1,0,차대차 - 추돌,안전운전불이행,포장 - 젖음/습기,비,단일로 - 교량,승용,0,46,기타불명,승용,0,57,경상,40.0,40.0
7661,2020080100100409,17,토요일,평택제천국도,경기도,경상사고,0,0,1,0,차대차 - 추돌,안전운전불이행,포장 - 건조,맑음,단일로 - 기타,승용,0,54,상해없음,승용,0,41,경상,50.0,50.0
7662,2020081100100230,11,화요일,평택제천국도,경기도,경상사고,0,0,3,0,차대차 - 측면충돌,안전거리미확보,포장 - 건조,맑음,기타 - 기타,화물,0,61,상해없음,승용,1,38,경상,,
7663,2020081300100283,14,목요일,평택제천국도,경기도,경상사고,0,0,1,0,차대차 - 추돌,안전운전불이행,포장 - 건조,맑음,단일로 - 기타,화물,0,28,상해없음,화물,0,49,경상,20.0,20.0
7664,2020081400100220,11,금요일,평택제천국도,충청북도,중상사고,0,1,0,1,차대차 - 추돌,안전운전불이행,포장 - 건조,맑음,단일로 - 터널,승용,0,68,부상신고,승용,1,59,중상,60.0,60.0
7665,2020082100100400,17,금요일,평택제천국도,충청북도,경상사고,0,0,2,0,차대차 - 추돌,안전운전불이행,포장 - 건조,맑음,단일로 - 터널,승합,0,64,상해없음,승용,0,48,경상,60.0,60.0
7666,2020082200100040,2,토요일,평택제천국도,경기도,중상사고,0,1,0,0,차대차 - 추돌,안전운전불이행,포장 - 건조,맑음,단일로 - 기타,승용,0,48,상해없음,화물,0,61,중상,40.0,40.0
7667,2020082300100209,14,일요일,평택제천국도,경기도,경상사고,0,0,6,0,차대차 - 기타,안전거리미확보,포장 - 건조,맑음,단일로 - 기타,승용,0,70,상해없음,승용,0,34,경상,60.0,60.0
7668,2020082500100145,9,화요일,평택제천국도,경기도,경상사고,0,0,2,0,차대차 - 추돌,안전운전불이행,포장 - 건조,맑음,단일로 - 기타,특수,0,60,상해없음,승용,0,47,경상,50.0,50.0
7669,2020090300100248,14,목요일,평택제천국도,충청북도,경상사고,0,0,1,0,차대차 - 추돌,안전운전불이행,포장 - 건조,맑음,단일로 - 기타,화물,0,40,상해없음,화물,0,52,경상,30.0,30.0
7670,2020091000100536,21,목요일,평택제천국도,경기도,중상사고,0,1,0,0,차대차 - 추돌,안전거리미확보,포장 - 건조,맑음,단일로 - 기타,화물,0,60,상해없음,화물,0,32,중상,50.0,50.0
7671,2020091200100193,11,토요일,평택제천국도,경기도,경상사고,0,0,2,0,차대차 - 추돌,안전운전불이행,포장 - 젖음/습기,흐림,단일로 - 기타,승용,0,58,상해없음,승용,0,35,경상,50.0,50.0
7672,2020091500100180,11,화요일,평택제천국도,경기도,경상사고,0,0,2,0,차대차 - 추돌,안전운전불이행,포장 - 건조,맑음,단일로 - 기타,화물,0,47,상해없음,화물,0,62,경상,40.0,40.0
7673,2020091600100337,16,수요일,평택제천국도,경기도,경상사고,0,0,1,0,차대차 - 추돌,안전거리미확보,포장 - 건조,맑음,단일로 - 기타,화물,0,45,상해없음,승용,0,57,경상,40.0,40.0
7674,2020091800100524,18,금요일,평택제천국도,경기도,경상사고,0,0,1,0,차대차 - 측면충돌,안전거리미확보,포장 - 건조,맑음,단일로 - 기타,화물,0,53,상해없음,승용,0,24,경상,50.0,50.0
7675,2020091800100723,23,금요일,평택제천국도,경기도,경상사고,0,0,2,0,차대차 - 기타,안전거리미확보,포장 - 건조,맑음,단일로 - 기타,승용,0,21,상해없음,승용,0,55,경상,20.0,20.0
7676,2020091900100467,16,토요일,평택제천국도,경기도,중상사고,0,1,0,0,차대차 - 측면충돌,안전운전불이행,포장 - 건조,맑음,단일로 - 기타,승용,1,45,상해없음,화물,0,44,중상,40.0,40.0
7677,2020092300100101,8,수요일,평택제천국도,경기도,경상사고,0,0,1,0,차량단독 - 기타,안전운전불이행,포장 - 건조,맑음,단일로 - 기타,승합,0,37,상해없음,기타불명,2,0,기타불명,30.0,30.0
7678,2020092900100316,13,화요일,평택제천국도,경기도,중상사고,0,2,0,0,차대차 - 기타,안전운전불이행,포장 - 건조,맑음,단일로 - 터널,승용,0,69,상해없음,승용,1,44,중상,60.0,60.0
7679,2020093000100149,10,수요일,평택제천국도,경기도,중상사고,0,2,0,0,차대차 - 추돌,안전운전불이행,포장 - 건조,맑음,단일로 - 기타,승용,0,56,상해없음,승용,0,73,중상,50.0,50.0
7680,2020100200100268,18,금요일,평택제천국도,경기도,경상사고,0,0,3,0,차대차 - 측면충돌,안전거리미확보,포장 - 건조,맑음,기타 - 기타,승합,0,54,상해없음,승용,0,24,경상,50.0,50.0
7681,2020100200100312,19,금요일,평택제천국도,경기도,경상사고,0,0,1,0,차량단독 - 기타,기타,포장 - 건조,맑음,단일로 - 기타,승용,0,45,상해없음,기타불명,2,0,기타불명,40.0,40.0
7682,2020100800100551,18,목요일,평택제천국도,경기도,부상신고사고,0,0,0,1,차대차 - 기타,안전거리미확보,포장 - 건조,맑음,단일로 - 기타,기타불명,2,0,기타불명,승용,0,49,상해없음,20.0,20.0
7683,2020101000100464,18,토요일,평택제천국도,충청북도,경상사고,0,0,3,0,차대차 - 추돌,안전운전불이행,포장 - 건조,맑음,단일로 - 지하차도(도로)내,승용,2,0,기타불명,승용,0,39,경상,20.0,20.0
7684,2020101700100140,9,토요일,평택제천국도,경기도,중상사고,0,3,6,0,차대차 - 추돌,안전운전불이행,포장 - 건조,맑음,단일로 - 기타,승용,1,56,중상,승용,0,48,경상,50.0,50.0
7685,2020102000100433,16,화요일,평택제천국도,경기도,중상사고,0,3,6,1,차대차 - 추돌,안전운전불이행,포장 - 건조,맑음,단일로 - 기타,건설기계,0,55,부상신고,화물,0,55,중상,50.0,50.0
7686,2020102700100252,12,화요일,평택제천국도,경기도,경상사고,0,0,2,0,차대차 - 추돌,안전운전불이행,포장 - 건조,맑음,단일로 - 기타,화물,0,53,상해없음,화물,0,37,경상,50.0,50.0
7687,2020110700100246,12,토요일,평택제천국도,경기도,경상사고,0,0,2,0,차대차 - 기타,안전운전불이행,포장 - 건조,맑음,단일로 - 기타,승용,1,29,상해없음,승용,0,36,경상,20.0,20.0
7688,2020111000100075,7,화요일,평택제천국도,경기도,중상사고,0,3,1,1,차대차 - 기타,안전운전불이행,포장 - 건조,맑음,단일로 - 기타,화물,0,58,부상신고,승용,0,36,중상,50.0,50.0
7689,2020121000100029,6,목요일,평택제천국도,충청북도,중상사고,0,1,0,0,차대차 - 기타,안전운전불이행,포장 - 건조,맑음,단일로 - 터널,화물,0,52,중상,특수,0,57,상해없음,50.0,50.0
7690,2020121200100466,21,토요일,평택제천국도,충청북도,부상신고사고,0,0,0,2,차대차 - 추돌,안전운전불이행,포장 - 건조,맑음,단일로 - 기타,승용,1,31,부상신고,화물,0,55,부상신고,,
7691,2020122200100138,10,화요일,평택제천국도,경기도,경상사고,0,0,1,0,차대차 - 추돌,안전운전불이행,포장 - 건조,맑음,기타 - 기타,화물,0,52,상해없음,승용,0,76,경상,50.0,50.0
7692,2020122400100569,20,목요일,평택제천국도,경기도,경상사고,0,0,1,0,차대차 - 측면충돌,안전거리미확보,포장 - 건조,맑음,단일로 - 기타,승용,0,64,상해없음,승용,0,29,경상,60.0,60.0
7693,2020123000100010,1,수요일,평택제천국도,충청북도,부상신고사고,0,0,0,2,차대차 - 추돌,안전운전불이행,포장 - 젖음/습기,눈,단일로 - 터널,화물,0,32,부상신고,승용,0,57,부상신고,30.0,30.0
7694,2021010500100253,16,화요일,평택시흥,경기도,중상사고,0,1,1,0,차대차 - 측면충돌,안전운전불이행,-,맑음,단일로 - 기타,승용,0,30,중상,승용,0,35,경상,20.0,20.0
7695,2021010700100099,9,목요일,평택시흥,경기도,경상사고,0,0,1,0,차대차 - 측면충돌,안전거리미확보,-,흐림,단일로 - 교량,화물,0,60,상해없음,승용,0,32,경상,50.0,50.0
7696,2021011100100009,5,월요일,평택시흥,경기도,경상사고,0,0,1,0,차대차 - 측면충돌,안전거리미확보,-,맑음,단일로 - 기타,건설기계,0,50,상해없음,승용,0,50,경상,40.0,40.0
7697,2021020300100326,16,수요일,평택시흥,경기도,경상사고,0,0,2,0,차대차 - 측면충돌,안전거리미확보,-,맑음,단일로 - 교량,화물,0,51,상해없음,승용,0,24,경상,,
7698,2021021300100158,15,토요일,평택시흥,경기도,중상사고,0,1,0,0,차대차 - 기타,신호위반,-,맑음,기타 - 기타,화물,0,59,상해없음,승용,0,32,중상,50.0,50.0
7699,2021022400100050,7,수요일,평택시흥,경기도,경상사고,0,0,1,0,차대차 - 기타,안전거리미확보,-,맑음,단일로 - 고가도로위,화물,0,52,상해없음,승용,1,33,경상,50.0,50.0
7700,2021022400100123,10,수요일,평택시흥,경기도,경상사고,0,0,1,0,차대차 - 추돌,안전운전불이행,-,맑음,단일로 - 기타,화물,0,42,기타불명,화물,0,30,경상,40.0,40.0
7701,2021022400100529,23,수요일,평택시흥,경기도,경상사고,0,0,1,0,차대차 - 측면충돌,안전거리미확보,-,맑음,단일로 - 교량,승용,0,74,상해없음,화물,0,59,경상,70.0,70.0
7702,2021022600100212,12,금요일,평택시흥,경기도,중상사고,0,1,0,0,차대사람 - 기타,안전운전불이행,-,맑음,단일로 - 기타,승합,0,32,상해없음,보행자,0,29,중상,30.0,30.0
7703,2021022700100113,10,토요일,평택시흥,경기도,경상사고,0,0,4,0,차대차 - 추돌,안전운전불이행,-,맑음,단일로 - 기타,화물,0,50,상해없음,승합,0,69,경상,40.0,40.0
7704,2021030300100194,11,수요일,평택시흥,경기도,경상사고,0,0,2,0,차대차 - 추돌,안전거리미확보,-,맑음,기타 - 기타,화물,0,58,경상,화물,0,49,경상,50.0,50.0
7705,2021031200100485,19,금요일,평택시흥,경기도,중상사고,0,1,0,0,차대차 - 추돌,안전운전불이행,-,맑음,기타 - 기타,화물,0,69,상해없음,승용,0,66,중상,60.0,60.0
7706,2021031300100011,0,토요일,평택시흥,경기도,경상사고,0,0,2,0,차대차 - 측면충돌,차로위반,-,맑음,단일로 - 기타,화물,0,43,상해없음,승용,0,33,경상,40.0,40.0
7707,2021031500100097,8,월요일,평택시흥,경기도,경상사고,0,0,1,0,차대차 - 측면충돌,안전운전불이행,-,맑음,기타 - 기타,승합,0,66,상해없음,승용,1,40,경상,60.0,60.0
7708,2021031900100223,12,금요일,평택시흥,경기도,경상사고,0,0,1,0,차대차 - 측면충돌,안전운전불이행,-,맑음,단일로 - 기타,화물,0,47,상해없음,화물,0,37,경상,40.0,40.0
7709,2021032000100133,11,토요일,평택시흥,경기도,경상사고,0,0,2,0,차대차 - 정면충돌,안전운전불이행,-,비,기타 - 기타,승용,0,52,상해없음,승용,1,24,경상,50.0,50.0
7710,2021032500100309,14,목요일,평택시흥,경기도,중상사고,0,2,3,0,차대차 - 추돌,안전운전불이행,-,맑음,단일로 - 교량,화물,0,82,상해없음,승용,0,76,중상,70.0,70.0
7711,2021033000100614,22,화요일,평택시흥,경기도,경상사고,0,0,1,0,차대차 - 측면충돌,안전운전불이행,-,맑음,단일로 - 기타,기타불명,2,0,기타불명,승용,0,51,경상,20.0,20.0
7712,2021040600100541,21,화요일,평택시흥,경기도,사망사고,1,1,0,0,차대차 - 추돌,안전운전불이행,-,맑음,단일로 - 기타,특수,0,52,중상,승용,0,39,사망,50.0,50.0
7713,2021041700100504,19,토요일,평택시흥,경기도,경상사고,0,0,1,0,차대차 - 기타,안전운전불이행,-,맑음,단일로 - 기타,승용,1,66,상해없음,승용,0,29,경상,60.0,60.0
7714,2021042500100008,0,일요일,평택시흥,경기도,경상사고,0,0,1,0,차대차 - 기타,안전운전불이행,-,맑음,단일로 - 기타,승용,0,38,경상,승용,0,35,상해없음,30.0,30.0
7715,2021042700100351,16,화요일,평택시흥,경기도,경상사고,0,0,1,0,차대차 - 추돌,안전운전불이행,-,맑음,기타 - 기타,승용,0,30,상해없음,승용,0,61,경상,20.0,20.0
7716,2021043000100671,22,금요일,평택시흥,경기도,경상사고,0,0,1,0,차대차 - 후진중충돌,기타,-,맑음,단일로 - 교량,승용,0,42,상해없음,화물,0,34,경상,40.0,40.0
7717,2021051700100047,6,월요일,평택시흥,경기도,경상사고,0,0,1,0,차대차 - 측면충돌,안전거리미확보,-,맑음,단일로 - 교량,화물,0,54,상해없음,승용,0,45,경상,50.0,50.0
7718,2021051800100498,19,화요일,평택시흥,경기도,경상사고,0,0,1,4,차대차 - 측면충돌,안전거리미확보,-,맑음,단일로 - 교량,승용,1,23,상해없음,승합,1,44,경상,20.0,20.0
7719,2021052400100021,5,월요일,평택시흥,경기도,경상사고,0,0,1,0,차대차 - 측면충돌,안전운전불이행,-,맑음,단일로 - 기타,화물,0,61,상해없음,승용,0,63,경상,,
7720,2021052700100135,9,목요일,평택시흥,경기도,경상사고,0,0,1,0,차대차 - 기타,신호위반,-,맑음,단일로 - 교량,승용,0,61,상해없음,화물,0,40,경상,,
7721,2021061100100111,8,금요일,평택시흥,경기도,경상사고,0,0,1,0,차대차 - 추돌,안전운전불이행,-,흐림,단일로 - 교량,승용,0,36,상해없음,화물,0,39,경상,30.0,30.0
7722,2021062400100584,20,목요일,평택시흥,경기도,경상사고,0,0,2,0,차대차 - 측면충돌,안전운전불이행,-,맑음,단일로 - 기타,승용,0,24,상해없음,승용,0,24,경상,20.0,20.0
7723,2021062700100065,5,일요일,평택시흥,경기도,중상사고,0,2,1,0,차량단독 - 공작물충돌,안전운전불이행,-,맑음,단일로 - 기타,화물,0,65,상해없음,기타불명,2,0,기타불명,60.0,60.0
7724,2021070100100128,9,목요일,평택시흥,경기도,중상사고,0,1,0,0,차대차 - 기타,안전운전불이행,-,맑음,단일로 - 기타,화물,0,56,상해없음,승용,0,47,중상,50.0,50.0
7725,2021071600100437,17,금요일,평택시흥,경기도,경상사고,0,0,1,0,차대차 - 추돌,안전운전불이행,-,맑음,단일로 - 교량,화물,0,67,상해없음,승용,0,59,경상,60.0,60.0
7726,2021072200100174,10,목요일,평택시흥,경기도,경상사고,0,0,1,0,차대차 - 측면충돌,안전거리미확보,-,맑음,단일로 - 기타,화물,0,74,상해없음,승용,1,62,경상,70.0,70.0
7727,2021080400100055,7,수요일,평택시흥,경기도,경상사고,0,0,1,0,차대차 - 측면충돌,안전거리미확보,-,맑음,기타 - 기타,건설기계,0,42,상해없음,승용,0,35,경상,40.0,40.0
7728,2021080600100037,6,금요일,평택시흥,경기도,경상사고,0,0,1,0,차대차 - 측면충돌,차로위반,-,맑음,단일로 - 기타,특수,0,44,상해없음,승용,0,30,경상,40.0,40.0
7729,2021080600100184,11,금요일,평택시흥,경기도,경상사고,0,0,1,0,차대차 - 추돌,안전운전불이행,-,맑음,단일로 - 기타,승용,0,23,상해없음,승용,0,25,경상,20.0,20.0
7730,2021080800100025,1,일요일,평택시흥,경기도,경상사고,0,0,4,0,차대차 - 기타,안전운전불이행,-,맑음,단일로 - 교량,기타불명,2,0,기타불명,승용,0,50,경상,20.0,20.0
7731,2021080800100032,3,일요일,평택시흥,경기도,경상사고,0,0,2,0,차대차 - 추돌,안전운전불이행,-,맑음,단일로 - 교량,승용,0,30,상해없음,특수,0,52,경상,20.0,20.0
7732,2021081200100191,11,목요일,평택시흥,경기도,경상사고,0,0,1,0,차대차 - 측면충돌,안전거리미확보,-,맑음,단일로 - 교량,화물,0,34,상해없음,승용,0,52,경상,30.0,30.0
7733,2021082100100309,16,토요일,평택시흥,경기도,경상사고,0,0,1,0,차대차 - 기타,기타,-,맑음,단일로 - 기타,기타불명,2,0,기타불명,화물,0,57,상해없음,20.0,20.0
7734,2021082900100278,17,일요일,평택시흥,경기도,경상사고,0,0,1,0,차대차 - 측면충돌,안전거리미확보,-,맑음,단일로 - 교량,승용,0,36,상해없음,승용,0,46,경상,30.0,30.0
7735,2021083000100384,17,월요일,평택시흥,경기도,경상사고,0,0,1,0,차대차 - 추돌,신호위반,-,흐림,단일로 - 교량,화물,0,43,상해없음,승용,0,24,경상,40.0,40.0
7736,2021091500100276,12,수요일,평택시흥,경기도,경상사고,0,0,3,0,차대차 - 기타,안전운전불이행,-,맑음,단일로 - 기타,승용,1,21,상해없음,승용,0,53,경상,20.0,20.0
7737,2021091500100702,21,수요일,평택시흥,경기도,부상신고사고,0,0,0,1,차대차 - 측면충돌,안전운전불이행,-,맑음,단일로 - 기타,승용,0,44,상해없음,화물,0,52,부상신고,40.0,40.0
7738,2021091700100425,15,금요일,평택시흥,경기도,경상사고,0,0,1,0,차대차 - 추돌,안전운전불이행,-,맑음,단일로 - 기타,승용,0,56,상해없음,승용,0,34,경상,50.0,50.0
7739,2021092300100165,10,목요일,평택시흥,경기도,경상사고,0,0,3,0,차대차 - 측면충돌,안전거리미확보,-,맑음,단일로 - 기타,승용,0,61,경상,화물,0,57,경상,,
7740,2021092500100224,14,토요일,평택시흥,경기도,경상사고,0,0,1,0,차대차 - 추돌,안전거리미확보,-,맑음,단일로 - 교량,승용,0,51,상해없음,승용,0,37,경상,,
7741,2021092700100058,7,월요일,평택시흥,경기도,경상사고,0,0,1,0,차대차 - 기타,안전운전불이행,-,맑음,기타 - 기타,승용,0,59,상해없음,승용,0,62,경상,50.0,50.0
7742,2021100200100486,18,토요일,평택시흥,경기도,경상사고,0,0,3,0,차대차 - 기타,안전운전불이행,-,맑음,기타 - 기타,승용,0,29,상해없음,승용,0,32,경상,20.0,20.0
7743,2021100400100488,22,월요일,평택시흥,경기도,경상사고,0,0,2,0,차대차 - 추돌,안전운전불이행,-,맑음,단일로 - 기타,승용,0,29,상해없음,승용,0,61,경상,20.0,20.0
7744,2021100800100238,12,금요일,평택시흥,경기도,경상사고,0,0,1,0,차대차 - 추돌,안전운전불이행,-,맑음,단일로 - 기타,화물,0,41,상해없음,승용,1,25,경상,,
7745,2021101100100444,19,월요일,평택시흥,경기도,중상사고,0,2,0,0,차대차 - 추돌,안전운전불이행,-,맑음,단일로 - 교량,승용,0,56,상해없음,승용,1,57,중상,50.0,50.0
7746,2021101700100293,17,일요일,평택시흥,경기도,경상사고,0,0,1,0,차대차 - 추돌,안전운전불이행,-,맑음,단일로 - 기타,승용,0,31,상해없음,승용,0,60,경상,,