,사고번호,사고일시,요일,도로종류,시군구,사고내용,사망자수,중상자수,경상자수,부상신고자수,사고유형,법규위반,노면상태,기상상태,도로형태,가해운전자 차종,가해운전자 성별,가해운전자 연령,가해운전자 상해정도,피해운전자 차종,피해운전자 성별,피해운전자 연령,피해운전자 상해정도,연령대,가해연령대
7875,2019080400100035,0,일요일,통영대전,전라북도,경상사고,0,0,2,0,차대차 - 추돌,안전운전불이행,포장 - 건조,맑음,단일로 - 기타,승용,0,41,상해없음,승용,0,49,경상,,
7876,2019080500100325,13,월요일,통영대전,충청남도,경상사고,0,0,1,0,차대차 - 추돌,안전운전불이행,포장 - 건조,맑음,단일로 - 기타,승용,0,46,상해없음,승용,0,32,상해없음,40.0,40.0
7877,2019091300100335,17,금요일,통영대전,충청남도,중상사고,0,1,8,0,차대차 - 추돌,안전운전불이행,포장 - 건조,맑음,단일로 - 기타,승용,1,35,경상,승용,0,62,상해없음,30.0,30.0
7878,2019092000100321,12,금요일,통영대전,경상남도,경상사고,0,0,1,0,차대차 - 기타,안전거리미확보,포장 - 건조,맑음,단일로 - 기타,승용,1,53,상해없음,화물,0,34,상해없음,50.0,50.0
7879,2019092200100369,18,일요일,통영대전,경상남도,경상사고,0,0,1,2,차대차 - 기타,안전운전불이행,포장 - 젖음/습기,비,단일로 - 기타,승용,0,41,상해없음,승합,0,47,상해없음,,
7880,2019102100100323,12,월요일,통영대전,경상남도,경상사고,0,0,1,0,차대차 - 측면충돌,안전운전불이행,포장 - 건조,맑음,단일로 - 터널,승용,0,34,상해없음,화물,0,42,경상,30.0,30.0
7881,2019111300100599,19,수요일,통영대전,경상남도,경상사고,0,0,1,0,차대사람 - 기타,안전운전불이행,포장 - 건조,맑음,단일로 - 기타,기타불명,2,0,기타불명,보행자,0,58,경상,20.0,20.0
7882,2019111400100055,3,목요일,통영대전,경상남도,중상사고,0,2,1,0,차대차 - 추돌,안전운전불이행,포장 - 건조,맑음,단일로 - 기타,승합,0,50,상해없음,화물,0,57,중상,40.0,40.0
7883,2019111600100107,6,토요일,통영대전,경상남도,중상사고,0,1,1,0,차량단독 - 기타,안전운전불이행,포장 - 건조,맑음,단일로 - 기타,승용,0,37,경상,기타불명,2,0,기타불명,30.0,30.0
7884,2019112200100394,14,금요일,통영대전,경상남도,경상사고,0,0,2,0,차대차 - 추돌,안전운전불이행,포장 - 건조,맑음,기타 - 기타,승용,1,22,상해없음,승용,0,41,경상,20.0,20.0
7885,2019121000100348,14,화요일,통영대전,대전광역시,사망사고,1,0,1,0,차대차 - 측면충돌,안전운전불이행,포장 - 건조,맑음,단일로 - 기타,승용,0,37,상해없음,승용,1,59,경상,30.0,30.0
7886,2019121100100206,10,수요일,통영대전,전라북도,중상사고,0,1,0,0,차대차 - 추돌,안전운전불이행,포장 - 건조,맑음,기타 - 기타,특수,0,39,상해없음,화물,0,34,중상,30.0,30.0
7887,2019122500100149,11,수요일,통영대전,경상남도,경상사고,0,0,2,0,차대차 - 추돌,안전운전불이행,포장 - 건조,맑음,단일로 - 기타,승용,0,43,상해없음,승용,1,48,경상,40.0,40.0
7888,2019122900100240,16,일요일,통영대전,경상남도,경상사고,0,0,1,0,차대차 - 측면충돌,차로위반,포장 - 젖음/습기,비,기타 - 기타,승용,0,40,상해없음,승용,1,40,경상,30.0,30.0
7889,2020010600100040,6,월요일,통영대전,경상남도,중상사고,0,2,4,0,차대차 - 기타,안전운전불이행,포장 - 서리/결빙,흐림,단일로 - 기타,승용,0,26,경상,승용,1,37,중상,20.0,20.0
7890,2020012800100313,15,화요일,통영대전,경상남도,경상사고,0,0,6,0,차대차 - 측면충돌,차로위반,포장 - 건조,맑음,단일로 - 기타,승용,1,45,상해없음,승용,0,44,경상,40.0,40.0
7891,2020012900100287,15,수요일,통영대전,전라북도,중상사고,0,4,2,0,차대차 - 기타,안전운전불이행,포장 - 적설,눈,단일로 - 기타,승용,0,64,상해없음,승용,0,36,중상,60.0,60.0
7892,2020021000100440,17,월요일,통영대전,전라북도,경상사고,0,0,3,0,차대차 - 추돌,안전거리미확보,포장 - 건조,맑음,단일로 - 터널,승용,0,25,상해없음,화물,0,58,경상,20.0,20.0
7893,2020021400100565,20,금요일,통영대전,경상남도,중상사고,0,1,1,0,차대차 - 추돌,안전운전불이행,포장 - 건조,맑음,단일로 - 기타,화물,0,33,상해없음,화물,0,59,경상,30.0,30.0
7894,2020021700100143,9,월요일,통영대전,전라북도,중상사고,0,1,0,0,차대차 - 기타,안전운전불이행,포장 - 서리/결빙,눈,단일로 - 터널,승용,0,54,상해없음,승용,0,40,기타불명,50.0,50.0
7895,2020022800100444,22,금요일,통영대전,경상남도,경상사고,0,0,2,0,차대차 - 추돌,안전거리미확보,포장 - 건조,맑음,단일로 - 기타,승용,0,77,기타불명,화물,0,45,경상,70.0,70.0
7896,2020032800100296,15,토요일,통영대전,경상남도,중상사고,0,1,0,0,차량단독 - 공작물충돌,안전운전불이행,포장 - 건조,맑음,단일로 - 기타,승용,1,63,중상,기타불명,2,0,기타불명,60.0,60.0
7897,2020032900100349,21,일요일,통영대전,전라북도,경상사고,0,0,2,0,차대차 - 기타,안전거리미확보,포장 - 건조,맑음,단일로 - 지하차도(도로)내,기타불명,2,0,기타불명,승용,0,33,경상,20.0,20.0
7898,2020033100100472,20,화요일,통영대전,충청남도,사망사고,1,0,0,0,차대사람 - 횡단중,안전운전불이행,포장 - 건조,맑음,단일로 - 기타,승용,0,41,상해없음,보행자,0,80,사망,,
7899,2020041700100510,22,금요일,통영대전,경상남도,중상사고,0,1,2,0,차대차 - 추돌,안전운전불이행,포장 - 젖음/습기,기타,기타 - 기타,승용,0,27,경상,화물,0,59,경상,20.0,20.0
7900,2020042500100369,16,토요일,통영대전,전라북도,중상사고,0,1,0,0,차대차 - 측면충돌,안전운전불이행,포장 - 건조,맑음,단일로 - 지하차도(도로)내,승용,0,34,상해없음,승용,1,41,중상,30.0,30.0
7901,2020051200100575,22,화요일,통영대전,전라북도,경상사고,0,0,1,0,차대차 - 기타,안전운전불이행,포장 - 건조,맑음,단일로 - 기타,화물,0,54,상해없음,화물,0,65,경상,50.0,50.0
7902,2020051600100353,16,토요일,통영대전,경상남도,부상신고사고,0,0,0,1,차량단독 - 공작물충돌,안전운전불이행,포장 - 건조,맑음,단일로 - 기타,승용,0,29,부상신고,기타불명,2,0,기타불명,20.0,20.0
7903,2020052000100444,16,수요일,통영대전,경상남도,경상사고,0,0,1,0,차대차 - 기타,신호위반,포장 - 건조,맑음,단일로 - 교량,화물,0,54,상해없음,승용,1,30,경상,50.0,50.0
7904,2020060100100142,9,월요일,통영대전,경상남도,중상사고,0,1,0,0,차대사람 - 기타,안전운전불이행,포장 - 건조,맑음,단일로 - 기타,승용,0,82,상해없음,보행자,0,35,중상,70.0,70.0
7905,2020062200100378,14,월요일,통영대전,전라북도,경상사고,0,0,1,0,차량단독 - 기타,안전운전불이행,포장 - 건조,맑음,단일로 - 기타,승용,1,31,상해없음,기타불명,2,0,기타불명,,
7906,2020071200100314,17,일요일,통영대전,경상남도,경상사고,0,0,2,0,차대차 - 기타,안전운전불이행,포장 - 젖음/습기,비,단일로 - 기타,승합,0,75,상해없음,승용,0,33,경상,70.0,70.0
7907,2020072300100607,21,목요일,통영대전,경상남도,경상사고,0,0,1,3,차대차 - 추돌,안전운전불이행,포장 - 젖음/습기,비,단일로 - 기타,승합,0,51,상해없음,승합,0,48,상해없음,,
7908,2020072600100017,0,일요일,통영대전,경상남도,중상사고,0,1,0,0,차대차 - 정면충돌,기타,포장 - 건조,맑음,단일로 - 기타,원동기,0,59,중상,승용,1,26,상해없음,50.0,50.0
7909,2020073100100246,13,금요일,통영대전,대전광역시,경상사고,0,0,1,0,차대차 - 측면충돌,안전운전불이행,포장 - 건조,맑음,단일로 - 기타,승용,1,41,상해없음,승용,0,55,경상,,
7910,2020080500100087,8,수요일,통영대전,전라북도,경상사고,0,0,1,0,차대차 - 측면충돌,차로위반,포장 - 건조,맑음,단일로 - 지하차도(도로)내,특수,0,70,상해없음,승용,0,30,경상,60.0,60.0
7911,2020080500100268,14,수요일,통영대전,경상남도,사망사고,1,0,0,0,차대사람 - 기타,안전운전불이행,포장 - 젖음/습기,비,단일로 - 기타,승용,0,42,상해없음,보행자,0,73,사망,40.0,40.0
7912,2020080700100330,15,금요일,통영대전,전라북도,중상사고,0,2,0,0,차량단독 - 전도전복 - 전도,안전운전불이행,포장 - 젖음/습기,비,단일로 - 기타,승용,0,51,상해없음,기타불명,2,0,기타불명,,
7913,2020082300100216,14,일요일,통영대전,전라북도,경상사고,0,0,1,0,차대차 - 측면충돌,안전운전불이행,포장 - 건조,맑음,단일로 - 지하차도(도로)내,승용,0,27,상해없음,승용,1,39,경상,20.0,20.0
7914,2020082400100149,9,월요일,통영대전,경상남도,사망사고,1,0,0,0,차대차 - 추돌,과속,포장 - 건조,맑음,단일로 - 기타,승용,0,32,사망,화물,0,54,상해없음,30.0,30.0
7915,2020090800100304,14,화요일,통영대전,충청남도,경상사고,0,0,1,0,차대차 - 기타,기타,포장 - 건조,맑음,기타 - 기타,화물,0,65,상해없음,승용,1,41,경상,60.0,60.0
7916,2020091700100354,16,목요일,통영대전,대전광역시,경상사고,0,0,2,0,차대차 - 측면충돌,안전운전불이행,포장 - 건조,흐림,단일로 - 기타,화물,0,44,상해없음,승용,1,60,경상,40.0,40.0
7917,2020100600100514,18,화요일,통영대전,경상남도,경상사고,0,0,1,0,차대차 - 기타,안전운전불이행,포장 - 건조,맑음,단일로 - 기타,화물,0,49,경상,승용,1,42,상해없음,40.0,40.0
7918,2020101000100056,5,토요일,통영대전,경상남도,경상사고,0,0,4,0,차대차 - 기타,안전운전불이행,포장 - 건조,맑음,주차장 - 주차장,화물,0,64,상해없음,승용,0,47,경상,60.0,60.0
7919,2020101300100617,21,화요일,통영대전,경상남도,중상사고,0,1,0,0,차대사람 - 기타,안전운전불이행,포장 - 건조,맑음,단일로 - 기타,화물,0,61,상해없음,보행자,0,44,중상,,
7920,2020101900100467,16,월요일,통영대전,충청남도,경상사고,0,0,1,0,차대차 - 추돌,안전운전불이행,포장 - 건조,맑음,단일로 - 기타,승합,2,0,기타불명,승용,0,45,경상,20.0,20.0
7921,2020102300100626,18,금요일,통영대전,대전광역시,경상사고,0,0,2,0,차대차 - 추돌,안전운전불이행,포장 - 건조,맑음,단일로 - 기타,승합,0,22,상해없음,화물,0,57,경상,20.0,20.0
7922,2020102300100627,18,금요일,통영대전,충청남도,중상사고,0,1,0,0,차대사람 - 기타,안전운전불이행,포장 - 건조,맑음,단일로 - 기타,화물,0,48,상해없음,보행자,0,54,중상,40.0,40.0
7923,2020102800100277,12,수요일,통영대전,경상남도,경상사고,0,0,1,0,차량단독 - 기타,안전운전불이행,포장 - 건조,맑음,단일로 - 기타,승용,0,46,상해없음,기타불명,2,0,기타불명,40.0,40.0
7924,2020102900100391,15,목요일,통영대전,대전광역시,경상사고,0,0,3,0,차대차 - 추돌,안전운전불이행,포장 - 건조,맑음,단일로 - 기타,승합,0,77,상해없음,승용,0,55,경상,70.0,70.0
7925,2020103100100673,22,토요일,통영대전,전라북도,경상사고,0,0,1,0,차대차 - 추돌,안전운전불이행,포장 - 건조,맑음,교차로 - 교차로부근,승용,0,35,상해없음,승용,1,60,경상,30.0,30.0
7926,2020110200100628,21,월요일,통영대전,전라북도,중상사고,0,3,0,0,차대차 - 추돌,안전운전불이행,포장 - 건조,맑음,단일로 - 기타,승용,0,21,상해없음,화물,0,59,중상,20.0,20.0
7927,2020111300100189,10,금요일,통영대전,전라북도,경상사고,0,0,1,0,차대차 - 측면충돌,안전운전불이행,포장 - 건조,맑음,단일로 - 지하차도(도로)내,승용,1,41,상해없음,화물,0,50,경상,,
7928,2020112200100111,9,일요일,통영대전,전라북도,사망사고,1,1,0,0,차대차 - 추돌,안전운전불이행,포장 - 젖음/습기,흐림,단일로 - 교량,승합,0,65,상해없음,승용,1,63,사망,60.0,60.0
7929,2020120200100053,7,수요일,통영대전,경상남도,중상사고,0,2,2,0,차대차 - 추돌,안전운전불이행,포장 - 건조,맑음,단일로 - 기타,화물,0,65,상해없음,승용,0,55,상해없음,60.0,60.0
7930,2020120900100020,5,수요일,통영대전,충청남도,사망사고,1,15,16,0,차대차 - 추돌,안전운전불이행,포장 - 건조,맑음,단일로 - 기타,승합,0,57,상해없음,화물,0,55,중상,50.0,50.0
7931,2020122300100250,13,수요일,통영대전,경상남도,경상사고,0,0,1,0,차대차 - 측면충돌,안전거리미확보,포장 - 건조,맑음,단일로 - 기타,승용,1,33,상해없음,화물,0,57,경상,30.0,30.0
7932,2021011300100160,11,수요일,통영대전,경상남도,경상사고,0,0,1,0,차대차 - 기타,안전운전불이행,-,맑음,단일로 - 기타,승용,0,43,상해없음,승용,0,44,경상,40.0,40.0
7933,2021012200100042,6,금요일,통영대전,전라북도,중상사고,0,1,0,0,차대차 - 추돌,안전운전불이행,-,안개,기타 - 기타,특수,0,62,상해없음,승용,0,41,중상,60.0,60.0
7934,2021012700100250,14,수요일,통영대전,경상남도,사망사고,1,0,0,0,차대차 - 추돌,안전운전불이행,-,맑음,단일로 - 터널,승용,0,45,사망,화물,0,63,상해없음,40.0,40.0
7935,2021021500100310,17,월요일,통영대전,대전광역시,경상사고,0,0,1,0,차대차 - 추돌,안전운전불이행,-,맑음,단일로 - 기타,승용,1,63,상해없음,승용,1,37,경상,60.0,60.0
7936,2021022200100541,21,월요일,통영대전,경상남도,경상사고,0,0,2,0,차대차 - 기타,안전거리미확보,-,맑음,단일로 - 기타,승용,0,61,상해없음,승합,0,59,경상,,
7937,2021031200100254,14,금요일,통영대전,경상남도,경상사고,0,0,2,0,차대차 - 기타,안전운전불이행,-,비,단일로 - 기타,승용,0,70,상해없음,승용,0,34,경상,60.0,60.0
7938,2021032600100030,5,금요일,통영대전,전라북도,중상사고,0,2,2,0,차대차 - 추돌,안전운전불이행,-,안개,기타 - 기타,특수,0,63,경상,화물,0,61,중상,60.0,60.0
7939,2021040100100237,12,목요일,통영대전,경상남도,중상사고,0,1,0,0,차량단독 - 공작물충돌,안전운전불이행,-,맑음,기타 - 기타,승용,0,56,상해없음,기타불명,2,0,기타불명,50.0,50.0
7940,2021040900100277,13,금요일,통영대전,경상남도,경상사고,0,0,2,0,차대차 - 측면충돌,안전운전불이행,-,맑음,단일로 - 기타,승용,0,43,상해없음,승용,0,63,경상,40.0,40.0
7941,2021041300100009,0,화요일,통영대전,경상남도,사망사고,1,2,2,0,차대차 - 추돌,안전운전불이행,-,비,기타 - 기타,화물,0,58,사망,화물,0,31,경상,50.0,50.0
7942,2021042400100362,16,토요일,통영대전,대전광역시,경상사고,0,0,1,0,차대차 - 측면충돌,신호위반,-,맑음,기타 - 기타,승용,0,46,상해없음,승용,0,42,상해없음,40.0,40.0
7943,2021050900100358,17,일요일,통영대전,경상남도,경상사고,0,0,4,0,차대차 - 기타,안전운전불이행,-,맑음,단일로 - 기타,승용,1,51,상해없음,승용,0,40,경상,,
7944,2021050900100386,18,일요일,통영대전,충청남도,중상사고,0,4,1,0,차대차 - 추돌,안전운전불이행,-,맑음,단일로 - 터널,승용,0,29,상해없음,승용,0,18,중상,20.0,20.0
7945,2021060100100134,9,화요일,통영대전,대전광역시,경상사고,0,0,1,0,차대차 - 측면충돌,차로위반,-,맑음,단일로 - 기타,특수,0,63,상해없음,승용,1,35,경상,60.0,60.0
7946,2021062100100023,3,월요일,통영대전,경상남도,중상사고,0,1,0,0,차대차 - 추돌,안전운전불이행,-,맑음,단일로 - 기타,특수,0,57,상해없음,특수,0,30,중상,50.0,50.0
7947,2021070400100280,16,일요일,통영대전,경상남도,경상사고,0,0,1,0,차대차 - 기타,차로위반,-,맑음,단일로 - 기타,승용,1,61,상해없음,승용,0,34,경상,,
7948,2021071600100201,11,금요일,통영대전,경상남도,경상사고,0,0,1,0,차대차 - 추돌,안전운전불이행,-,맑음,단일로 - 기타,승합,0,57,상해없음,특수,0,43,경상,50.0,50.0
7949,2021071600100276,13,금요일,통영대전,전라북도,중상사고,0,1,0,0,차량단독 - 기타,안전운전불이행,-,맑음,단일로 - 기타,화물,0,37,상해없음,기타불명,2,0,기타불명,30.0,30.0
7950,2021080200100532,21,월요일,통영대전,경상남도,중상사고,0,7,2,0,차대차 - 기타,안전운전불이행,-,맑음,단일로 - 기타,승용,1,28,상해없음,승용,0,45,경상,20.0,20.0
7951,2021080900100009,0,월요일,통영대전,경상남도,사망사고,1,0,1,0,차대차 - 추돌,안전운전불이행,-,맑음,단일로 - 기타,화물,0,56,상해없음,승용,1,66,경상,50.0,50.0
7952,2021080900100541,20,월요일,통영대전,경상남도,중상사고,0,1,1,0,차대차 - 기타,기타,-,맑음,단일로 - 기타,특수,0,48,상해없음,화물,0,55,상해없음,40.0,40.0
7953,2021081700100018,4,화요일,통영대전,경상남도,중상사고,0,1,0,0,차대차 - 기타,안전운전불이행,-,맑음,단일로 - 기타,기타불명,2,0,기타불명,승용,1,42,상해없음,20.0,20.0
7954,2021090300100219,13,금요일,통영대전,전라북도,사망사고,1,0,1,0,차대차 - 기타,안전운전불이행,-,맑음,단일로 - 기타,화물,0,51,경상,화물,0,56,사망,,
7955,2021090400100469,21,토요일,통영대전,경상남도,경상사고,0,0,1,0,차대차 - 추돌,안전운전불이행,-,맑음,단일로 - 기타,승용,1,47,상해없음,화물,0,53,경상,40.0,40.0
7956,2021091100100566,19,토요일,통영대전,전라북도,중상사고,0,1,0,0,차대차 - 기타,안전운전불이행,-,맑음,단일로 - 기타,승용,1,27,상해없음,화물,0,64,중상,20.0,20.0
7957,2021092200100123,12,수요일,통영대전,경상남도,사망사고,1,0,0,0,차대사람 - 기타,안전운전불이행,-,비,단일로 - 기타,승용,0,55,상해없음,보행자,0,61,사망,50.0,50.0
7958,2021092700100184,11,월요일,통영대전,경상남도,중상사고,0,1,1,0,차대차 - 기타,안전운전불이행,-,맑음,단일로 - 기타,화물,0,39,상해없음,승용,1,37,중상,30.0,30.0
7959,2021101000100547,23,일요일,통영대전,경상남도,경상사고,0,0,1,0,차대차 - 기타,기타,-,비,단일로 - 기타,승용,0,39,상해없음,승용,0,45,경상,30.0,30.0
7960,2021101500100577,20,금요일,통영대전,전라북도,경상사고,0,0,1,0,차대차 - 추돌,안전운전불이행,-,비,단일로 - 기타,승합,0,35,상해없음,승용,0,35,경상,30.0,30.0
7961,2021110700100470,22,일요일,통영대전,충청남도,경상사고,0,0,1,0,차대차 - 기타,안전운전불이행,-,맑음,단일로 - 기타,승용,0,34,상해없음,건설기계,0,41,경상,30.0,30.0
7962,2021111100100130,8,목요일,통영대전,전라북도,경상사고,0,0,2,0,차대차 - 측면충돌,과속,-,맑음,기타 - 기타,승용,1,53,경상,승용,0,42,경상,50.0,50.0
7963,2021112200100335,14,월요일,통영대전,경상남도,중상사고,0,1,3,0,차대차 - 기타,안전운전불이행,-,맑음,단일로 - 기타,승용,0,62,상해없음,승용,0,39,중상,60.0,60.0
7964,2021120700100519,19,화요일,통영대전,전라북도,중상사고,0,1,1,0,차대차 - 기타,안전운전불이행,-,맑음,단일로 - 교량,기타불명,2,0,기타불명,승용,0,60,중상,20.0,20.0
7965,2021120900100128,9,목요일,통영대전,경상남도,중상사고,0,1,1,0,차대차 - 추돌,안전운전불이행,-,맑음,단일로 - 터널,화물,0,54,상해없음,승용,0,50,경상,50.0,50.0
7966,2021122000100015,5,월요일,통영대전,경상남도,중상사고,0,2,1,0,차대차 - 추돌,안전운전불이행,-,맑음,단일로 - 기타,승용,0,50,상해없음,화물,0,53,경상,40.0,40.0
7967,2019010800100535,22,화요일,천안논산,충청남도,경상사고,0,0,8,0,차대차 - 측면충돌,안전운전불이행,포장 - 건조,맑음,단일로 - 기타,승용,0,21,기타불명,화물,0,33,경상,20.0,20.0
7968,2019012100100088,7,월요일,천안논산,충청남도,중상사고,0,1,0,0,차대차 - 기타,안전거리미확보,포장 - 건조,흐림,단일로 - 기타,승용,0,64,상해없음,승용,0,37,상해없음,60.0,60.0
7969,2019012700100358,20,일요일,천안논산,충청남도,중상사고,0,1,5,0,차대차 - 기타,안전운전불이행,포장 - 건조,맑음,단일로 - 기타,화물,0,34,상해없음,승용,0,27,경상,30.0,30.0
7970,2019020200100164,9,토요일,천안논산,충청남도,경상사고,0,0,4,0,차대차 - 측면충돌,안전운전불이행,포장 - 건조,맑음,기타 - 기타,화물,0,62,상해없음,승용,0,40,경상,60.0,60.0
7971,2019020500100241,17,화요일,천안논산,충청남도,경상사고,0,0,2,0,차대차 - 추돌,안전운전불이행,포장 - 건조,맑음,단일로 - 기타,승용,0,16,상해없음,승용,0,43,경상,20.0,20.0
7972,2019020600100139,13,수요일,천안논산,충청남도,경상사고,0,0,6,0,차대차 - 추돌,안전거리미확보,포장 - 건조,맑음,단일로 - 기타,승용,0,47,상해없음,승용,0,26,경상,40.0,40.0
7973,2019020800100194,12,금요일,천안논산,충청남도,경상사고,0,0,1,0,차대차 - 기타,안전운전불이행,포장 - 건조,맑음,단일로 - 터널,화물,0,48,상해없음,승용,1,36,경상,40.0,40.0
7974,2019021000100086,7,일요일,천안논산,충청남도,중상사고,0,3,0,0,차대차 - 추돌,안전운전불이행,포장 - 건조,흐림,단일로 - 기타,승용,1,26,상해없음,승용,0,54,중상,20.0,20.0
7975,2019021400100203,11,목요일,천안논산,충청남도,경상사고,0,0,4,0,차대차 - 추돌,안전거리미확보,포장 - 건조,맑음,단일로 - 기타,승용,0,63,상해없음,승합,0,29,상해없음,60.0,60.0
7976,2019030100100091,4,금요일,천안논산,충청남도,중상사고,0,1,0,0,차량단독 - 공작물충돌,안전운전불이행,포장 - 건조,맑음,단일로 - 기타,승용,0,53,중상,기타불명,2,0,기타불명,50.0,50.0
7977,2019030100100189,11,금요일,천안논산,충청남도,경상사고,0,0,1,0,차대차 - 측면충돌,안전운전불이행,포장 - 건조,맑음,단일로 - 기타,승용,0,33,상해없음,화물,0,54,상해없음,30.0,30.0
7978,2019030400100043,5,월요일,천안논산,충청남도,중상사고,0,2,1,0,차대차 - 추돌,안전운전불이행,포장 - 건조,맑음,단일로 - 기타,화물,0,42,중상,화물,0,60,경상,40.0,40.0
7979,2019030800100418,15,금요일,천안논산,충청남도,경상사고,0,0,4,1,차대차 - 기타,안전운전불이행,포장 - 건조,맑음,단일로 - 터널,승용,1,32,상해없음,승용,0,31,경상,30.0,30.0
7980,2019031700100494,22,일요일,천안논산,충청남도,경상사고,0,0,4,0,차대차 - 추돌,안전거리미확보,포장 - 건조,맑음,단일로 - 기타,승용,0,39,상해없음,승용,1,22,경상,30.0,30.0
7981,2019032200100597,21,금요일,천안논산,충청남도,중상사고,0,1,0,0,차대차 - 기타,안전운전불이행,포장 - 건조,맑음,단일로 - 기타,화물,0,51,상해없음,승용,0,41,중상,,
7982,2019032500100497,19,월요일,천안논산,충청남도,경상사고,0,0,1,0,차대차 - 측면충돌,신호위반,포장 - 건조,맑음,기타 - 기타,화물,0,45,상해없음,승용,1,33,경상,40.0,40.0
7983,2019032800100617,22,목요일,천안논산,충청남도,경상사고,0,0,2,0,차대차 - 기타,안전거리미확보,포장 - 건조,맑음,단일로 - 기타,화물,0,53,상해없음,승용,0,31,경상,50.0,50.0
7984,2019040200100160,8,화요일,천안논산,충청남도,중상사고,0,3,6,0,차대차 - 추돌,안전운전불이행,포장 - 건조,맑음,단일로 - 기타,화물,0,32,상해없음,승합,0,46,경상,30.0,30.0
7985,2019041000100369,15,수요일,천안논산,충청남도,경상사고,0,0,1,0,차대차 - 기타,안전거리미확보,포장 - 건조,맑음,단일로 - 기타,화물,0,42,상해없음,화물,0,43,경상,40.0,40.0
7986,2019041200100179,9,금요일,천안논산,충청남도,경상사고,0,0,7,0,차대차 - 추돌,안전운전불이행,포장 - 건조,맑음,단일로 - 기타,승용,0,64,경상,승용,0,55,경상,60.0,60.0
7987,2019041200100360,15,금요일,천안논산,충청남도,경상사고,0,0,2,0,차대차 - 추돌,안전운전불이행,포장 - 건조,맑음,단일로 - 기타,승용,1,34,경상,승용,0,72,상해없음,30.0,30.0
7988,2019041600100269,11,화요일,천안논산,충청남도,경상사고,0,0,5,0,차대차 - 추돌,안전거리미확보,포장 - 건조,맑음,단일로 - 기타,승합,0,57,상해없음,화물,0,47,경상,50.0,50.0
7989,2019041800100484,18,목요일,천안논산,충청남도,경상사고,0,0,4,0,차대차 - 추돌,안전거리미확보,포장 - 건조,맑음,단일로 - 기타,승용,0,26,상해없음,승용,0,54,경상,20.0,20.0
7990,2019042000100410,15,토요일,천안논산,충청남도,중상사고,0,2,2,0,차대차 - 추돌,안전운전불이행,포장 - 건조,맑음,단일로 - 기타,승용,0,56,중상,승용,0,29,경상,50.0,50.0
7991,2019042300100543,20,화요일,천안논산,충청남도,중상사고,0,2,0,0,차대차 - 추돌,안전운전불이행,포장 - 젖음/습기,비,단일로 - 기타,승합,0,55,상해없음,화물,1,45,중상,50.0,50.0
7992,2019042600100623,20,금요일,천안논산,충청남도,경상사고,0,0,1,0,차대차 - 측면충돌,안전운전불이행,포장 - 건조,맑음,단일로 - 기타,승용,0,43,상해없음,승용,0,35,경상,40.0,40.0
7993,2019043000100437,17,화요일,천안논산,충청남도,경상사고,0,0,4,0,차대차 - 추돌,안전운전불이행,포장 - 건조,맑음,단일로 - 기타,승용,0,51,경상,승용,0,54,경상,,
7994,2019050800100075,6,수요일,천안논산,충청남도,중상사고,0,1,1,0,차대차 - 추돌,과속,포장 - 건조,맑음,단일로 - 기타,승용,0,29,중상,특수,0,46,경상,20.0,20.0
7995,2019052100100155,8,화요일,천안논산,충청남도,중상사고,0,1,0,0,차량단독 - 전도전복 - 전도,안전운전불이행,포장 - 건조,맑음,기타 - 기타,특수,0,30,중상,기타불명,2,0,기타불명,20.0,20.0
7996,2019052600100328,15,일요일,천안논산,충청남도,경상사고,0,0,5,0,차대차 - 추돌,안전운전불이행,포장 - 건조,맑음,단일로 - 터널,승합,0,63,상해없음,승용,1,52,경상,60.0,60.0
7997,2019052800100285,12,화요일,천안논산,충청남도,경상사고,0,0,2,0,차대차 - 추돌,안전운전불이행,포장 - 건조,맑음,단일로 - 터널,승용,0,25,상해없음,승용,0,45,상해없음,20.0,20.0
7998,2019060500100442,16,수요일,천안논산,충청남도,경상사고,0,0,1,0,차대차 - 측면충돌,안전운전불이행,포장 - 건조,맑음,단일로 - 기타,승용,0,64,상해없음,화물,0,36,경상,60.0,60.0
7999,2019061300100048,2,목요일,천안논산,충청남도,중상사고,0,1,1,0,차대차 - 측면충돌,안전운전불이행,포장 - 건조,맑음,단일로 - 기타,화물,0,32,상해없음,승용,0,27,중상,30.0,30.0
8000,2019061500100386,14,토요일,천안논산,충청남도,경상사고,0,0,6,0,차대차 - 추돌,안전운전불이행,포장 - 건조,맑음,단일로 - 터널,승용,0,65,상해없음,승용,1,35,상해없음,60.0,60.0
8001,2019062200100525,17,토요일,천안논산,충청남도,경상사고,0,0,3,0,차대차 - 기타,안전운전불이행,포장 - 건조,맑음,단일로 - 기타,승용,0,53,상해없음,승용,1,35,경상,50.0,50.0
8002,2019062300100149,9,일요일,천안논산,충청남도,경상사고,0,0,1,0,차대차 - 추돌,안전운전불이행,포장 - 건조,맑음,단일로 - 기타,승용,0,55,상해없음,승용,1,51,경상,50.0,50.0
8003,2019071500100194,11,월요일,천안논산,충청남도,경상사고,0,0,2,0,차대차 - 추돌,안전거리미확보,포장 - 건조,맑음,단일로 - 터널,승용,0,50,상해없음,승용,0,30,경상,40.0,40.0