,사고번호,사고일시,요일,도로종류,시군구,사고내용,사망자수,중상자수,경상자수,부상신고자수,사고유형,법규위반,노면상태,기상상태,도로형태,가해운전자 차종,가해운전자 성별,가해운전자 연령,가해운전자 상해정도,피해운전자 차종,피해운전자 성별,피해운전자 연령,피해운전자 상해정도,연령대,가해연령대
8136,2021120800100526,19,수요일,천안논산,충청남도,경상사고,0,0,1,0,차대차 - 측면충돌,신호위반,-,맑음,단일로 - 기타,화물,0,54,상해없음,승용,1,47,경상,50.0,50.0
8137,2021121100100052,4,토요일,천안논산,충청남도,경상사고,0,0,1,0,차대차 - 추돌,안전운전불이행,-,맑음,단일로 - 기타,승용,0,63,상해없음,승용,1,49,경상,60.0,60.0
8138,2021121900100136,13,일요일,천안논산,충청남도,경상사고,0,0,2,0,차대차 - 추돌,안전운전불이행,-,맑음,단일로 - 기타,승용,0,40,상해없음,승용,1,57,경상,30.0,30.0
8139,2021122100100033,6,화요일,천안논산,충청남도,사망사고,1,0,0,0,차대차 - 기타,기타,-,맑음,단일로 - 기타,화물,0,62,상해없음,화물,0,34,사망,60.0,60.0
8140,2021123100100296,15,금요일,천안논산,충청남도,경상사고,0,0,6,0,차대차 - 추돌,안전운전불이행,-,맑음,단일로 - 터널,승용,1,40,경상,승용,0,38,경상,30.0,30.0
8141,2019010100100025,1,화요일,중앙지선,경상남도,중상사고,0,1,1,0,차대차 - 추돌,안전거리미확보,포장 - 건조,맑음,단일로 - 기타,화물,0,26,상해없음,승용,1,27,중상,20.0,20.0
8142,2019010400100099,8,금요일,중앙지선,경상남도,경상사고,0,0,1,0,차대차 - 추돌,안전운전불이행,포장 - 건조,맑음,단일로 - 기타,승용,1,48,상해없음,승용,0,69,경상,40.0,40.0
8143,2019012700100301,18,일요일,중앙지선,경상남도,경상사고,0,0,2,0,차대차 - 추돌,안전운전불이행,포장 - 건조,맑음,단일로 - 기타,승용,0,36,상해없음,승용,0,33,경상,30.0,30.0
8144,2019013100100162,9,목요일,중앙지선,경상남도,경상사고,0,0,2,0,차대차 - 추돌,안전거리미확보,포장 - 건조,맑음,단일로 - 기타,승용,0,37,상해없음,승용,0,39,상해없음,30.0,30.0
8145,2019020300100237,13,일요일,중앙지선,경상남도,경상사고,0,0,1,0,차대차 - 측면충돌,안전운전불이행,포장 - 건조,맑음,단일로 - 기타,화물,0,66,상해없음,승용,0,40,경상,60.0,60.0
8146,2019020700100143,9,목요일,중앙지선,경상남도,중상사고,0,3,3,0,차대차 - 추돌,안전거리미확보,포장 - 건조,맑음,단일로 - 기타,승용,0,26,중상,화물,0,50,경상,20.0,20.0
8147,2019021500100548,19,금요일,중앙지선,경상남도,경상사고,0,0,1,0,차대차 - 측면충돌,안전거리미확보,포장 - 건조,맑음,단일로 - 기타,화물,0,65,상해없음,승용,0,65,경상,60.0,60.0
8148,2019030400100362,17,월요일,중앙지선,경상남도,경상사고,0,0,1,0,차대차 - 측면충돌,안전거리미확보,포장 - 건조,맑음,단일로 - 기타,화물,0,37,상해없음,승용,1,34,경상,30.0,30.0
8149,2019030700100442,18,목요일,중앙지선,경상남도,중상사고,0,1,0,0,차대차 - 추돌,안전거리미확보,포장 - 건조,맑음,단일로 - 기타,화물,0,38,상해없음,승용,1,31,중상,30.0,30.0
8150,2019031400100354,15,목요일,중앙지선,경상남도,경상사고,0,0,2,0,차대차 - 기타,안전거리미확보,포장 - 건조,맑음,단일로 - 기타,승용,0,42,상해없음,화물,0,54,경상,40.0,40.0
8151,2019040900100537,20,화요일,중앙지선,경상남도,경상사고,0,0,2,0,차대차 - 추돌,안전운전불이행,포장 - 건조,흐림,단일로 - 기타,화물,0,56,경상,특수,0,44,경상,50.0,50.0
8152,2019042100100269,15,일요일,중앙지선,경상남도,경상사고,0,0,2,0,차대차 - 기타,차로위반,포장 - 건조,맑음,단일로 - 기타,화물,0,32,상해없음,승용,0,37,경상,30.0,30.0
8153,2019042100100396,20,일요일,중앙지선,경상남도,중상사고,0,1,2,0,차대차 - 기타,안전운전불이행,포장 - 건조,맑음,단일로 - 기타,승용,0,31,상해없음,승합,0,54,상해없음,,
8154,2019042500100472,18,목요일,중앙지선,경상남도,경상사고,0,0,1,0,차대차 - 추돌,안전운전불이행,포장 - 건조,맑음,단일로 - 기타,승용,1,35,상해없음,화물,0,47,기타불명,30.0,30.0
8155,2019042600100123,7,금요일,중앙지선,경상남도,경상사고,0,0,1,0,차대차 - 기타,안전운전불이행,포장 - 건조,맑음,단일로 - 기타,승용,0,36,상해없음,특수,0,51,경상,30.0,30.0
8156,2019050300100088,6,금요일,중앙지선,경상남도,중상사고,0,1,1,0,차대차 - 측면충돌,안전거리미확보,포장 - 건조,맑음,단일로 - 기타,특수,0,51,상해없음,승용,0,56,중상,,
8157,2019050400100034,0,토요일,중앙지선,경상남도,경상사고,0,0,1,0,차대차 - 추돌,안전운전불이행,포장 - 건조,맑음,단일로 - 기타,승합,0,39,상해없음,화물,0,61,경상,30.0,30.0
8158,2019071500100282,14,월요일,중앙지선,경상남도,중상사고,0,1,0,0,차대차 - 추돌,안전운전불이행,포장 - 건조,맑음,단일로 - 기타,화물,0,41,상해없음,승용,1,56,중상,,
8159,2019071800100019,0,목요일,중앙지선,경상남도,경상사고,0,0,2,1,차대차 - 측면충돌,안전거리미확보,포장 - 젖음/습기,맑음,단일로 - 기타,승용,0,47,상해없음,승용,0,51,경상,40.0,40.0
8160,2019072100100041,1,일요일,중앙지선,경상남도,경상사고,0,0,1,0,차대차 - 추돌,안전운전불이행,포장 - 젖음/습기,비,단일로 - 기타,승용,0,58,상해없음,승용,1,33,경상,50.0,50.0
8161,2019072600100412,17,금요일,중앙지선,경상남도,중상사고,0,1,4,0,차대차 - 측면충돌,신호위반,포장 - 건조,맑음,단일로 - 기타,특수,0,38,상해없음,승용,1,44,중상,30.0,30.0
8162,2019081700100100,6,토요일,중앙지선,경상남도,중상사고,0,1,0,0,차대차 - 측면충돌,안전운전불이행,포장 - 건조,맑음,단일로 - 기타,승용,0,40,상해없음,화물,0,61,상해없음,30.0,30.0
8163,2019101600100056,2,수요일,중앙지선,경상남도,중상사고,0,1,0,0,차대차 - 추돌,안전거리미확보,포장 - 건조,맑음,단일로 - 기타,승용,0,25,상해없음,화물,0,44,중상,20.0,20.0
8164,2019111200100396,16,화요일,중앙지선,경상남도,경상사고,0,0,1,0,차대차 - 기타,안전운전불이행,포장 - 건조,맑음,단일로 - 기타,특수,0,61,상해없음,승용,1,58,경상,,
8165,2019111400100469,16,목요일,중앙지선,경상남도,경상사고,0,0,1,0,차대차 - 측면충돌,안전운전불이행,포장 - 건조,맑음,단일로 - 터널,화물,0,61,상해없음,승용,1,35,경상,,
8166,2019112100100497,17,목요일,중앙지선,경상남도,경상사고,0,0,1,0,차대차 - 기타,기타,포장 - 건조,맑음,단일로 - 기타,건설기계,0,39,상해없음,화물,0,26,경상,30.0,30.0
8167,2019120200100425,17,월요일,중앙지선,경상남도,경상사고,0,0,4,0,차대차 - 추돌,안전거리미확보,포장 - 건조,맑음,단일로 - 기타,화물,0,49,상해없음,화물,0,52,경상,40.0,40.0
8168,2019122000100446,17,금요일,중앙지선,경상남도,사망사고,1,6,2,0,차대차 - 추돌,과속,포장 - 건조,맑음,단일로 - 기타,승용,0,38,상해없음,화물,0,54,중상,30.0,30.0
8169,2019122000100509,18,금요일,중앙지선,경상남도,경상사고,0,0,2,1,차대차 - 추돌,안전거리미확보,포장 - 건조,맑음,단일로 - 기타,승용,0,44,부상신고,승용,0,27,경상,40.0,40.0
8170,2020012800100122,9,화요일,중앙지선,경상남도,경상사고,0,0,1,0,차대차 - 추돌,안전운전불이행,포장 - 건조,맑음,단일로 - 기타,화물,0,40,상해없음,승용,0,44,경상,30.0,30.0
8171,2020032300100003,0,월요일,중앙지선,경상남도,경상사고,0,0,1,0,차량단독 - 공작물충돌,안전운전불이행,포장 - 건조,맑음,단일로 - 기타,승용,1,40,경상,기타불명,2,0,기타불명,30.0,30.0
8172,2020032800100334,17,토요일,중앙지선,경상남도,경상사고,0,0,1,0,차대차 - 측면충돌,안전운전불이행,포장 - 건조,맑음,단일로 - 기타,승용,1,51,상해없음,승용,1,39,경상,,
8173,2020042900100472,18,수요일,중앙지선,경상남도,경상사고,0,0,2,0,차대차 - 기타,안전거리미확보,포장 - 건조,맑음,단일로 - 기타,화물,0,46,상해없음,승용,0,32,경상,40.0,40.0
8174,2020052600100299,14,화요일,중앙지선,경상남도,경상사고,0,0,1,0,차대차 - 기타,안전운전불이행,포장 - 건조,맑음,단일로 - 기타,화물,0,61,상해없음,화물,0,45,경상,,
8175,2020062300100293,12,화요일,중앙지선,경상남도,경상사고,0,0,1,0,차대차 - 추돌,안전운전불이행,포장 - 건조,맑음,단일로 - 터널,승용,0,23,상해없음,승용,0,28,경상,20.0,20.0
8176,2020071200100163,12,일요일,중앙지선,경상남도,중상사고,0,1,1,0,차대차 - 측면충돌,안전거리미확보,포장 - 건조,맑음,단일로 - 기타,승용,1,54,상해없음,승용,1,24,중상,50.0,50.0
8177,2020071600100101,8,목요일,중앙지선,경상남도,중상사고,0,1,0,0,차대차 - 추돌,안전운전불이행,포장 - 건조,맑음,단일로 - 기타,화물,0,52,상해없음,특수,0,52,상해없음,50.0,50.0
8178,2020091100100418,18,금요일,중앙지선,경상남도,중상사고,0,1,2,0,차대차 - 추돌,안전운전불이행,포장 - 건조,맑음,단일로 - 기타,승용,0,34,상해없음,승합,0,28,경상,30.0,30.0
8179,2020100500100425,16,월요일,중앙지선,경상남도,경상사고,0,0,1,0,차대차 - 기타,안전운전불이행,포장 - 건조,맑음,단일로 - 기타,화물,0,45,상해없음,승용,0,28,경상,40.0,40.0
8180,2020101500100513,18,목요일,중앙지선,경상남도,경상사고,0,0,1,0,차대차 - 측면충돌,안전운전불이행,포장 - 건조,맑음,단일로 - 기타,승용,0,49,상해없음,승용,0,36,경상,40.0,40.0
8181,2020101500100629,20,목요일,중앙지선,경상남도,경상사고,0,0,1,0,차대차 - 측면충돌,안전거리미확보,포장 - 건조,맑음,단일로 - 기타,화물,0,50,상해없음,승용,1,35,경상,40.0,40.0
8182,2020112400100089,8,화요일,중앙지선,경상남도,중상사고,0,1,0,0,차대차 - 측면충돌,안전거리미확보,포장 - 건조,맑음,단일로 - 기타,건설기계,0,61,상해없음,승용,0,68,중상,,
8183,2020120400100536,19,금요일,중앙지선,경상남도,중상사고,0,1,1,0,차대차 - 추돌,안전거리미확보,포장 - 건조,맑음,단일로 - 기타,승용,0,25,상해없음,화물,0,31,경상,20.0,20.0
8184,2020120900100402,18,수요일,중앙지선,경상남도,중상사고,0,1,0,0,차대차 - 기타,안전운전불이행,포장 - 건조,맑음,단일로 - 교량,승용,0,31,상해없음,승용,0,52,중상,,
8185,2020121500100549,22,화요일,중앙지선,경상남도,경상사고,0,0,1,0,차대차 - 추돌,안전운전불이행,포장 - 건조,맑음,단일로 - 기타,승용,0,33,상해없음,승용,0,55,경상,30.0,30.0
8186,2021020300100548,22,수요일,중앙지선,경상남도,경상사고,0,0,1,0,차대차 - 추돌,안전운전불이행,-,맑음,단일로 - 기타,승용,0,56,상해없음,특수,0,63,경상,50.0,50.0
8187,2021020400100451,18,목요일,중앙지선,경상남도,경상사고,0,0,1,0,차대차 - 추돌,안전운전불이행,-,맑음,단일로 - 기타,승용,0,52,상해없음,승용,0,39,경상,50.0,50.0
8188,2021020600100173,13,토요일,중앙지선,경상남도,경상사고,0,0,3,1,차대차 - 기타,안전운전불이행,-,맑음,기타 - 기타,화물,0,45,상해없음,승용,0,32,경상,40.0,40.0
8189,2021022100100132,13,일요일,중앙지선,경상남도,경상사고,0,0,2,0,차대차 - 기타,안전운전불이행,-,맑음,단일로 - 기타,승용,1,66,상해없음,화물,0,47,경상,60.0,60.0
8190,2021022800100049,7,일요일,중앙지선,경상남도,경상사고,0,0,1,0,차대차 - 추돌,안전운전불이행,-,맑음,단일로 - 기타,승용,0,21,상해없음,화물,0,49,경상,20.0,20.0
8191,2021030100100137,14,월요일,중앙지선,경상남도,경상사고,0,0,2,0,차대차 - 추돌,안전운전불이행,-,비,단일로 - 기타,화물,0,72,상해없음,승용,0,43,경상,70.0,70.0
8192,2021030800100028,6,월요일,중앙지선,경상남도,경상사고,0,0,1,0,차대차 - 측면충돌,차로위반,-,맑음,단일로 - 기타,화물,0,59,상해없음,승용,0,54,경상,50.0,50.0
8193,2021040500100542,19,월요일,중앙지선,경상남도,중상사고,0,1,1,0,차대차 - 추돌,기타,-,맑음,단일로 - 기타,승용,2,0,기타불명,승용,0,48,중상,20.0,20.0
8194,2021051400100577,19,금요일,중앙지선,경상남도,경상사고,0,0,3,0,차대차 - 추돌,안전운전불이행,-,맑음,단일로 - 기타,승용,0,46,상해없음,승용,1,54,경상,40.0,40.0
8195,2021051600100302,18,일요일,중앙지선,경상남도,경상사고,0,0,1,0,차대차 - 측면충돌,안전운전불이행,-,비,단일로 - 기타,승용,0,62,상해없음,승용,0,49,경상,60.0,60.0
8196,2021052800100291,14,금요일,중앙지선,경상남도,경상사고,0,0,1,0,차대차 - 기타,안전거리미확보,-,맑음,단일로 - 기타,화물,0,55,상해없음,승용,0,63,경상,50.0,50.0
8197,2021070400100005,0,일요일,중앙지선,경상남도,경상사고,0,0,2,0,차대차 - 추돌,안전운전불이행,-,비,단일로 - 기타,승용,0,33,상해없음,승용,1,20,경상,30.0,30.0
8198,2021072600100046,7,월요일,중앙지선,경상남도,경상사고,0,0,1,0,차대차 - 측면충돌,안전거리미확보,-,맑음,단일로 - 기타,승용,0,63,상해없음,승용,1,28,경상,60.0,60.0
8199,2021100700100528,20,목요일,중앙지선,경상남도,중상사고,0,1,0,0,차대차 - 추돌,안전거리미확보,-,맑음,단일로 - 기타,화물,0,68,상해없음,승용,0,33,중상,60.0,60.0
8200,2021100900100423,19,토요일,중앙지선,경상남도,경상사고,0,0,1,0,차대차 - 측면충돌,신호위반,-,맑음,단일로 - 기타,건설기계,0,61,상해없음,승용,0,29,경상,,
8201,2021101800100665,22,월요일,중앙지선,경상남도,경상사고,0,0,1,0,차대차 - 추돌,안전운전불이행,-,맑음,단일로 - 기타,승용,0,66,상해없음,승용,1,39,경상,60.0,60.0
8202,2021111800100351,16,목요일,중앙지선,경상남도,경상사고,0,0,1,0,차대차 - 기타,안전운전불이행,-,맑음,단일로 - 기타,화물,0,61,상해없음,승용,0,73,경상,,
8203,2021112900100234,12,월요일,중앙지선,경상남도,경상사고,0,0,3,0,차대차 - 추돌,신호위반,-,맑음,단일로 - 기타,승용,0,67,상해없음,승용,0,28,상해없음,60.0,60.0
8204,2021123000100270,15,목요일,중앙지선,경상남도,경상사고,0,0,1,0,차대차 - 측면충돌,안전거리미확보,-,맑음,단일로 - 기타,승용,0,42,상해없음,승용,0,28,경상,40.0,40.0
8205,2019010500100104,6,토요일,중앙,경상남도,경상사고,0,0,1,0,차대차 - 기타,안전거리미확보,포장 - 건조,맑음,단일로 - 기타,화물,0,61,상해없음,승용,0,46,경상,,
8206,2019010500100239,13,토요일,중앙,경상남도,경상사고,0,0,1,0,차대차 - 추돌,안전운전불이행,포장 - 건조,맑음,단일로 - 기타,승용,0,39,상해없음,승용,0,28,경상,30.0,30.0
8207,2019010500100352,17,토요일,중앙,경상남도,경상사고,0,0,5,0,차대차 - 추돌,안전운전불이행,포장 - 건조,맑음,단일로 - 기타,승용,0,55,상해없음,승용,0,31,경상,50.0,50.0
8208,2019010900100483,20,수요일,중앙,경상북도,경상사고,0,0,1,0,차대차 - 측면충돌,안전운전불이행,포장 - 건조,맑음,단일로 - 기타,승용,0,40,상해없음,승용,0,47,경상,30.0,30.0
8209,2019011700100166,10,목요일,중앙,경상남도,경상사고,0,0,2,1,차대차 - 추돌,안전운전불이행,포장 - 건조,맑음,단일로 - 기타,승용,0,27,경상,승용,1,47,경상,20.0,20.0
8210,2019012300100145,8,수요일,중앙,경상북도,중상사고,0,1,0,0,차량단독 - 전도전복 - 전도,안전운전불이행,포장 - 건조,맑음,단일로 - 기타,화물,0,50,상해없음,기타불명,2,0,기타불명,40.0,40.0
8211,2019012800100192,9,월요일,중앙,경상남도,중상사고,0,1,5,0,차대차 - 추돌,안전운전불이행,포장 - 건조,맑음,단일로 - 기타,특수,0,67,중상,화물,0,59,경상,60.0,60.0
8212,2019013000100154,10,수요일,중앙,경상남도,경상사고,0,0,2,0,차대차 - 추돌,안전운전불이행,포장 - 건조,맑음,단일로 - 기타,화물,0,65,경상,화물,0,53,상해없음,60.0,60.0
8213,2019020200100337,15,토요일,중앙,경상남도,중상사고,0,1,6,0,차대차 - 추돌,안전운전불이행,포장 - 건조,맑음,단일로 - 기타,승용,0,28,경상,승용,1,45,중상,20.0,20.0
8214,2019020300100419,19,일요일,중앙,경상북도,경상사고,0,0,2,0,차대차 - 추돌,안전운전불이행,포장 - 건조,맑음,기타 - 기타,화물,0,51,상해없음,화물,0,62,경상,,
8215,2019020400100126,11,월요일,중앙,경상남도,경상사고,0,0,2,0,차대차 - 추돌,안전거리미확보,포장 - 건조,맑음,단일로 - 기타,승용,0,24,상해없음,승용,0,29,경상,20.0,20.0
8216,2019020600100185,15,수요일,중앙,충청북도,경상사고,0,0,7,0,차대차 - 추돌,안전거리미확보,포장 - 건조,맑음,단일로 - 터널,승용,0,56,상해없음,승용,0,60,상해없음,50.0,50.0
8217,2019020700100336,16,목요일,중앙,경상남도,경상사고,0,0,3,0,차대차 - 추돌,안전거리미확보,포장 - 건조,맑음,단일로 - 기타,승용,0,31,상해없음,승용,0,26,경상,,
8218,2019021100100028,0,월요일,중앙,경상북도,중상사고,0,1,2,0,차대차 - 정면충돌,안전운전불이행,포장 - 건조,맑음,단일로 - 기타,승용,0,26,상해없음,승용,0,50,중상,20.0,20.0
8219,2019021100100338,16,월요일,중앙,충청북도,중상사고,0,1,0,0,차대차 - 추돌,안전운전불이행,포장 - 건조,맑음,단일로 - 기타,화물,0,54,중상,화물,0,55,기타불명,50.0,50.0
8220,2019021300100572,23,수요일,중앙,경상북도,경상사고,0,0,1,0,차대차 - 측면충돌,안전운전불이행,포장 - 건조,맑음,단일로 - 기타,승용,1,58,상해없음,승용,0,36,경상,50.0,50.0
8221,2019021500100500,18,금요일,중앙,강원도,경상사고,0,0,1,0,차대차 - 추돌,안전운전불이행,포장 - 젖음/습기,비,단일로 - 기타,승용,0,21,상해없음,승용,1,29,경상,20.0,20.0
8222,2019021900100379,17,화요일,중앙,대구광역시,경상사고,0,0,4,0,차대차 - 측면충돌,안전운전불이행,포장 - 건조,맑음,단일로 - 기타,승용,0,46,상해없음,승용,0,63,경상,40.0,40.0
8223,2019022300100195,10,토요일,중앙,경상남도,중상사고,0,1,2,0,차대차 - 추돌,안전거리미확보,포장 - 건조,맑음,기타 - 기타,승용,0,39,경상,승용,0,50,상해없음,30.0,30.0
8224,2019022700100240,12,수요일,중앙,경상북도,경상사고,0,0,2,2,차대차 - 추돌,안전거리미확보,포장 - 건조,맑음,단일로 - 기타,승용,0,46,상해없음,승용,0,41,경상,40.0,40.0
8225,2019030100100187,11,금요일,중앙,강원도,경상사고,0,0,1,0,차대차 - 추돌,안전운전불이행,포장 - 건조,맑음,단일로 - 기타,승용,0,35,상해없음,승용,0,36,경상,30.0,30.0
8226,2019030200100260,15,토요일,중앙,경상남도,중상사고,0,1,2,1,차대차 - 추돌,안전운전불이행,포장 - 건조,맑음,단일로 - 기타,승용,0,22,상해없음,승용,0,58,경상,20.0,20.0
8227,2019030500100155,9,화요일,중앙,경상남도,중상사고,0,1,2,0,차대차 - 추돌,안전거리미확보,포장 - 건조,맑음,단일로 - 기타,화물,0,52,상해없음,승용,1,34,경상,50.0,50.0
8228,2019030500100188,10,화요일,중앙,경상남도,경상사고,0,0,2,0,차대차 - 추돌,신호위반,포장 - 건조,맑음,단일로 - 교량,화물,0,63,상해없음,승용,1,25,경상,60.0,60.0
8229,2019030600100251,12,수요일,중앙,경상남도,경상사고,0,0,2,0,차대차 - 측면충돌,안전거리미확보,포장 - 젖음/습기,비,단일로 - 기타,승용,0,54,상해없음,화물,0,64,경상,50.0,50.0
8230,2019030700100244,12,목요일,중앙,경상남도,경상사고,0,0,1,0,차대차 - 측면충돌,안전거리미확보,포장 - 건조,맑음,단일로 - 기타,특수,0,66,상해없음,승용,1,44,경상,60.0,60.0
8231,2019030800100260,11,금요일,중앙,강원도,경상사고,0,0,2,0,차대차 - 추돌,안전운전불이행,포장 - 건조,맑음,단일로 - 기타,승용,1,52,경상,승용,0,61,경상,50.0,50.0
8232,2019031000100330,18,일요일,중앙,경상남도,중상사고,0,2,0,0,차량단독 - 기타,안전운전불이행,포장 - 젖음/습기,비,단일로 - 기타,화물,0,55,상해없음,기타불명,2,0,기타불명,50.0,50.0
8233,2019031100100478,19,월요일,중앙,경기도,경상사고,0,0,2,0,차대차 - 추돌,안전운전불이행,포장 - 건조,맑음,단일로 - 기타,승용,0,54,상해없음,화물,0,52,경상,50.0,50.0
8234,2019031600100028,0,토요일,중앙,경상남도,경상사고,0,0,4,1,차대차 - 추돌,안전운전불이행,포장 - 건조,맑음,단일로 - 기타,화물,0,60,상해없음,승용,1,52,경상,50.0,50.0
8235,2019033100100227,14,일요일,중앙,경상남도,경상사고,0,0,2,0,차대차 - 측면충돌,중앙선침범,포장 - 건조,맑음,단일로 - 기타,승용,0,35,상해없음,승용,0,54,경상,30.0,30.0
8236,2019033100100258,15,일요일,중앙,경상남도,경상사고,0,0,5,0,차대차 - 추돌,안전운전불이행,포장 - 건조,맑음,단일로 - 기타,승용,0,19,경상,승용,0,39,경상,20.0,20.0
8237,2019033100100286,16,일요일,중앙,경상남도,경상사고,0,0,2,0,차대차 - 기타,안전운전불이행,포장 - 건조,맑음,단일로 - 기타,승용,0,56,상해없음,승용,0,28,경상,50.0,50.0
8238,2019040100100371,14,월요일,중앙,강원도,사망사고,1,0,0,0,차량단독 - 도로외이탈 - 추락,안전운전불이행,포장 - 건조,맑음,단일로 - 교량,건설기계,0,23,사망,기타불명,2,0,기타불명,20.0,20.0
8239,2019040400100295,12,목요일,중앙,경상북도,사망사고,1,0,0,0,차량단독 - 공작물충돌,안전운전불이행,포장 - 건조,맑음,단일로 - 기타,승용,0,22,사망,기타불명,2,0,기타불명,20.0,20.0
8240,2019040700100089,5,일요일,중앙,경상남도,사망사고,1,1,1,0,차대차 - 추돌,안전운전불이행,포장 - 건조,맑음,단일로 - 기타,승용,0,24,사망,화물,0,36,경상,20.0,20.0
8241,2019040700100418,19,일요일,중앙,경상남도,경상사고,0,0,1,0,차대차 - 추돌,안전운전불이행,포장 - 건조,맑음,단일로 - 기타,승용,0,35,상해없음,승용,1,44,경상,30.0,30.0
8242,2019040900100611,21,화요일,중앙,충청북도,사망사고,1,2,2,0,차대차 - 추돌,안전운전불이행,포장 - 젖음/습기,눈,단일로 - 기타,화물,0,46,경상,승용,0,39,사망,40.0,40.0
8243,2019041100100169,9,목요일,중앙,경상남도,경상사고,0,0,5,0,차대차 - 측면충돌,안전거리미확보,포장 - 건조,맑음,단일로 - 기타,특수,0,43,상해없음,승용,1,36,경상,40.0,40.0
8244,2019041300100295,12,토요일,중앙,경상북도,경상사고,0,0,6,0,차대차 - 기타,안전운전불이행,포장 - 건조,맑음,단일로 - 기타,승용,1,46,경상,승용,0,46,상해없음,40.0,40.0
8245,2019041600100025,0,화요일,중앙,강원도,경상사고,0,0,1,0,차대차 - 추돌,안전거리미확보,포장 - 건조,맑음,단일로 - 기타,화물,0,29,상해없음,승용,1,47,경상,20.0,20.0
8246,2019041600100209,9,화요일,중앙,경상북도,중상사고,0,1,2,0,차대차 - 추돌,안전거리미확보,포장 - 건조,맑음,단일로 - 터널,승용,0,24,상해없음,승용,0,47,중상,20.0,20.0
8247,2019041800100065,5,목요일,중앙,경상북도,중상사고,0,2,0,0,차대차 - 추돌,안전운전불이행,포장 - 건조,맑음,단일로 - 기타,승용,0,59,중상,건설기계,0,45,중상,50.0,50.0
8248,2019041800100077,6,목요일,중앙,대구광역시,경상사고,0,0,2,0,차대차 - 추돌,안전거리미확보,포장 - 건조,맑음,교차로 - 교차로부근,화물,1,59,상해없음,승용,0,53,경상,50.0,50.0
8249,2019042200100521,17,월요일,중앙,대구광역시,경상사고,0,0,1,0,차대차 - 측면충돌,안전운전불이행,포장 - 건조,맑음,단일로 - 기타,화물,0,49,상해없음,승용,1,54,경상,40.0,40.0
8250,2019042500100205,10,목요일,중앙,대구광역시,경상사고,0,0,1,0,차대차 - 추돌,안전운전불이행,포장 - 건조,맑음,교차로 - 교차로부근,화물,0,69,상해없음,승용,1,47,경상,60.0,60.0
8251,2019042500100314,14,목요일,중앙,경상남도,경상사고,0,0,2,0,차대차 - 추돌,안전운전불이행,포장 - 건조,맑음,단일로 - 기타,화물,0,71,상해없음,승용,0,55,경상,70.0,70.0
8252,2019042900100408,16,월요일,중앙,경상남도,중상사고,0,4,0,0,차대차 - 추돌,안전운전불이행,포장 - 젖음/습기,비,단일로 - 기타,건설기계,0,44,상해없음,승합,1,37,중상,40.0,40.0
8253,2019050300100415,15,금요일,중앙,충청북도,경상사고,0,0,3,0,차대차 - 추돌,안전거리미확보,포장 - 건조,맑음,단일로 - 기타,승용,1,22,상해없음,승용,0,32,경상,20.0,20.0
8254,2019050400100470,16,토요일,중앙,경상북도,경상사고,0,0,1,0,차대차 - 기타,안전운전불이행,포장 - 건조,맑음,교차로 - 교차로부근,승용,1,42,상해없음,승용,0,21,경상,40.0,40.0
8255,2019050500100496,19,일요일,중앙,경상북도,경상사고,0,0,1,0,차량단독 - 공작물충돌,안전운전불이행,포장 - 건조,맑음,단일로 - 기타,화물,1,57,상해없음,기타불명,2,0,기타불명,50.0,50.0
8256,2019050800100047,1,수요일,중앙,강원도,경상사고,0,0,4,0,차대차 - 기타,안전운전불이행,포장 - 건조,맑음,단일로 - 터널,승용,0,63,상해없음,화물,0,51,상해없음,60.0,60.0
8257,2019050800100572,19,수요일,중앙,부산광역시,경상사고,0,0,1,0,차대차 - 측면충돌,안전운전불이행,포장 - 건조,맑음,단일로 - 기타,승용,0,64,상해없음,승용,0,37,경상,60.0,60.0
8258,2019051100100229,10,토요일,중앙,경상북도,경상사고,0,0,2,0,차대차 - 추돌,안전거리미확보,포장 - 건조,맑음,단일로 - 터널,승용,0,27,상해없음,승용,0,36,경상,20.0,20.0
8259,2019051200100111,7,일요일,중앙,부산광역시,중상사고,0,2,0,0,차대차 - 추돌,안전운전불이행,포장 - 건조,맑음,단일로 - 기타,승용,0,60,상해없음,승용,0,65,중상,50.0,50.0
8260,2019051200100538,22,일요일,중앙,경상남도,경상사고,0,0,1,0,차대차 - 추돌,안전운전불이행,포장 - 건조,맑음,단일로 - 기타,승용,0,24,상해없음,승용,0,23,경상,20.0,20.0
8261,2019051600100207,9,목요일,중앙,경상남도,경상사고,0,0,1,0,차대차 - 추돌,안전운전불이행,포장 - 건조,맑음,단일로 - 기타,승용,0,48,경상,화물,0,47,상해없음,40.0,40.0
8262,2019051600100252,10,목요일,중앙,경상남도,경상사고,0,0,1,0,차대차 - 추돌,안전운전불이행,포장 - 건조,맑음,단일로 - 기타,승용,0,61,상해없음,승용,0,41,경상,,
8263,2019051700100249,11,금요일,중앙,경상북도,경상사고,0,0,3,0,차대차 - 측면충돌,안전운전불이행,포장 - 건조,맑음,단일로 - 기타,승용,1,51,상해없음,승용,1,40,경상,,
8264,2019052300100036,0,목요일,중앙,대구광역시,경상사고,0,0,1,0,차량단독 - 공작물충돌,안전운전불이행,포장 - 건조,맑음,단일로 - 기타,승용,0,23,상해없음,기타불명,2,0,기타불명,20.0,20.0
8265,2019052600100314,15,일요일,중앙,경상남도,중상사고,0,1,12,0,차대차 - 추돌,안전운전불이행,포장 - 건조,맑음,단일로 - 기타,승용,1,29,경상,화물,0,62,경상,20.0,20.0
8266,2019052700100474,17,월요일,중앙,강원도,중상사고,0,1,5,0,차대차 - 추돌,안전거리미확보,포장 - 젖음/습기,비,단일로 - 기타,화물,0,65,경상,승용,0,62,중상,60.0,60.0