,사고번호,사고일시,요일,도로종류,시군구,사고내용,사망자수,중상자수,경상자수,부상신고자수,사고유형,법규위반,노면상태,기상상태,도로형태,가해운전자 차종,가해운전자 성별,가해운전자 연령,가해운전자 상해정도,피해운전자 차종,피해운전자 성별,피해운전자 연령,피해운전자 상해정도,연령대,가해연령대
8267,2019053000100347,14,목요일,중앙,대구광역시,사망사고,1,0,0,0,차대차 - 기타,안전운전불이행,포장 - 건조,맑음,단일로 - 기타,화물,0,50,상해없음,화물,0,41,상해없음,40.0,40.0
8268,2019053100100082,5,금요일,중앙,경상남도,경상사고,0,0,4,0,차대차 - 측면충돌,과속,포장 - 젖음/습기,흐림,단일로 - 기타,승용,0,18,상해없음,승합,0,53,상해없음,20.0,20.0
8269,2019060800100268,12,토요일,중앙,경상북도,경상사고,0,0,1,0,차대차 - 추돌,안전운전불이행,포장 - 건조,맑음,단일로 - 기타,승용,0,56,상해없음,승용,1,50,경상,50.0,50.0
8270,2019061100100503,18,화요일,중앙,대구광역시,경상사고,0,0,4,0,차대차 - 추돌,안전운전불이행,포장 - 건조,맑음,단일로 - 기타,화물,0,39,상해없음,승합,0,43,상해없음,30.0,30.0
8271,2019061400100371,15,금요일,중앙,경상남도,경상사고,0,0,1,0,차대차 - 추돌,안전운전불이행,포장 - 젖음/습기,비,단일로 - 기타,화물,0,39,상해없음,화물,1,30,경상,30.0,30.0
8272,2019061400100407,16,금요일,중앙,경상남도,경상사고,0,0,1,0,차대차 - 추돌,안전거리미확보,포장 - 젖음/습기,비,단일로 - 기타,승용,0,56,상해없음,승용,0,41,경상,50.0,50.0
8273,2019061500100416,15,토요일,중앙,경상남도,중상사고,0,2,0,0,차대차 - 측면충돌,신호위반,포장 - 건조,맑음,단일로 - 터널,화물,0,30,상해없음,승용,1,52,중상,20.0,20.0
8274,2019062100100350,15,금요일,중앙,경상남도,경상사고,0,0,2,0,차대차 - 추돌,안전거리미확보,포장 - 건조,맑음,단일로 - 터널,화물,0,56,상해없음,승용,1,47,경상,50.0,50.0
8275,2019062100100513,18,금요일,중앙,강원도,중상사고,0,1,0,0,차대사람 - 기타,과속,포장 - 건조,맑음,기타 - 기타,승용,0,44,상해없음,보행자,0,48,중상,40.0,40.0
8276,2019062300100302,14,일요일,중앙,경상남도,경상사고,0,0,3,0,차대차 - 측면충돌,안전운전불이행,포장 - 건조,맑음,단일로 - 기타,승용,0,53,상해없음,승용,0,53,경상,50.0,50.0
8277,2019062300100451,18,일요일,중앙,경상남도,경상사고,0,0,2,0,차대차 - 측면충돌,안전거리미확보,포장 - 건조,맑음,단일로 - 기타,승용,0,49,상해없음,승용,1,34,경상,40.0,40.0
8278,2019063000100304,16,일요일,중앙,경상북도,경상사고,0,0,3,0,차대차 - 기타,안전운전불이행,포장 - 건조,맑음,단일로 - 기타,승용,0,37,상해없음,승합,0,53,상해없음,30.0,30.0
8279,2019070200100402,16,화요일,중앙,경상남도,경상사고,0,0,3,0,차대차 - 추돌,안전거리미확보,포장 - 건조,맑음,단일로 - 기타,승용,0,23,상해없음,승용,0,32,경상,20.0,20.0
8280,2019070400100422,16,목요일,중앙,경상남도,경상사고,0,0,4,1,차대차 - 추돌,안전거리미확보,포장 - 건조,맑음,단일로 - 기타,화물,0,49,경상,승용,0,37,경상,40.0,40.0
8281,2019070700100293,15,일요일,중앙,강원도,경상사고,0,0,4,0,차대차 - 측면충돌,차로위반,포장 - 건조,맑음,단일로 - 기타,승용,0,51,상해없음,승용,0,33,경상,,
8282,2019071100100061,2,목요일,중앙,경상북도,중상사고,0,3,0,0,차대차 - 추돌,안전운전불이행,포장 - 건조,맑음,단일로 - 기타,화물,0,51,중상,화물,0,36,중상,,
8283,2019071300100566,22,토요일,중앙,경상남도,경상사고,0,0,2,0,차대차 - 추돌,안전운전불이행,포장 - 건조,맑음,단일로 - 기타,승용,0,38,경상,승용,0,26,경상,30.0,30.0
8284,2019071500100191,11,월요일,중앙,경상남도,중상사고,0,2,0,0,차대차 - 추돌,안전운전불이행,포장 - 건조,맑음,단일로 - 교량,화물,0,52,상해없음,화물,0,44,중상,50.0,50.0
8285,2019072300100042,1,화요일,중앙,충청북도,사망사고,1,1,1,0,차대차 - 추돌,안전거리미확보,포장 - 건조,맑음,단일로 - 기타,특수,0,43,상해없음,화물,0,24,중상,40.0,40.0
8286,2019072500100165,9,목요일,중앙,경상남도,중상사고,0,1,1,0,차대차 - 측면충돌,안전운전불이행,포장 - 건조,맑음,단일로 - 기타,화물,0,48,중상,승용,1,33,경상,40.0,40.0
8287,2019072800100299,17,일요일,중앙,대구광역시,중상사고,0,1,2,0,차대차 - 추돌,안전운전불이행,포장 - 건조,맑음,단일로 - 기타,승용,0,72,상해없음,화물,1,54,경상,70.0,70.0
8288,2019080200100707,23,금요일,중앙,경상북도,중상사고,0,2,1,0,차대차 - 추돌,안전운전불이행,포장 - 건조,맑음,단일로 - 기타,화물,0,50,중상,화물,0,62,경상,40.0,40.0
8289,2019080400100281,14,일요일,중앙,경상북도,경상사고,0,0,1,0,차대차 - 추돌,안전운전불이행,포장 - 건조,맑음,기타 - 기타,승용,0,66,상해없음,승용,1,28,경상,60.0,60.0
8290,2019080500100526,18,월요일,중앙,강원도,중상사고,0,1,0,0,차량단독 - 공작물충돌,안전운전불이행,포장 - 젖음/습기,비,단일로 - 기타,화물,0,50,상해없음,기타불명,2,0,기타불명,40.0,40.0
8291,2019080700100657,23,수요일,중앙,경상남도,경상사고,0,0,1,0,차대차 - 측면충돌,안전거리미확보,포장 - 건조,맑음,단일로 - 기타,승용,0,38,상해없음,승용,0,32,경상,30.0,30.0
8292,2019080900100488,17,금요일,중앙,경상남도,중상사고,0,1,3,1,차대차 - 측면충돌,안전거리미확보,포장 - 건조,맑음,단일로 - 기타,승용,1,33,중상,승용,0,45,경상,30.0,30.0
8293,2019081000100690,23,토요일,중앙,경상북도,경상사고,0,0,3,0,차대차 - 추돌,안전운전불이행,포장 - 건조,맑음,단일로 - 기타,화물,0,23,상해없음,화물,0,60,경상,20.0,20.0
8294,2019081500100396,18,목요일,중앙,경상남도,경상사고,0,0,2,0,차대차 - 기타,안전운전불이행,포장 - 젖음/습기,비,단일로 - 기타,승용,0,37,상해없음,승용,0,25,경상,30.0,30.0
8295,2019081700100457,17,토요일,중앙,경상북도,중상사고,0,1,3,0,차대차 - 측면충돌,안전운전불이행,포장 - 건조,맑음,단일로 - 기타,건설기계,0,42,상해없음,승용,0,44,경상,40.0,40.0
8296,2019081800100316,17,일요일,중앙,충청북도,중상사고,0,2,6,0,차대차 - 추돌,안전거리미확보,포장 - 건조,맑음,단일로 - 기타,승용,0,28,상해없음,승용,0,42,중상,20.0,20.0
8297,2019081800100317,17,일요일,중앙,충청북도,중상사고,0,4,1,0,차대차 - 추돌,안전거리미확보,포장 - 건조,맑음,단일로 - 기타,승용,0,40,상해없음,승합,0,34,중상,30.0,30.0
8298,2019081900100296,13,월요일,중앙,충청북도,경상사고,0,0,3,0,차대차 - 측면충돌,안전거리미확보,포장 - 건조,맑음,단일로 - 기타,화물,0,55,상해없음,승용,0,37,상해없음,50.0,50.0
8299,2019082000100058,3,화요일,중앙,경상북도,중상사고,0,1,0,0,차대차 - 추돌,안전운전불이행,포장 - 건조,맑음,단일로 - 기타,특수,0,60,상해없음,화물,0,63,중상,50.0,50.0
8300,2019082300100490,17,금요일,중앙,경상북도,중상사고,0,1,2,0,차대차 - 추돌,안전운전불이행,포장 - 건조,맑음,단일로 - 기타,승합,0,50,상해없음,승용,0,51,경상,40.0,40.0
8301,2019082700100666,23,화요일,중앙,경상북도,경상사고,0,0,1,0,차대차 - 추돌,안전운전불이행,포장 - 젖음/습기,안개,단일로 - 기타,승용,0,48,상해없음,화물,0,51,경상,40.0,40.0
8302,2019082800100536,19,수요일,중앙,강원도,경상사고,0,0,4,0,차대차 - 측면충돌,차로위반,포장 - 건조,맑음,단일로 - 기타,화물,0,59,상해없음,승용,0,35,경상,50.0,50.0
8303,2019090400100025,0,수요일,중앙,경상북도,경상사고,0,0,1,0,차대차 - 추돌,안전운전불이행,포장 - 젖음/습기,비,단일로 - 기타,승용,0,34,상해없음,화물,0,36,경상,30.0,30.0
8304,2019090600100255,13,금요일,중앙,경상남도,중상사고,0,1,0,0,차대차 - 측면충돌,안전거리미확보,포장 - 건조,맑음,단일로 - 기타,화물,0,56,상해없음,승용,1,57,중상,50.0,50.0
8305,2019090600100524,19,금요일,중앙,경상남도,경상사고,0,0,1,0,차대차 - 기타,안전운전불이행,포장 - 건조,맑음,단일로 - 기타,화물,0,66,상해없음,승용,0,54,경상,60.0,60.0
8306,2019090600100555,19,금요일,중앙,대구광역시,사망사고,1,0,0,0,차대차 - 추돌,안전운전불이행,포장 - 건조,맑음,단일로 - 터널,화물,0,40,기타불명,화물,0,60,사망,30.0,30.0
8307,2019091100100670,18,수요일,중앙,경상북도,경상사고,0,0,1,0,차대차 - 추돌,안전거리미확보,포장 - 건조,맑음,단일로 - 기타,화물,0,29,상해없음,승용,1,34,경상,20.0,20.0
8308,2019091200100227,12,목요일,중앙,경상북도,경상사고,0,0,1,0,차대차 - 추돌,안전운전불이행,포장 - 젖음/습기,비,단일로 - 기타,승용,0,41,상해없음,승용,0,26,경상,,
8309,2019091200100286,14,목요일,중앙,강원도,중상사고,0,4,1,0,차대차 - 정면충돌,중앙선침범,포장 - 건조,맑음,단일로 - 기타,화물,0,51,중상,승용,0,53,중상,,
8310,2019091300100166,12,금요일,중앙,경상남도,경상사고,0,0,1,1,차대차 - 추돌,안전운전불이행,포장 - 건조,맑음,단일로 - 기타,승용,0,25,상해없음,승용,1,25,경상,20.0,20.0
8311,2019091300100398,20,금요일,중앙,충청북도,경상사고,0,0,5,0,차대차 - 측면충돌,안전운전불이행,포장 - 건조,맑음,단일로 - 기타,승용,0,30,상해없음,승용,0,59,경상,20.0,20.0
8312,2019091400100275,17,토요일,중앙,경상남도,중상사고,0,1,3,0,차대차 - 추돌,안전거리미확보,포장 - 건조,맑음,단일로 - 기타,승용,0,22,상해없음,승용,0,62,경상,20.0,20.0
8313,2019091700100480,17,화요일,중앙,부산광역시,경상사고,0,0,6,0,차대차 - 추돌,안전거리미확보,포장 - 건조,맑음,단일로 - 기타,화물,0,32,상해없음,화물,0,61,경상,30.0,30.0
8314,2019091900100500,18,목요일,중앙,경상남도,경상사고,0,0,2,0,차대차 - 추돌,안전거리미확보,포장 - 건조,맑음,단일로 - 교량,승용,1,30,상해없음,승용,0,35,경상,20.0,20.0
8315,2019092400100231,10,화요일,중앙,경상북도,중상사고,0,2,1,0,차대차 - 추돌,안전운전불이행,포장 - 건조,맑음,단일로 - 기타,승용,0,25,상해없음,승용,0,65,중상,20.0,20.0
8316,2019092900100195,11,일요일,중앙,강원도,경상사고,0,0,4,0,차대차 - 추돌,안전운전불이행,포장 - 건조,맑음,단일로 - 기타,승용,0,25,상해없음,승용,1,42,경상,20.0,20.0
8317,2019100200100335,13,수요일,중앙,충청북도,중상사고,0,1,0,0,차대차 - 추돌,안전거리미확보,포장 - 건조,맑음,단일로 - 기타,승용,0,49,상해없음,승용,0,73,중상,40.0,40.0
8318,2019100200100343,13,수요일,중앙,경상북도,부상신고사고,0,0,0,1,차량단독 - 기타,안전운전불이행,포장 - 젖음/습기,비,단일로 - 교량,승용,0,29,부상신고,기타불명,2,0,기타불명,20.0,20.0
8319,2019100200100876,22,수요일,중앙,경상북도,중상사고,0,3,0,0,차대차 - 정면충돌,안전운전불이행,포장 - 젖음/습기,비,단일로 - 기타,화물,0,39,중상,승용,0,49,상해없음,30.0,30.0
8320,2019100200100912,23,수요일,중앙,강원도,사망사고,1,0,1,0,차대차 - 추돌,과속,포장 - 젖음/습기,비,단일로 - 기타,승용,0,30,경상,승용,0,33,사망,20.0,20.0
8321,2019100800100562,18,화요일,중앙,충청북도,중상사고,0,1,4,10,차대차 - 추돌,안전운전불이행,포장 - 건조,맑음,단일로 - 기타,화물,0,75,상해없음,승용,0,52,상해없음,70.0,70.0
8322,2019101600100446,15,수요일,중앙,경상북도,중상사고,0,1,1,0,차대차 - 추돌,안전운전불이행,포장 - 건조,흐림,단일로 - 기타,특수,0,61,상해없음,화물,0,53,중상,,
8323,2019101900100562,18,토요일,중앙,경상북도,경상사고,0,0,5,0,차대차 - 기타,안전운전불이행,포장 - 건조,맑음,단일로 - 기타,승용,0,56,상해없음,승용,1,34,경상,50.0,50.0
8324,2019102000100151,10,일요일,중앙,충청북도,중상사고,0,2,7,0,차대차 - 기타,안전운전불이행,포장 - 건조,맑음,단일로 - 기타,화물,0,63,상해없음,승용,0,52,경상,60.0,60.0
8325,2019102100100301,12,월요일,중앙,경상남도,경상사고,0,0,1,0,차대차 - 측면충돌,안전거리미확보,포장 - 건조,맑음,기타 - 기타,화물,0,54,상해없음,승용,0,43,경상,50.0,50.0
8326,2019102200100735,23,화요일,중앙,경상북도,경상사고,0,0,1,0,차대차 - 기타,안전운전불이행,포장 - 건조,맑음,단일로 - 기타,화물,0,48,상해없음,승용,1,24,경상,40.0,40.0
8327,2019102300100185,9,수요일,중앙,대구광역시,경상사고,0,0,1,0,차대차 - 기타,안전거리미확보,포장 - 건조,맑음,단일로 - 기타,승용,0,53,상해없음,승합,0,60,경상,50.0,50.0
8328,2019102700100045,0,일요일,중앙,대구광역시,중상사고,0,1,1,0,차대차 - 추돌,안전운전불이행,포장 - 건조,맑음,단일로 - 기타,화물,0,36,기타불명,승용,0,59,상해없음,30.0,30.0
8329,2019102900100729,23,화요일,중앙,충청북도,중상사고,0,2,0,0,차대차 - 추돌,안전거리미확보,포장 - 건조,맑음,단일로 - 기타,승용,0,61,중상,화물,0,50,상해없음,,
8330,2019103100100084,7,목요일,중앙,경상남도,중상사고,0,1,0,0,차대차 - 기타,안전거리미확보,포장 - 건조,맑음,단일로 - 기타,승용,0,39,상해없음,승용,1,60,중상,30.0,30.0
8331,2019110100100094,6,금요일,중앙,경상남도,사망사고,1,0,0,0,차대차 - 추돌,안전운전불이행,포장 - 건조,맑음,단일로 - 기타,화물,0,60,사망,화물,0,46,상해없음,50.0,50.0
8332,2019110900100699,21,토요일,중앙,대구광역시,중상사고,0,1,2,0,차대차 - 측면충돌,안전운전불이행,포장 - 건조,맑음,단일로 - 기타,화물,0,51,상해없음,승용,0,52,경상,,
8333,2019111500100119,7,금요일,중앙,강원도,사망사고,1,0,0,1,차량단독 - 도로외이탈 - 추락,안전운전불이행,포장 - 젖음/습기,흐림,단일로 - 기타,화물,0,53,사망,기타불명,2,0,기타불명,50.0,50.0
8334,2019111500100890,22,금요일,중앙,강원도,경상사고,0,0,1,0,차대차 - 측면충돌,중앙선침범,포장 - 젖음/습기,흐림,단일로 - 기타,승용,0,32,상해없음,승용,0,55,경상,30.0,30.0
8335,2019111700100284,15,일요일,중앙,강원도,경상사고,0,0,2,0,차대차 - 측면충돌,안전운전불이행,포장 - 젖음/습기,비,단일로 - 기타,승용,0,60,상해없음,승용,0,44,경상,50.0,50.0
8336,2019111700100321,16,일요일,중앙,경상북도,경상사고,0,0,1,0,차량단독 - 기타,안전운전불이행,포장 - 젖음/습기,비,단일로 - 기타,승용,0,24,상해없음,기타불명,2,0,기타불명,20.0,20.0
8337,2019111900100050,1,화요일,중앙,경상북도,중상사고,0,1,0,0,차대차 - 정면충돌,안전운전불이행,포장 - 건조,맑음,단일로 - 기타,승용,0,49,중상,특수,0,58,상해없음,40.0,40.0
8338,2019112200100429,15,금요일,중앙,경상남도,경상사고,0,0,1,0,차대차 - 측면충돌,안전운전불이행,포장 - 건조,맑음,단일로 - 기타,화물,0,59,상해없음,승용,1,35,경상,50.0,50.0
8339,2019112200100536,17,금요일,중앙,경상남도,경상사고,0,0,4,0,차대차 - 추돌,안전운전불이행,포장 - 건조,맑음,단일로 - 기타,승용,0,34,상해없음,승용,0,58,경상,30.0,30.0
8340,2019112600100319,13,화요일,중앙,경상남도,경상사고,0,0,1,0,차대차 - 측면충돌,안전거리미확보,포장 - 건조,맑음,단일로 - 기타,화물,0,68,상해없음,승용,1,42,경상,60.0,60.0
8341,2019112900100335,13,금요일,중앙,경상남도,중상사고,0,2,0,0,차대차 - 측면충돌,신호위반,포장 - 건조,맑음,단일로 - 터널,화물,0,71,중상,승용,0,29,중상,70.0,70.0
8342,2019113000100540,18,토요일,중앙,경상남도,경상사고,0,0,3,0,차대차 - 측면충돌,안전거리미확보,포장 - 건조,맑음,단일로 - 기타,승용,1,62,경상,승용,1,48,경상,60.0,60.0
8343,2019113000100615,19,토요일,중앙,경상북도,사망사고,1,2,3,0,차대차 - 기타,안전운전불이행,포장 - 건조,맑음,단일로 - 기타,승합,0,32,상해없음,화물,0,69,사망,30.0,30.0
8344,2019120700100364,15,토요일,중앙,경상남도,경상사고,0,0,1,0,차대차 - 측면충돌,안전거리미확보,포장 - 건조,맑음,단일로 - 기타,승용,0,72,상해없음,승용,1,27,경상,70.0,70.0
8345,2019121300100465,17,금요일,중앙,경상남도,경상사고,0,0,1,0,차대차 - 추돌,안전거리미확보,포장 - 건조,맑음,단일로 - 기타,승용,1,30,상해없음,승용,1,36,경상,20.0,20.0
8346,2019121300100551,18,금요일,중앙,충청북도,경상사고,0,0,4,0,차대차 - 정면충돌,중앙선침범,포장 - 건조,맑음,단일로 - 터널,화물,0,54,경상,화물,0,51,경상,50.0,50.0
8347,2019121400100052,1,토요일,중앙,경상남도,경상사고,0,0,2,0,차대차 - 추돌,안전운전불이행,포장 - 건조,맑음,단일로 - 기타,승용,1,41,경상,특수,0,50,경상,,
8348,2019121600100059,4,월요일,중앙,경상남도,경상사고,0,0,2,0,차대차 - 기타,신호위반,포장 - 건조,맑음,단일로 - 교량,화물,0,59,상해없음,승용,0,24,경상,50.0,50.0
8349,2019122700100289,13,금요일,중앙,강원도,경상사고,0,0,1,1,차대차 - 추돌,안전운전불이행,포장 - 건조,맑음,단일로 - 기타,화물,0,55,상해없음,화물,0,69,경상,50.0,50.0
8350,2019122800100119,6,토요일,중앙,경상북도,중상사고,0,1,0,0,차량단독 - 기타,안전운전불이행,포장 - 건조,맑음,단일로 - 기타,승용,1,28,중상,기타불명,2,0,기타불명,20.0,20.0
8351,2020011200100262,17,일요일,중앙,강원도,경상사고,0,0,2,0,차대차 - 추돌,안전거리미확보,포장 - 건조,맑음,단일로 - 터널,승용,0,30,상해없음,승용,0,34,경상,20.0,20.0
8352,2020011300100372,17,월요일,중앙,경상남도,중상사고,0,1,0,0,차대차 - 측면충돌,안전운전불이행,포장 - 건조,맑음,단일로 - 기타,화물,0,59,상해없음,승용,0,39,중상,50.0,50.0
8353,2020011300100443,18,월요일,중앙,대구광역시,경상사고,0,0,1,0,차대차 - 기타,안전운전불이행,포장 - 건조,맑음,단일로 - 기타,기타불명,2,0,기타불명,승용,0,37,경상,20.0,20.0
8354,2020011700100534,20,금요일,중앙,강원도,경상사고,0,0,2,0,차대차 - 측면충돌,안전운전불이행,포장 - 건조,맑음,주차장 - 주차장,승용,1,59,상해없음,승용,0,65,경상,50.0,50.0
8355,2020011700100540,20,금요일,중앙,경상북도,중상사고,0,10,7,0,차대차 - 추돌,안전운전불이행,포장 - 건조,맑음,단일로 - 기타,승합,0,57,경상,화물,0,55,경상,50.0,50.0
8356,2020011700100541,20,금요일,중앙,경상북도,경상사고,0,0,1,0,차대차 - 추돌,안전운전불이행,포장 - 건조,맑음,단일로 - 기타,건설기계,0,63,상해없음,승용,0,31,경상,60.0,60.0
8357,2020011800100003,0,토요일,중앙,경상남도,경상사고,0,0,1,0,차대차 - 측면충돌,안전운전불이행,포장 - 건조,맑음,단일로 - 기타,승용,0,28,상해없음,승용,0,39,경상,20.0,20.0
8358,2020012000100259,12,월요일,중앙,경상남도,경상사고,0,0,4,0,차대차 - 추돌,안전거리미확보,포장 - 건조,맑음,단일로 - 기타,승용,0,34,상해없음,승용,0,39,경상,30.0,30.0
8359,2020012100100642,19,화요일,중앙,경상북도,경상사고,0,0,1,0,차대차 - 측면충돌,안전운전불이행,포장 - 건조,맑음,단일로 - 기타,승용,0,59,상해없음,승용,0,44,경상,50.0,50.0
8360,2020012300100403,15,목요일,중앙,강원도,경상사고,0,0,1,0,차대차 - 기타,안전운전불이행,포장 - 건조,맑음,단일로 - 기타,승용,0,25,상해없음,승용,0,44,경상,20.0,20.0
8361,2020012500100336,22,토요일,중앙,강원도,경상사고,0,0,3,0,차대차 - 기타,차로위반,포장 - 건조,맑음,단일로 - 기타,기타불명,2,0,기타불명,승용,0,35,상해없음,20.0,20.0
8362,2020020400100030,3,화요일,중앙,경상북도,중상사고,0,2,2,0,차대차 - 기타,안전운전불이행,포장 - 건조,맑음,단일로 - 기타,승용,0,34,상해없음,화물,0,53,상해없음,30.0,30.0
8363,2020020400100137,9,화요일,중앙,대구광역시,중상사고,0,2,0,0,차대차 - 추돌,안전거리미확보,포장 - 건조,맑음,단일로 - 기타,승용,0,75,상해없음,승용,0,66,중상,70.0,70.0
8364,2020020400100456,18,화요일,중앙,충청북도,경상사고,0,0,1,0,차대차 - 추돌,안전운전불이행,포장 - 건조,기타,단일로 - 기타,화물,0,29,상해없음,건설기계,0,54,경상,20.0,20.0
8365,2020021100100231,12,화요일,중앙,경상남도,경상사고,0,0,1,0,차대차 - 측면충돌,안전거리미확보,포장 - 건조,맑음,단일로 - 기타,승용,0,49,상해없음,승용,1,64,경상,40.0,40.0
8366,2020021600100341,17,일요일,중앙,경상북도,경상사고,0,0,1,0,차대차 - 기타,안전운전불이행,포장 - 건조,맑음,단일로 - 터널,승용,0,49,상해없음,승용,0,31,경상,40.0,40.0
8367,2020021700100234,12,월요일,중앙,경상남도,경상사고,0,0,1,0,차대차 - 측면충돌,안전거리미확보,포장 - 건조,맑음,단일로 - 기타,화물,0,60,상해없음,승용,1,29,경상,50.0,50.0
8368,2020021900100187,10,수요일,중앙,경상북도,중상사고,0,1,3,0,차대차 - 추돌,안전운전불이행,포장 - 건조,맑음,단일로 - 기타,승용,0,38,중상,화물,0,55,경상,30.0,30.0
8369,2020022400100099,8,월요일,중앙,대구광역시,경상사고,0,0,1,0,차대차 - 기타,안전운전불이행,포장 - 건조,맑음,단일로 - 기타,승용,0,64,기타불명,승용,0,22,경상,60.0,60.0
8370,2020022900100138,11,토요일,중앙,경상북도,경상사고,0,0,4,0,차대차 - 측면충돌,안전운전불이행,포장 - 건조,맑음,단일로 - 기타,화물,0,55,상해없음,승용,0,49,경상,50.0,50.0
8371,2020030300100241,16,화요일,중앙,경상남도,경상사고,0,0,1,0,차대차 - 기타,안전운전불이행,포장 - 건조,맑음,단일로 - 기타,승용,0,68,상해없음,화물,0,42,경상,60.0,60.0
8372,2020031400100018,0,토요일,중앙,경상북도,경상사고,0,0,1,0,차대차 - 측면충돌,안전운전불이행,포장 - 건조,맑음,단일로 - 터널,화물,0,38,상해없음,승용,0,50,경상,30.0,30.0
8373,2020032400100499,20,화요일,중앙,경상북도,중상사고,0,2,2,0,차대차 - 추돌,안전운전불이행,포장 - 건조,맑음,단일로 - 기타,승용,0,42,중상,화물,0,37,상해없음,40.0,40.0
8374,2020032500100281,14,수요일,중앙,강원도,경상사고,0,0,1,0,차대차 - 기타,기타,포장 - 건조,맑음,단일로 - 기타,기타불명,2,0,기타불명,특수,0,49,경상,20.0,20.0
8375,2020032800100068,6,토요일,중앙,경상남도,중상사고,0,1,3,0,차대차 - 추돌,안전운전불이행,포장 - 건조,맑음,단일로 - 기타,승용,0,38,상해없음,승용,0,45,경상,30.0,30.0
8376,2020033000100268,14,월요일,중앙,강원도,중상사고,0,1,0,0,차대차 - 추돌,안전운전불이행,포장 - 건조,맑음,단일로 - 기타,특수,0,63,상해없음,승용,1,53,중상,60.0,60.0
8377,2020040200100306,14,목요일,중앙,경상북도,사망사고,1,1,2,0,차대차 - 추돌,안전운전불이행,포장 - 건조,맑음,단일로 - 기타,화물,0,35,사망,건설기계,0,62,상해없음,30.0,30.0
8378,2020040900100511,20,목요일,중앙,경상남도,중상사고,0,1,0,0,차대차 - 기타,안전운전불이행,포장 - 건조,맑음,단일로 - 기타,특수,0,51,상해없음,화물,0,39,중상,,
8379,2020041000100459,19,금요일,중앙,경상남도,중상사고,0,1,0,0,차대차 - 기타,안전운전불이행,포장 - 건조,맑음,단일로 - 기타,화물,0,58,상해없음,승용,0,58,중상,50.0,50.0
8380,2020042100100077,8,화요일,중앙,경상남도,경상사고,0,0,1,0,차대차 - 기타,안전거리미확보,포장 - 건조,맑음,단일로 - 기타,승용,1,69,상해없음,승용,0,27,경상,60.0,60.0
8381,2020042100100137,10,화요일,중앙,경상남도,중상사고,0,1,0,0,차대차 - 측면충돌,안전운전불이행,포장 - 건조,맑음,단일로 - 기타,승용,0,48,중상,화물,0,57,상해없음,40.0,40.0
8382,2020042100100539,23,화요일,중앙,경상북도,경상사고,0,0,4,0,차대차 - 추돌,안전거리미확보,포장 - 건조,맑음,단일로 - 기타,화물,0,50,상해없음,화물,0,64,경상,40.0,40.0
8383,2020042200100147,10,수요일,중앙,경상남도,경상사고,0,0,1,0,차대차 - 측면충돌,안전거리미확보,포장 - 건조,맑음,단일로 - 기타,화물,0,22,상해없음,승용,1,59,경상,20.0,20.0
8384,2020042300100026,2,목요일,중앙,경상북도,중상사고,0,2,1,0,차대차 - 기타,안전운전불이행,포장 - 건조,맑음,단일로 - 기타,화물,0,68,중상,승용,0,55,중상,60.0,60.0
8385,2020042500100072,6,토요일,중앙,경상남도,경상사고,0,0,1,0,차대차 - 기타,기타,포장 - 건조,맑음,단일로 - 기타,건설기계,0,53,상해없음,승용,0,48,경상,50.0,50.0
8386,2020042500100359,16,토요일,중앙,강원도,경상사고,0,0,2,0,차대차 - 측면충돌,안전운전불이행,포장 - 건조,맑음,단일로 - 기타,승용,0,61,상해없음,승용,0,53,경상,,
8387,2020043000100059,4,목요일,중앙,경상남도,중상사고,0,1,0,0,차대차 - 기타,안전운전불이행,포장 - 건조,맑음,단일로 - 터널,승용,0,35,상해없음,화물,0,46,상해없음,30.0,30.0
8388,2020050100100010,0,금요일,중앙,강원도,경상사고,0,0,1,0,차량단독 - 전도전복 - 전도,안전운전불이행,포장 - 건조,맑음,단일로 - 기타,이륜,0,22,경상,기타불명,2,0,기타불명,20.0,20.0
8389,2020050100100036,3,금요일,중앙,충청북도,경상사고,0,0,1,0,차량단독 - 공작물충돌,안전운전불이행,포장 - 건조,맑음,단일로 - 기타,화물,0,51,경상,기타불명,2,0,기타불명,,
8390,2020050400100142,10,월요일,중앙,강원도,경상사고,0,0,1,0,차대차 - 기타,안전운전불이행,포장 - 건조,맑음,단일로 - 기타,승용,1,59,상해없음,화물,0,26,경상,50.0,50.0
8391,2020050400100620,21,월요일,중앙,부산광역시,중상사고,0,1,0,0,차대차 - 추돌,안전운전불이행,포장 - 건조,맑음,단일로 - 기타,승용,0,25,상해없음,승용,0,29,중상,20.0,20.0
8392,2020050500100168,13,화요일,중앙,경상남도,경상사고,0,0,2,0,차대차 - 추돌,안전거리미확보,포장 - 건조,맑음,단일로 - 기타,승용,0,34,상해없음,승용,0,30,경상,30.0,30.0
8393,2020050500100248,16,화요일,중앙,강원도,경상사고,0,0,4,0,차대차 - 측면충돌,안전운전불이행,포장 - 젖음/습기,비,단일로 - 기타,승용,0,57,상해없음,승용,0,52,경상,50.0,50.0
8394,2020050700100443,16,목요일,중앙,대구광역시,경상사고,0,0,1,0,차대차 - 추돌,안전운전불이행,포장 - 건조,맑음,단일로 - 기타,승용,0,73,상해없음,화물,0,35,경상,70.0,70.0
8395,2020050800100518,19,금요일,중앙,경상북도,경상사고,0,0,1,0,차대차 - 기타,안전운전불이행,포장 - 건조,맑음,단일로 - 기타,승용,1,63,상해없음,승용,1,49,경상,60.0,60.0