,사고번호,사고일시,요일,도로종류,시군구,사고내용,사망자수,중상자수,경상자수,부상신고자수,사고유형,법규위반,노면상태,기상상태,도로형태,가해운전자 차종,가해운전자 성별,가해운전자 연령,가해운전자 상해정도,피해운전자 차종,피해운전자 성별,피해운전자 연령,피해운전자 상해정도,연령대,가해연령대
8396,2020050800100519,19,금요일,중앙,경상북도,경상사고,0,0,1,0,차대차 - 기타,안전운전불이행,포장 - 건조,맑음,단일로 - 기타,승용,0,46,상해없음,화물,0,58,경상,40.0,40.0
8397,2020051000100359,21,일요일,중앙,경상남도,경상사고,0,0,1,0,차대차 - 측면충돌,안전거리미확보,포장 - 건조,맑음,단일로 - 기타,화물,0,69,상해없음,승용,1,35,경상,60.0,60.0
8398,2020051100100475,17,월요일,중앙,부산광역시,경상사고,0,0,1,1,차대차 - 측면충돌,안전거리미확보,포장 - 건조,맑음,단일로 - 기타,화물,0,60,상해없음,화물,0,41,부상신고,50.0,50.0
8399,2020051200100124,8,화요일,중앙,강원도,사망사고,1,0,0,0,차량단독 - 공작물충돌,안전운전불이행,포장 - 건조,맑음,단일로 - 기타,건설기계,0,62,사망,기타불명,2,0,기타불명,60.0,60.0
8400,2020051500100428,17,금요일,중앙,경상북도,경상사고,0,0,1,0,차대차 - 추돌,안전운전불이행,포장 - 건조,맑음,단일로 - 기타,승용,0,24,상해없음,화물,0,36,경상,20.0,20.0
8401,2020052100100504,18,목요일,중앙,경상북도,중상사고,0,2,0,0,차대차 - 기타,안전운전불이행,포장 - 건조,맑음,단일로 - 기타,승용,0,54,상해없음,승용,1,57,중상,50.0,50.0
8402,2020052200100033,4,금요일,중앙,경상북도,중상사고,0,8,0,0,차대차 - 추돌,안전운전불이행,포장 - 건조,맑음,단일로 - 기타,승합,0,67,중상,승용,0,38,중상,60.0,60.0
8403,2020052700100062,7,수요일,중앙,경상남도,경상사고,0,0,1,0,차대차 - 측면충돌,안전거리미확보,포장 - 건조,맑음,단일로 - 기타,승용,1,44,상해없음,승용,1,50,경상,40.0,40.0
8404,2020052800100179,10,목요일,중앙,경상남도,경상사고,0,0,1,0,차대차 - 측면충돌,신호위반,포장 - 건조,맑음,단일로 - 터널,특수,0,67,상해없음,승용,0,27,경상,60.0,60.0
8405,2020052900100078,7,금요일,중앙,대구광역시,중상사고,0,1,0,0,차대차 - 측면충돌,안전운전불이행,포장 - 건조,맑음,단일로 - 기타,화물,0,49,상해없음,승용,0,62,중상,40.0,40.0
8406,2020053000100228,11,토요일,중앙,경상북도,경상사고,0,0,2,0,차대차 - 기타,안전운전불이행,포장 - 건조,맑음,단일로 - 기타,건설기계,0,48,상해없음,승용,1,52,경상,40.0,40.0
8407,2020053000100365,14,토요일,중앙,강원도,경상사고,0,0,3,0,차대차 - 측면충돌,안전운전불이행,포장 - 건조,맑음,단일로 - 기타,승용,0,71,상해없음,화물,0,60,경상,70.0,70.0
8408,2020053000100637,22,토요일,중앙,경상북도,경상사고,0,0,2,0,차대차 - 추돌,안전운전불이행,포장 - 건조,맑음,단일로 - 기타,화물,0,43,상해없음,승용,1,57,경상,40.0,40.0
8409,2020053100100084,8,일요일,중앙,경상북도,중상사고,0,1,1,0,차대차 - 추돌,안전운전불이행,포장 - 건조,맑음,단일로 - 기타,승용,1,33,상해없음,승용,0,60,경상,30.0,30.0
8410,2020060400100387,16,목요일,중앙,강원도,중상사고,0,1,0,0,차대사람 - 기타,안전운전불이행,포장 - 건조,기타,주차장 - 주차장,승용,0,64,상해없음,보행자,0,46,중상,60.0,60.0
8411,2020060800100281,12,월요일,중앙,충청북도,경상사고,0,0,2,0,차대차 - 추돌,안전운전불이행,포장 - 건조,맑음,단일로 - 기타,승용,0,57,경상,화물,0,55,경상,50.0,50.0
8412,2020060900100020,2,화요일,중앙,충청북도,중상사고,0,1,0,0,차대차 - 추돌,안전운전불이행,포장 - 건조,맑음,단일로 - 기타,승용,0,48,상해없음,화물,0,48,상해없음,40.0,40.0
8413,2020061100100338,14,목요일,중앙,대구광역시,경상사고,0,0,2,0,차대차 - 기타,안전운전불이행,포장 - 건조,맑음,단일로 - 기타,화물,0,36,상해없음,승용,1,55,경상,30.0,30.0
8414,2020061400100069,4,일요일,중앙,경상북도,사망사고,1,0,0,0,차대사람 - 횡단중,안전운전불이행,포장 - 젖음/습기,비,단일로 - 기타,승용,0,31,상해없음,보행자,1,37,사망,,
8415,2020061600100312,14,화요일,중앙,부산광역시,중상사고,0,1,0,0,차대차 - 기타,안전운전불이행,포장 - 건조,맑음,단일로 - 교량,건설기계,0,58,상해없음,승용,1,25,중상,50.0,50.0
8416,2020061600100643,22,화요일,중앙,경상남도,경상사고,0,0,1,0,차대차 - 추돌,안전운전불이행,포장 - 건조,맑음,단일로 - 기타,승용,0,33,상해없음,승용,1,34,경상,30.0,30.0
8417,2020061800100420,17,목요일,중앙,경상남도,중상사고,0,1,0,0,차대차 - 정면충돌,중앙선침범,포장 - 젖음/습기,비,단일로 - 기타,특수,0,32,상해없음,승용,1,35,중상,30.0,30.0
8418,2020061800100499,19,목요일,중앙,부산광역시,경상사고,0,0,1,0,차대차 - 추돌,안전운전불이행,포장 - 건조,맑음,단일로 - 기타,화물,0,60,상해없음,승용,1,38,경상,50.0,50.0
8419,2020062100100396,18,일요일,중앙,경상북도,경상사고,0,0,1,0,차대차 - 측면충돌,안전운전불이행,포장 - 건조,맑음,단일로 - 기타,승용,0,32,상해없음,승용,0,66,경상,30.0,30.0
8420,2020062700100060,3,토요일,중앙,경상남도,중상사고,0,1,0,0,차대차 - 추돌,안전운전불이행,포장 - 건조,맑음,단일로 - 기타,화물,0,47,상해없음,특수,0,57,중상,40.0,40.0
8421,2020063000100357,16,화요일,중앙,경상북도,경상사고,0,0,2,0,차대차 - 기타,안전운전불이행,포장 - 건조,맑음,단일로 - 기타,승합,0,72,상해없음,승용,0,48,경상,70.0,70.0
8422,2020070400100136,7,토요일,중앙,대구광역시,경상사고,0,0,2,0,차대차 - 측면충돌,안전거리미확보,포장 - 건조,맑음,단일로 - 기타,승용,0,47,상해없음,승합,0,45,경상,40.0,40.0
8423,2020070400100238,11,토요일,중앙,경상북도,중상사고,0,2,0,0,차대차 - 기타,신호위반,포장 - 건조,맑음,단일로 - 교량,승용,0,64,상해없음,승용,0,36,중상,60.0,60.0
8424,2020070700100194,11,화요일,중앙,경상북도,경상사고,0,0,6,0,차대차 - 추돌,안전운전불이행,포장 - 건조,맑음,단일로 - 기타,화물,0,50,상해없음,승용,0,60,경상,40.0,40.0
8425,2020071200100370,19,일요일,중앙,강원도,중상사고,0,1,0,0,차량단독 - 공작물충돌,안전운전불이행,포장 - 젖음/습기,비,단일로 - 기타,승합,0,55,상해없음,기타불명,2,0,기타불명,50.0,50.0
8426,2020071400100408,16,화요일,중앙,경상북도,경상사고,0,0,1,0,차대차 - 측면충돌,안전운전불이행,포장 - 건조,맑음,단일로 - 터널,승용,0,59,상해없음,승용,1,47,경상,50.0,50.0
8427,2020071600100004,0,목요일,중앙,경상남도,경상사고,0,0,1,0,차대차 - 추돌,안전운전불이행,포장 - 젖음/습기,맑음,단일로 - 기타,화물,0,35,상해없음,화물,0,62,경상,30.0,30.0
8428,2020071600100316,14,목요일,중앙,경상남도,중상사고,0,1,1,0,차대차 - 추돌,안전거리미확보,포장 - 건조,맑음,단일로 - 기타,승용,0,40,상해없음,승용,0,26,경상,30.0,30.0
8429,2020071800100216,12,토요일,중앙,경상남도,경상사고,0,0,8,0,차대차 - 추돌,안전거리미확보,포장 - 건조,맑음,단일로 - 기타,승용,0,58,경상,승용,0,36,경상,50.0,50.0
8430,2020072100100215,11,화요일,중앙,경상북도,경상사고,0,0,1,0,차대차 - 추돌,안전운전불이행,포장 - 건조,맑음,단일로 - 기타,승용,0,46,상해없음,승용,0,30,경상,40.0,40.0
8431,2020072100100420,17,화요일,중앙,경상남도,경상사고,0,0,6,0,차대차 - 추돌,안전운전불이행,포장 - 건조,맑음,단일로 - 기타,화물,0,67,상해없음,승용,1,52,경상,60.0,60.0
8432,2020072100100591,22,화요일,중앙,경상남도,중상사고,0,1,0,0,차대차 - 추돌,안전운전불이행,포장 - 건조,맑음,단일로 - 기타,특수,0,61,상해없음,화물,0,62,중상,,
8433,2020072300100694,23,목요일,중앙,대구광역시,경상사고,0,0,1,0,차대차 - 측면충돌,안전운전불이행,포장 - 젖음/습기,비,단일로 - 기타,승용,0,30,상해없음,승용,1,37,경상,20.0,20.0
8434,2020072600100302,16,일요일,중앙,대구광역시,경상사고,0,0,4,0,차대차 - 추돌,안전운전불이행,포장 - 건조,흐림,단일로 - 터널,승용,1,25,상해없음,승용,0,45,상해없음,20.0,20.0
8435,2020072800100212,13,화요일,중앙,경상남도,경상사고,0,0,1,0,차대차 - 추돌,안전운전불이행,포장 - 건조,맑음,단일로 - 기타,승용,0,66,상해없음,승용,0,45,경상,60.0,60.0
8436,2020072900100206,11,수요일,중앙,경상북도,경상사고,0,0,1,0,차대차 - 측면충돌,안전운전불이행,포장 - 젖음/습기,비,단일로 - 기타,화물,0,54,상해없음,화물,0,39,경상,50.0,50.0
8437,2020080100100420,17,토요일,중앙,경상북도,경상사고,0,0,2,0,차대차 - 추돌,안전운전불이행,포장 - 건조,맑음,단일로 - 터널,승용,0,22,상해없음,승용,1,49,경상,20.0,20.0
8438,2020081300100174,11,목요일,중앙,경상남도,경상사고,0,0,2,0,차대차 - 측면충돌,안전거리미확보,포장 - 건조,맑음,단일로 - 기타,승용,0,33,상해없음,승용,0,45,경상,30.0,30.0
8439,2020081400100182,10,금요일,중앙,경상북도,중상사고,0,1,5,0,차대차 - 기타,안전운전불이행,포장 - 기타,맑음,단일로 - 기타,승합,0,52,상해없음,승용,0,31,중상,50.0,50.0
8440,2020081500100315,15,토요일,중앙,경상남도,경상사고,0,0,2,0,차대차 - 기타,신호위반,포장 - 건조,맑음,단일로 - 기타,승용,0,60,상해없음,승용,0,50,경상,50.0,50.0
8441,2020082200100076,6,토요일,중앙,경상남도,중상사고,0,1,0,0,차대차 - 기타,기타,포장 - 젖음/습기,맑음,단일로 - 기타,건설기계,0,61,상해없음,승용,1,28,중상,,
8442,2020082500100008,0,화요일,중앙,경상북도,경상사고,0,0,1,0,차대차 - 추돌,안전운전불이행,포장 - 건조,맑음,단일로 - 기타,승용,0,38,상해없음,화물,0,49,경상,30.0,30.0
8443,2020082500100191,10,화요일,중앙,경상북도,경상사고,0,0,2,0,차대차 - 추돌,안전운전불이행,포장 - 건조,맑음,단일로 - 기타,승용,1,33,상해없음,승용,0,53,경상,30.0,30.0
8444,2020082500100571,20,화요일,중앙,경상북도,경상사고,0,0,1,0,차대차 - 기타,기타,포장 - 건조,맑음,단일로 - 기타,화물,0,57,상해없음,승용,0,42,경상,50.0,50.0
8445,2020082700100031,4,목요일,중앙,경상남도,중상사고,0,1,0,0,차대차 - 추돌,안전운전불이행,포장 - 젖음/습기,맑음,단일로 - 기타,승용,0,31,상해없음,승용,1,57,중상,,
8446,2020083000100067,6,일요일,중앙,경상북도,중상사고,0,1,1,0,차대차 - 추돌,안전운전불이행,포장 - 건조,맑음,단일로 - 기타,화물,0,60,상해없음,화물,0,49,경상,50.0,50.0
8447,2020083000100267,16,일요일,중앙,경상북도,중상사고,0,1,0,0,차량단독 - 기타,안전운전불이행,포장 - 젖음/습기,비,단일로 - 기타,승용,0,60,상해없음,기타불명,2,0,기타불명,50.0,50.0
8448,2020090200100476,21,수요일,중앙,경상남도,경상사고,0,0,3,0,차대차 - 추돌,안전운전불이행,포장 - 서리/결빙,비,단일로 - 기타,승용,0,45,상해없음,승용,0,36,경상,40.0,40.0
8449,2020090700100579,23,월요일,중앙,경상북도,중상사고,0,2,0,0,차대차 - 기타,안전운전불이행,포장 - 건조,맑음,단일로 - 기타,승용,0,21,중상,승용,0,37,기타불명,20.0,20.0
8450,2020090900100533,22,수요일,중앙,경상북도,경상사고,0,0,3,0,차대차 - 추돌,안전운전불이행,포장 - 건조,맑음,단일로 - 기타,승용,0,51,상해없음,승용,0,57,경상,,
8451,2020091000100168,11,목요일,중앙,대구광역시,경상사고,0,0,1,0,차대차 - 추돌,안전운전불이행,포장 - 건조,맑음,단일로 - 기타,화물,0,40,상해없음,승용,1,62,경상,30.0,30.0
8452,2020091300100279,15,일요일,중앙,경상북도,경상사고,0,0,3,0,차대차 - 추돌,안전운전불이행,포장 - 건조,맑음,단일로 - 기타,승용,0,28,상해없음,승용,1,39,경상,20.0,20.0
8453,2020091300100382,18,일요일,중앙,강원도,경상사고,0,0,2,0,차대차 - 기타,신호위반,포장 - 건조,맑음,단일로 - 기타,승용,1,51,상해없음,승용,0,33,경상,,
8454,2020091400100408,16,월요일,중앙,경상북도,경상사고,0,0,1,0,차대차 - 추돌,안전운전불이행,포장 - 건조,맑음,단일로 - 기타,승용,0,53,상해없음,승용,1,61,경상,50.0,50.0
8455,2020091500100247,13,화요일,중앙,경상남도,경상사고,0,0,1,0,차대차 - 기타,안전운전불이행,포장 - 건조,맑음,단일로 - 기타,건설기계,0,71,상해없음,화물,0,36,경상,70.0,70.0
8456,2020091600100460,19,수요일,중앙,경상남도,사망사고,1,2,1,0,차대차 - 추돌,과속,포장 - 건조,맑음,단일로 - 기타,승용,0,54,중상,화물,0,46,경상,50.0,50.0
8457,2020091900100339,13,토요일,중앙,대구광역시,경상사고,0,0,1,0,차대차 - 추돌,안전운전불이행,포장 - 건조,맑음,단일로 - 터널,승용,0,81,상해없음,승용,0,38,경상,70.0,70.0
8458,2020092200100443,16,화요일,중앙,경상남도,경상사고,0,0,1,0,차대차 - 기타,안전거리미확보,포장 - 건조,맑음,단일로 - 기타,승용,1,41,상해없음,승용,0,27,상해없음,,
8459,2020092400100231,11,목요일,중앙,경상북도,경상사고,0,0,4,0,차대차 - 기타,안전운전불이행,포장 - 건조,맑음,단일로 - 기타,승용,0,57,상해없음,승용,0,54,경상,50.0,50.0
8460,2020092400100440,17,목요일,중앙,강원도,중상사고,0,1,0,0,차대차 - 기타,안전운전불이행,포장 - 건조,맑음,단일로 - 기타,승용,1,67,상해없음,승용,0,54,상해없음,60.0,60.0
8461,2020092600100053,4,토요일,중앙,강원도,경상사고,0,0,2,0,차대차 - 추돌,안전운전불이행,포장 - 건조,기타,단일로 - 기타,승용,1,43,상해없음,승용,0,56,경상,40.0,40.0
8462,2020092700100395,17,일요일,중앙,경상북도,경상사고,0,0,2,0,차대차 - 기타,안전운전불이행,포장 - 건조,맑음,단일로 - 기타,승용,0,63,상해없음,승용,0,37,경상,60.0,60.0
8463,2020092700100530,22,일요일,중앙,경상남도,경상사고,0,0,1,0,차대차 - 측면충돌,안전거리미확보,포장 - 건조,맑음,단일로 - 기타,승용,0,62,상해없음,승용,0,60,경상,60.0,60.0
8464,2020092800100054,7,월요일,중앙,경상남도,경상사고,0,0,2,0,차대차 - 추돌,안전거리미확보,포장 - 건조,맑음,단일로 - 기타,화물,0,63,상해없음,화물,0,55,경상,60.0,60.0
8465,2020092900100540,17,화요일,중앙,부산광역시,경상사고,0,0,2,0,차대차 - 측면충돌,안전운전불이행,포장 - 건조,맑음,단일로 - 기타,승용,0,32,상해없음,승용,0,56,경상,30.0,30.0
8466,2020093000100282,14,수요일,중앙,경상북도,경상사고,0,0,2,0,차대차 - 기타,안전운전불이행,포장 - 건조,맑음,주차장 - 주차장,승용,0,49,상해없음,승용,0,28,경상,40.0,40.0
8467,2020100200100242,17,금요일,중앙,경상남도,경상사고,0,0,3,0,차대차 - 추돌,안전거리미확보,포장 - 건조,맑음,단일로 - 기타,승용,1,27,경상,승용,0,44,상해없음,20.0,20.0
8468,2020100200100285,18,금요일,중앙,경상북도,경상사고,0,0,5,0,차대차 - 추돌,안전거리미확보,포장 - 건조,맑음,단일로 - 터널,승용,1,27,상해없음,승용,0,35,경상,20.0,20.0
8469,2020100300100323,18,토요일,중앙,경상남도,사망사고,1,0,0,0,차대차 - 기타,안전운전불이행,포장 - 건조,맑음,단일로 - 기타,승용,1,63,상해없음,승용,0,50,상해없음,60.0,60.0
8470,2020100600100489,18,화요일,중앙,경상남도,사망사고,1,2,0,0,차량단독 - 전도전복 - 전복,안전운전불이행,포장 - 젖음/습기,비,단일로 - 기타,화물,0,61,사망,기타불명,2,0,기타불명,,
8471,2020100800100625,19,목요일,중앙,강원도,중상사고,0,1,0,0,차대사람 - 기타,안전운전불이행,포장 - 건조,맑음,단일로 - 터널,승용,0,56,상해없음,보행자,0,29,중상,50.0,50.0
8472,2020100900100468,19,금요일,중앙,경상남도,중상사고,0,1,2,0,차대차 - 기타,안전거리미확보,포장 - 건조,맑음,단일로 - 기타,기타불명,2,0,기타불명,승용,0,61,중상,20.0,20.0
8473,2020101100100251,15,일요일,중앙,강원도,경상사고,0,0,2,0,차대차 - 기타,안전운전불이행,포장 - 건조,맑음,단일로 - 기타,승용,0,26,경상,승용,0,59,경상,20.0,20.0
8474,2020101600100046,5,금요일,중앙,경상북도,사망사고,1,0,2,0,차대차 - 측면충돌,안전운전불이행,포장 - 건조,맑음,단일로 - 기타,화물,0,54,기타불명,승용,0,43,사망,50.0,50.0
8475,2020101600100053,6,금요일,중앙,경상남도,경상사고,0,0,1,0,차대차 - 기타,안전거리미확보,포장 - 건조,맑음,단일로 - 기타,화물,0,59,상해없음,승용,0,66,경상,50.0,50.0
8476,2020101700100214,11,토요일,중앙,경상북도,경상사고,0,0,2,0,차대차 - 측면충돌,안전운전불이행,포장 - 건조,맑음,단일로 - 기타,화물,0,46,상해없음,승용,0,68,상해없음,40.0,40.0
8477,2020101700100299,13,토요일,중앙,경상남도,중상사고,0,2,0,1,차대차 - 기타,안전운전불이행,포장 - 건조,맑음,단일로 - 기타,승용,1,25,상해없음,승용,0,33,중상,20.0,20.0
8478,2020101700100361,14,토요일,중앙,경상북도,부상신고사고,0,0,0,2,차대차 - 측면충돌,안전운전불이행,포장 - 건조,맑음,단일로 - 기타,승용,0,55,상해없음,승용,0,49,부상신고,50.0,50.0
8479,2020102100100159,9,수요일,중앙,부산광역시,경상사고,0,0,2,0,차대차 - 기타,안전운전불이행,포장 - 건조,맑음,단일로 - 고가도로위,화물,0,60,상해없음,승합,0,57,경상,50.0,50.0
8480,2020102600100570,18,월요일,중앙,대구광역시,중상사고,0,3,4,0,차대차 - 추돌,안전운전불이행,포장 - 건조,맑음,단일로 - 기타,승용,1,54,상해없음,화물,0,64,경상,50.0,50.0
8481,2020103000100058,5,금요일,중앙,경상북도,경상사고,0,0,1,0,차대차 - 측면충돌,신호위반,포장 - 건조,맑음,단일로 - 기타,특수,0,32,상해없음,승용,1,29,경상,30.0,30.0
8482,2020103000100291,12,금요일,중앙,경상북도,경상사고,0,0,3,0,차대차 - 추돌,안전운전불이행,포장 - 건조,맑음,단일로 - 기타,승용,0,60,상해없음,특수,0,60,경상,50.0,50.0
8483,2020103000100369,14,금요일,중앙,충청북도,경상사고,0,0,1,0,차대차 - 기타,안전거리미확보,포장 - 건조,맑음,단일로 - 지하차도(도로)내,승용,0,58,상해없음,승용,0,39,경상,50.0,50.0
8484,2020103000100594,18,금요일,중앙,대구광역시,경상사고,0,0,1,0,차대차 - 측면충돌,안전운전불이행,포장 - 건조,맑음,단일로 - 기타,승용,0,57,상해없음,승용,0,59,경상,50.0,50.0
8485,2020103000100651,19,금요일,중앙,경상북도,경상사고,0,0,1,0,차대차 - 추돌,안전운전불이행,포장 - 건조,맑음,단일로 - 기타,화물,0,59,상해없음,승용,0,20,경상,50.0,50.0
8486,2020110400100113,8,수요일,중앙,강원도,사망사고,1,2,0,0,차대차 - 추돌,안전운전불이행,포장 - 건조,맑음,단일로 - 기타,화물,0,61,사망,화물,0,63,중상,,
8487,2020110800100089,8,일요일,중앙,강원도,경상사고,0,0,2,0,차대차 - 추돌,안전운전불이행,포장 - 건조,맑음,단일로 - 기타,승용,0,77,상해없음,승용,1,43,경상,70.0,70.0
8488,2020110800100559,23,일요일,중앙,경상북도,경상사고,0,0,1,0,차대차 - 측면충돌,안전운전불이행,포장 - 건조,맑음,단일로 - 기타,화물,0,42,상해없음,승용,0,26,경상,40.0,40.0
8489,2020111000100656,20,화요일,중앙,충청북도,경상사고,0,0,4,0,차대차 - 측면충돌,안전운전불이행,포장 - 건조,맑음,단일로 - 기타,승용,0,41,경상,승용,0,55,상해없음,,
8490,2020111300100179,10,금요일,중앙,부산광역시,중상사고,0,1,1,1,차대차 - 추돌,안전거리미확보,포장 - 건조,맑음,단일로 - 기타,화물,0,46,상해없음,화물,0,48,경상,40.0,40.0
8491,2020111300100180,10,금요일,중앙,경상남도,경상사고,0,0,1,0,차대차 - 기타,안전거리미확보,포장 - 건조,맑음,단일로 - 기타,승용,0,60,상해없음,승용,0,58,상해없음,50.0,50.0
8492,2020111500100298,17,일요일,중앙,충청북도,중상사고,0,1,1,0,차대차 - 추돌,안전거리미확보,포장 - 건조,맑음,단일로 - 기타,승용,0,55,중상,승용,0,30,상해없음,50.0,50.0
8493,2020111700100410,17,화요일,중앙,강원도,경상사고,0,0,1,0,차대차 - 기타,안전운전불이행,포장 - 건조,맑음,단일로 - 기타,화물,0,61,상해없음,승용,0,33,경상,,
8494,2020112100100420,17,토요일,중앙,충청북도,경상사고,0,0,3,0,차대차 - 추돌,안전운전불이행,포장 - 건조,맑음,단일로 - 기타,화물,0,63,경상,화물,0,59,상해없음,60.0,60.0
8495,2020112100100464,18,토요일,중앙,경상북도,중상사고,0,1,0,0,차대사람 - 기타,안전운전불이행,포장 - 건조,맑음,단일로 - 기타,승용,0,39,상해없음,보행자,0,66,중상,30.0,30.0
8496,2020112200100100,8,일요일,중앙,강원도,사망사고,1,0,0,1,차대차 - 측면충돌,기타,포장 - 젖음/습기,비,단일로 - 교량,화물,0,59,사망,승용,0,52,부상신고,50.0,50.0
8497,2020112300100031,5,월요일,중앙,경상남도,경상사고,0,0,1,0,차대차 - 측면충돌,신호위반,포장 - 건조,맑음,단일로 - 기타,특수,0,60,상해없음,승용,0,29,경상,50.0,50.0
8498,2020112700100018,2,금요일,중앙,경상북도,사망사고,1,0,1,1,차대차 - 기타,안전운전불이행,포장 - 건조,맑음,단일로 - 기타,화물,0,54,사망,화물,0,56,경상,50.0,50.0
8499,2020113000100491,18,월요일,중앙,강원도,경상사고,0,0,2,0,차대차 - 측면충돌,안전운전불이행,포장 - 건조,맑음,단일로 - 기타,승용,0,30,상해없음,승용,0,29,경상,20.0,20.0
8500,2020120400100154,9,금요일,중앙,대구광역시,경상사고,0,0,1,0,차대차 - 기타,안전거리미확보,포장 - 건조,맑음,단일로 - 기타,승용,0,68,상해없음,승용,0,48,경상,60.0,60.0
8501,2020120400100568,20,금요일,중앙,부산광역시,중상사고,0,1,0,0,차대사람 - 기타,안전운전불이행,포장 - 건조,맑음,단일로 - 기타,승용,0,27,상해없음,보행자,0,37,중상,20.0,20.0
8502,2020120600100050,6,일요일,중앙,경상남도,중상사고,0,2,0,0,차대차 - 추돌,안전운전불이행,포장 - 건조,맑음,단일로 - 기타,승용,0,23,상해없음,화물,0,56,중상,20.0,20.0
8503,2020120600100166,13,일요일,중앙,경상북도,경상사고,0,0,1,0,차대차 - 추돌,안전운전불이행,포장 - 건조,맑음,단일로 - 기타,승용,0,56,상해없음,승용,0,54,경상,50.0,50.0
8504,2020120600100194,14,일요일,중앙,경상남도,경상사고,0,0,3,0,차대차 - 측면충돌,안전운전불이행,포장 - 건조,맑음,단일로 - 기타,승용,1,27,상해없음,승용,1,47,경상,20.0,20.0
8505,2020120800100238,13,화요일,중앙,부산광역시,경상사고,0,0,1,0,차량단독 - 전도전복 - 전도,안전운전불이행,포장 - 건조,맑음,단일로 - 기타,특수,0,65,경상,기타불명,2,0,기타불명,60.0,60.0
8506,2020121000100408,19,목요일,중앙,경상남도,경상사고,0,0,1,0,차대차 - 측면충돌,안전거리미확보,포장 - 건조,맑음,단일로 - 기타,승용,0,48,상해없음,승용,0,44,경상,40.0,40.0
8507,2020121100100474,19,금요일,중앙,강원도,경상사고,0,0,1,0,차대차 - 추돌,안전운전불이행,포장 - 건조,맑음,단일로 - 기타,승용,0,25,상해없음,승용,0,28,경상,20.0,20.0
8508,2020121700100191,11,목요일,중앙,경상남도,중상사고,0,2,2,0,차대차 - 추돌,기타,포장 - 건조,맑음,단일로 - 터널,승용,0,45,상해없음,승용,1,31,상해없음,40.0,40.0
8509,2020121900100495,20,토요일,중앙,경상북도,사망사고,1,0,0,0,차대차 - 기타,안전운전불이행,포장 - 건조,맑음,단일로 - 터널,화물,0,29,상해없음,화물,0,41,사망,20.0,20.0
8510,2020122800100050,7,월요일,중앙,부산광역시,경상사고,0,0,1,0,차대차 - 추돌,안전운전불이행,포장 - 젖음/습기,맑음,단일로 - 기타,승용,0,40,상해없음,승용,0,62,경상,30.0,30.0
8511,2020123000100405,18,수요일,중앙,경상북도,중상사고,0,1,0,0,차대차 - 기타,안전운전불이행,포장 - 건조,맑음,단일로 - 기타,기타불명,2,0,기타불명,화물,0,35,상해없음,20.0,20.0
8512,2021010800100323,17,금요일,중앙,대구광역시,경상사고,0,0,1,0,차대차 - 측면충돌,안전운전불이행,-,맑음,단일로 - 기타,승용,0,22,상해없음,승용,1,28,경상,20.0,20.0
8513,2021011400100048,7,목요일,중앙,부산광역시,경상사고,0,0,1,1,차대차 - 추돌,안전운전불이행,-,맑음,단일로 - 기타,승용,0,31,상해없음,승용,0,55,경상,,
8514,2021012200100385,18,금요일,중앙,충청북도,사망사고,1,0,1,0,차대차 - 추돌,안전운전불이행,-,맑음,단일로 - 기타,승용,0,48,사망,건설기계,0,45,경상,40.0,40.0
8515,2021012200100445,19,금요일,중앙,경상남도,경상사고,0,0,1,0,차대차 - 기타,안전운전불이행,-,맑음,단일로 - 기타,화물,0,49,상해없음,승용,0,32,경상,40.0,40.0
8516,2021012300100363,18,토요일,중앙,경상북도,경상사고,0,0,1,0,차대차 - 추돌,안전운전불이행,-,맑음,단일로 - 기타,승용,0,61,상해없음,승용,0,25,경상,,
8517,2021012400100294,20,일요일,중앙,부산광역시,경상사고,0,0,1,0,차대차 - 추돌,안전거리미확보,-,맑음,단일로 - 기타,특수,0,57,상해없음,승용,1,27,경상,50.0,50.0
8518,2021020200100113,10,화요일,중앙,경상북도,경상사고,0,0,1,0,차대차 - 정면충돌,안전운전불이행,-,맑음,단일로 - 기타,승용,0,51,상해없음,승용,0,68,경상,,
8519,2021020800100173,11,월요일,중앙,경상남도,중상사고,0,2,14,0,차대차 - 추돌,안전거리미확보,-,맑음,단일로 - 기타,화물,0,57,상해없음,화물,0,43,경상,50.0,50.0
8520,2021020900100235,12,화요일,중앙,경상북도,중상사고,0,2,1,0,차대차 - 추돌,안전거리미확보,-,맑음,단일로 - 기타,화물,0,49,상해없음,화물,0,66,중상,40.0,40.0
8521,2021020900100715,22,화요일,중앙,충청북도,경상사고,0,0,1,0,차대차 - 측면충돌,안전운전불이행,-,맑음,단일로 - 기타,승용,0,47,상해없음,승용,0,22,경상,40.0,40.0
8522,2021021000100320,14,수요일,중앙,경상북도,중상사고,0,4,0,0,차대차 - 추돌,안전운전불이행,-,맑음,단일로 - 기타,승용,1,22,상해없음,승용,0,36,중상,20.0,20.0
8523,2021021000100487,18,수요일,중앙,경상남도,경상사고,0,0,1,0,차대차 - 추돌,안전운전불이행,-,맑음,단일로 - 기타,승용,0,51,상해없음,승용,0,34,경상,,
8524,2021021200100121,14,금요일,중앙,경상북도,경상사고,0,0,2,0,차대차 - 추돌,안전운전불이행,-,맑음,단일로 - 기타,승용,0,36,경상,승용,0,31,상해없음,30.0,30.0
8525,2021021900100180,11,금요일,중앙,충청북도,경상사고,0,0,3,0,차대차 - 추돌,안전운전불이행,-,맑음,단일로 - 교량,승용,0,53,경상,승용,0,56,경상,50.0,50.0
8526,2021022000100190,12,토요일,중앙,대구광역시,경상사고,0,0,1,0,차대차 - 측면충돌,안전운전불이행,-,맑음,단일로 - 기타,승용,0,63,상해없음,승용,1,28,경상,60.0,60.0