,사고번호,사고일시,요일,도로종류,시군구,사고내용,사망자수,중상자수,경상자수,부상신고자수,사고유형,법규위반,노면상태,기상상태,도로형태,가해운전자 차종,가해운전자 성별,가해운전자 연령,가해운전자 상해정도,피해운전자 차종,피해운전자 성별,피해운전자 연령,피해운전자 상해정도,연령대,가해연령대
8664,2021102100100279,14,목요일,중앙,강원도,경상사고,0,0,1,0,차대차 - 측면충돌,차로위반,-,맑음,단일로 - 기타,화물,0,56,상해없음,승용,1,49,경상,50.0,50.0
8665,2021102200100023,4,금요일,중앙,경상남도,중상사고,0,1,0,0,차대차 - 추돌,안전운전불이행,-,맑음,단일로 - 기타,화물,0,42,상해없음,화물,0,68,중상,40.0,40.0
8666,2021102300100346,15,토요일,중앙,충청북도,경상사고,0,0,1,0,차대차 - 추돌,안전운전불이행,-,맑음,단일로 - 기타,승용,0,62,상해없음,화물,0,64,경상,60.0,60.0
8667,2021102900100382,16,금요일,중앙,강원도,중상사고,0,1,0,0,차대차 - 측면충돌,안전운전불이행,-,맑음,단일로 - 기타,화물,0,32,상해없음,승용,0,74,중상,30.0,30.0
8668,2021103000100168,11,토요일,중앙,경상북도,경상사고,0,0,3,0,차대차 - 추돌,안전운전불이행,-,맑음,단일로 - 기타,승용,0,26,상해없음,승용,0,30,상해없음,20.0,20.0
8669,2021110100100189,11,월요일,중앙,경상남도,중상사고,0,1,0,0,차대차 - 측면충돌,안전운전불이행,-,맑음,단일로 - 기타,화물,0,45,상해없음,승용,1,31,중상,40.0,40.0
8670,2021110100100421,17,월요일,중앙,강원도,중상사고,0,1,0,0,차대차 - 추돌,안전운전불이행,-,맑음,단일로 - 터널,화물,0,62,상해없음,승용,1,42,중상,60.0,60.0
8671,2021110200100340,15,화요일,중앙,경상북도,중상사고,0,2,0,1,차대차 - 추돌,안전운전불이행,-,맑음,단일로 - 기타,화물,0,45,부상신고,화물,0,75,중상,40.0,40.0
8672,2021110500100394,16,금요일,중앙,대구광역시,중상사고,0,2,2,0,차대차 - 추돌,안전운전불이행,-,맑음,단일로 - 기타,승용,0,33,상해없음,승용,0,66,경상,30.0,30.0
8673,2021110800100489,18,월요일,중앙,경상남도,중상사고,0,2,0,0,차대차 - 추돌,안전운전불이행,-,맑음,단일로 - 기타,화물,0,44,중상,화물,0,59,중상,40.0,40.0
8674,2021111100100170,9,목요일,중앙,경상북도,경상사고,0,0,4,0,차대차 - 추돌,안전거리미확보,-,맑음,단일로 - 기타,화물,0,58,경상,승용,0,30,경상,50.0,50.0
8675,2021111100100238,11,목요일,중앙,경상북도,중상사고,0,1,2,0,차대차 - 추돌,안전운전불이행,-,맑음,단일로 - 터널,승합,0,55,상해없음,승용,1,66,중상,50.0,50.0
8676,2021111100100445,17,목요일,중앙,대구광역시,경상사고,0,0,1,1,차대차 - 측면충돌,안전운전불이행,-,맑음,단일로 - 기타,화물,0,63,부상신고,승용,0,34,경상,60.0,60.0
8677,2021111100100484,18,목요일,중앙,강원도,중상사고,0,1,2,0,차대차 - 추돌,차로위반,-,맑음,단일로 - 기타,승용,0,53,상해없음,승용,0,39,중상,50.0,50.0
8678,2021111200100429,17,금요일,중앙,부산광역시,경상사고,0,0,1,0,차대차 - 측면충돌,안전거리미확보,-,맑음,단일로 - 기타,승용,0,66,상해없음,승용,0,38,경상,60.0,60.0
8679,2021111700100111,8,수요일,중앙,대구광역시,중상사고,0,2,2,0,차대차 - 추돌,안전운전불이행,-,맑음,단일로 - 기타,승용,0,36,중상,승용,1,48,상해없음,30.0,30.0
8680,2021111700100597,19,수요일,중앙,대구광역시,경상사고,0,0,2,0,차대차 - 추돌,안전운전불이행,-,맑음,단일로 - 기타,화물,0,34,상해없음,승용,0,49,경상,30.0,30.0
8681,2021111800100299,14,목요일,중앙,경상북도,중상사고,0,2,2,1,차대차 - 추돌,안전운전불이행,-,맑음,단일로 - 기타,승용,0,55,상해없음,승용,0,52,중상,50.0,50.0
8682,2021111900100242,12,금요일,중앙,경상북도,중상사고,0,2,1,0,차대차 - 추돌,안전운전불이행,-,맑음,단일로 - 기타,승용,0,47,상해없음,승용,1,43,중상,40.0,40.0
8683,2021111900100439,17,금요일,중앙,강원도,경상사고,0,0,1,0,차대차 - 추돌,안전거리미확보,-,맑음,단일로 - 기타,화물,0,61,상해없음,승용,0,49,경상,,
8684,2021112000100188,11,토요일,중앙,대구광역시,중상사고,0,1,2,0,차대차 - 추돌,안전거리미확보,-,맑음,단일로 - 기타,화물,0,47,경상,승합,0,49,중상,40.0,40.0
8685,2021112600100230,11,금요일,중앙,경상남도,경상사고,0,0,3,0,차대차 - 추돌,신호위반,-,맑음,단일로 - 교량,승용,0,44,상해없음,승용,0,55,경상,40.0,40.0
8686,2021112600100572,18,금요일,중앙,경상북도,경상사고,0,0,3,0,차대차 - 추돌,안전운전불이행,-,맑음,단일로 - 기타,승용,0,57,상해없음,승용,0,61,경상,50.0,50.0
8687,2021112700100040,4,토요일,중앙,부산광역시,경상사고,0,0,1,0,차대차 - 추돌,안전운전불이행,-,맑음,단일로 - 기타,승용,0,46,상해없음,화물,0,63,경상,40.0,40.0
8688,2021112700100250,13,토요일,중앙,강원도,경상사고,0,0,3,0,차대차 - 추돌,안전거리미확보,-,맑음,단일로 - 기타,승합,0,62,상해없음,승용,0,19,경상,60.0,60.0
8689,2021120700100409,17,화요일,중앙,강원도,경상사고,0,0,2,0,차대차 - 측면충돌,안전운전불이행,-,맑음,단일로 - 터널,승용,0,23,상해없음,승용,1,49,경상,20.0,20.0
8690,2021120800100528,19,수요일,중앙,대구광역시,중상사고,0,1,2,0,차대차 - 추돌,신호위반,-,맑음,단일로 - 터널,화물,0,62,상해없음,화물,0,50,상해없음,60.0,60.0
8691,2021121000100150,9,금요일,중앙,경상북도,경상사고,0,0,1,0,차대차 - 측면충돌,안전운전불이행,-,맑음,단일로 - 기타,승용,1,58,상해없음,승용,1,61,경상,50.0,50.0
8692,2021121300100574,22,월요일,중앙,경상남도,사망사고,1,0,0,0,차대사람 - 횡단중,안전운전불이행,-,맑음,단일로 - 교량,승용,0,63,상해없음,보행자,1,59,사망,60.0,60.0
8693,2021121400100295,16,화요일,중앙,강원도,중상사고,0,2,0,0,차대차 - 측면충돌,안전거리미확보,-,맑음,단일로 - 기타,승용,0,52,상해없음,승용,1,30,중상,50.0,50.0
8694,2021121500100300,14,수요일,중앙,경상북도,중상사고,0,1,2,0,차대차 - 측면충돌,안전운전불이행,-,맑음,단일로 - 기타,화물,0,27,상해없음,화물,1,60,중상,20.0,20.0
8695,2021122400100327,16,금요일,중앙,경상북도,중상사고,0,1,2,0,차대차 - 추돌,안전운전불이행,-,맑음,단일로 - 기타,건설기계,1,45,상해없음,화물,0,59,중상,40.0,40.0
8696,2021122600100159,15,일요일,중앙,경상남도,경상사고,0,0,4,1,차대차 - 추돌,안전거리미확보,-,맑음,단일로 - 기타,승용,0,56,상해없음,승용,0,51,부상신고,50.0,50.0
8697,2021122700100081,8,월요일,중앙,대구광역시,경상사고,0,0,1,0,차대차 - 추돌,안전운전불이행,-,맑음,단일로 - 기타,승용,0,34,상해없음,승용,0,37,경상,30.0,30.0
8698,2021123000100021,3,목요일,중앙,경상북도,사망사고,1,0,0,0,차량단독 - 공작물충돌,안전운전불이행,-,맑음,단일로 - 기타,승용,0,61,사망,기타불명,2,0,기타불명,,
8699,2021123100100233,14,금요일,중앙,경상남도,경상사고,0,0,6,0,차대차 - 추돌,안전거리미확보,-,맑음,단일로 - 기타,화물,0,43,상해없음,승용,0,46,경상,40.0,40.0
8700,2019010100100261,18,화요일,중부내륙지선,대구광역시,중상사고,0,1,0,0,차대차 - 추돌,안전운전불이행,포장 - 건조,맑음,단일로 - 기타,승용,1,64,상해없음,승용,1,23,상해없음,60.0,60.0
8701,2019012800100400,14,월요일,중부내륙지선,대구광역시,중상사고,0,3,0,0,차대차 - 추돌,안전운전불이행,포장 - 건조,맑음,단일로 - 기타,화물,0,55,상해없음,승용,0,39,중상,50.0,50.0
8702,2019013000100442,18,수요일,중부내륙지선,대구광역시,중상사고,0,1,1,0,차대차 - 추돌,안전운전불이행,포장 - 건조,맑음,단일로 - 교량,승용,0,48,상해없음,승용,0,37,경상,40.0,40.0
8703,2019031400100304,13,목요일,중부내륙지선,대구광역시,중상사고,0,1,1,0,차대차 - 측면충돌,안전운전불이행,포장 - 건조,맑음,단일로 - 기타,건설기계,0,56,중상,특수,0,43,경상,50.0,50.0
8704,2019031900100241,12,화요일,중부내륙지선,대구광역시,경상사고,0,0,1,0,차대차 - 기타,안전운전불이행,포장 - 건조,맑음,교차로 - 교차로부근,승용,1,61,상해없음,화물,0,27,경상,,
8705,2019032600100558,20,화요일,중부내륙지선,대구광역시,경상사고,0,0,2,0,차대차 - 측면충돌,중앙선침범,포장 - 건조,맑음,단일로 - 기타,승용,0,50,경상,화물,0,57,경상,40.0,40.0
8706,2019032700100178,9,수요일,중부내륙지선,대구광역시,경상사고,0,0,1,0,차대차 - 측면충돌,안전운전불이행,포장 - 건조,맑음,단일로 - 기타,승용,0,57,경상,화물,0,61,상해없음,50.0,50.0
8707,2019033000100119,3,토요일,중부내륙지선,대구광역시,중상사고,0,1,3,0,차대차 - 측면충돌,안전운전불이행,포장 - 젖음/습기,비,단일로 - 기타,승용,1,31,경상,승용,0,48,경상,,
8708,2019040200100112,7,화요일,중부내륙지선,대구광역시,경상사고,0,0,5,0,차대차 - 추돌,안전거리미확보,포장 - 건조,맑음,단일로 - 기타,화물,0,38,경상,승용,0,45,경상,30.0,30.0
8709,2019041900100287,12,금요일,중부내륙지선,대구광역시,경상사고,0,0,2,0,차대차 - 추돌,안전운전불이행,포장 - 건조,맑음,단일로 - 기타,화물,0,48,경상,화물,0,45,경상,40.0,40.0
8710,2019041900100431,16,금요일,중부내륙지선,대구광역시,경상사고,0,0,2,0,차대차 - 측면충돌,안전거리미확보,포장 - 건조,맑음,단일로 - 기타,승합,0,55,상해없음,승용,0,30,경상,50.0,50.0
8711,2019042000100524,18,토요일,중부내륙지선,대구광역시,중상사고,0,2,0,0,차대차 - 측면충돌,안전운전불이행,포장 - 건조,맑음,단일로 - 기타,승용,0,52,중상,승용,1,23,중상,50.0,50.0
8712,2019050900100594,20,목요일,중부내륙지선,대구광역시,중상사고,0,1,2,0,차대차 - 기타,안전운전불이행,포장 - 건조,맑음,교차로 - 교차로부근,승용,0,63,중상,승용,0,43,경상,60.0,60.0
8713,2019060400100488,17,화요일,중부내륙지선,대구광역시,경상사고,0,0,1,0,차대차 - 추돌,안전거리미확보,포장 - 건조,맑음,단일로 - 기타,승용,0,59,상해없음,승용,0,37,경상,50.0,50.0
8714,2019060400100611,20,화요일,중부내륙지선,대구광역시,사망사고,1,0,0,0,차대차 - 기타,안전운전불이행,포장 - 건조,맑음,단일로 - 기타,화물,0,38,상해없음,승용,0,30,사망,30.0,30.0
8715,2019060400100669,22,화요일,중부내륙지선,대구광역시,경상사고,0,0,1,0,차대차 - 기타,안전운전불이행,포장 - 건조,맑음,단일로 - 기타,기타불명,2,0,기타불명,승용,1,48,경상,20.0,20.0
8716,2019060700100387,15,금요일,중부내륙지선,대구광역시,경상사고,0,0,4,0,차대차 - 측면충돌,차로위반,포장 - 건조,맑음,단일로 - 기타,특수,0,43,상해없음,승용,1,44,경상,40.0,40.0
8717,2019062400100099,7,월요일,중부내륙지선,대구광역시,경상사고,0,0,7,0,차대차 - 추돌,안전거리미확보,포장 - 건조,맑음,단일로 - 터널,승용,0,34,경상,승용,0,52,상해없음,30.0,30.0
8718,2019070100100192,9,월요일,중부내륙지선,대구광역시,경상사고,0,0,1,0,차대차 - 측면충돌,안전운전불이행,포장 - 건조,맑음,단일로 - 기타,화물,0,42,상해없음,승용,1,28,경상,40.0,40.0
8719,2019070600100233,10,토요일,중부내륙지선,대구광역시,경상사고,0,0,1,0,차대차 - 측면충돌,안전운전불이행,포장 - 건조,맑음,단일로 - 기타,승용,0,52,상해없음,승용,0,61,경상,50.0,50.0
8720,2019070700100346,16,일요일,중부내륙지선,대구광역시,경상사고,0,0,8,0,차대차 - 측면충돌,안전운전불이행,포장 - 건조,맑음,단일로 - 기타,승용,0,65,기타불명,승합,0,34,경상,60.0,60.0
8721,2019070800100095,7,월요일,중부내륙지선,대구광역시,경상사고,0,0,2,0,차대차 - 측면충돌,안전거리미확보,포장 - 건조,맑음,단일로 - 기타,승용,0,42,상해없음,화물,0,46,경상,40.0,40.0
8722,2019071200100307,12,금요일,중부내륙지선,대구광역시,경상사고,0,0,1,1,차대차 - 추돌,안전운전불이행,포장 - 건조,맑음,단일로 - 기타,승용,0,47,부상신고,화물,1,59,경상,40.0,40.0
8723,2019072900100119,8,월요일,중부내륙지선,대구광역시,경상사고,0,0,1,0,차대차 - 기타,안전운전불이행,포장 - 건조,맑음,단일로 - 기타,화물,0,57,상해없음,승용,1,46,경상,50.0,50.0
8724,2019080900100455,16,금요일,중부내륙지선,대구광역시,경상사고,0,0,1,0,차대차 - 측면충돌,안전거리미확보,포장 - 건조,맑음,단일로 - 기타,승합,0,53,상해없음,승용,0,59,상해없음,50.0,50.0
8725,2019081900100270,12,월요일,중부내륙지선,대구광역시,경상사고,0,0,1,0,차대차 - 측면충돌,안전운전불이행,포장 - 건조,맑음,단일로 - 기타,화물,0,44,상해없음,승용,0,50,상해없음,40.0,40.0
8726,2019082000100460,17,화요일,중부내륙지선,대구광역시,경상사고,0,0,1,0,차대차 - 기타,안전운전불이행,포장 - 건조,맑음,단일로 - 기타,화물,0,49,상해없음,화물,0,51,경상,40.0,40.0
8727,2019082600100129,7,월요일,중부내륙지선,대구광역시,경상사고,0,0,1,0,차대차 - 측면충돌,안전운전불이행,포장 - 건조,맑음,단일로 - 기타,승합,0,31,상해없음,승용,0,38,경상,,
8728,2019092500100542,18,수요일,중부내륙지선,대구광역시,중상사고,0,1,2,0,차대차 - 추돌,안전운전불이행,포장 - 건조,맑음,단일로 - 기타,승용,1,49,상해없음,승용,0,44,경상,40.0,40.0
8729,2019102000100290,14,일요일,중부내륙지선,대구광역시,경상사고,0,0,2,0,차대차 - 기타,안전운전불이행,포장 - 건조,맑음,단일로 - 기타,승용,1,61,상해없음,승용,0,39,경상,,
8730,2019102100100099,7,월요일,중부내륙지선,대구광역시,경상사고,0,0,1,0,차대차 - 기타,안전운전불이행,포장 - 건조,맑음,단일로 - 기타,승합,0,59,상해없음,승용,0,42,경상,50.0,50.0
8731,2019110100100724,20,금요일,중부내륙지선,대구광역시,경상사고,0,0,2,0,차대차 - 기타,안전운전불이행,포장 - 건조,맑음,단일로 - 기타,승용,0,34,상해없음,승용,0,32,경상,30.0,30.0
8732,2019110400100675,19,월요일,중부내륙지선,대구광역시,경상사고,0,0,1,0,차대차 - 기타,안전운전불이행,포장 - 건조,맑음,단일로 - 기타,승용,1,35,상해없음,승용,1,53,경상,30.0,30.0
8733,2019110800100645,18,금요일,중부내륙지선,대구광역시,경상사고,0,0,1,0,차대차 - 추돌,안전운전불이행,포장 - 건조,맑음,단일로 - 기타,화물,0,69,상해없음,화물,0,51,경상,60.0,60.0
8734,2019111300100087,6,수요일,중부내륙지선,대구광역시,경상사고,0,0,1,0,차대차 - 추돌,안전운전불이행,포장 - 건조,맑음,단일로 - 기타,승용,1,56,경상,승합,0,47,상해없음,50.0,50.0
8735,2019112100100526,17,목요일,중부내륙지선,대구광역시,경상사고,0,0,1,0,차대차 - 측면충돌,안전운전불이행,포장 - 건조,맑음,단일로 - 기타,승용,0,59,상해없음,승용,0,28,경상,50.0,50.0
8736,2019112500100044,1,월요일,중부내륙지선,대구광역시,중상사고,0,1,2,0,차대차 - 추돌,안전운전불이행,포장 - 건조,맑음,단일로 - 기타,승용,0,35,상해없음,화물,0,41,경상,30.0,30.0
8737,2019112900100507,16,금요일,중부내륙지선,대구광역시,경상사고,0,0,1,0,차대차 - 추돌,안전운전불이행,포장 - 건조,맑음,단일로 - 기타,승용,0,36,상해없음,화물,0,42,경상,30.0,30.0
8738,2019120500100579,19,목요일,중부내륙지선,대구광역시,경상사고,0,0,1,0,차대차 - 측면충돌,안전운전불이행,포장 - 건조,맑음,단일로 - 기타,화물,0,47,상해없음,승용,0,32,경상,40.0,40.0
8739,2019121100100123,7,수요일,중부내륙지선,대구광역시,경상사고,0,0,1,0,차대차 - 추돌,안전운전불이행,포장 - 건조,맑음,단일로 - 기타,승용,0,27,상해없음,화물,0,44,경상,20.0,20.0
8740,2019121500100507,21,일요일,중부내륙지선,대구광역시,경상사고,0,0,2,0,차대차 - 측면충돌,안전운전불이행,포장 - 건조,맑음,단일로 - 기타,화물,0,50,상해없음,승용,0,28,경상,40.0,40.0
8741,2019121800100100,7,수요일,중부내륙지선,대구광역시,경상사고,0,0,3,0,차대차 - 추돌,안전운전불이행,포장 - 건조,맑음,단일로 - 기타,화물,0,62,경상,승용,0,44,경상,60.0,60.0
8742,2019122100100303,13,토요일,중부내륙지선,대구광역시,경상사고,0,0,1,1,차대차 - 측면충돌,안전운전불이행,포장 - 건조,맑음,단일로 - 기타,승용,0,70,상해없음,승용,0,36,경상,60.0,60.0
8743,2019122600100184,10,목요일,중부내륙지선,대구광역시,중상사고,0,1,0,0,차대차 - 기타,기타,포장 - 건조,맑음,단일로 - 기타,기타불명,2,0,기타불명,화물,0,61,중상,20.0,20.0
8744,2019123100100475,18,화요일,중부내륙지선,대구광역시,중상사고,0,1,0,0,차대차 - 측면충돌,안전운전불이행,포장 - 건조,맑음,단일로 - 기타,승용,0,46,상해없음,승용,1,58,중상,40.0,40.0
8745,2020010600100006,0,월요일,중부내륙지선,대구광역시,중상사고,0,1,5,0,차대차 - 추돌,안전운전불이행,포장 - 건조,맑음,단일로 - 기타,화물,0,45,상해없음,승용,0,41,경상,40.0,40.0
8746,2020011000100477,18,금요일,중부내륙지선,대구광역시,중상사고,0,1,0,0,차대차 - 기타,신호위반,포장 - 건조,맑음,단일로 - 기타,승용,1,41,상해없음,승용,1,32,중상,,
8747,2020011100100356,16,토요일,중부내륙지선,대구광역시,경상사고,0,0,1,0,차대차 - 측면충돌,안전운전불이행,포장 - 건조,맑음,단일로 - 기타,화물,0,34,상해없음,승용,0,48,경상,30.0,30.0
8748,2020011300100060,7,월요일,중부내륙지선,대구광역시,경상사고,0,0,1,0,차대차 - 기타,안전운전불이행,포장 - 건조,맑음,단일로 - 기타,건설기계,0,51,상해없음,승합,0,54,경상,,
8749,2020011900100027,1,일요일,중부내륙지선,대구광역시,경상사고,0,0,2,0,차대차 - 기타,중앙선침범,포장 - 건조,맑음,단일로 - 기타,승용,0,46,상해없음,승용,1,42,경상,40.0,40.0
8750,2020012200100445,17,수요일,중부내륙지선,대구광역시,경상사고,0,0,1,0,차대차 - 기타,안전운전불이행,포장 - 젖음/습기,비,단일로 - 교량,승용,0,40,상해없음,승용,0,32,경상,30.0,30.0
8751,2020020600100071,6,목요일,중부내륙지선,대구광역시,경상사고,0,0,1,0,차대차 - 측면충돌,안전운전불이행,포장 - 건조,맑음,단일로 - 기타,기타불명,2,0,기타불명,화물,0,25,경상,20.0,20.0
8752,2020040200100558,22,목요일,중부내륙지선,대구광역시,경상사고,0,0,1,0,차대차 - 기타,안전운전불이행,포장 - 건조,맑음,단일로 - 기타,승용,0,36,상해없음,승용,0,43,경상,30.0,30.0
8753,2020040600100160,10,월요일,중부내륙지선,대구광역시,경상사고,0,0,1,0,차대차 - 측면충돌,안전운전불이행,포장 - 건조,맑음,단일로 - 기타,승용,1,55,상해없음,화물,0,56,경상,50.0,50.0
8754,2020040900100049,6,목요일,중부내륙지선,대구광역시,경상사고,0,0,1,0,차대차 - 기타,안전운전불이행,포장 - 건조,맑음,주차장 - 주차장,승용,0,28,상해없음,승용,0,27,경상,20.0,20.0
8755,2020041700100168,11,금요일,중부내륙지선,대구광역시,경상사고,0,0,2,0,차대차 - 기타,안전운전불이행,포장 - 젖음/습기,비,단일로 - 기타,승용,0,19,상해없음,승용,1,36,경상,20.0,20.0
8756,2020050700100293,12,목요일,중부내륙지선,대구광역시,경상사고,0,0,1,0,차대차 - 측면충돌,안전운전불이행,포장 - 건조,맑음,단일로 - 기타,화물,0,63,상해없음,승용,0,34,경상,60.0,60.0
8757,2020050800100063,7,금요일,중부내륙지선,대구광역시,경상사고,0,0,3,0,차대차 - 기타,안전운전불이행,포장 - 건조,맑음,단일로 - 기타,승용,1,49,상해없음,화물,0,62,경상,40.0,40.0
8758,2020052100100449,17,목요일,중부내륙지선,대구광역시,경상사고,0,0,4,0,차대차 - 기타,안전운전불이행,포장 - 건조,맑음,단일로 - 기타,화물,0,30,기타불명,승용,1,66,경상,20.0,20.0
8759,2020052700100081,7,수요일,중부내륙지선,대구광역시,중상사고,0,1,0,0,차대차 - 측면충돌,안전거리미확보,포장 - 건조,맑음,단일로 - 기타,화물,0,46,상해없음,승용,0,35,중상,40.0,40.0
8760,2020052800100223,11,목요일,중부내륙지선,대구광역시,경상사고,0,0,1,0,차대차 - 추돌,안전운전불이행,포장 - 건조,맑음,단일로 - 기타,승합,0,44,상해없음,승용,0,68,경상,40.0,40.0
8761,2020060200100422,16,화요일,중부내륙지선,대구광역시,경상사고,0,0,1,0,차대차 - 기타,안전운전불이행,포장 - 건조,맑음,단일로 - 기타,승용,0,76,상해없음,승용,0,32,경상,70.0,70.0
8762,2020060900100083,7,화요일,중부내륙지선,대구광역시,경상사고,0,0,2,0,차대차 - 측면충돌,안전운전불이행,포장 - 건조,맑음,단일로 - 기타,건설기계,0,41,상해없음,승용,0,51,경상,,
8763,2020061200100237,11,금요일,중부내륙지선,대구광역시,중상사고,0,1,0,0,차대차 - 측면충돌,안전운전불이행,포장 - 건조,맑음,단일로 - 기타,승용,0,49,상해없음,특수,0,43,중상,40.0,40.0
8764,2020062300100476,17,화요일,중부내륙지선,대구광역시,경상사고,0,0,1,0,차대차 - 기타,안전운전불이행,포장 - 건조,맑음,단일로 - 기타,승용,0,40,상해없음,승용,1,31,경상,30.0,30.0
8765,2020062600100537,18,금요일,중부내륙지선,대구광역시,경상사고,0,0,1,0,차대차 - 측면충돌,안전운전불이행,포장 - 건조,맑음,단일로 - 기타,승용,0,68,상해없음,승용,0,26,경상,60.0,60.0
8766,2020070200100114,8,목요일,중부내륙지선,대구광역시,경상사고,0,0,1,0,차대차 - 기타,안전운전불이행,포장 - 건조,맑음,단일로 - 기타,특수,0,52,상해없음,승용,1,36,경상,50.0,50.0
8767,2020072300100603,21,목요일,중부내륙지선,대구광역시,경상사고,0,0,4,0,차대차 - 측면충돌,안전운전불이행,포장 - 젖음/습기,비,단일로 - 기타,승용,0,41,상해없음,승용,0,49,경상,,
8768,2020072700100107,8,월요일,중부내륙지선,대구광역시,중상사고,0,1,0,0,차대차 - 추돌,안전운전불이행,포장 - 건조,맑음,단일로 - 터널,화물,0,61,중상,화물,0,58,상해없음,,
8769,2020073000100443,18,목요일,중부내륙지선,대구광역시,중상사고,0,1,0,0,차대차 - 기타,안전운전불이행,포장 - 건조,맑음,단일로 - 기타,승용,0,38,상해없음,화물,0,61,상해없음,30.0,30.0
8770,2020080100100093,7,토요일,중부내륙지선,대구광역시,경상사고,0,0,1,0,차대차 - 측면충돌,안전운전불이행,포장 - 젖음/습기,흐림,단일로 - 기타,승용,0,41,상해없음,승용,0,49,경상,,
8771,2020080700100336,15,금요일,중부내륙지선,대구광역시,경상사고,0,0,5,0,차대차 - 기타,안전운전불이행,포장 - 젖음/습기,비,단일로 - 기타,특수,0,50,상해없음,승용,0,22,경상,40.0,40.0
8772,2020081000100121,9,월요일,중부내륙지선,대구광역시,중상사고,0,1,0,0,차대차 - 추돌,안전운전불이행,포장 - 젖음/습기,비,단일로 - 기타,화물,0,62,상해없음,승용,0,38,중상,60.0,60.0
8773,2020082000100611,22,목요일,중부내륙지선,대구광역시,중상사고,0,2,0,0,차대차 - 측면충돌,안전운전불이행,포장 - 건조,맑음,단일로 - 기타,승용,0,40,상해없음,승용,0,25,중상,30.0,30.0
8774,2020090100100047,6,화요일,중부내륙지선,대구광역시,경상사고,0,0,2,0,차대차 - 기타,기타,포장 - 건조,맑음,단일로 - 기타,건설기계,0,52,상해없음,화물,0,75,경상,50.0,50.0
8775,2020090700100578,23,월요일,중부내륙지선,대구광역시,중상사고,0,1,0,0,차대차 - 기타,안전운전불이행,포장 - 건조,맑음,단일로 - 기타,승용,0,31,상해없음,화물,0,57,중상,,
8776,2020091100100494,19,금요일,중부내륙지선,대구광역시,중상사고,0,3,0,0,차대차 - 기타,안전운전불이행,포장 - 젖음/습기,비,단일로 - 기타,화물,0,46,상해없음,화물,0,60,중상,40.0,40.0
8777,2020091900100615,19,토요일,중부내륙지선,대구광역시,경상사고,0,0,2,0,차대차 - 추돌,안전운전불이행,포장 - 건조,맑음,단일로 - 기타,승용,0,47,상해없음,승용,0,49,경상,40.0,40.0
8778,2020092400100511,18,목요일,중부내륙지선,대구광역시,경상사고,0,0,1,0,차대차 - 기타,안전운전불이행,포장 - 건조,맑음,단일로 - 기타,화물,0,40,상해없음,승용,0,49,경상,30.0,30.0
8779,2020092500100057,5,금요일,중부내륙지선,대구광역시,중상사고,0,1,1,0,차대차 - 기타,안전운전불이행,포장 - 건조,맑음,단일로 - 기타,화물,0,69,중상,화물,0,44,경상,60.0,60.0
8780,2020092800100067,7,월요일,중부내륙지선,대구광역시,중상사고,0,2,1,0,차대차 - 추돌,안전운전불이행,포장 - 건조,맑음,단일로 - 기타,승용,0,68,상해없음,승용,1,46,중상,60.0,60.0
8781,2020102000100220,11,화요일,중부내륙지선,대구광역시,중상사고,0,1,0,0,차대차 - 측면충돌,안전운전불이행,포장 - 건조,맑음,단일로 - 기타,화물,0,42,상해없음,승용,1,59,중상,40.0,40.0
8782,2020102200100190,10,목요일,중부내륙지선,대구광역시,경상사고,0,0,4,0,차대차 - 측면충돌,안전운전불이행,포장 - 건조,맑음,단일로 - 기타,화물,0,57,상해없음,승용,0,63,경상,50.0,50.0
8783,2020102800100350,14,수요일,중부내륙지선,대구광역시,경상사고,0,0,2,0,차대차 - 측면충돌,안전운전불이행,포장 - 건조,맑음,단일로 - 기타,승용,0,51,상해없음,승용,0,41,경상,,
8784,2020103100100141,9,토요일,중부내륙지선,대구광역시,경상사고,0,0,2,0,차대차 - 추돌,안전운전불이행,포장 - 건조,맑음,단일로 - 기타,특수,0,62,상해없음,승용,1,46,경상,60.0,60.0
8785,2020110400100221,10,수요일,중부내륙지선,대구광역시,경상사고,0,0,2,0,차대차 - 기타,안전운전불이행,포장 - 건조,맑음,단일로 - 기타,승용,0,38,경상,승용,1,48,경상,30.0,30.0
8786,2020110800100109,9,일요일,중부내륙지선,대구광역시,경상사고,0,0,2,0,차대차 - 측면충돌,안전운전불이행,포장 - 건조,맑음,단일로 - 기타,승용,0,55,상해없음,승용,0,30,경상,50.0,50.0
8787,2020110800100442,18,일요일,중부내륙지선,대구광역시,경상사고,0,0,3,0,차대차 - 추돌,안전거리미확보,포장 - 건조,맑음,단일로 - 기타,화물,0,71,상해없음,승용,1,39,경상,70.0,70.0
8788,2020120400100499,18,금요일,중부내륙지선,대구광역시,중상사고,0,3,2,0,차대차 - 기타,안전운전불이행,포장 - 건조,맑음,단일로 - 기타,승용,1,29,경상,승용,0,51,중상,20.0,20.0
8789,2020120700100117,9,월요일,중부내륙지선,대구광역시,경상사고,0,0,1,0,차대차 - 기타,안전운전불이행,포장 - 건조,맑음,단일로 - 기타,화물,0,57,상해없음,승용,0,51,경상,50.0,50.0
8790,2020121800100414,17,금요일,중부내륙지선,대구광역시,경상사고,0,0,2,0,차대차 - 측면충돌,안전운전불이행,포장 - 건조,맑음,단일로 - 기타,승용,0,20,상해없음,특수,0,62,경상,20.0,20.0
8791,2020122800100494,19,월요일,중부내륙지선,대구광역시,경상사고,0,0,1,0,차대차 - 후진중충돌,안전운전불이행,포장 - 건조,맑음,단일로 - 기타,승용,0,27,상해없음,승용,0,30,경상,20.0,20.0