,사고번호,사고일시,요일,도로종류,시군구,사고내용,사망자수,중상자수,경상자수,부상신고자수,사고유형,법규위반,노면상태,기상상태,도로형태,가해운전자 차종,가해운전자 성별,가해운전자 연령,가해운전자 상해정도,피해운전자 차종,피해운전자 성별,피해운전자 연령,피해운전자 상해정도,연령대,가해연령대
8792,2021011300100092,8,수요일,중부내륙지선,대구광역시,경상사고,0,0,1,0,차대차 - 측면충돌,안전운전불이행,-,맑음,단일로 - 기타,승용,0,29,상해없음,승용,1,45,경상,20.0,20.0
8793,2020030700100059,5,토요일,중부내륙고속도로지선,대구광역시,경상사고,0,0,2,0,차대차 - 측면충돌,안전운전불이행,포장 - 건조,맑음,단일로 - 기타,화물,0,42,경상,승용,0,72,경상,40.0,40.0
8794,2021010200100405,21,토요일,중부내륙고속도로지선,대구광역시,중상사고,0,1,2,0,차대차 - 추돌,안전운전불이행,-,맑음,단일로 - 기타,승용,0,47,상해없음,승용,0,56,경상,40.0,40.0
8795,2021012000100206,11,수요일,중부내륙고속도로지선,대구광역시,경상사고,0,0,1,0,차대차 - 추돌,안전운전불이행,-,맑음,단일로 - 기타,화물,0,44,상해없음,건설기계,0,52,경상,40.0,40.0
8796,2021012500100081,8,월요일,중부내륙고속도로지선,대구광역시,경상사고,0,0,3,0,차대차 - 측면충돌,안전운전불이행,-,맑음,단일로 - 기타,건설기계,0,60,상해없음,승용,1,44,경상,50.0,50.0
8797,2021020200100040,7,화요일,중부내륙고속도로지선,대구광역시,경상사고,0,0,1,0,차대차 - 측면충돌,안전운전불이행,-,맑음,단일로 - 기타,승용,0,72,상해없음,화물,0,54,경상,70.0,70.0
8798,2021020600100497,22,토요일,중부내륙고속도로지선,대구광역시,사망사고,1,2,0,0,차량단독 - 전도전복 - 전복,안전운전불이행,-,맑음,단일로 - 기타,승용,0,27,중상,기타불명,2,0,기타불명,20.0,20.0
8799,2021021300100068,11,토요일,중부내륙고속도로지선,대구광역시,경상사고,0,0,4,0,차대차 - 측면충돌,안전운전불이행,-,맑음,단일로 - 기타,특수,0,54,상해없음,승용,0,44,경상,50.0,50.0
8800,2021022000100467,20,토요일,중부내륙고속도로지선,대구광역시,중상사고,0,1,0,0,차대사람 - 기타,안전운전불이행,-,맑음,단일로 - 기타,승용,0,72,상해없음,보행자,0,26,중상,70.0,70.0
8801,2021022100100251,16,일요일,중부내륙고속도로지선,대구광역시,경상사고,0,0,4,0,차대차 - 추돌,안전운전불이행,-,맑음,단일로 - 기타,승합,0,29,기타불명,승용,0,31,경상,20.0,20.0
8802,2021022300100085,8,화요일,중부내륙고속도로지선,대구광역시,경상사고,0,0,1,0,차대차 - 측면충돌,안전운전불이행,-,맑음,단일로 - 기타,건설기계,0,56,상해없음,승용,0,55,경상,50.0,50.0
8803,2021022300100140,10,화요일,중부내륙고속도로지선,대구광역시,경상사고,0,0,1,0,차대차 - 측면충돌,안전운전불이행,-,맑음,단일로 - 기타,승용,1,58,상해없음,특수,0,56,경상,50.0,50.0
8804,2021030100100099,12,월요일,중부내륙고속도로지선,대구광역시,중상사고,0,1,0,0,차대차 - 측면충돌,안전운전불이행,-,맑음,단일로 - 기타,화물,0,61,상해없음,승용,0,45,중상,,
8805,2021030400100059,7,목요일,중부내륙고속도로지선,대구광역시,경상사고,0,0,1,0,차대차 - 측면충돌,안전거리미확보,-,맑음,단일로 - 기타,화물,0,63,상해없음,승용,1,30,경상,60.0,60.0
8806,2021030600100205,13,토요일,중부내륙고속도로지선,대구광역시,경상사고,0,0,1,0,차대차 - 측면충돌,안전운전불이행,-,맑음,단일로 - 기타,승용,1,52,상해없음,승용,0,30,경상,50.0,50.0
8807,2021030900100164,11,화요일,중부내륙고속도로지선,대구광역시,경상사고,0,0,4,0,차대차 - 측면충돌,안전거리미확보,-,맑음,단일로 - 기타,화물,0,34,상해없음,승용,1,59,경상,30.0,30.0
8808,2021031400100229,16,일요일,중부내륙고속도로지선,대구광역시,경상사고,0,0,5,0,차대차 - 추돌,안전운전불이행,-,맑음,단일로 - 기타,화물,0,59,상해없음,승용,0,49,경상,50.0,50.0
8809,2021031500100052,7,월요일,중부내륙고속도로지선,대구광역시,경상사고,0,0,1,0,차대차 - 후진중충돌,안전운전불이행,-,맑음,단일로 - 기타,화물,0,49,상해없음,승용,1,37,경상,40.0,40.0
8810,2021031600100309,14,화요일,중부내륙고속도로지선,대구광역시,경상사고,0,0,1,0,차대차 - 측면충돌,안전운전불이행,-,맑음,단일로 - 기타,승용,1,43,경상,화물,0,38,상해없음,40.0,40.0
8811,2021032200100166,10,월요일,중부내륙고속도로지선,대구광역시,경상사고,0,0,1,0,차대차 - 추돌,안전운전불이행,-,맑음,단일로 - 기타,승용,0,41,상해없음,화물,0,48,상해없음,,
8812,2021032200100328,15,월요일,중부내륙고속도로지선,대구광역시,사망사고,1,4,7,1,차대차 - 추돌,안전운전불이행,-,맑음,단일로 - 기타,화물,0,57,부상신고,승용,0,37,사망,50.0,50.0
8813,2021040300100312,15,토요일,중부내륙고속도로지선,대구광역시,경상사고,0,0,4,0,차대차 - 추돌,안전운전불이행,-,비,단일로 - 기타,승용,0,55,상해없음,승용,0,31,경상,50.0,50.0
8814,2021040300100414,18,토요일,중부내륙고속도로지선,경상북도,경상사고,0,0,1,0,차대차 - 측면충돌,안전운전불이행,-,비,단일로 - 기타,승용,1,55,상해없음,승용,1,35,경상,50.0,50.0
8815,2021041400100054,7,수요일,중부내륙고속도로지선,대구광역시,경상사고,0,0,1,0,차대차 - 측면충돌,안전운전불이행,-,맑음,단일로 - 기타,승용,0,49,상해없음,화물,0,65,경상,40.0,40.0
8816,2021051200100291,14,수요일,중부내륙고속도로지선,대구광역시,경상사고,0,0,4,0,차대차 - 추돌,안전운전불이행,-,맑음,단일로 - 기타,화물,0,26,경상,승용,0,32,상해없음,20.0,20.0
8817,2021052000100104,9,목요일,중부내륙고속도로지선,대구광역시,경상사고,0,0,1,0,차대차 - 측면충돌,안전운전불이행,-,비,단일로 - 기타,화물,0,55,상해없음,화물,0,69,경상,50.0,50.0
8818,2021053000100362,18,일요일,중부내륙고속도로지선,대구광역시,경상사고,0,0,2,0,차대차 - 추돌,안전운전불이행,-,맑음,단일로 - 기타,승용,0,72,상해없음,승용,1,44,경상,70.0,70.0
8819,2021062400100291,13,목요일,중부내륙고속도로지선,대구광역시,중상사고,0,1,0,0,차량단독 - 공작물충돌,안전운전불이행,-,맑음,단일로 - 기타,화물,0,66,중상,기타불명,2,0,기타불명,60.0,60.0
8820,2021063000100238,12,수요일,중부내륙고속도로지선,대구광역시,경상사고,0,0,3,0,차대차 - 측면충돌,안전운전불이행,-,맑음,단일로 - 기타,승용,0,60,상해없음,승용,1,56,경상,50.0,50.0
8821,2021070300100211,12,토요일,중부내륙고속도로지선,대구광역시,경상사고,0,0,2,0,차대차 - 추돌,안전운전불이행,-,맑음,단일로 - 기타,승용,0,53,상해없음,승용,0,52,경상,50.0,50.0
8822,2021073100100148,11,토요일,중부내륙고속도로지선,대구광역시,경상사고,0,0,1,0,차대차 - 측면충돌,안전운전불이행,-,맑음,단일로 - 기타,승용,0,41,상해없음,승용,1,56,경상,,
8823,2021073100100393,17,토요일,중부내륙고속도로지선,대구광역시,경상사고,0,0,2,0,차대차 - 측면충돌,안전운전불이행,-,맑음,주차장 - 주차장,화물,0,58,상해없음,승용,0,58,경상,50.0,50.0
8824,2021081400100377,18,토요일,중부내륙고속도로지선,대구광역시,중상사고,0,1,0,0,차대차 - 기타,안전운전불이행,-,맑음,단일로 - 기타,승용,1,56,상해없음,승용,0,47,중상,50.0,50.0
8825,2021081900100451,18,목요일,중부내륙고속도로지선,대구광역시,경상사고,0,0,2,0,차대차 - 기타,안전거리미확보,-,맑음,단일로 - 기타,승용,0,54,기타불명,승용,0,62,경상,50.0,50.0
8826,2021082300100034,7,월요일,중부내륙고속도로지선,대구광역시,경상사고,0,0,1,0,차대차 - 추돌,안전운전불이행,-,비,단일로 - 기타,승용,0,44,상해없음,승용,0,27,경상,40.0,40.0
8827,2021083000100134,10,월요일,중부내륙고속도로지선,대구광역시,경상사고,0,0,1,1,차대차 - 추돌,차로위반,-,맑음,단일로 - 기타,화물,0,45,부상신고,승용,1,37,경상,40.0,40.0
8828,2021090800100149,9,수요일,중부내륙고속도로지선,대구광역시,경상사고,0,0,1,0,차대차 - 추돌,안전운전불이행,-,맑음,단일로 - 기타,화물,0,55,상해없음,승용,1,30,경상,50.0,50.0
8829,2021091100100191,11,토요일,중부내륙고속도로지선,대구광역시,중상사고,0,5,3,0,차대차 - 측면충돌,안전운전불이행,-,맑음,단일로 - 기타,승용,0,61,상해없음,화물,0,61,중상,,
8830,2021091400100729,23,화요일,중부내륙고속도로지선,대구광역시,경상사고,0,0,1,0,차대차 - 측면충돌,안전운전불이행,-,맑음,단일로 - 기타,승용,1,60,경상,승용,1,50,상해없음,50.0,50.0
8831,2021092600100361,20,일요일,중부내륙고속도로지선,대구광역시,경상사고,0,0,1,0,차대차 - 측면충돌,안전운전불이행,-,맑음,단일로 - 기타,승용,0,46,상해없음,화물,0,52,경상,40.0,40.0
8832,2021100200100472,18,토요일,중부내륙고속도로지선,대구광역시,경상사고,0,0,1,0,차대차 - 추돌,안전운전불이행,-,맑음,단일로 - 기타,승용,0,42,상해없음,승용,0,58,경상,40.0,40.0
8833,2021100600100069,7,수요일,중부내륙고속도로지선,대구광역시,경상사고,0,0,1,0,차대차 - 측면충돌,안전운전불이행,-,맑음,단일로 - 기타,승용,0,58,경상,화물,0,53,상해없음,50.0,50.0
8834,2021100700100603,23,목요일,중부내륙고속도로지선,대구광역시,중상사고,0,1,0,0,차대차 - 추돌,안전운전불이행,-,맑음,단일로 - 기타,승용,0,36,상해없음,화물,0,49,중상,30.0,30.0
8835,2021100800100194,11,금요일,중부내륙고속도로지선,대구광역시,경상사고,0,0,1,0,차대차 - 측면충돌,안전운전불이행,-,맑음,단일로 - 기타,화물,0,46,상해없음,승용,0,55,경상,40.0,40.0
8836,2021100800100230,12,금요일,중부내륙고속도로지선,대구광역시,경상사고,0,0,4,0,차대차 - 추돌,안전운전불이행,-,맑음,단일로 - 기타,승합,0,53,상해없음,화물,0,55,경상,50.0,50.0
8837,2021100800100434,17,금요일,중부내륙고속도로지선,대구광역시,경상사고,0,0,2,1,차대차 - 측면충돌,차로위반,-,맑음,단일로 - 기타,승용,1,59,부상신고,승용,0,37,경상,50.0,50.0
8838,2021110200100519,19,화요일,중부내륙고속도로지선,대구광역시,중상사고,0,1,0,0,차대차 - 기타,안전운전불이행,-,맑음,단일로 - 기타,승용,0,26,상해없음,승용,1,27,중상,20.0,20.0
8839,2021110300100111,8,수요일,중부내륙고속도로지선,대구광역시,경상사고,0,0,3,0,차대차 - 추돌,안전운전불이행,-,맑음,단일로 - 기타,건설기계,0,60,상해없음,화물,0,58,경상,50.0,50.0
8840,2021110500100447,17,금요일,중부내륙고속도로지선,대구광역시,경상사고,0,0,3,0,차대차 - 추돌,안전운전불이행,-,맑음,단일로 - 기타,승용,0,71,경상,승용,1,44,상해없음,70.0,70.0
8841,2021111100100394,16,목요일,중부내륙고속도로지선,대구광역시,경상사고,0,0,1,0,차대차 - 측면충돌,안전운전불이행,-,맑음,단일로 - 기타,화물,0,37,상해없음,승용,0,52,경상,30.0,30.0
8842,2021112100100403,19,일요일,중부내륙고속도로지선,대구광역시,경상사고,0,0,1,0,차대차 - 측면충돌,안전운전불이행,-,맑음,단일로 - 기타,승용,0,61,상해없음,승용,1,47,경상,,
8843,2021112600100345,14,금요일,중부내륙고속도로지선,대구광역시,경상사고,0,0,1,0,차대차 - 측면충돌,안전운전불이행,-,맑음,단일로 - 기타,건설기계,0,41,상해없음,승용,0,28,경상,,
8844,2021112600100637,19,금요일,중부내륙고속도로지선,대구광역시,경상사고,0,0,3,0,차대차 - 측면충돌,안전운전불이행,-,맑음,단일로 - 기타,화물,0,66,상해없음,승용,0,45,경상,60.0,60.0
8845,2021112900100007,0,월요일,중부내륙고속도로지선,대구광역시,경상사고,0,0,1,0,차대차 - 추돌,안전운전불이행,-,맑음,단일로 - 기타,승용,0,32,상해없음,승용,0,42,경상,30.0,30.0
8846,2021112900100187,10,월요일,중부내륙고속도로지선,대구광역시,경상사고,0,0,1,0,차대차 - 측면충돌,안전운전불이행,-,맑음,단일로 - 기타,승용,1,24,상해없음,승용,0,56,경상,20.0,20.0
8847,2021113000100282,12,화요일,중부내륙고속도로지선,대구광역시,경상사고,0,0,1,0,차대차 - 추돌,안전거리미확보,-,비,단일로 - 기타,승용,0,59,상해없음,승용,0,29,경상,50.0,50.0
8848,2021121900100112,12,일요일,중부내륙고속도로지선,대구광역시,중상사고,0,1,0,0,차대차 - 측면충돌,안전운전불이행,-,맑음,단일로 - 기타,승용,0,60,상해없음,승용,1,63,중상,50.0,50.0
8849,2021122300100262,14,목요일,중부내륙고속도로지선,대구광역시,사망사고,2,0,2,0,차대사람 - 기타,안전운전불이행,-,맑음,단일로 - 기타,승용,0,25,상해없음,보행자,0,44,사망,20.0,20.0
8850,2021122500100099,11,토요일,중부내륙고속도로지선,대구광역시,중상사고,0,2,0,0,차대차 - 측면충돌,신호위반,-,맑음,단일로 - 기타,승용,0,30,상해없음,승용,1,26,중상,20.0,20.0
8851,2021122800100344,17,화요일,중부내륙고속도로지선,대구광역시,경상사고,0,0,1,0,차대차 - 측면충돌,안전운전불이행,-,맑음,단일로 - 기타,건설기계,0,60,상해없음,승용,0,36,경상,50.0,50.0
8852,2019010200100040,3,수요일,중부내륙,충청북도,사망사고,1,1,0,0,차대차 - 추돌,안전운전불이행,포장 - 건조,맑음,단일로 - 기타,특수,0,35,사망,화물,0,62,중상,30.0,30.0
8853,2019010300100031,0,목요일,중부내륙,경상북도,경상사고,0,0,1,0,차대차 - 추돌,안전운전불이행,포장 - 건조,맑음,단일로 - 기타,특수,0,47,상해없음,특수,0,46,경상,40.0,40.0
8854,2019011200100200,10,토요일,중부내륙,경상북도,중상사고,0,2,8,0,차대차 - 추돌,안전거리미확보,포장 - 건조,맑음,단일로 - 터널,승용,0,25,경상,승용,0,50,경상,20.0,20.0
8855,2019011800100030,1,금요일,중부내륙,경상남도,경상사고,0,0,1,0,차대차 - 기타,안전운전불이행,포장 - 건조,맑음,단일로 - 교량,화물,0,34,상해없음,승용,0,38,기타불명,30.0,30.0
8856,2019012200100279,12,화요일,중부내륙,경기도,중상사고,0,1,0,0,차대차 - 기타,안전운전불이행,포장 - 건조,맑음,단일로 - 기타,승용,0,34,상해없음,승용,1,50,중상,30.0,30.0
8857,2019012400100039,1,목요일,중부내륙,경상북도,중상사고,0,1,1,0,차대차 - 추돌,안전운전불이행,포장 - 건조,맑음,단일로 - 기타,화물,0,51,상해없음,화물,0,56,경상,,
8858,2019012500100058,2,금요일,중부내륙,대구광역시,사망사고,1,1,2,0,차대차 - 추돌,안전운전불이행,포장 - 건조,맑음,단일로 - 기타,승용,1,46,경상,화물,0,65,상해없음,40.0,40.0
8859,2019012500100619,23,금요일,중부내륙,충청북도,경상사고,0,0,1,0,차대차 - 기타,안전운전불이행,포장 - 건조,맑음,기타 - 기타,특수,0,47,상해없음,화물,0,52,경상,40.0,40.0
8860,2019020100100347,14,금요일,중부내륙,경상북도,경상사고,0,0,7,0,차대차 - 추돌,안전거리미확보,포장 - 건조,맑음,단일로 - 터널,승용,0,33,상해없음,승용,0,43,경상,30.0,30.0
8861,2019020400100347,21,월요일,중부내륙,경상남도,경상사고,0,0,1,0,차대차 - 추돌,안전운전불이행,포장 - 건조,맑음,단일로 - 기타,승용,0,22,상해없음,승용,0,42,경상,20.0,20.0
8862,2019021100100399,18,월요일,중부내륙,충청북도,경상사고,0,0,1,0,차대차 - 기타,차로위반,포장 - 건조,맑음,단일로 - 터널,화물,0,61,상해없음,승용,0,21,경상,,
8863,2019021200100340,16,화요일,중부내륙,충청북도,경상사고,0,0,1,0,차대차 - 기타,안전운전불이행,포장 - 건조,맑음,단일로 - 기타,승용,0,67,상해없음,승용,1,46,경상,60.0,60.0
8864,2019021300100388,17,수요일,중부내륙,대구광역시,경상사고,0,0,1,0,차대차 - 기타,안전운전불이행,포장 - 건조,맑음,단일로 - 기타,승용,1,35,상해없음,승용,0,44,경상,30.0,30.0
8865,2019021500100502,18,금요일,중부내륙,충청북도,경상사고,0,0,2,0,차대차 - 추돌,안전운전불이행,포장 - 젖음/습기,눈,단일로 - 기타,승용,0,20,상해없음,승용,0,77,경상,20.0,20.0
8866,2019021900100071,4,화요일,중부내륙,경상북도,경상사고,0,0,1,0,차대차 - 추돌,안전운전불이행,포장 - 서리/결빙,눈,단일로 - 기타,승용,0,30,상해없음,화물,0,47,경상,20.0,20.0
8867,2019022000100113,8,수요일,중부내륙,충청북도,경상사고,0,0,1,0,차대차 - 추돌,안전운전불이행,포장 - 건조,맑음,단일로 - 기타,특수,0,30,상해없음,특수,0,36,경상,20.0,20.0
8868,2019022100100168,9,목요일,중부내륙,경상북도,중상사고,0,1,3,0,차대차 - 추돌,안전거리미확보,포장 - 건조,맑음,단일로 - 기타,승용,0,31,상해없음,승용,0,44,경상,,
8869,2019022600100236,12,화요일,중부내륙,경기도,경상사고,0,0,1,0,차대차 - 후진중충돌,안전운전불이행,포장 - 건조,맑음,기타 - 기타,승용,0,27,상해없음,화물,0,38,경상,20.0,20.0
8870,2019022600100273,13,화요일,중부내륙,경상북도,경상사고,0,0,1,0,차대차 - 기타,안전운전불이행,포장 - 건조,맑음,단일로 - 터널,특수,0,59,상해없음,특수,0,54,상해없음,50.0,50.0
8871,2019030100100172,10,금요일,중부내륙,경상북도,중상사고,0,1,8,0,차대차 - 추돌,안전운전불이행,포장 - 건조,맑음,단일로 - 기타,화물,0,54,상해없음,승용,0,29,경상,50.0,50.0
8872,2019030100100209,12,금요일,중부내륙,경기도,경상사고,0,0,1,1,차대차 - 기타,안전운전불이행,포장 - 건조,맑음,단일로 - 기타,승합,0,61,상해없음,승용,1,33,경상,,
8873,2019030200100202,13,토요일,중부내륙,충청북도,경상사고,0,0,1,0,차대사람 - 기타,기타,포장 - 건조,맑음,단일로 - 기타,특수,0,45,상해없음,보행자,0,30,경상,40.0,40.0
8874,2019030300100308,19,일요일,중부내륙,경기도,경상사고,0,0,2,0,차대차 - 추돌,안전거리미확보,포장 - 건조,맑음,단일로 - 기타,승용,0,43,상해없음,승용,0,30,경상,40.0,40.0
8875,2019031000100154,11,일요일,중부내륙,충청북도,경상사고,0,0,3,0,차대차 - 기타,안전운전불이행,포장 - 건조,맑음,단일로 - 기타,승용,0,33,경상,승용,0,35,경상,30.0,30.0
8876,2019031100100368,16,월요일,중부내륙,경상북도,경상사고,0,0,1,0,차대차 - 추돌,안전운전불이행,포장 - 건조,맑음,단일로 - 기타,승용,0,48,상해없음,특수,0,44,상해없음,40.0,40.0
8877,2019031400100042,1,목요일,중부내륙,대구광역시,사망사고,1,1,1,0,차대차 - 추돌,안전운전불이행,포장 - 건조,맑음,단일로 - 기타,특수,0,48,상해없음,화물,0,57,사망,40.0,40.0
8878,2019031400100043,1,목요일,중부내륙,대구광역시,경상사고,0,0,3,0,차대차 - 추돌,안전운전불이행,포장 - 건조,맑음,단일로 - 기타,화물,0,34,경상,특수,0,38,경상,30.0,30.0
8879,2019031500100172,9,금요일,중부내륙,충청북도,중상사고,0,1,1,0,차대차 - 기타,안전거리미확보,포장 - 건조,맑음,단일로 - 기타,승용,0,53,상해없음,승용,0,56,중상,50.0,50.0
8880,2019031900100292,14,화요일,중부내륙,충청북도,경상사고,0,0,4,0,차대차 - 기타,안전거리미확보,포장 - 건조,맑음,단일로 - 기타,화물,0,40,상해없음,승용,0,55,경상,30.0,30.0
8881,2019032100100641,23,목요일,중부내륙,충청북도,경상사고,0,0,2,0,차대차 - 기타,안전운전불이행,포장 - 건조,맑음,단일로 - 기타,승용,0,63,경상,화물,0,46,경상,60.0,60.0
8882,2019032800100232,11,목요일,중부내륙,충청북도,경상사고,0,0,3,0,차대차 - 추돌,안전거리미확보,포장 - 건조,맑음,단일로 - 기타,승용,0,83,경상,승용,0,46,경상,70.0,70.0
8883,2019032800100269,12,목요일,중부내륙,충청북도,경상사고,0,0,1,0,차대차 - 기타,안전운전불이행,포장 - 건조,맑음,단일로 - 기타,화물,0,55,상해없음,승용,0,53,경상,50.0,50.0
8884,2019033100100079,4,일요일,중부내륙,경기도,중상사고,0,1,2,0,차대차 - 기타,중앙선침범,포장 - 건조,맑음,단일로 - 기타,승용,0,26,경상,승용,0,63,경상,20.0,20.0
8885,2019040100100310,12,월요일,중부내륙,경상남도,경상사고,0,0,1,0,차대차 - 측면충돌,안전거리미확보,포장 - 건조,맑음,단일로 - 기타,승용,0,61,기타불명,승용,1,32,경상,,
8886,2019040500100405,16,금요일,중부내륙,경상북도,경상사고,0,0,7,1,차대차 - 추돌,안전거리미확보,포장 - 건조,맑음,단일로 - 기타,승용,0,38,경상,승용,0,34,상해없음,30.0,30.0
8887,2019040600100321,13,토요일,중부내륙,경상북도,경상사고,0,0,8,0,차대차 - 추돌,안전거리미확보,포장 - 건조,맑음,단일로 - 기타,승용,0,52,상해없음,승용,0,38,경상,50.0,50.0
8888,2019040600100388,15,토요일,중부내륙,충청북도,중상사고,0,1,4,0,차대차 - 기타,안전운전불이행,포장 - 건조,맑음,기타 - 기타,화물,0,53,중상,승용,0,42,경상,50.0,50.0
8889,2019041000100186,9,수요일,중부내륙,경상북도,중상사고,0,1,0,0,차대차 - 추돌,안전운전불이행,포장 - 건조,맑음,단일로 - 기타,승용,0,37,상해없음,건설기계,0,48,상해없음,30.0,30.0
8890,2019041000100556,20,수요일,중부내륙,충청북도,중상사고,0,1,0,0,차대차 - 추돌,안전거리미확보,포장 - 건조,맑음,단일로 - 교량,화물,0,22,중상,특수,0,56,상해없음,20.0,20.0
8891,2019041200100276,12,금요일,중부내륙,경상남도,경상사고,0,0,1,0,차대차 - 측면충돌,안전운전불이행,포장 - 건조,맑음,단일로 - 기타,화물,0,44,상해없음,승용,1,57,경상,40.0,40.0
8892,2019041400100241,14,일요일,중부내륙,경기도,사망사고,1,1,1,0,차대차 - 추돌,안전운전불이행,포장 - 건조,맑음,단일로 - 기타,승용,0,61,경상,승용,0,55,사망,,
8893,2019041400100375,19,일요일,중부내륙,경상북도,경상사고,0,0,1,0,차대차 - 측면충돌,안전운전불이행,포장 - 건조,맑음,단일로 - 터널,승용,0,22,상해없음,승용,1,45,경상,20.0,20.0
8894,2019041800100279,12,목요일,중부내륙,경상남도,중상사고,0,3,7,0,차대차 - 추돌,안전운전불이행,포장 - 건조,맑음,단일로 - 기타,승합,0,64,중상,화물,0,27,경상,60.0,60.0
8895,2019041900100608,20,금요일,중부내륙,충청북도,중상사고,0,2,2,0,차대차 - 추돌,안전거리미확보,포장 - 건조,맑음,단일로 - 기타,승용,1,42,경상,승용,2,0,기타불명,40.0,40.0
8896,2019042000100523,18,토요일,중부내륙,경상북도,경상사고,0,0,1,0,차량단독 - 전도전복 - 전도,안전운전불이행,포장 - 건조,맑음,단일로 - 기타,화물,0,56,상해없음,기타불명,2,0,기타불명,50.0,50.0
8897,2019042100100359,18,일요일,중부내륙,경상북도,경상사고,0,0,3,0,차대차 - 추돌,안전거리미확보,포장 - 건조,맑음,단일로 - 터널,화물,0,55,상해없음,화물,0,57,경상,50.0,50.0
8898,2019042200100132,8,월요일,중부내륙,충청북도,중상사고,0,1,6,2,차대차 - 추돌,안전거리미확보,포장 - 건조,맑음,단일로 - 기타,화물,0,68,경상,승용,0,32,부상신고,60.0,60.0
8899,2019042200100459,16,월요일,중부내륙,충청북도,중상사고,0,1,1,0,차대차 - 추돌,안전운전불이행,포장 - 건조,맑음,단일로 - 기타,승용,0,36,상해없음,승용,0,74,경상,30.0,30.0
8900,2019042400100442,16,수요일,중부내륙,경상북도,경상사고,0,0,2,0,차대차 - 기타,안전운전불이행,포장 - 건조,맑음,단일로 - 기타,건설기계,0,37,상해없음,승용,0,26,경상,30.0,30.0
8901,2019042500100242,11,목요일,중부내륙,경상남도,사망사고,1,0,0,0,차대사람 - 기타,안전운전불이행,포장 - 젖음/습기,흐림,단일로 - 기타,화물,0,61,상해없음,보행자,0,51,사망,,
8902,2019042700100269,11,토요일,중부내륙,경기도,경상사고,0,0,3,1,차대차 - 추돌,안전거리미확보,포장 - 건조,맑음,단일로 - 기타,승용,0,32,상해없음,승용,0,38,경상,30.0,30.0
8903,2019042700100438,15,토요일,중부내륙,대구광역시,중상사고,0,1,0,0,차대차 - 기타,안전운전불이행,포장 - 건조,맑음,기타 - 기타,승용,0,68,상해없음,승용,1,53,중상,60.0,60.0
8904,2019043000100361,15,화요일,중부내륙,충청북도,중상사고,0,1,1,0,차대차 - 추돌,안전운전불이행,포장 - 건조,맑음,단일로 - 터널,승용,0,52,상해없음,화물,0,39,중상,50.0,50.0
8905,2019050300100267,11,금요일,중부내륙,충청북도,경상사고,0,0,2,1,차대차 - 추돌,안전거리미확보,포장 - 건조,맑음,단일로 - 기타,승용,0,89,상해없음,승용,0,25,부상신고,70.0,70.0
8906,2019050500100180,11,일요일,중부내륙,충청북도,중상사고,0,1,3,0,차대차 - 기타,안전운전불이행,포장 - 건조,맑음,단일로 - 기타,승용,1,48,경상,승합,0,54,상해없음,40.0,40.0
8907,2019050500100186,11,일요일,중부내륙,경상북도,경상사고,0,0,5,0,차대차 - 추돌,안전운전불이행,포장 - 건조,맑음,단일로 - 기타,승용,0,33,상해없음,승용,1,44,경상,30.0,30.0
8908,2019050500100218,12,일요일,중부내륙,경상남도,경상사고,0,0,4,0,차대차 - 추돌,안전운전불이행,포장 - 건조,맑음,단일로 - 기타,승용,0,41,상해없음,승용,0,43,경상,,
8909,2019050500100523,20,일요일,중부내륙,충청북도,경상사고,0,0,8,2,차대차 - 추돌,안전거리미확보,포장 - 건조,맑음,단일로 - 기타,승용,0,23,경상,승용,0,35,경상,20.0,20.0
8910,2019050600100533,20,월요일,중부내륙,충청북도,경상사고,0,0,3,3,차대차 - 추돌,안전운전불이행,포장 - 건조,맑음,단일로 - 기타,승용,0,25,상해없음,승용,1,35,경상,20.0,20.0
8911,2019051300100037,1,월요일,중부내륙,경기도,부상신고사고,0,0,0,1,차대차 - 추돌,안전운전불이행,포장 - 건조,맑음,단일로 - 기타,승용,0,49,상해없음,승용,2,0,기타불명,40.0,40.0
8912,2019051300100449,17,월요일,중부내륙,경기도,경상사고,0,0,1,0,차대차 - 추돌,안전거리미확보,포장 - 건조,맑음,단일로 - 기타,승용,0,31,상해없음,승용,0,35,경상,,
8913,2019051500100343,13,수요일,중부내륙,충청북도,경상사고,0,0,2,0,차대차 - 측면충돌,안전운전불이행,포장 - 건조,맑음,단일로 - 기타,승용,0,27,상해없음,승용,0,34,경상,20.0,20.0
8914,2019051600100218,9,목요일,중부내륙,충청북도,중상사고,0,1,1,0,차대차 - 추돌,안전운전불이행,포장 - 건조,맑음,단일로 - 기타,승용,1,52,상해없음,승용,0,49,중상,50.0,50.0
8915,2019052200100346,13,수요일,중부내륙,경기도,중상사고,0,1,3,0,차대차 - 추돌,안전운전불이행,포장 - 건조,맑음,단일로 - 기타,승합,0,50,중상,승용,0,44,경상,40.0,40.0
8916,2019052200100455,16,수요일,중부내륙,충청북도,중상사고,0,1,4,0,차대차 - 추돌,안전운전불이행,포장 - 건조,맑음,단일로 - 기타,화물,0,61,중상,승용,0,51,경상,,
8917,2019052600100374,16,일요일,중부내륙,경상북도,경상사고,0,0,2,0,차대차 - 추돌,안전거리미확보,포장 - 건조,맑음,단일로 - 터널,승용,0,23,상해없음,승용,0,35,경상,20.0,20.0
8918,2019052700100442,16,월요일,중부내륙,경기도,중상사고,0,1,1,0,차대차 - 추돌,안전운전불이행,포장 - 건조,맑음,단일로 - 기타,화물,0,64,중상,화물,0,43,경상,60.0,60.0