,사고번호,사고일시,요일,도로종류,시군구,사고내용,사망자수,중상자수,경상자수,부상신고자수,사고유형,법규위반,노면상태,기상상태,도로형태,가해운전자 차종,가해운전자 성별,가해운전자 연령,가해운전자 상해정도,피해운전자 차종,피해운전자 성별,피해운전자 연령,피해운전자 상해정도,연령대,가해연령대
8919,2019060200100346,17,일요일,중부내륙,경상북도,경상사고,0,0,1,0,차대차 - 기타,안전운전불이행,포장 - 건조,맑음,단일로 - 기타,승합,0,62,상해없음,승용,0,55,상해없음,60.0,60.0
8920,2019060500100084,6,수요일,중부내륙,충청북도,중상사고,0,1,0,0,차대차 - 측면충돌,안전운전불이행,포장 - 건조,맑음,단일로 - 기타,승용,0,21,상해없음,화물,0,45,중상,20.0,20.0
8921,2019060500100505,17,수요일,중부내륙,충청북도,중상사고,0,1,0,0,차대차 - 추돌,안전운전불이행,포장 - 건조,맑음,기타 - 기타,승용,0,30,상해없음,승용,0,55,중상,20.0,20.0
8922,2019060800100629,22,토요일,중부내륙,경상남도,경상사고,0,0,1,0,차대차 - 추돌,안전운전불이행,포장 - 건조,맑음,단일로 - 기타,승용,0,31,상해없음,승용,1,30,경상,,
8923,2019062000100429,16,목요일,중부내륙,경상북도,경상사고,0,0,1,0,차대차 - 추돌,안전운전불이행,포장 - 건조,맑음,단일로 - 기타,화물,0,19,상해없음,승합,0,44,경상,20.0,20.0
8924,2019062800100323,13,금요일,중부내륙,충청북도,경상사고,0,0,2,0,차대차 - 추돌,안전운전불이행,포장 - 건조,흐림,단일로 - 기타,승용,0,24,상해없음,승용,0,33,경상,20.0,20.0
8925,2019070300100227,11,수요일,중부내륙,경상북도,중상사고,0,1,0,0,차대차 - 추돌,안전거리미확보,포장 - 건조,맑음,단일로 - 터널,화물,0,24,상해없음,승용,1,34,중상,20.0,20.0
8926,2019070500100160,8,금요일,중부내륙,경상북도,경상사고,0,0,1,0,차대차 - 추돌,안전운전불이행,포장 - 건조,맑음,단일로 - 터널,화물,0,40,상해없음,승용,0,45,경상,30.0,30.0
8927,2019070500100616,20,금요일,중부내륙,충청북도,중상사고,0,1,2,0,차대차 - 추돌,신호위반,포장 - 건조,맑음,단일로 - 교량,승용,0,31,상해없음,승용,0,51,중상,,
8928,2019070900100256,11,화요일,중부내륙,경기도,중상사고,0,1,1,0,차대차 - 기타,안전운전불이행,포장 - 건조,맑음,단일로 - 기타,승용,1,50,상해없음,승용,1,63,중상,40.0,40.0
8929,2019071300100036,0,토요일,중부내륙,대구광역시,사망사고,1,0,0,0,차량단독 - 공작물충돌,안전운전불이행,포장 - 건조,맑음,단일로 - 기타,승용,0,39,사망,기타불명,2,0,기타불명,30.0,30.0
8930,2019071300100037,0,토요일,중부내륙,대구광역시,중상사고,0,1,2,0,차대차 - 추돌,안전운전불이행,포장 - 건조,맑음,단일로 - 기타,승용,0,54,기타불명,승용,0,55,상해없음,50.0,50.0
8931,2019071500100351,15,월요일,중부내륙,충청북도,중상사고,0,1,0,1,차대차 - 추돌,안전거리미확보,포장 - 건조,흐림,단일로 - 기타,승용,0,26,상해없음,승용,0,62,중상,20.0,20.0
8932,2019071700100291,13,수요일,중부내륙,경상북도,중상사고,0,1,0,0,차대차 - 추돌,안전운전불이행,포장 - 건조,맑음,단일로 - 기타,승용,0,22,상해없음,특수,0,59,상해없음,20.0,20.0
8933,2019071800100024,0,목요일,중부내륙,경상북도,중상사고,0,1,3,0,차대차 - 측면충돌,안전운전불이행,포장 - 건조,맑음,단일로 - 기타,화물,0,20,상해없음,화물,0,54,경상,20.0,20.0
8934,2019072000100164,9,토요일,중부내륙,경상남도,경상사고,0,0,2,0,차대차 - 추돌,안전거리미확보,포장 - 젖음/습기,비,단일로 - 기타,승용,1,51,경상,승용,0,35,경상,,
8935,2019072400100082,6,수요일,중부내륙,경상남도,중상사고,0,2,0,0,차대차 - 추돌,안전운전불이행,포장 - 건조,맑음,단일로 - 기타,화물,0,36,중상,특수,0,39,중상,30.0,30.0
8936,2019072600100279,13,금요일,중부내륙,경상북도,경상사고,0,0,4,0,차대차 - 측면충돌,안전운전불이행,포장 - 건조,맑음,단일로 - 기타,승용,1,37,상해없음,승합,0,45,경상,30.0,30.0
8937,2019072600100315,14,금요일,중부내륙,경상북도,경상사고,0,0,5,0,차대차 - 추돌,안전운전불이행,포장 - 건조,맑음,단일로 - 기타,화물,0,51,경상,승용,1,36,상해없음,,
8938,2019072600100511,19,금요일,중부내륙,충청북도,중상사고,0,1,3,0,차대차 - 추돌,안전거리미확보,포장 - 건조,맑음,단일로 - 터널,승용,0,30,상해없음,승용,0,29,경상,20.0,20.0
8939,2019072800100186,13,일요일,중부내륙,경상북도,경상사고,0,0,2,0,차대차 - 추돌,안전거리미확보,포장 - 건조,맑음,단일로 - 터널,승용,0,26,상해없음,승용,1,38,경상,20.0,20.0
8940,2019073000100069,5,화요일,중부내륙,경기도,경상사고,0,0,1,0,차대차 - 측면충돌,차로위반,포장 - 건조,맑음,단일로 - 기타,화물,0,53,상해없음,화물,0,60,경상,50.0,50.0
8941,2019080200100290,13,금요일,중부내륙,경기도,중상사고,0,1,0,0,차대차 - 기타,안전거리미확보,포장 - 건조,맑음,단일로 - 기타,승용,0,53,상해없음,승용,0,62,중상,50.0,50.0
8942,2019080300100436,18,토요일,중부내륙,경상북도,경상사고,0,0,4,0,차대차 - 추돌,안전운전불이행,포장 - 건조,맑음,단일로 - 기타,승용,0,53,상해없음,승용,0,30,경상,50.0,50.0
8943,2019080600100151,9,화요일,중부내륙,충청북도,경상사고,0,0,4,0,차대차 - 추돌,안전운전불이행,포장 - 건조,맑음,단일로 - 터널,승용,0,27,상해없음,승용,0,46,경상,20.0,20.0
8944,2019080700100232,11,수요일,중부내륙,경상북도,경상사고,0,0,2,0,차대차 - 측면충돌,안전운전불이행,포장 - 건조,맑음,단일로 - 기타,특수,0,43,상해없음,승용,0,46,경상,40.0,40.0
8945,2019081200100348,13,월요일,중부내륙,경기도,경상사고,0,0,2,0,차대차 - 추돌,안전운전불이행,포장 - 젖음/습기,비,단일로 - 터널,승용,0,44,경상,승용,0,33,경상,40.0,40.0
8946,2019081500100027,0,목요일,중부내륙,경상북도,경상사고,0,0,1,0,차대차 - 추돌,안전운전불이행,포장 - 젖음/습기,비,단일로 - 기타,특수,0,70,상해없음,화물,0,56,경상,60.0,60.0
8947,2019081700100400,16,토요일,중부내륙,충청북도,경상사고,0,0,3,0,차대차 - 추돌,안전운전불이행,포장 - 건조,맑음,단일로 - 기타,승용,0,29,상해없음,승용,0,37,경상,20.0,20.0
8948,2019081900100397,16,월요일,중부내륙,경기도,중상사고,0,1,1,1,차대차 - 추돌,안전거리미확보,포장 - 건조,맑음,기타 - 기타,화물,0,83,부상신고,승용,1,31,경상,70.0,70.0
8949,2019082000100205,10,화요일,중부내륙,충청북도,경상사고,0,0,2,0,차대차 - 추돌,안전거리미확보,포장 - 건조,맑음,단일로 - 기타,승용,0,56,상해없음,승용,1,43,경상,50.0,50.0
8950,2019090300100040,1,화요일,중부내륙,경기도,중상사고,0,1,1,0,차대차 - 추돌,안전운전불이행,포장 - 건조,맑음,단일로 - 기타,화물,0,59,상해없음,화물,0,50,중상,50.0,50.0
8951,2019090400100056,4,수요일,중부내륙,경상북도,사망사고,1,0,0,0,차대차 - 추돌,안전운전불이행,포장 - 젖음/습기,비,단일로 - 기타,화물,0,40,사망,화물,0,44,상해없음,30.0,30.0
8952,2019090400100679,23,수요일,중부내륙,경상남도,중상사고,0,2,1,0,차대차 - 추돌,안전거리미확보,포장 - 건조,맑음,단일로 - 기타,화물,0,50,상해없음,승용,1,44,중상,40.0,40.0
8953,2019090700100038,0,토요일,중부내륙,경기도,경상사고,0,0,1,0,차대차 - 추돌,안전운전불이행,포장 - 건조,맑음,단일로 - 기타,승용,0,31,상해없음,승용,0,34,경상,,
8954,2019090700100096,3,토요일,중부내륙,충청북도,경상사고,0,0,1,0,차대차 - 측면충돌,안전운전불이행,포장 - 건조,맑음,단일로 - 교량,화물,0,40,상해없음,화물,0,43,경상,30.0,30.0
8955,2019090800100455,20,일요일,중부내륙,충청북도,경상사고,0,0,4,0,차대차 - 추돌,안전운전불이행,포장 - 건조,맑음,기타 - 기타,승용,0,58,상해없음,승용,1,45,경상,50.0,50.0
8956,2019091000100438,14,화요일,중부내륙,충청북도,경상사고,0,0,2,0,차대차 - 추돌,안전운전불이행,포장 - 건조,맑음,단일로 - 기타,승용,0,64,상해없음,승용,0,24,경상,60.0,60.0
8957,2019091000100485,15,화요일,중부내륙,경상북도,경상사고,0,0,2,0,차대차 - 추돌,안전운전불이행,포장 - 건조,맑음,단일로 - 기타,승용,1,33,상해없음,승용,0,36,경상,30.0,30.0
8958,2019091100100763,20,수요일,중부내륙,충청북도,중상사고,0,4,0,0,차대차 - 측면충돌,안전거리미확보,포장 - 건조,맑음,단일로 - 기타,승합,0,65,상해없음,승용,0,50,중상,60.0,60.0
8959,2019091200100176,10,목요일,중부내륙,경상북도,경상사고,0,0,2,0,차대차 - 추돌,안전운전불이행,포장 - 젖음/습기,비,단일로 - 기타,승용,0,30,상해없음,승용,0,40,경상,20.0,20.0
8960,2019091400100115,11,토요일,중부내륙,경상북도,경상사고,0,0,4,0,차대차 - 기타,안전운전불이행,포장 - 건조,맑음,단일로 - 기타,승용,0,71,상해없음,승용,1,36,경상,70.0,70.0
8961,2019091800100051,2,수요일,중부내륙,경기도,경상사고,0,0,1,0,차대차 - 기타,안전운전불이행,포장 - 건조,맑음,기타 - 기타,화물,0,37,상해없음,화물,0,59,경상,30.0,30.0
8962,2019092200100203,12,일요일,중부내륙,충청북도,중상사고,0,1,3,0,차량단독 - 공작물충돌,안전운전불이행,포장 - 젖음/습기,비,단일로 - 기타,승용,0,22,경상,기타불명,2,0,기타불명,20.0,20.0
8963,2019092400100679,20,화요일,중부내륙,충청북도,경상사고,0,0,1,0,차대차 - 측면충돌,안전운전불이행,포장 - 건조,맑음,단일로 - 기타,승용,1,43,상해없음,화물,0,53,경상,40.0,40.0
8964,2019092700100357,13,금요일,중부내륙,경상북도,경상사고,0,0,1,0,차대차 - 기타,차로위반,포장 - 건조,맑음,단일로 - 기타,특수,0,58,상해없음,승용,0,36,경상,50.0,50.0
8965,2019092700100512,17,금요일,중부내륙,충청북도,중상사고,0,1,0,0,차대차 - 추돌,안전거리미확보,포장 - 건조,맑음,단일로 - 기타,승용,0,73,상해없음,승용,1,42,중상,70.0,70.0
8966,2019092700100702,21,금요일,중부내륙,경기도,중상사고,0,3,2,0,차대차 - 추돌,안전거리미확보,포장 - 건조,맑음,단일로 - 기타,승용,1,33,중상,승용,0,33,경상,30.0,30.0
8967,2019092800100545,17,토요일,중부내륙,충청북도,경상사고,0,0,1,0,차대차 - 기타,차로위반,포장 - 건조,맑음,기타 - 기타,승합,0,58,상해없음,승용,1,58,경상,50.0,50.0
8968,2019092900100033,0,일요일,중부내륙,경상북도,경상사고,0,0,1,0,차대차 - 기타,안전운전불이행,포장 - 건조,맑음,단일로 - 기타,화물,0,59,상해없음,특수,0,48,경상,50.0,50.0
8969,2019092900100313,15,일요일,중부내륙,충청북도,경상사고,0,0,3,0,차대차 - 추돌,안전거리미확보,포장 - 건조,맑음,단일로 - 기타,승용,0,55,경상,승용,1,64,경상,50.0,50.0
8970,2019093000100374,14,월요일,중부내륙,경상남도,중상사고,0,1,2,0,차대차 - 추돌,안전운전불이행,포장 - 건조,맑음,단일로 - 교량,화물,0,57,상해없음,승용,0,35,경상,50.0,50.0
8971,2019100600100127,8,일요일,중부내륙,경상남도,중상사고,0,2,0,0,차대차 - 추돌,안전운전불이행,포장 - 건조,맑음,단일로 - 기타,승합,0,59,상해없음,화물,0,60,중상,50.0,50.0
8972,2019100800100265,11,화요일,중부내륙,충청북도,중상사고,0,1,0,0,차대차 - 추돌,안전거리미확보,포장 - 건조,맑음,단일로 - 기타,승용,1,53,상해없음,승용,0,20,중상,50.0,50.0
8973,2019100800100380,14,화요일,중부내륙,경상남도,중상사고,0,1,2,0,차대차 - 추돌,안전운전불이행,포장 - 건조,맑음,단일로 - 기타,특수,0,57,중상,화물,0,43,경상,50.0,50.0
8974,2019101100100195,9,금요일,중부내륙,충청북도,경상사고,0,0,1,0,차대차 - 기타,차로위반,포장 - 건조,맑음,기타 - 기타,화물,0,48,상해없음,승용,0,33,경상,40.0,40.0
8975,2019101200100055,1,토요일,중부내륙,경상북도,경상사고,0,0,2,0,차대차 - 추돌,안전거리미확보,포장 - 건조,맑음,단일로 - 기타,승용,0,25,상해없음,승용,0,43,경상,20.0,20.0
8976,2019101400100047,4,월요일,중부내륙,경상북도,경상사고,0,0,1,0,차대차 - 측면충돌,안전운전불이행,포장 - 건조,맑음,단일로 - 기타,화물,0,50,상해없음,승용,0,47,경상,40.0,40.0
8977,2019101800100738,20,금요일,중부내륙,충청북도,중상사고,0,1,2,0,차대차 - 추돌,안전거리미확보,포장 - 건조,맑음,기타 - 기타,승용,0,21,상해없음,승용,0,42,중상,20.0,20.0
8978,2019102000100284,14,일요일,중부내륙,충청북도,경상사고,0,0,1,0,차대차 - 추돌,안전운전불이행,포장 - 건조,맑음,기타 - 기타,승용,0,59,상해없음,승용,0,25,경상,50.0,50.0
8979,2019102000100523,21,일요일,중부내륙,경상북도,중상사고,0,1,0,0,차대차 - 기타,안전운전불이행,포장 - 건조,맑음,단일로 - 기타,화물,0,35,상해없음,승용,0,41,중상,30.0,30.0
8980,2019102000100557,23,일요일,중부내륙,충청북도,경상사고,0,0,3,0,차대차 - 추돌,안전운전불이행,포장 - 건조,맑음,단일로 - 기타,특수,0,68,상해없음,승용,0,67,경상,60.0,60.0
8981,2019102100100274,11,월요일,중부내륙,경상북도,사망사고,3,0,0,0,차대사람 - 기타,안전운전불이행,포장 - 건조,맑음,단일로 - 기타,화물,0,36,상해없음,보행자,0,72,사망,30.0,30.0
8982,2019102200100543,18,화요일,중부내륙,충청북도,중상사고,0,1,1,0,차대차 - 기타,신호위반,포장 - 건조,맑음,단일로 - 교량,승용,1,59,상해없음,승용,0,54,경상,50.0,50.0
8983,2019102500100517,17,금요일,중부내륙,충청북도,중상사고,0,1,2,0,차대차 - 추돌,안전운전불이행,포장 - 건조,맑음,단일로 - 기타,승용,1,40,상해없음,승용,0,34,중상,30.0,30.0
8984,2019102600100555,18,토요일,중부내륙,경상북도,중상사고,0,1,0,0,차대차 - 기타,안전운전불이행,포장 - 건조,맑음,단일로 - 기타,기타불명,2,0,기타불명,승합,0,62,상해없음,20.0,20.0
8985,2019102900100365,14,화요일,중부내륙,충청북도,경상사고,0,0,1,0,차대차 - 기타,안전운전불이행,포장 - 건조,맑음,기타 - 기타,화물,0,62,상해없음,화물,0,67,경상,60.0,60.0
8986,2019103100100328,13,목요일,중부내륙,충청북도,경상사고,0,0,2,1,차대차 - 추돌,안전운전불이행,포장 - 건조,맑음,기타 - 기타,승용,1,45,상해없음,승용,0,37,경상,40.0,40.0
8987,2019110100100226,9,금요일,중부내륙,충청북도,중상사고,0,12,26,2,차대차 - 추돌,안전운전불이행,포장 - 건조,맑음,단일로 - 기타,승합,0,37,상해없음,화물,0,51,중상,30.0,30.0
8988,2019110300100315,15,일요일,중부내륙,경상북도,경상사고,0,0,3,0,차대차 - 추돌,안전운전불이행,포장 - 건조,맑음,단일로 - 기타,승용,1,38,상해없음,승용,0,36,경상,30.0,30.0
8989,2019110300100380,17,일요일,중부내륙,경상북도,경상사고,0,0,1,0,차대차 - 추돌,안전운전불이행,포장 - 건조,맑음,단일로 - 기타,승용,0,40,상해없음,승용,0,52,경상,30.0,30.0
8990,2019110500100319,12,화요일,중부내륙,충청북도,중상사고,0,2,1,1,차대차 - 추돌,안전운전불이행,포장 - 건조,맑음,단일로 - 기타,화물,0,47,상해없음,화물,0,35,중상,40.0,40.0
8991,2019110600100192,9,수요일,중부내륙,경상남도,경상사고,0,0,2,0,차대차 - 측면충돌,안전운전불이행,포장 - 건조,맑음,단일로 - 기타,화물,0,64,상해없음,승용,1,62,경상,60.0,60.0
8992,2019110600100334,13,수요일,중부내륙,경상북도,경상사고,0,0,4,0,차대차 - 측면충돌,신호위반,포장 - 건조,맑음,단일로 - 기타,화물,0,40,상해없음,승용,1,50,경상,30.0,30.0
8993,2019110800100792,21,금요일,중부내륙,경상북도,경상사고,0,0,1,0,차대차 - 기타,기타,포장 - 건조,맑음,단일로 - 기타,화물,0,63,상해없음,승용,0,24,경상,60.0,60.0
8994,2019111600100242,11,토요일,중부내륙,충청북도,경상사고,0,0,3,0,차대차 - 추돌,안전운전불이행,포장 - 건조,맑음,기타 - 기타,승용,0,42,상해없음,승용,0,57,상해없음,40.0,40.0
8995,2019111600100284,12,토요일,중부내륙,충청북도,경상사고,0,0,5,0,차대차 - 추돌,안전운전불이행,포장 - 건조,맑음,기타 - 기타,승용,1,45,기타불명,승용,0,45,경상,40.0,40.0
8996,2019111600100497,17,토요일,중부내륙,충청북도,경상사고,0,0,2,1,차대차 - 추돌,안전운전불이행,포장 - 건조,흐림,단일로 - 터널,승용,0,30,상해없음,승용,0,42,상해없음,20.0,20.0
8997,2019112100100587,18,목요일,중부내륙,경상북도,중상사고,0,1,0,0,차대차 - 기타,안전운전불이행,포장 - 건조,맑음,단일로 - 기타,승용,0,46,상해없음,승용,0,60,중상,40.0,40.0
8998,2019112200100069,3,금요일,중부내륙,경상북도,중상사고,0,1,0,0,차대차 - 추돌,안전운전불이행,포장 - 건조,맑음,단일로 - 터널,승용,1,27,상해없음,화물,0,53,중상,20.0,20.0
8999,2019112300100385,14,토요일,중부내륙,경기도,중상사고,0,2,2,0,차대차 - 추돌,안전운전불이행,포장 - 건조,맑음,단일로 - 기타,특수,0,65,상해없음,승용,0,47,중상,60.0,60.0
9000,2019112800100467,17,목요일,중부내륙,충청북도,경상사고,0,0,2,0,차대차 - 추돌,안전운전불이행,포장 - 건조,맑음,기타 - 기타,승용,0,21,상해없음,승용,0,38,경상,20.0,20.0
9001,2019120500100521,18,목요일,중부내륙,경기도,중상사고,0,1,0,0,차대사람 - 차도통행중,안전운전불이행,포장 - 건조,맑음,기타 - 기타,승용,1,51,상해없음,보행자,0,54,중상,,
9002,2019120900100398,15,월요일,중부내륙,경상남도,경상사고,0,0,1,0,차대사람 - 기타,안전운전불이행,포장 - 건조,맑음,주차장 - 주차장,승용,0,55,상해없음,보행자,0,53,경상,50.0,50.0
9003,2019121200100398,15,목요일,중부내륙,경상북도,경상사고,0,0,1,0,차대차 - 추돌,안전거리미확보,포장 - 건조,맑음,단일로 - 터널,승용,0,20,상해없음,승용,0,45,경상,20.0,20.0
9004,2019121600100046,1,월요일,중부내륙,경상북도,중상사고,0,1,2,0,차대차 - 정면충돌,중앙선침범,포장 - 건조,맑음,단일로 - 기타,승용,1,45,중상,승용,0,47,경상,40.0,40.0
9005,2019121800100156,9,수요일,중부내륙,경상남도,경상사고,0,0,3,0,차대차 - 추돌,안전거리미확보,포장 - 건조,맑음,단일로 - 기타,화물,0,45,경상,특수,0,55,경상,40.0,40.0
9006,2019121900100285,12,목요일,중부내륙,경상북도,중상사고,0,1,0,0,차대차 - 추돌,안전거리미확보,포장 - 건조,맑음,단일로 - 기타,화물,0,65,상해없음,승용,1,54,중상,60.0,60.0
9007,2019122000100373,15,금요일,중부내륙,충청북도,경상사고,0,0,4,0,차대차 - 추돌,안전운전불이행,포장 - 건조,맑음,기타 - 기타,승용,0,25,경상,화물,0,47,상해없음,20.0,20.0
9008,2019122400100091,5,화요일,중부내륙,경상남도,중상사고,0,3,0,0,차대차 - 기타,안전운전불이행,포장 - 건조,맑음,단일로 - 기타,기타불명,2,0,기타불명,화물,0,63,중상,20.0,20.0
9009,2019122600100024,0,목요일,중부내륙,충청북도,경상사고,0,0,1,0,차대차 - 추돌,안전운전불이행,포장 - 건조,맑음,단일로 - 터널,승용,0,32,상해없음,화물,0,32,경상,30.0,30.0
9010,2019122800100312,15,토요일,중부내륙,경기도,경상사고,0,0,3,0,차대차 - 추돌,안전운전불이행,포장 - 건조,맑음,단일로 - 기타,승용,0,37,상해없음,승용,0,49,경상,30.0,30.0
9011,2019122900100334,19,일요일,중부내륙,충청북도,경상사고,0,0,4,1,차대차 - 추돌,안전운전불이행,포장 - 젖음/습기,비,단일로 - 기타,승용,0,27,상해없음,승용,0,29,경상,20.0,20.0
9012,2019123100100335,15,화요일,중부내륙,충청북도,경상사고,0,0,1,0,차대차 - 추돌,안전운전불이행,포장 - 건조,맑음,단일로 - 터널,화물,0,40,상해없음,승용,1,52,경상,30.0,30.0
9013,2020010500100405,22,일요일,중부내륙,충청북도,중상사고,0,2,5,0,차대차 - 추돌,안전운전불이행,포장 - 건조,맑음,단일로 - 기타,승합,0,58,상해없음,승용,0,62,중상,50.0,50.0
9014,2020011600100606,22,목요일,중부내륙,경상북도,중상사고,0,1,0,0,차대차 - 기타,안전운전불이행,포장 - 건조,맑음,단일로 - 기타,승용,0,31,중상,화물,0,61,상해없음,,
9015,2020011700100431,18,금요일,중부내륙,충청북도,경상사고,0,0,3,0,차대차 - 추돌,안전운전불이행,포장 - 건조,맑음,단일로 - 기타,승용,0,41,상해없음,승용,0,61,경상,,
9016,2020011800100060,5,토요일,중부내륙,경상북도,경상사고,0,0,1,0,차대차 - 추돌,안전운전불이행,포장 - 건조,맑음,단일로 - 기타,승용,0,57,상해없음,화물,0,43,경상,50.0,50.0
9017,2020012300100363,14,목요일,중부내륙,경상북도,경상사고,0,0,4,0,차대차 - 추돌,안전운전불이행,포장 - 건조,맑음,단일로 - 기타,승용,0,43,상해없음,승용,0,50,경상,40.0,40.0
9018,2020012300100413,15,목요일,중부내륙,경상북도,경상사고,0,0,6,0,차대차 - 추돌,안전운전불이행,포장 - 건조,맑음,단일로 - 기타,승용,0,38,상해없음,승용,0,22,경상,30.0,30.0
9019,2020012500100235,17,토요일,중부내륙,경상남도,경상사고,0,0,2,0,차대차 - 기타,기타,포장 - 건조,맑음,단일로 - 기타,승용,1,66,상해없음,승용,1,30,경상,60.0,60.0
9020,2020012800100132,9,화요일,중부내륙,경상남도,사망사고,1,0,0,1,차대차 - 추돌,안전운전불이행,포장 - 건조,맑음,단일로 - 기타,화물,0,36,사망,화물,0,53,부상신고,30.0,30.0
9021,2020013100100268,14,금요일,중부내륙,충청북도,경상사고,0,0,1,0,차대차 - 추돌,안전운전불이행,포장 - 건조,맑음,단일로 - 터널,승합,0,37,상해없음,화물,0,58,경상,30.0,30.0
9022,2020020600100473,18,목요일,중부내륙,경상북도,경상사고,0,0,1,0,차대차 - 추돌,안전운전불이행,포장 - 건조,맑음,단일로 - 기타,화물,0,54,상해없음,화물,0,48,경상,50.0,50.0
9023,2020020600100588,21,목요일,중부내륙,경상남도,경상사고,0,0,2,0,차대차 - 추돌,안전운전불이행,포장 - 건조,맑음,주차장 - 주차장,특수,0,39,기타불명,화물,0,46,경상,30.0,30.0
9024,2020020800100230,12,토요일,중부내륙,경상북도,중상사고,0,1,0,0,차대차 - 기타,중앙선침범,포장 - 건조,맑음,단일로 - 기타,승용,0,80,상해없음,승용,0,28,중상,70.0,70.0
9025,2020021300100223,12,목요일,중부내륙,충청북도,중상사고,0,1,0,0,차대차 - 기타,차로위반,포장 - 건조,맑음,단일로 - 기타,승용,0,59,상해없음,승용,0,75,중상,50.0,50.0
9026,2020021800100302,13,화요일,중부내륙,경상북도,중상사고,0,1,0,0,차대차 - 기타,중앙선침범,포장 - 건조,맑음,단일로 - 기타,승용,0,53,상해없음,화물,0,39,중상,50.0,50.0
9027,2020022000100378,15,목요일,중부내륙,경상북도,경상사고,0,0,1,0,차대차 - 측면충돌,안전운전불이행,포장 - 건조,맑음,단일로 - 기타,화물,0,57,상해없음,승용,0,54,경상,50.0,50.0
9028,2020022300100044,5,일요일,중부내륙,경상북도,사망사고,1,1,0,0,차대차 - 추돌,안전운전불이행,포장 - 건조,맑음,단일로 - 교량,화물,0,47,중상,화물,0,62,상해없음,40.0,40.0
9029,2020022600100458,22,수요일,중부내륙,충청북도,중상사고,0,2,0,0,차대차 - 추돌,안전운전불이행,포장 - 건조,맑음,단일로 - 교량,화물,0,27,중상,화물,0,58,중상,20.0,20.0
9030,2020022600100479,23,수요일,중부내륙,경상북도,중상사고,0,1,0,0,차대차 - 추돌,안전운전불이행,포장 - 건조,맑음,단일로 - 기타,특수,0,54,상해없음,승용,0,29,중상,50.0,50.0
9031,2020030200100400,20,월요일,중부내륙,경상북도,경상사고,0,0,3,0,차대차 - 추돌,안전운전불이행,포장 - 건조,맑음,단일로 - 기타,화물,0,36,경상,특수,0,52,경상,30.0,30.0
9032,2020031300100269,15,금요일,중부내륙,충청북도,경상사고,0,0,5,0,차대차 - 추돌,안전운전불이행,포장 - 건조,맑음,단일로 - 기타,승합,0,29,상해없음,승용,0,53,경상,20.0,20.0
9033,2020031500100272,19,일요일,중부내륙,충청북도,중상사고,0,1,0,0,차대차 - 기타,차로위반,포장 - 건조,맑음,단일로 - 기타,특수,0,71,상해없음,승용,1,53,중상,70.0,70.0
9034,2020031800100099,8,수요일,중부내륙,경상남도,중상사고,0,1,0,0,차대차 - 측면충돌,안전거리미확보,포장 - 건조,맑음,단일로 - 기타,특수,0,42,상해없음,승용,1,42,중상,40.0,40.0
9035,2020032100100059,4,토요일,중부내륙,경기도,중상사고,0,2,0,0,차대차 - 추돌,안전운전불이행,포장 - 건조,맑음,단일로 - 지하차도(도로)내,승용,0,27,상해없음,승용,0,49,중상,20.0,20.0
9036,2020032200100231,15,일요일,중부내륙,경상남도,경상사고,0,0,3,0,차대차 - 추돌,안전운전불이행,포장 - 건조,맑음,단일로 - 기타,승용,0,63,상해없음,승용,0,26,상해없음,60.0,60.0
9037,2020032400100547,23,화요일,중부내륙,충청북도,경상사고,0,0,2,0,차대차 - 추돌,안전운전불이행,포장 - 건조,맑음,단일로 - 지하차도(도로)내,승용,0,59,경상,화물,0,47,경상,50.0,50.0
9038,2020040200100401,17,목요일,중부내륙,경상북도,중상사고,0,1,1,0,차대차 - 추돌,안전운전불이행,포장 - 건조,맑음,단일로 - 기타,승용,0,55,중상,승용,0,70,상해없음,50.0,50.0
9039,2020041100100078,7,토요일,중부내륙,충청북도,중상사고,0,1,2,0,차대차 - 추돌,안전운전불이행,포장 - 건조,맑음,단일로 - 기타,승용,0,35,기타불명,승용,0,64,중상,30.0,30.0
9040,2020041400100453,18,화요일,중부내륙,대구광역시,경상사고,0,0,3,0,차대차 - 기타,안전운전불이행,포장 - 건조,맑음,단일로 - 기타,승용,0,19,상해없음,승용,0,61,경상,20.0,20.0
9041,2020041900100113,11,일요일,중부내륙,경상남도,경상사고,0,0,2,0,차대차 - 추돌,안전운전불이행,포장 - 건조,흐림,단일로 - 기타,승용,0,46,기타불명,승용,0,51,경상,40.0,40.0
9042,2020042100100202,12,화요일,중부내륙,경상북도,중상사고,0,1,2,0,차대차 - 추돌,안전운전불이행,포장 - 건조,맑음,단일로 - 기타,화물,0,48,중상,화물,0,49,경상,40.0,40.0
9043,2020042300100424,18,목요일,중부내륙,경상남도,경상사고,0,0,1,0,차대차 - 기타,기타,포장 - 건조,맑음,단일로 - 기타,화물,0,57,상해없음,특수,0,36,경상,50.0,50.0
9044,2020042400100396,16,금요일,중부내륙,경기도,중상사고,0,1,2,0,차대차 - 추돌,안전운전불이행,포장 - 건조,맑음,단일로 - 지하차도(도로)내,승용,0,55,상해없음,승용,0,56,상해없음,50.0,50.0
9045,2020042600100286,16,일요일,중부내륙,경기도,경상사고,0,0,6,0,차대차 - 추돌,안전운전불이행,포장 - 건조,맑음,단일로 - 기타,승용,1,43,상해없음,승용,1,63,상해없음,40.0,40.0
9046,2020042700100226,12,월요일,중부내륙,경상북도,경상사고,0,0,1,0,차대차 - 추돌,안전운전불이행,포장 - 건조,맑음,단일로 - 기타,화물,0,42,상해없음,화물,0,59,경상,40.0,40.0
9047,2020042800100180,10,화요일,중부내륙,경상북도,중상사고,0,1,1,0,차대차 - 추돌,안전운전불이행,포장 - 건조,맑음,단일로 - 기타,화물,0,57,상해없음,화물,0,40,중상,50.0,50.0