,사고번호,사고일시,요일,도로종류,시군구,사고내용,사망자수,중상자수,경상자수,부상신고자수,사고유형,법규위반,노면상태,기상상태,도로형태,가해운전자 차종,가해운전자 성별,가해운전자 연령,가해운전자 상해정도,피해운전자 차종,피해운전자 성별,피해운전자 연령,피해운전자 상해정도,연령대,가해연령대
9048,2020042900100531,19,수요일,중부내륙,충청북도,경상사고,0,0,2,0,차대차 - 추돌,안전운전불이행,포장 - 건조,맑음,단일로 - 기타,승용,0,47,상해없음,승용,0,52,상해없음,40.0,40.0
9049,2020043000100440,17,목요일,중부내륙,경기도,경상사고,0,0,3,0,차대차 - 추돌,안전거리미확보,포장 - 건조,맑음,단일로 - 지하차도(도로)내,승용,0,52,상해없음,승용,1,36,경상,50.0,50.0
9050,2020043000100471,18,목요일,중부내륙,경상북도,경상사고,0,0,1,0,차대차 - 기타,안전운전불이행,포장 - 건조,맑음,단일로 - 기타,승합,0,26,상해없음,승용,0,37,경상,20.0,20.0
9051,2020050900100337,15,토요일,중부내륙,충청북도,경상사고,0,0,2,0,차대차 - 기타,안전운전불이행,포장 - 젖음/습기,눈,단일로 - 지하차도(도로)내,승합,1,42,상해없음,승용,0,31,경상,40.0,40.0
9052,2020051500100338,15,금요일,중부내륙,경상북도,경상사고,0,0,1,0,차대차 - 추돌,안전거리미확보,포장 - 젖음/습기,비,단일로 - 터널,승용,0,24,상해없음,승용,0,56,경상,20.0,20.0
9053,2020051600100489,21,토요일,중부내륙,충청북도,부상신고사고,0,0,0,1,차대차 - 추돌,안전운전불이행,포장 - 건조,맑음,단일로 - 교량,승용,0,43,상해없음,화물,0,54,부상신고,40.0,40.0
9054,2020051800100258,13,월요일,중부내륙,충청북도,사망사고,2,3,4,3,차대차 - 추돌,안전운전불이행,포장 - 건조,맑음,단일로 - 지하차도(도로)내,화물,0,33,상해없음,승용,0,25,중상,30.0,30.0
9055,2020052000100662,22,수요일,중부내륙,충청북도,경상사고,0,0,1,0,차대차 - 측면충돌,안전운전불이행,포장 - 건조,맑음,단일로 - 기타,화물,0,66,상해없음,승용,1,30,경상,60.0,60.0
9056,2020052100100279,13,목요일,중부내륙,충청북도,경상사고,0,0,3,0,차대차 - 추돌,안전운전불이행,포장 - 건조,맑음,단일로 - 터널,화물,0,29,상해없음,승용,0,38,경상,20.0,20.0
9057,2020052400100249,14,일요일,중부내륙,경상북도,경상사고,0,0,3,0,차대차 - 추돌,안전운전불이행,포장 - 건조,맑음,단일로 - 기타,승용,1,34,상해없음,승용,1,34,경상,30.0,30.0
9058,2020052500100578,22,월요일,중부내륙,대구광역시,경상사고,0,0,1,0,차대차 - 측면충돌,안전운전불이행,포장 - 건조,맑음,단일로 - 기타,화물,0,64,상해없음,승용,1,52,경상,60.0,60.0
9059,2020052700100293,13,수요일,중부내륙,경상북도,사망사고,1,0,1,0,차대차 - 추돌,안전운전불이행,포장 - 건조,맑음,단일로 - 기타,화물,0,67,사망,화물,0,61,경상,60.0,60.0
9060,2020052800100294,13,목요일,중부내륙,충청북도,경상사고,0,0,1,0,차대차 - 추돌,안전운전불이행,포장 - 건조,맑음,주차장 - 주차장,승용,0,63,상해없음,승용,0,35,경상,60.0,60.0
9061,2020052900100440,16,금요일,중부내륙,충청북도,경상사고,0,0,3,0,차대차 - 추돌,안전운전불이행,포장 - 건조,맑음,단일로 - 터널,승용,0,21,상해없음,승용,0,50,경상,20.0,20.0
9062,2020052900100597,19,금요일,중부내륙,경상북도,중상사고,0,2,2,0,차대차 - 추돌,안전거리미확보,포장 - 건조,맑음,단일로 - 터널,화물,0,60,상해없음,화물,0,56,중상,50.0,50.0
9063,2020053100100168,12,일요일,중부내륙,경기도,중상사고,0,2,0,0,차대차 - 추돌,안전거리미확보,포장 - 건조,맑음,단일로 - 기타,승용,0,30,상해없음,승용,0,43,상해없음,20.0,20.0
9064,2020060200100252,12,화요일,중부내륙,경기도,사망사고,1,0,2,0,차대차 - 측면충돌,안전운전불이행,포장 - 건조,맑음,단일로 - 지하차도(도로)내,승용,0,69,사망,화물,0,64,상해없음,60.0,60.0
9065,2020060300100011,0,수요일,중부내륙,경상북도,경상사고,0,0,1,0,차대차 - 추돌,안전운전불이행,포장 - 건조,맑음,단일로 - 기타,화물,0,67,상해없음,특수,0,57,경상,60.0,60.0
9066,2020060400100312,14,목요일,중부내륙,경상남도,중상사고,0,1,0,0,차대차 - 추돌,안전운전불이행,포장 - 건조,맑음,단일로 - 기타,승용,1,46,상해없음,승합,0,41,중상,40.0,40.0
9067,2020060400100345,15,목요일,중부내륙,충청북도,경상사고,0,0,6,0,차대차 - 추돌,안전운전불이행,포장 - 건조,맑음,단일로 - 터널,승용,0,24,상해없음,승용,0,36,경상,20.0,20.0
9068,2020060900100347,14,화요일,중부내륙,충청북도,중상사고,0,3,1,0,차대차 - 기타,안전운전불이행,포장 - 건조,맑음,단일로 - 터널,화물,0,64,상해없음,특수,0,26,중상,60.0,60.0
9069,2020061200100621,20,금요일,중부내륙,경상남도,사망사고,1,0,0,0,차대차 - 기타,안전운전불이행,포장 - 젖음/습기,비,단일로 - 기타,화물,0,42,상해없음,원동기,0,57,사망,40.0,40.0
9070,2020061200100699,22,금요일,중부내륙,경상북도,중상사고,0,1,9,0,차대차 - 추돌,안전운전불이행,포장 - 젖음/습기,비,단일로 - 기타,승용,0,60,상해없음,승합,0,58,경상,50.0,50.0
9071,2020061300100041,1,토요일,중부내륙,경기도,중상사고,0,1,1,0,차대차 - 기타,기타,포장 - 건조,맑음,단일로 - 기타,특수,0,60,경상,화물,0,68,중상,50.0,50.0
9072,2020061600100375,15,화요일,중부내륙,경상북도,중상사고,0,1,1,0,차대차 - 추돌,안전운전불이행,포장 - 건조,맑음,단일로 - 터널,승용,0,34,상해없음,승용,0,21,중상,30.0,30.0
9073,2020062200100374,14,월요일,중부내륙,충청북도,경상사고,0,0,1,0,차대차 - 측면충돌,안전운전불이행,포장 - 건조,맑음,단일로 - 기타,화물,0,53,상해없음,승용,0,38,경상,50.0,50.0
9074,2020062600100581,19,금요일,중부내륙,경상북도,중상사고,0,2,1,0,차대차 - 추돌,안전거리미확보,포장 - 건조,맑음,단일로 - 터널,승용,0,51,중상,승용,0,55,경상,,
9075,2020062700100214,11,토요일,중부내륙,경상북도,경상사고,0,0,1,0,차대차 - 기타,안전운전불이행,포장 - 건조,맑음,단일로 - 기타,승용,1,51,상해없음,승용,0,62,상해없음,,
9076,2020070200100585,22,목요일,중부내륙,충청북도,경상사고,0,0,2,0,차대차 - 추돌,안전운전불이행,포장 - 건조,맑음,단일로 - 지하차도(도로)내,화물,0,72,경상,화물,0,37,경상,70.0,70.0
9077,2020070600100351,15,월요일,중부내륙,경상남도,경상사고,0,0,2,0,차대차 - 측면충돌,안전운전불이행,포장 - 건조,맑음,단일로 - 기타,화물,0,52,상해없음,승용,1,68,경상,50.0,50.0
9078,2020070900100343,14,목요일,중부내륙,경상북도,경상사고,0,0,2,0,차대차 - 추돌,안전운전불이행,포장 - 건조,맑음,단일로 - 기타,승용,0,36,상해없음,승용,0,50,경상,30.0,30.0
9079,2020070900100376,15,목요일,중부내륙,경기도,중상사고,0,1,0,0,차대차 - 추돌,안전운전불이행,포장 - 건조,맑음,단일로 - 기타,승용,1,60,상해없음,승용,1,28,중상,50.0,50.0
9080,2020071000100038,2,금요일,중부내륙,경상북도,사망사고,1,0,0,0,차대차 - 측면충돌,안전운전불이행,포장 - 건조,흐림,단일로 - 기타,화물,0,56,상해없음,화물,0,57,사망,50.0,50.0
9081,2020071000100636,22,금요일,중부내륙,충청북도,경상사고,0,0,1,0,차대차 - 측면충돌,안전거리미확보,포장 - 건조,맑음,단일로 - 지하차도(도로)내,특수,0,26,상해없음,승용,0,29,경상,20.0,20.0
9082,2020071100100338,14,토요일,중부내륙,충청북도,경상사고,0,0,2,0,차대차 - 추돌,안전운전불이행,포장 - 건조,맑음,단일로 - 터널,승용,0,27,상해없음,승용,0,56,경상,20.0,20.0
9083,2020071100100383,15,토요일,중부내륙,충청북도,경상사고,0,0,4,0,차대차 - 추돌,안전거리미확보,포장 - 건조,맑음,단일로 - 터널,승용,0,26,상해없음,승용,0,51,경상,20.0,20.0
9084,2020071500100028,2,수요일,중부내륙,경상북도,중상사고,0,3,0,0,차대차 - 추돌,안전운전불이행,포장 - 젖음/습기,비,단일로 - 기타,화물,0,28,중상,승용,0,49,중상,20.0,20.0
9085,2020071600100294,13,목요일,중부내륙,경상북도,사망사고,1,0,2,0,차대차 - 기타,안전운전불이행,포장 - 건조,맑음,단일로 - 기타,화물,0,60,사망,특수,0,39,경상,50.0,50.0
9086,2020071600100407,16,목요일,중부내륙,경기도,경상사고,0,0,2,0,차대차 - 측면충돌,안전운전불이행,포장 - 건조,맑음,단일로 - 지하차도(도로)내,승용,1,42,상해없음,승용,0,30,경상,40.0,40.0
9087,2020072000100251,13,월요일,중부내륙,충청북도,경상사고,0,0,2,0,차대차 - 측면충돌,안전운전불이행,포장 - 건조,맑음,주차장 - 주차장,승용,0,60,상해없음,승용,0,26,상해없음,50.0,50.0
9088,2020072100100278,13,화요일,중부내륙,경기도,경상사고,0,0,1,0,차대차 - 측면충돌,안전거리미확보,포장 - 건조,맑음,단일로 - 지하차도(도로)내,승합,1,66,상해없음,화물,0,58,경상,60.0,60.0
9089,2020072700100316,14,월요일,중부내륙,충청북도,경상사고,0,0,8,0,차대차 - 추돌,안전운전불이행,포장 - 건조,맑음,단일로 - 터널,승용,1,58,경상,승용,0,30,경상,50.0,50.0
9090,2020072800100357,17,화요일,중부내륙,충청북도,경상사고,0,0,1,0,차대차 - 측면충돌,안전운전불이행,포장 - 건조,맑음,단일로 - 기타,화물,0,25,상해없음,화물,0,46,경상,20.0,20.0
9091,2020072800100532,21,화요일,중부내륙,경상북도,경상사고,0,0,1,0,차대차 - 추돌,안전운전불이행,포장 - 젖음/습기,비,단일로 - 기타,승합,0,58,상해없음,특수,0,45,경상,50.0,50.0
9092,2020073000100043,2,목요일,중부내륙,충청북도,중상사고,0,1,1,0,차대차 - 측면충돌,안전운전불이행,포장 - 젖음/습기,비,단일로 - 지하차도(도로)내,화물,0,67,중상,승용,0,25,경상,60.0,60.0
9093,2020080100100067,4,토요일,중부내륙,경상북도,경상사고,0,0,3,0,차대차 - 기타,기타,포장 - 건조,맑음,단일로 - 기타,특수,0,37,상해없음,승용,1,35,경상,30.0,30.0
9094,2020080200100090,10,일요일,중부내륙,충청북도,경상사고,0,0,4,0,차대차 - 측면충돌,신호위반,포장 - 젖음/습기,비,단일로 - 기타,승용,0,57,상해없음,승용,0,33,경상,50.0,50.0
9095,2020080900100232,15,일요일,중부내륙,경상북도,경상사고,0,0,1,0,차대차 - 추돌,안전거리미확보,포장 - 건조,흐림,단일로 - 터널,승용,0,51,상해없음,승용,1,49,경상,,
9096,2020081100100283,13,화요일,중부내륙,경기도,경상사고,0,0,1,0,차대차 - 추돌,안전운전불이행,포장 - 건조,맑음,단일로 - 지하차도(도로)내,승용,0,23,상해없음,화물,0,54,경상,20.0,20.0
9097,2020081100100368,15,화요일,중부내륙,경상북도,경상사고,0,0,1,0,차대차 - 추돌,안전운전불이행,포장 - 건조,흐림,단일로 - 기타,승용,0,50,상해없음,승용,0,41,경상,40.0,40.0
9098,2020081600100429,19,일요일,중부내륙,경기도,경상사고,0,0,2,0,차대차 - 추돌,안전운전불이행,포장 - 건조,맑음,단일로 - 지하차도(도로)내,승용,0,44,상해없음,승용,0,29,경상,40.0,40.0
9099,2020081800100219,11,화요일,중부내륙,경상북도,경상사고,0,0,3,0,차대차 - 추돌,안전거리미확보,포장 - 건조,맑음,단일로 - 기타,승용,0,41,경상,승용,1,54,경상,,
9100,2020081800100378,15,화요일,중부내륙,충청북도,경상사고,0,0,5,0,차대차 - 추돌,안전운전불이행,포장 - 건조,맑음,단일로 - 터널,승용,0,61,상해없음,승용,0,23,경상,,
9101,2020081900100332,14,수요일,중부내륙,경상북도,중상사고,0,2,1,0,차대차 - 추돌,안전운전불이행,포장 - 건조,맑음,단일로 - 교량,화물,0,49,경상,화물,0,55,중상,40.0,40.0
9102,2020082000100341,14,목요일,중부내륙,경상북도,경상사고,0,0,4,0,차대차 - 추돌,안전거리미확보,포장 - 건조,맑음,단일로 - 터널,승용,0,27,상해없음,승용,1,27,경상,20.0,20.0
9103,2020090500100223,13,토요일,중부내륙,충청북도,경상사고,0,0,2,0,차대차 - 기타,기타,포장 - 건조,맑음,단일로 - 지하차도(도로)내,승용,0,49,상해없음,승용,1,54,경상,40.0,40.0
9104,2020090700100350,16,월요일,중부내륙,경상북도,중상사고,0,1,0,0,차대차 - 측면충돌,안전운전불이행,포장 - 건조,맑음,단일로 - 기타,승용,0,50,상해없음,승합,0,39,중상,40.0,40.0
9105,2020090900100047,6,수요일,중부내륙,경상남도,경상사고,0,0,1,0,차대차 - 측면충돌,안전거리미확보,포장 - 건조,맑음,단일로 - 기타,승용,0,39,상해없음,승용,0,42,경상,30.0,30.0
9106,2020091100100331,16,금요일,중부내륙,경상북도,경상사고,0,0,1,0,차대차 - 추돌,안전운전불이행,포장 - 건조,맑음,단일로 - 기타,승용,0,22,상해없음,승용,1,34,경상,20.0,20.0
9107,2020091100100484,19,금요일,중부내륙,충청북도,경상사고,0,0,1,0,차대차 - 추돌,안전운전불이행,포장 - 건조,맑음,단일로 - 기타,승용,0,51,상해없음,승용,0,47,경상,,
9108,2020091200100509,19,토요일,중부내륙,경상남도,경상사고,0,0,1,0,차대차 - 측면충돌,과속,포장 - 건조,맑음,단일로 - 기타,승용,0,30,상해없음,승용,0,35,경상,20.0,20.0
9109,2020092100100118,8,월요일,중부내륙,경상북도,사망사고,1,0,1,0,차대차 - 추돌,안전운전불이행,포장 - 건조,맑음,단일로 - 기타,승용,0,50,사망,화물,0,41,경상,40.0,40.0
9110,2020092400100010,0,목요일,중부내륙,경상북도,경상사고,0,0,1,0,차대차 - 측면충돌,안전운전불이행,포장 - 건조,맑음,단일로 - 기타,승용,0,41,상해없음,화물,0,66,경상,,
9111,2020092400100327,14,목요일,중부내륙,충청북도,경상사고,0,0,1,0,차대차 - 추돌,안전거리미확보,포장 - 건조,맑음,단일로 - 기타,승용,0,32,상해없음,승용,0,23,경상,30.0,30.0
9112,2020092400100649,22,목요일,중부내륙,경상북도,중상사고,0,1,0,0,차대차 - 추돌,안전운전불이행,포장 - 건조,맑음,단일로 - 기타,화물,0,56,상해없음,화물,0,60,중상,50.0,50.0
9113,2020092900100497,16,화요일,중부내륙,충청북도,경상사고,0,0,2,2,차대차 - 추돌,안전운전불이행,포장 - 건조,맑음,단일로 - 기타,화물,0,50,상해없음,승용,0,30,부상신고,40.0,40.0
9114,2020092900100737,20,화요일,중부내륙,경상북도,경상사고,0,0,1,0,차대차 - 추돌,기타,포장 - 건조,맑음,단일로 - 기타,승용,0,39,상해없음,승용,0,43,경상,30.0,30.0
9115,2020100300100007,0,토요일,중부내륙,경상남도,경상사고,0,0,3,0,차대차 - 기타,중앙선침범,포장 - 건조,맑음,단일로 - 기타,승용,1,19,상해없음,승용,1,53,경상,20.0,20.0
9116,2020100300100147,12,토요일,중부내륙,충청북도,중상사고,0,1,0,0,차대차 - 정면충돌,중앙선침범,포장 - 젖음/습기,비,단일로 - 지하차도(도로)내,화물,0,59,상해없음,승용,0,34,중상,50.0,50.0
9117,2020100300100425,22,토요일,중부내륙,경기도,중상사고,0,2,0,0,차대차 - 추돌,안전운전불이행,포장 - 건조,맑음,단일로 - 기타,승용,0,49,상해없음,승용,0,44,중상,40.0,40.0
9118,2020100400100090,9,일요일,중부내륙,충청북도,경상사고,0,0,2,0,차대차 - 정면충돌,안전운전불이행,포장 - 건조,맑음,단일로 - 지하차도(도로)내,승용,0,25,상해없음,승용,1,61,경상,20.0,20.0
9119,2020101300100178,10,화요일,중부내륙,경상남도,중상사고,0,1,1,0,차대차 - 기타,안전거리미확보,포장 - 건조,맑음,단일로 - 기타,승용,0,59,상해없음,승용,0,61,경상,50.0,50.0
9120,2020101400100276,13,수요일,중부내륙,충청북도,사망사고,1,0,1,0,차대차 - 추돌,안전운전불이행,포장 - 건조,맑음,단일로 - 기타,화물,0,51,사망,화물,0,49,경상,,
9121,2020101600100409,17,금요일,중부내륙,충청북도,부상신고사고,0,0,0,1,차대차 - 추돌,안전운전불이행,포장 - 건조,맑음,단일로 - 기타,승용,0,18,상해없음,승용,0,27,부상신고,20.0,20.0
9122,2020101700100613,19,토요일,중부내륙,경상북도,중상사고,0,1,1,0,차대차 - 측면충돌,안전운전불이행,포장 - 건조,맑음,단일로 - 기타,승용,0,52,상해없음,화물,0,59,중상,50.0,50.0
9123,2020102100100234,11,수요일,중부내륙,경상남도,중상사고,0,1,0,0,차대차 - 기타,기타,포장 - 건조,맑음,단일로 - 기타,특수,0,49,상해없음,승용,0,46,중상,40.0,40.0
9124,2020102300100433,15,금요일,중부내륙,경상북도,경상사고,0,0,1,0,차대차 - 기타,안전운전불이행,포장 - 건조,맑음,단일로 - 기타,승용,0,74,상해없음,승용,0,53,경상,70.0,70.0
9125,2020102300100702,19,금요일,중부내륙,충청북도,경상사고,0,0,1,0,차대차 - 측면충돌,안전거리미확보,포장 - 건조,맑음,단일로 - 기타,화물,0,70,상해없음,승용,0,40,경상,60.0,60.0
9126,2020102300100782,21,금요일,중부내륙,충청북도,경상사고,0,0,5,0,차대차 - 추돌,안전거리미확보,포장 - 건조,맑음,단일로 - 지하차도(도로)내,승용,0,60,상해없음,승용,1,54,경상,50.0,50.0
9127,2020102700100116,8,화요일,중부내륙,경상북도,경상사고,0,0,1,0,차량단독 - 기타,안전운전불이행,포장 - 건조,맑음,단일로 - 교량,승용,1,39,경상,기타불명,2,0,기타불명,30.0,30.0
9128,2020103000100207,10,금요일,중부내륙,충청북도,경상사고,0,0,1,0,차대차 - 추돌,안전운전불이행,포장 - 건조,맑음,단일로 - 터널,승용,0,60,상해없음,화물,0,45,경상,50.0,50.0
9129,2020110200100405,16,월요일,중부내륙,경상북도,경상사고,0,0,1,0,차대차 - 기타,안전운전불이행,포장 - 건조,맑음,단일로 - 기타,특수,0,56,상해없음,승용,0,29,경상,50.0,50.0
9130,2020110300100386,15,화요일,중부내륙,대구광역시,경상사고,0,0,2,0,차대차 - 기타,안전운전불이행,포장 - 건조,맑음,단일로 - 기타,특수,0,55,상해없음,승용,0,34,경상,50.0,50.0
9131,2020111100100290,12,수요일,중부내륙,경상북도,사망사고,1,0,1,0,차대차 - 기타,안전운전불이행,포장 - 건조,맑음,단일로 - 기타,화물,0,35,사망,화물,0,43,경상,30.0,30.0
9132,2020111700100400,17,화요일,중부내륙,경기도,경상사고,0,0,2,0,차대차 - 추돌,안전운전불이행,포장 - 건조,맑음,기타 - 기타,화물,0,50,상해없음,승용,1,59,경상,40.0,40.0
9133,2020112100100013,0,토요일,중부내륙,경상북도,경상사고,0,0,1,0,차대차 - 측면충돌,신호위반,포장 - 건조,맑음,단일로 - 기타,화물,0,70,상해없음,승용,0,31,경상,60.0,60.0
9134,2020112100100261,13,토요일,중부내륙,경기도,경상사고,0,0,4,0,차대차 - 추돌,안전운전불이행,포장 - 건조,맑음,단일로 - 기타,승용,0,18,상해없음,승용,1,42,경상,20.0,20.0
9135,2020112200100158,12,일요일,중부내륙,경상북도,중상사고,0,1,1,0,차대차 - 기타,안전운전불이행,포장 - 건조,맑음,단일로 - 기타,승용,1,68,상해없음,승용,1,42,중상,60.0,60.0
9136,2020112300100084,7,월요일,중부내륙,경기도,경상사고,0,0,1,0,차대차 - 후진중충돌,안전운전불이행,포장 - 건조,맑음,단일로 - 기타,화물,0,46,상해없음,승합,0,27,경상,40.0,40.0
9137,2020112300100110,8,월요일,중부내륙,경상북도,중상사고,0,1,0,0,차대차 - 추돌,안전운전불이행,포장 - 건조,맑음,단일로 - 기타,화물,0,42,중상,화물,0,59,상해없음,40.0,40.0
9138,2020112800100284,14,토요일,중부내륙,충청북도,경상사고,0,0,1,0,차대차 - 측면충돌,안전거리미확보,포장 - 건조,맑음,단일로 - 기타,승용,1,35,상해없음,승용,0,44,경상,30.0,30.0
9139,2020120200100415,18,수요일,중부내륙,경기도,경상사고,0,0,1,0,차대차 - 측면충돌,안전거리미확보,포장 - 건조,맑음,단일로 - 기타,화물,0,60,상해없음,승용,0,61,경상,50.0,50.0
9140,2020120300100197,12,목요일,중부내륙,충청북도,사망사고,1,0,0,0,차량단독 - 공작물충돌,안전운전불이행,포장 - 건조,맑음,단일로 - 터널,특수,0,33,사망,기타불명,2,0,기타불명,30.0,30.0
9141,2020120400100543,19,금요일,중부내륙,경기도,경상사고,0,0,2,0,차대차 - 추돌,안전운전불이행,포장 - 건조,맑음,단일로 - 기타,승용,0,27,상해없음,승용,0,38,경상,20.0,20.0
9142,2020121100100201,13,금요일,중부내륙,충청북도,중상사고,0,3,0,0,차대차 - 기타,차로위반,포장 - 건조,맑음,단일로 - 기타,화물,0,39,상해없음,승용,0,73,중상,30.0,30.0
9143,2020121100100241,14,금요일,중부내륙,충청북도,중상사고,0,1,2,0,차대차 - 추돌,안전운전불이행,포장 - 건조,맑음,단일로 - 기타,승용,0,51,경상,승용,1,54,상해없음,,
9144,2020121300100340,20,일요일,중부내륙,충청북도,중상사고,0,1,10,0,차대차 - 기타,안전운전불이행,포장 - 건조,맑음,단일로 - 기타,승용,1,51,상해없음,화물,0,60,상해없음,,
9145,2020121700100021,5,목요일,중부내륙,경기도,사망사고,1,0,0,0,차대차 - 추돌,안전운전불이행,포장 - 건조,맑음,단일로 - 기타,화물,0,64,사망,화물,0,51,기타불명,60.0,60.0
9146,2020122400100345,16,목요일,중부내륙,경기도,중상사고,0,1,1,0,차대차 - 추돌,안전운전불이행,포장 - 건조,맑음,단일로 - 기타,승용,0,24,상해없음,승용,0,25,중상,20.0,20.0
9147,2020122400100359,16,목요일,중부내륙,경상북도,경상사고,0,0,1,0,차대차 - 추돌,안전운전불이행,포장 - 건조,맑음,단일로 - 기타,승용,0,60,상해없음,승용,0,38,경상,50.0,50.0
9148,2020122500100012,1,금요일,중부내륙,대구광역시,사망사고,1,0,0,0,차대차 - 추돌,기타,포장 - 건조,맑음,단일로 - 기타,승용,1,19,상해없음,승합,0,69,상해없음,20.0,20.0
9149,2020122800100493,19,월요일,중부내륙,경상북도,경상사고,0,0,1,0,차대차 - 추돌,안전운전불이행,포장 - 건조,맑음,단일로 - 기타,화물,0,46,상해없음,화물,0,54,경상,40.0,40.0
9150,2021010100100171,18,금요일,중부내륙,경상북도,중상사고,0,1,0,0,차대차 - 추돌,안전운전불이행,-,눈,단일로 - 기타,기타불명,2,0,기타불명,화물,0,36,중상,20.0,20.0
9151,2021010200100441,23,토요일,중부내륙,경상북도,사망사고,1,3,0,0,차대차 - 추돌,안전운전불이행,-,맑음,단일로 - 기타,승용,0,43,상해없음,승용,0,37,중상,40.0,40.0
9152,2021010700100103,9,목요일,중부내륙,경기도,경상사고,0,0,2,0,차대차 - 추돌,안전운전불이행,-,맑음,단일로 - 기타,승용,0,58,상해없음,승용,0,45,경상,50.0,50.0
9153,2021010700100137,11,목요일,중부내륙,경상북도,사망사고,1,0,0,0,차대사람 - 기타,기타,-,맑음,단일로 - 기타,화물,0,67,상해없음,보행자,1,65,사망,60.0,60.0
9154,2021011600100131,12,토요일,중부내륙,충청북도,경상사고,0,0,1,0,차대차 - 측면충돌,안전운전불이행,-,맑음,주차장 - 주차장,승용,0,83,상해없음,승용,1,30,경상,70.0,70.0
9155,2021011700100020,5,일요일,중부내륙,경상북도,중상사고,0,2,1,0,차대차 - 추돌,안전운전불이행,-,맑음,단일로 - 기타,승용,0,48,중상,승용,0,39,상해없음,40.0,40.0
9156,2021011700100146,15,일요일,중부내륙,경상북도,경상사고,0,0,3,0,차대차 - 추돌,과속,-,맑음,단일로 - 기타,승용,0,35,상해없음,승용,1,28,경상,30.0,30.0
9157,2021012000100316,14,수요일,중부내륙,충청북도,중상사고,0,1,1,0,차대차 - 추돌,안전운전불이행,-,맑음,단일로 - 기타,화물,0,54,중상,화물,0,55,경상,50.0,50.0
9158,2021012100100009,2,목요일,중부내륙,충청북도,경상사고,0,0,1,0,차대차 - 추돌,과속,-,흐림,단일로 - 지하차도(도로)내,승용,0,36,상해없음,화물,0,44,경상,30.0,30.0
9159,2021012200100327,17,금요일,중부내륙,충청북도,경상사고,0,0,1,0,차대차 - 측면충돌,안전운전불이행,-,맑음,단일로 - 지하차도(도로)내,화물,0,42,상해없음,승용,0,43,경상,40.0,40.0
9160,2021012800100003,0,목요일,중부내륙,경기도,경상사고,0,0,1,0,차대차 - 추돌,안전운전불이행,-,맑음,단일로 - 기타,기타불명,2,0,기타불명,화물,0,58,경상,20.0,20.0
9161,2021012800100468,20,목요일,중부내륙,경상북도,중상사고,0,2,1,0,차대차 - 추돌,과속,-,맑음,단일로 - 기타,승용,0,19,상해없음,화물,0,36,경상,20.0,20.0
9162,2021012900100373,17,금요일,중부내륙,충청북도,경상사고,0,0,1,0,차대차 - 추돌,안전운전불이행,-,맑음,단일로 - 기타,승용,0,34,경상,승용,0,45,상해없음,30.0,30.0
9163,2021013100100216,16,일요일,중부내륙,경상남도,중상사고,0,1,0,0,차대차 - 측면충돌,안전운전불이행,-,맑음,단일로 - 기타,승용,0,56,상해없음,승용,1,33,중상,50.0,50.0
9164,2021013100100367,22,일요일,중부내륙,경기도,경상사고,0,0,5,0,차대차 - 추돌,안전운전불이행,-,맑음,단일로 - 기타,승용,0,39,경상,승용,0,41,경상,30.0,30.0
9165,2021020400100338,15,목요일,중부내륙,경기도,경상사고,0,0,1,0,차대차 - 기타,신호위반,-,맑음,단일로 - 기타,화물,0,47,상해없음,승용,0,30,경상,40.0,40.0
9166,2021020500100117,10,금요일,중부내륙,대구광역시,중상사고,0,1,1,0,차대차 - 추돌,중앙선침범,-,맑음,단일로 - 기타,화물,0,69,중상,건설기계,0,49,경상,60.0,60.0
9167,2021021000100586,19,수요일,중부내륙,경상북도,경상사고,0,0,5,0,차대차 - 추돌,안전운전불이행,-,맑음,단일로 - 기타,승용,1,24,상해없음,승용,0,28,상해없음,20.0,20.0
9168,2021021100100182,15,목요일,중부내륙,경기도,경상사고,0,0,2,0,차대차 - 추돌,안전운전불이행,-,맑음,단일로 - 기타,승용,0,39,상해없음,승용,0,34,상해없음,30.0,30.0
9169,2021021300100046,10,토요일,중부내륙,경상북도,경상사고,0,0,6,0,차대차 - 추돌,안전운전불이행,-,맑음,단일로 - 기타,승용,0,47,경상,승용,1,40,경상,40.0,40.0
9170,2021021400100338,23,일요일,중부내륙,충청북도,중상사고,0,2,1,1,차대차 - 추돌,안전운전불이행,-,맑음,단일로 - 기타,화물,0,74,부상신고,승용,0,30,경상,70.0,70.0
9171,2021021500100173,13,월요일,중부내륙,충청북도,경상사고,0,0,1,0,차대차 - 측면충돌,차로위반,-,맑음,단일로 - 기타,화물,0,46,상해없음,승용,1,25,경상,40.0,40.0
9172,2021021700100040,6,수요일,중부내륙,충청북도,중상사고,0,1,0,0,차대차 - 추돌,차로위반,-,맑음,단일로 - 기타,화물,0,57,상해없음,승용,0,63,중상,50.0,50.0
9173,2021021800100367,17,목요일,중부내륙,경상북도,경상사고,0,0,1,0,차대차 - 추돌,안전운전불이행,-,맑음,단일로 - 기타,화물,0,54,상해없음,화물,0,34,경상,50.0,50.0
9174,2021021900100421,16,금요일,중부내륙,경상북도,중상사고,0,1,0,0,차대차 - 추돌,안전거리미확보,-,맑음,단일로 - 기타,승용,0,74,상해없음,승용,0,53,상해없음,70.0,70.0
9175,2021021900100626,20,금요일,중부내륙,경기도,경상사고,0,0,5,0,차대차 - 추돌,안전거리미확보,-,맑음,단일로 - 기타,승용,0,21,상해없음,승용,0,41,경상,20.0,20.0