,사고번호,사고일시,요일,도로종류,시군구,사고내용,사망자수,중상자수,경상자수,부상신고자수,사고유형,법규위반,노면상태,기상상태,도로형태,가해운전자 차종,가해운전자 성별,가해운전자 연령,가해운전자 상해정도,피해운전자 차종,피해운전자 성별,피해운전자 연령,피해운전자 상해정도,연령대,가해연령대
9176,2021022500100027,2,목요일,중부내륙,충청북도,경상사고,0,0,1,1,차대차 - 추돌,안전운전불이행,-,맑음,단일로 - 기타,화물,0,55,부상신고,화물,0,64,경상,50.0,50.0
9177,2021022600100177,11,금요일,중부내륙,경상북도,중상사고,0,1,3,0,차대차 - 추돌,안전운전불이행,-,맑음,단일로 - 터널,화물,0,50,상해없음,화물,0,35,경상,40.0,40.0
9178,2021022600100205,12,금요일,중부내륙,충청북도,경상사고,0,0,2,0,차대차 - 추돌,안전운전불이행,-,맑음,단일로 - 기타,승용,1,42,상해없음,승용,0,48,경상,40.0,40.0
9179,2021030100100040,6,월요일,중부내륙,경상북도,경상사고,0,0,2,0,차대차 - 측면충돌,안전운전불이행,-,맑음,단일로 - 기타,승용,0,55,상해없음,화물,0,20,상해없음,50.0,50.0
9180,2021030100100448,22,월요일,중부내륙,경기도,경상사고,0,0,1,0,차대차 - 추돌,안전운전불이행,-,눈,단일로 - 터널,승용,0,27,상해없음,화물,0,58,경상,20.0,20.0
9181,2021030500100320,15,금요일,중부내륙,충청북도,중상사고,0,2,2,0,차대차 - 추돌,안전운전불이행,-,맑음,단일로 - 기타,화물,0,65,중상,승용,0,37,중상,60.0,60.0
9182,2021030800100331,15,월요일,중부내륙,경상북도,경상사고,0,0,1,0,차대차 - 측면충돌,안전운전불이행,-,맑음,단일로 - 기타,승용,0,56,상해없음,승용,0,71,경상,50.0,50.0
9183,2021030800100500,19,월요일,중부내륙,경상북도,중상사고,0,1,0,0,차대차 - 측면충돌,안전운전불이행,-,맑음,단일로 - 기타,특수,0,60,상해없음,승용,1,49,중상,50.0,50.0
9184,2021031200100009,1,금요일,중부내륙,경상북도,중상사고,0,1,1,0,차대차 - 추돌,안전운전불이행,-,비,단일로 - 기타,승용,0,60,상해없음,승용,1,26,경상,50.0,50.0
9185,2021031200100465,19,금요일,중부내륙,충청북도,경상사고,0,0,1,0,차대차 - 측면충돌,신호위반,-,맑음,단일로 - 기타,화물,0,62,상해없음,승용,0,67,경상,60.0,60.0
9186,2021031700100534,21,수요일,중부내륙,경상북도,중상사고,0,1,0,0,차대차 - 기타,안전운전불이행,-,맑음,단일로 - 기타,특수,0,52,상해없음,승용,0,32,중상,50.0,50.0
9187,2021032000100236,14,토요일,중부내륙,경기도,중상사고,0,4,5,2,차대차 - 추돌,안전운전불이행,-,비,단일로 - 기타,화물,0,49,중상,화물,0,38,부상신고,40.0,40.0
9188,2021032400100022,4,수요일,중부내륙,충청북도,중상사고,0,1,1,0,차대차 - 추돌,안전운전불이행,-,맑음,단일로 - 터널,화물,0,52,중상,화물,0,60,경상,50.0,50.0
9189,2021032400100238,13,수요일,중부내륙,충청북도,경상사고,0,0,3,0,차대차 - 후진중충돌,안전운전불이행,-,맑음,주차장 - 주차장,승용,0,37,상해없음,승용,1,55,경상,30.0,30.0
9190,2021040300100189,12,토요일,중부내륙,경상북도,경상사고,0,0,1,0,차대차 - 추돌,안전운전불이행,-,맑음,단일로 - 기타,승용,0,25,상해없음,승용,0,51,경상,20.0,20.0
9191,2021040400100105,11,일요일,중부내륙,충청북도,경상사고,0,0,4,0,차대차 - 추돌,안전거리미확보,-,맑음,단일로 - 터널,승용,0,59,상해없음,승용,0,24,상해없음,50.0,50.0
9192,2021040500100319,14,월요일,중부내륙,충청북도,중상사고,0,2,1,0,차대차 - 추돌,안전거리미확보,-,맑음,단일로 - 지하차도(도로)내,화물,0,63,상해없음,승합,0,22,중상,60.0,60.0
9193,2021040800100615,22,목요일,중부내륙,충청북도,경상사고,0,0,1,0,차대차 - 측면충돌,안전거리미확보,-,맑음,단일로 - 기타,승용,0,61,상해없음,승용,0,43,경상,,
9194,2021041100100297,16,일요일,중부내륙,경기도,경상사고,0,0,3,0,차대차 - 추돌,안전운전불이행,-,맑음,단일로 - 기타,승용,0,31,상해없음,승용,0,55,경상,,
9195,2021041200100532,20,월요일,중부내륙,경상북도,중상사고,0,2,0,0,차대차 - 추돌,안전운전불이행,-,비,단일로 - 기타,승용,1,39,상해없음,승용,0,56,중상,30.0,30.0
9196,2021041200100564,21,월요일,중부내륙,충청북도,중상사고,0,1,2,0,차대차 - 추돌,안전거리미확보,-,맑음,단일로 - 기타,승용,0,50,경상,승용,0,54,중상,40.0,40.0
9197,2021041600100284,15,금요일,중부내륙,경기도,경상사고,0,0,2,0,차대차 - 추돌,안전운전불이행,-,비,단일로 - 기타,승용,0,56,상해없음,승용,1,60,경상,50.0,50.0
9198,2021041700100376,16,토요일,중부내륙,경기도,경상사고,0,0,7,1,차대차 - 추돌,안전운전불이행,-,맑음,단일로 - 기타,승용,0,41,경상,화물,0,44,경상,,
9199,2021042100100005,0,수요일,중부내륙,경상북도,경상사고,0,0,1,0,차대차 - 측면충돌,안전운전불이행,-,맑음,단일로 - 기타,승용,0,40,상해없음,화물,0,46,경상,30.0,30.0
9200,2021042100100188,11,수요일,중부내륙,충청북도,사망사고,1,2,1,0,차대차 - 추돌,안전운전불이행,-,맑음,단일로 - 기타,화물,0,46,상해없음,승용,0,54,사망,40.0,40.0
9201,2021042200100194,11,목요일,중부내륙,충청북도,중상사고,0,1,3,0,차대차 - 추돌,안전거리미확보,-,맑음,단일로 - 지하차도(도로)내,승합,0,54,경상,승용,0,26,경상,50.0,50.0
9202,2021042400100171,11,토요일,중부내륙,경기도,경상사고,0,0,3,0,차대차 - 추돌,안전운전불이행,-,맑음,단일로 - 기타,승용,0,40,상해없음,승용,0,39,경상,30.0,30.0
9203,2021050100100027,1,토요일,중부내륙,경상북도,경상사고,0,0,1,0,차대차 - 후진중충돌,안전운전불이행,-,비,주차장 - 주차장,화물,0,36,상해없음,승용,1,32,경상,30.0,30.0
9204,2021050100100130,10,토요일,중부내륙,경상북도,중상사고,0,1,0,0,차대차 - 추돌,안전운전불이행,-,맑음,단일로 - 기타,승용,0,41,상해없음,화물,0,42,중상,,
9205,2021050100100257,14,토요일,중부내륙,경기도,경상사고,0,0,3,0,차대차 - 추돌,안전운전불이행,-,흐림,기타 - 기타,화물,0,47,상해없음,승용,0,67,상해없음,40.0,40.0
9206,2021050300100372,15,월요일,중부내륙,충청북도,경상사고,0,0,5,1,차대차 - 추돌,안전운전불이행,-,맑음,단일로 - 터널,화물,0,33,경상,승용,0,25,경상,30.0,30.0
9207,2021050700100177,11,금요일,중부내륙,경상북도,경상사고,0,0,3,0,차대차 - 추돌,안전운전불이행,-,맑음,기타 - 기타,화물,0,46,상해없음,승용,1,49,경상,40.0,40.0
9208,2021050700100459,18,금요일,중부내륙,경상북도,경상사고,0,0,11,1,차대차 - 추돌,안전거리미확보,-,맑음,단일로 - 터널,승용,1,22,경상,승용,0,32,부상신고,20.0,20.0
9209,2021050800100134,10,토요일,중부내륙,충청북도,경상사고,0,0,3,0,차대차 - 측면충돌,안전운전불이행,-,맑음,단일로 - 지하차도(도로)내,승용,1,61,상해없음,승용,0,45,경상,,
9210,2021050800100278,13,토요일,중부내륙,경상북도,경상사고,0,0,2,0,차대차 - 측면충돌,차로위반,-,맑음,단일로 - 기타,승용,0,39,상해없음,승용,0,82,경상,30.0,30.0
9211,2021050800100581,21,토요일,중부내륙,경상북도,중상사고,0,1,0,0,차량단독 - 공작물충돌,안전운전불이행,-,맑음,단일로 - 기타,승용,0,42,상해없음,기타불명,2,0,기타불명,40.0,40.0
9212,2021050900100104,10,일요일,중부내륙,경상북도,경상사고,0,0,4,0,차대차 - 추돌,안전운전불이행,-,맑음,단일로 - 기타,승용,0,39,경상,승용,0,37,상해없음,30.0,30.0
9213,2021051300100235,12,목요일,중부내륙,경상남도,경상사고,0,0,3,0,차대차 - 추돌,안전운전불이행,-,맑음,단일로 - 기타,화물,0,46,상해없음,승용,0,49,경상,40.0,40.0
9214,2021051600100243,15,일요일,중부내륙,경상남도,경상사고,0,0,1,0,차대차 - 기타,안전운전불이행,-,비,단일로 - 기타,승용,0,48,상해없음,승용,0,36,경상,40.0,40.0
9215,2021052100100464,18,금요일,중부내륙,경기도,중상사고,0,1,1,0,차대차 - 측면충돌,차로위반,-,맑음,단일로 - 기타,승용,1,50,상해없음,승용,0,41,중상,40.0,40.0
9216,2021052100100512,20,금요일,중부내륙,경기도,경상사고,0,0,1,0,차대사람 - 기타,안전운전불이행,-,맑음,단일로 - 기타,승용,0,62,상해없음,보행자,0,58,경상,60.0,60.0
9217,2021052800100576,21,금요일,중부내륙,경상남도,중상사고,0,1,1,0,차대차 - 추돌,안전운전불이행,-,맑음,단일로 - 기타,특수,0,45,상해없음,승합,0,55,경상,40.0,40.0
9218,2021060300100018,1,목요일,중부내륙,경상북도,경상사고,0,0,1,0,차대차 - 측면충돌,신호위반,-,맑음,단일로 - 기타,화물,0,52,상해없음,화물,0,64,경상,50.0,50.0
9219,2021060300100026,3,목요일,중부내륙,충청북도,중상사고,0,4,0,0,차대차 - 추돌,안전운전불이행,-,맑음,단일로 - 지하차도(도로)내,화물,0,50,중상,화물,0,55,중상,40.0,40.0
9220,2021060300100032,4,목요일,중부내륙,충청북도,사망사고,1,1,0,1,차대차 - 추돌,기타,-,맑음,단일로 - 기타,화물,0,49,사망,화물,0,59,중상,40.0,40.0
9221,2021060300100247,13,목요일,중부내륙,경상북도,중상사고,0,1,3,0,차대차 - 추돌,안전거리미확보,-,흐림,단일로 - 기타,화물,0,57,경상,화물,0,70,중상,50.0,50.0
9222,2021060300100601,22,목요일,중부내륙,충청북도,사망사고,1,0,0,0,차대차 - 추돌,안전운전불이행,-,비,단일로 - 기타,승용,0,35,사망,화물,0,40,상해없음,30.0,30.0
9223,2021060600100043,5,일요일,중부내륙,경상북도,경상사고,0,0,1,0,차대차 - 추돌,안전운전불이행,-,맑음,단일로 - 기타,승용,0,47,상해없음,승용,0,49,경상,40.0,40.0
9224,2021060700100531,20,월요일,중부내륙,경기도,경상사고,0,0,1,0,차대차 - 측면충돌,안전운전불이행,-,맑음,기타 - 기타,화물,0,60,기타불명,화물,0,47,경상,50.0,50.0
9225,2021060900100482,18,수요일,중부내륙,충청북도,경상사고,0,0,1,0,차대차 - 추돌,안전운전불이행,-,맑음,단일로 - 기타,화물,0,60,상해없음,승용,0,67,상해없음,50.0,50.0
9226,2021061000100177,10,목요일,중부내륙,경상북도,경상사고,0,0,4,0,차대차 - 추돌,안전운전불이행,-,맑음,단일로 - 기타,특수,0,48,상해없음,승용,0,43,경상,40.0,40.0
9227,2021061100100166,10,금요일,중부내륙,경상북도,경상사고,0,0,2,1,차대차 - 측면충돌,안전운전불이행,-,맑음,단일로 - 기타,화물,0,63,상해없음,승용,0,53,경상,60.0,60.0
9228,2021061100100222,12,금요일,중부내륙,경기도,중상사고,0,1,8,1,차대차 - 추돌,안전운전불이행,-,맑음,기타 - 기타,화물,0,66,경상,승용,0,33,경상,60.0,60.0
9229,2021061300100219,14,일요일,중부내륙,경상북도,경상사고,0,0,1,0,차대차 - 측면충돌,안전운전불이행,-,맑음,기타 - 기타,승용,0,69,상해없음,승용,0,26,경상,60.0,60.0
9230,2021061400100487,18,월요일,중부내륙,대구광역시,경상사고,0,0,3,0,차대차 - 추돌,안전운전불이행,-,맑음,단일로 - 기타,승용,0,23,상해없음,특수,0,44,경상,20.0,20.0
9231,2021061600100576,21,수요일,중부내륙,충청북도,중상사고,0,1,1,0,차대차 - 추돌,안전운전불이행,-,맑음,단일로 - 기타,화물,0,53,중상,화물,0,61,경상,50.0,50.0
9232,2021061700100005,0,목요일,중부내륙,충청북도,중상사고,0,1,1,0,차대차 - 추돌,안전운전불이행,-,맑음,단일로 - 지하차도(도로)내,화물,0,51,중상,화물,0,52,경상,,
9233,2021061800100016,2,금요일,중부내륙,경상북도,사망사고,1,0,2,0,차대차 - 추돌,안전운전불이행,-,비,단일로 - 기타,승용,0,53,사망,건설기계,0,46,상해없음,50.0,50.0
9234,2021061800100021,3,금요일,중부내륙,경상북도,경상사고,0,0,1,0,차대차 - 추돌,안전운전불이행,-,비,단일로 - 기타,특수,0,37,상해없음,특수,0,72,경상,30.0,30.0
9235,2021061900100040,3,토요일,중부내륙,경상북도,경상사고,0,0,1,0,차대차 - 추돌,안전운전불이행,-,맑음,단일로 - 기타,화물,0,33,상해없음,승용,0,63,경상,30.0,30.0
9236,2021062100100330,14,월요일,중부내륙,경기도,경상사고,0,0,1,0,차대차 - 추돌,안전운전불이행,-,맑음,단일로 - 고가도로위,화물,0,66,상해없음,건설기계,0,57,경상,60.0,60.0
9237,2021062500100532,18,금요일,중부내륙,경상북도,경상사고,0,0,1,0,차대차 - 추돌,안전운전불이행,-,맑음,단일로 - 터널,승용,0,31,상해없음,승용,0,28,경상,,
9238,2021062900100304,14,화요일,중부내륙,경상남도,경상사고,0,0,2,0,차대차 - 기타,안전운전불이행,-,맑음,단일로 - 기타,화물,0,57,상해없음,승용,0,48,경상,50.0,50.0
9239,2021070100100306,14,목요일,중부내륙,경상북도,경상사고,0,0,1,0,차대차 - 추돌,안전운전불이행,-,맑음,단일로 - 기타,화물,0,57,상해없음,화물,0,71,경상,50.0,50.0
9240,2021070100100342,15,목요일,중부내륙,충청북도,경상사고,0,0,1,0,차대차 - 추돌,안전운전불이행,-,맑음,단일로 - 기타,승용,0,33,상해없음,승용,0,21,경상,30.0,30.0
9241,2021070200100137,9,금요일,중부내륙,경상북도,경상사고,0,0,2,0,차대차 - 추돌,안전운전불이행,-,맑음,단일로 - 기타,화물,0,59,상해없음,화물,0,48,경상,50.0,50.0
9242,2021070400100250,15,일요일,중부내륙,경상북도,경상사고,0,0,2,0,차대차 - 측면충돌,안전운전불이행,-,맑음,단일로 - 터널,승용,0,44,상해없음,승용,1,35,경상,40.0,40.0
9243,2021070500100306,14,월요일,중부내륙,경상북도,중상사고,0,1,0,0,차대차 - 측면충돌,안전운전불이행,-,맑음,단일로 - 기타,화물,0,61,상해없음,승용,0,49,중상,,
9244,2021070600100023,1,화요일,중부내륙,경상북도,경상사고,0,0,1,0,차대차 - 추돌,안전운전불이행,-,비,단일로 - 기타,승용,1,40,경상,특수,0,61,상해없음,30.0,30.0
9245,2021070700100029,3,수요일,중부내륙,충청북도,중상사고,0,1,0,0,차량단독 - 공작물충돌,안전운전불이행,-,비,단일로 - 지하차도(도로)내,승용,0,35,중상,기타불명,2,0,기타불명,30.0,30.0
9246,2021070700100587,21,수요일,중부내륙,경상북도,경상사고,0,0,1,0,차대차 - 후진중충돌,안전운전불이행,-,맑음,단일로 - 기타,승용,0,67,상해없음,특수,0,43,경상,60.0,60.0
9247,2021070900100280,14,금요일,중부내륙,경상북도,경상사고,0,0,2,0,차대차 - 측면충돌,안전운전불이행,-,맑음,단일로 - 기타,승용,0,20,경상,화물,0,62,상해없음,20.0,20.0
9248,2021071100100237,16,일요일,중부내륙,경상북도,경상사고,0,0,1,0,차대차 - 추돌,안전운전불이행,-,맑음,단일로 - 기타,승용,0,57,상해없음,승용,1,46,경상,50.0,50.0
9249,2021071100100261,17,일요일,중부내륙,충청북도,경상사고,0,0,1,0,차대차 - 측면충돌,안전운전불이행,-,비,단일로 - 지하차도(도로)내,화물,0,36,상해없음,승용,1,26,경상,30.0,30.0
9250,2021071500100235,12,목요일,중부내륙,경상북도,사망사고,2,0,2,0,차대차 - 추돌,안전거리미확보,-,맑음,단일로 - 기타,화물,1,49,상해없음,승용,0,63,경상,40.0,40.0
9251,2021071700100524,20,토요일,중부내륙,경상북도,경상사고,0,0,1,0,차대차 - 추돌,안전운전불이행,-,맑음,단일로 - 기타,승용,0,34,상해없음,승용,0,54,경상,30.0,30.0
9252,2021071800100199,14,일요일,중부내륙,충청북도,경상사고,0,0,1,0,차대차 - 추돌,안전거리미확보,-,맑음,단일로 - 기타,승용,0,34,상해없음,승용,1,43,경상,30.0,30.0
9253,2021071800100324,18,일요일,중부내륙,경상북도,경상사고,0,0,3,0,차량단독 - 기타,안전운전불이행,-,비,단일로 - 기타,승용,0,64,경상,기타불명,2,0,기타불명,60.0,60.0
9254,2021071800100375,20,일요일,중부내륙,경상북도,경상사고,0,0,1,0,차량단독 - 기타,안전운전불이행,-,비,단일로 - 기타,승용,0,38,상해없음,기타불명,2,0,기타불명,30.0,30.0
9255,2021071900100311,14,월요일,중부내륙,충청북도,경상사고,0,0,5,0,차대차 - 추돌,안전운전불이행,-,맑음,단일로 - 지하차도(도로)내,승용,0,47,상해없음,승합,0,44,경상,40.0,40.0
9256,2021072200100019,1,목요일,중부내륙,경상북도,경상사고,0,0,1,0,차대차 - 측면충돌,안전운전불이행,-,맑음,단일로 - 기타,화물,0,54,상해없음,화물,0,47,경상,50.0,50.0
9257,2021072200100402,16,목요일,중부내륙,충청북도,경상사고,0,0,5,0,차대차 - 측면충돌,안전거리미확보,-,맑음,단일로 - 지하차도(도로)내,승용,1,33,경상,승용,0,59,경상,30.0,30.0
9258,2021072300100391,16,금요일,중부내륙,충청북도,경상사고,0,0,1,0,차대차 - 측면충돌,안전운전불이행,-,맑음,단일로 - 기타,화물,0,46,상해없음,승용,0,40,경상,40.0,40.0
9259,2021072400100119,10,토요일,중부내륙,충청북도,경상사고,0,0,3,0,차대차 - 추돌,안전운전불이행,-,맑음,기타 - 기타,화물,0,71,경상,승용,0,31,경상,70.0,70.0
9260,2021072500100100,11,일요일,중부내륙,경기도,경상사고,0,0,1,1,차대차 - 추돌,안전운전불이행,-,맑음,단일로 - 기타,승용,0,44,상해없음,승용,0,52,부상신고,40.0,40.0
9261,2021072900100188,11,목요일,중부내륙,경상북도,경상사고,0,0,2,0,차대차 - 측면충돌,안전운전불이행,-,맑음,기타 - 기타,화물,0,60,상해없음,승용,1,29,경상,50.0,50.0
9262,2021080400100013,1,수요일,중부내륙,경상북도,경상사고,0,0,1,0,차대차 - 추돌,안전운전불이행,-,맑음,단일로 - 기타,특수,0,33,경상,특수,0,63,상해없음,30.0,30.0
9263,2021080400100115,9,수요일,중부내륙,경상남도,경상사고,0,0,2,0,차대차 - 기타,안전운전불이행,-,맑음,단일로 - 기타,승용,1,30,상해없음,화물,0,39,경상,20.0,20.0
9264,2021080400100320,15,수요일,중부내륙,충청북도,경상사고,0,0,3,0,차대차 - 추돌,안전거리미확보,-,맑음,단일로 - 기타,승용,0,55,상해없음,승합,1,23,경상,50.0,50.0
9265,2021080600100333,15,금요일,중부내륙,충청북도,중상사고,0,4,3,0,차대차 - 추돌,안전운전불이행,-,맑음,단일로 - 기타,승합,0,45,상해없음,승용,0,58,경상,40.0,40.0
9266,2021080600100484,18,금요일,중부내륙,경상북도,중상사고,0,1,1,0,차대차 - 추돌,안전운전불이행,-,맑음,단일로 - 기타,승용,0,31,상해없음,승용,0,44,경상,,
9267,2021080600100564,20,금요일,중부내륙,경상북도,경상사고,0,0,2,0,차대차 - 기타,기타,-,맑음,단일로 - 기타,화물,0,57,상해없음,승용,0,25,경상,50.0,50.0
9268,2021081100100231,13,수요일,중부내륙,경상북도,경상사고,0,0,4,0,차대차 - 추돌,안전운전불이행,-,맑음,단일로 - 기타,화물,0,68,상해없음,승용,0,56,경상,60.0,60.0
9269,2021081300100267,14,금요일,중부내륙,경상북도,중상사고,0,1,0,0,차대사람 - 기타,안전운전불이행,-,맑음,단일로 - 기타,화물,0,63,상해없음,보행자,0,55,중상,60.0,60.0
9270,2021081600100169,13,월요일,중부내륙,충청북도,경상사고,0,0,6,0,차대차 - 추돌,안전거리미확보,-,맑음,단일로 - 기타,승용,0,48,상해없음,승용,0,38,경상,40.0,40.0
9271,2021081600100282,16,월요일,중부내륙,경상북도,경상사고,0,0,1,0,차대차 - 추돌,안전운전불이행,-,맑음,단일로 - 기타,특수,0,50,상해없음,승용,1,28,경상,40.0,40.0
9272,2021081600100456,22,월요일,중부내륙,경상북도,부상신고사고,0,0,0,1,차대차 - 측면충돌,안전운전불이행,-,맑음,단일로 - 기타,승용,0,33,상해없음,기타불명,2,0,기타불명,30.0,30.0
9273,2021081700100353,16,화요일,중부내륙,충청북도,경상사고,0,0,2,0,차대차 - 추돌,안전운전불이행,-,맑음,단일로 - 지하차도(도로)내,승용,0,69,상해없음,승용,0,30,경상,60.0,60.0
9274,2021082000100159,11,금요일,중부내륙,충청북도,경상사고,0,0,3,0,차대차 - 추돌,안전운전불이행,-,맑음,단일로 - 지하차도(도로)내,화물,0,53,상해없음,승용,0,51,경상,50.0,50.0
9275,2021082700100154,11,금요일,중부내륙,충청북도,중상사고,0,1,0,0,차량단독 - 기타,안전운전불이행,-,비,단일로 - 기타,승용,1,33,중상,기타불명,2,0,기타불명,30.0,30.0
9276,2021082700100196,12,금요일,중부내륙,경상북도,경상사고,0,0,3,0,차대차 - 측면충돌,안전운전불이행,-,맑음,단일로 - 기타,화물,0,65,상해없음,승용,1,37,경상,60.0,60.0
9277,2021082900100035,8,일요일,중부내륙,경상북도,경상사고,0,0,2,0,차대차 - 측면충돌,안전운전불이행,-,비,단일로 - 기타,승용,0,43,상해없음,화물,0,56,경상,40.0,40.0
9278,2021083000100303,15,월요일,중부내륙,경상북도,중상사고,0,1,0,0,차대차 - 측면충돌,안전운전불이행,-,맑음,단일로 - 기타,승용,1,34,상해없음,승용,0,25,중상,30.0,30.0
9279,2021090100100015,2,수요일,중부내륙,경상북도,경상사고,0,0,1,0,차대차 - 측면충돌,안전운전불이행,-,비,단일로 - 기타,화물,0,66,상해없음,화물,0,68,경상,60.0,60.0
9280,2021090800100367,15,수요일,중부내륙,경상북도,사망사고,1,0,1,0,차대차 - 추돌,안전운전불이행,-,맑음,단일로 - 교량,화물,0,52,기타불명,화물,0,57,사망,50.0,50.0
9281,2021091000100287,14,금요일,중부내륙,경상북도,경상사고,0,0,3,1,차대차 - 추돌,안전거리미확보,-,맑음,단일로 - 터널,승용,0,42,경상,승용,0,46,경상,40.0,40.0
9282,2021091000100325,15,금요일,중부내륙,충청북도,경상사고,0,0,1,0,차량단독 - 기타,안전운전불이행,-,맑음,단일로 - 기타,승용,0,34,경상,기타불명,2,0,기타불명,30.0,30.0
9283,2021091200100201,14,일요일,중부내륙,경상남도,경상사고,0,0,3,0,차대차 - 측면충돌,안전운전불이행,-,맑음,단일로 - 기타,화물,0,72,상해없음,승용,0,35,경상,70.0,70.0
9284,2021091400100109,8,화요일,중부내륙,경상북도,중상사고,0,1,0,0,차대사람 - 기타,안전운전불이행,-,맑음,단일로 - 기타,화물,0,64,상해없음,보행자,0,46,중상,60.0,60.0
9285,2021091500100031,5,수요일,중부내륙,경상북도,중상사고,0,1,0,0,차대차 - 추돌,안전운전불이행,-,맑음,단일로 - 기타,화물,0,57,기타불명,특수,0,46,중상,50.0,50.0
9286,2021091500100070,7,수요일,중부내륙,경상북도,부상신고사고,0,0,0,1,차대차 - 측면충돌,과속,-,맑음,단일로 - 기타,승용,1,40,부상신고,특수,0,46,상해없음,30.0,30.0
9287,2021091700100788,22,금요일,중부내륙,충청북도,경상사고,0,0,1,0,차대차 - 기타,안전거리미확보,-,맑음,단일로 - 기타,승용,0,47,상해없음,화물,0,42,경상,40.0,40.0
9288,2021091800100162,10,토요일,중부내륙,경상북도,중상사고,0,1,4,0,차대차 - 추돌,안전운전불이행,-,맑음,단일로 - 기타,승용,0,47,상해없음,승용,0,68,경상,40.0,40.0
9289,2021091800100258,12,토요일,중부내륙,충청북도,경상사고,0,0,5,0,차대차 - 추돌,안전운전불이행,-,맑음,단일로 - 터널,승용,0,31,경상,승용,0,55,경상,,
9290,2021092000100458,23,월요일,중부내륙,경상북도,경상사고,0,0,2,0,차대차 - 측면충돌,안전운전불이행,-,맑음,단일로 - 기타,승용,0,38,상해없음,승용,0,40,경상,30.0,30.0
9291,2021092200100017,1,수요일,중부내륙,충청북도,경상사고,0,0,1,0,차대차 - 추돌,안전운전불이행,-,맑음,단일로 - 지하차도(도로)내,승용,1,44,상해없음,승용,0,48,상해없음,40.0,40.0
9292,2021092200100035,3,수요일,중부내륙,충청북도,경상사고,0,0,1,0,차대차 - 추돌,안전운전불이행,-,비,단일로 - 기타,기타불명,2,0,기타불명,승용,0,32,경상,20.0,20.0
9293,2021092200100219,15,수요일,중부내륙,경상북도,경상사고,0,0,1,2,차대차 - 측면충돌,안전운전불이행,-,맑음,주차장 - 주차장,승용,0,35,경상,승합,0,56,상해없음,30.0,30.0
9294,2021092300100187,11,목요일,중부내륙,경기도,경상사고,0,0,1,0,차대차 - 측면충돌,차로위반,-,맑음,단일로 - 기타,화물,0,61,기타불명,승용,0,33,경상,,
9295,2021092300100337,15,목요일,중부내륙,경상북도,경상사고,0,0,2,0,차대차 - 추돌,안전운전불이행,-,맑음,단일로 - 기타,승용,0,49,상해없음,승용,0,59,경상,40.0,40.0
9296,2021092700100539,22,월요일,중부내륙,경상북도,사망사고,1,0,1,0,차대차 - 추돌,안전운전불이행,-,맑음,단일로 - 기타,화물,0,42,사망,화물,0,50,경상,40.0,40.0
9297,2021092700100540,22,월요일,중부내륙,경상북도,사망사고,1,1,0,0,차대차 - 추돌,안전운전불이행,-,흐림,단일로 - 기타,특수,0,58,사망,화물,0,48,중상,50.0,50.0
9298,2021092700100554,23,월요일,중부내륙,경상북도,중상사고,0,2,0,0,차대차 - 추돌,안전운전불이행,-,맑음,단일로 - 기타,특수,0,59,중상,특수,0,45,중상,50.0,50.0
9299,2021092800100517,20,화요일,중부내륙,충청북도,중상사고,0,1,0,0,차대차 - 추돌,안전운전불이행,-,흐림,단일로 - 기타,승합,0,57,상해없음,화물,0,71,중상,50.0,50.0
9300,2021092800100557,21,화요일,중부내륙,경상남도,경상사고,0,0,1,0,차대차 - 기타,기타,-,맑음,단일로 - 기타,기타불명,2,0,기타불명,승용,0,44,경상,20.0,20.0
9301,2021100400100013,1,월요일,중부내륙,경기도,중상사고,0,1,0,0,차대차 - 추돌,안전운전불이행,-,맑음,단일로 - 기타,화물,0,64,상해없음,화물,0,66,중상,60.0,60.0
9302,2021100600100198,11,수요일,중부내륙,경상북도,경상사고,0,0,3,0,차대차 - 추돌,안전거리미확보,-,맑음,단일로 - 기타,승용,0,67,상해없음,승용,0,24,경상,60.0,60.0
9303,2021100600100369,16,수요일,중부내륙,충청북도,중상사고,0,1,3,0,차대차 - 추돌,안전거리미확보,-,맑음,단일로 - 지하차도(도로)내,승용,0,25,경상,승용,1,29,상해없음,20.0,20.0
9304,2021100700100009,2,목요일,중부내륙,충청북도,경상사고,0,0,1,0,차대차 - 추돌,안전운전불이행,-,맑음,단일로 - 기타,승용,0,24,상해없음,화물,0,58,경상,20.0,20.0
9305,2021100700100537,20,목요일,중부내륙,경상북도,사망사고,1,0,1,0,차대차 - 추돌,안전운전불이행,-,맑음,단일로 - 기타,화물,0,61,사망,특수,0,61,경상,,
9306,2021100800100482,18,금요일,중부내륙,경기도,경상사고,0,0,4,0,차대차 - 측면충돌,안전거리미확보,-,맑음,단일로 - 기타,승용,1,47,상해없음,승용,0,46,경상,40.0,40.0
9307,2021100800100646,21,금요일,중부내륙,충청북도,경상사고,0,0,3,0,차대차 - 추돌,안전거리미확보,-,맑음,단일로 - 기타,승용,0,68,경상,승용,0,33,경상,60.0,60.0
9308,2021101200100101,8,화요일,중부내륙,경상북도,경상사고,0,0,2,0,차대차 - 추돌,안전운전불이행,-,비,단일로 - 기타,승용,1,41,상해없음,승용,0,49,경상,,
9309,2021101300100144,9,수요일,중부내륙,경기도,경상사고,0,0,1,0,차대차 - 측면충돌,안전운전불이행,-,맑음,단일로 - 기타,승용,0,33,경상,특수,0,52,상해없음,30.0,30.0
9310,2021101500100385,16,금요일,중부내륙,경상북도,경상사고,0,0,5,0,차대차 - 추돌,안전거리미확보,-,맑음,단일로 - 기타,승용,0,31,상해없음,화물,0,46,경상,,