,사고번호,사고일시,요일,도로종류,시군구,사고내용,사망자수,중상자수,경상자수,부상신고자수,사고유형,법규위반,노면상태,기상상태,도로형태,가해운전자 차종,가해운전자 성별,가해운전자 연령,가해운전자 상해정도,피해운전자 차종,피해운전자 성별,피해운전자 연령,피해운전자 상해정도,연령대,가해연령대
9311,2021102100100019,2,목요일,중부내륙,경기도,경상사고,0,0,1,0,차대차 - 측면충돌,안전거리미확보,-,맑음,단일로 - 기타,화물,0,38,상해없음,승용,0,49,경상,30.0,30.0
9312,2021102100100293,14,목요일,중부내륙,경상북도,경상사고,0,0,1,0,차대차 - 기타,안전운전불이행,-,맑음,단일로 - 기타,특수,0,54,경상,화물,0,53,상해없음,50.0,50.0
9313,2021102800100013,1,목요일,중부내륙,충청북도,경상사고,0,0,1,0,차대차 - 추돌,안전운전불이행,-,맑음,단일로 - 기타,승용,0,28,상해없음,승용,0,44,경상,20.0,20.0
9314,2021102800100640,21,목요일,중부내륙,경상북도,경상사고,0,0,1,0,차대차 - 추돌,안전운전불이행,-,맑음,단일로 - 기타,특수,0,31,상해없음,특수,0,51,경상,,
9315,2021102800100665,22,목요일,중부내륙,경상북도,중상사고,0,1,1,0,차대차 - 추돌,안전운전불이행,-,맑음,단일로 - 기타,승용,0,49,상해없음,승용,0,54,중상,40.0,40.0
9316,2021102900100679,23,금요일,중부내륙,경상북도,경상사고,0,0,3,1,차대차 - 측면충돌,안전운전불이행,-,맑음,단일로 - 기타,승용,0,47,부상신고,승용,0,28,상해없음,40.0,40.0
9317,2021110400100150,9,목요일,중부내륙,충청북도,중상사고,0,1,1,0,차대차 - 추돌,안전운전불이행,-,맑음,단일로 - 지하차도(도로)내,승합,0,76,상해없음,승용,0,37,경상,70.0,70.0
9318,2021110500100035,2,금요일,중부내륙,경기도,사망사고,1,1,3,0,차대차 - 추돌,안전운전불이행,-,안개,단일로 - 기타,화물,0,44,상해없음,승용,0,45,경상,40.0,40.0
9319,2021110600100140,10,토요일,중부내륙,경상북도,경상사고,0,0,4,0,차대차 - 추돌,안전운전불이행,-,맑음,단일로 - 터널,화물,0,38,상해없음,승용,0,62,경상,30.0,30.0
9320,2021110600100234,13,토요일,중부내륙,경기도,경상사고,0,0,2,0,차대차 - 추돌,안전거리미확보,-,맑음,단일로 - 기타,승용,1,46,상해없음,승용,1,35,경상,40.0,40.0
9321,2021110800100683,23,월요일,중부내륙,경기도,사망사고,1,0,0,0,차대사람 - 기타,안전운전불이행,-,비,단일로 - 기타,화물,0,65,상해없음,보행자,1,42,사망,60.0,60.0
9322,2021110900100655,22,화요일,중부내륙,대구광역시,경상사고,0,0,1,0,차대차 - 측면충돌,안전운전불이행,-,맑음,단일로 - 기타,승용,0,67,상해없음,특수,0,55,경상,60.0,60.0
9323,2021111200100049,5,금요일,중부내륙,경상북도,중상사고,0,1,1,0,차대차 - 추돌,안전운전불이행,-,맑음,단일로 - 기타,화물,0,58,중상,화물,0,58,경상,50.0,50.0
9324,2021111200100555,19,금요일,중부내륙,대구광역시,중상사고,0,1,0,0,차대차 - 측면충돌,신호위반,-,맑음,단일로 - 기타,화물,0,45,상해없음,승용,0,59,중상,40.0,40.0
9325,2021111300100138,9,토요일,중부내륙,충청북도,경상사고,0,0,3,0,차대차 - 후진중충돌,안전운전불이행,-,맑음,기타 - 기타,승용,0,38,경상,승용,0,49,경상,30.0,30.0
9326,2021111300100501,18,토요일,중부내륙,경상북도,경상사고,0,0,1,0,차대차 - 추돌,안전운전불이행,-,맑음,단일로 - 터널,화물,0,63,상해없음,승용,0,55,경상,60.0,60.0
9327,2021111400100435,20,일요일,중부내륙,경상북도,경상사고,0,0,4,0,차대차 - 추돌,안전거리미확보,-,맑음,단일로 - 기타,승용,1,66,상해없음,승용,0,41,경상,60.0,60.0
9328,2021111600100198,10,화요일,중부내륙,충청북도,경상사고,0,0,1,0,차대차 - 추돌,안전운전불이행,-,맑음,단일로 - 지하차도(도로)내,승용,0,58,상해없음,승용,0,36,경상,50.0,50.0
9329,2021111600100467,17,화요일,중부내륙,경상남도,경상사고,0,0,2,0,차대차 - 측면충돌,안전운전불이행,-,맑음,주차장 - 주차장,화물,0,65,상해없음,승용,0,28,경상,60.0,60.0
9330,2021111900100037,2,금요일,중부내륙,경상북도,사망사고,1,1,0,0,차대차 - 추돌,안전운전불이행,-,맑음,단일로 - 기타,화물,0,58,사망,특수,0,44,중상,50.0,50.0
9331,2021111900100275,13,금요일,중부내륙,경상북도,중상사고,0,4,1,0,차대차 - 추돌,안전운전불이행,-,맑음,단일로 - 기타,승용,0,32,중상,승용,1,50,중상,30.0,30.0
9332,2021112400100029,4,수요일,중부내륙,충청북도,사망사고,1,0,0,0,차대차 - 추돌,안전운전불이행,-,맑음,단일로 - 지하차도(도로)내,화물,0,65,사망,화물,0,58,상해없음,60.0,60.0
9333,2021112500100225,11,목요일,중부내륙,충청북도,사망사고,1,1,0,0,차량단독 - 공작물충돌,안전운전불이행,-,맑음,단일로 - 지하차도(도로)내,화물,0,31,사망,기타불명,2,0,기타불명,,
9334,2021120200100048,6,목요일,중부내륙,경기도,경상사고,0,0,2,0,차대차 - 기타,신호위반,-,맑음,단일로 - 기타,특수,0,60,상해없음,승용,0,37,경상,50.0,50.0
9335,2021120800100301,14,수요일,중부내륙,충청북도,경상사고,0,0,1,0,차대차 - 측면충돌,안전거리미확보,-,맑음,단일로 - 지하차도(도로)내,승용,0,59,상해없음,승용,0,20,상해없음,50.0,50.0
9336,2021120900100193,12,목요일,중부내륙,경상북도,경상사고,0,0,1,0,차대차 - 추돌,안전운전불이행,-,맑음,단일로 - 기타,승합,0,26,상해없음,승용,0,41,경상,20.0,20.0
9337,2021121000100007,0,금요일,중부내륙,충청북도,사망사고,1,0,0,0,차대차 - 추돌,과속,-,맑음,단일로 - 기타,승용,0,21,사망,화물,0,47,상해없음,20.0,20.0
9338,2021121000100115,8,금요일,중부내륙,경상북도,사망사고,1,0,0,0,차대차 - 추돌,안전운전불이행,-,맑음,단일로 - 기타,승용,1,43,사망,화물,0,45,기타불명,40.0,40.0
9339,2021121000100151,9,금요일,중부내륙,경상북도,사망사고,2,6,4,0,차대차 - 추돌,안전거리미확보,-,맑음,단일로 - 기타,승합,0,59,사망,화물,0,54,경상,50.0,50.0
9340,2021121100100169,11,토요일,중부내륙,경상북도,경상사고,0,0,1,0,차대차 - 추돌,안전운전불이행,-,맑음,단일로 - 기타,승용,1,42,상해없음,승용,0,56,경상,40.0,40.0
9341,2021121100100530,23,토요일,중부내륙,충청북도,중상사고,0,1,0,0,차대차 - 추돌,안전운전불이행,-,맑음,단일로 - 기타,승용,0,50,상해없음,승용,0,50,중상,40.0,40.0
9342,2021121600100349,17,목요일,중부내륙,경기도,중상사고,0,1,1,0,차대차 - 추돌,안전운전불이행,-,안개,단일로 - 기타,승용,1,54,중상,승용,0,42,경상,50.0,50.0
9343,2021122000100483,18,월요일,중부내륙,경상남도,경상사고,0,0,2,0,차대차 - 기타,안전거리미확보,-,맑음,단일로 - 기타,화물,0,58,상해없음,승용,0,60,경상,50.0,50.0
9344,2021122600100254,18,일요일,중부내륙,경상북도,경상사고,0,0,1,0,차대차 - 측면충돌,차로위반,-,맑음,단일로 - 기타,승용,0,24,상해없음,승용,0,26,경상,20.0,20.0
9345,2021123100100201,13,금요일,중부내륙,경기도,경상사고,0,0,1,0,차대차 - 기타,안전운전불이행,-,맑음,단일로 - 기타,승용,2,0,기타불명,승용,0,37,경상,20.0,20.0
9346,2019010400100281,15,금요일,중부,경기도,경상사고,0,0,2,1,차대차 - 기타,기타,포장 - 건조,맑음,단일로 - 기타,화물,0,38,상해없음,승용,0,44,경상,30.0,30.0
9347,2019010800100205,11,화요일,중부,경기도,중상사고,0,2,1,0,차대차 - 기타,안전거리미확보,포장 - 건조,맑음,단일로 - 기타,승용,1,60,중상,화물,0,32,경상,50.0,50.0
9348,2019011000100088,7,목요일,중부,충청북도,중상사고,0,1,0,0,차대차 - 측면충돌,안전운전불이행,포장 - 건조,맑음,단일로 - 기타,승합,0,52,상해없음,승용,0,33,중상,50.0,50.0
9349,2019011200100255,12,토요일,중부,충청북도,중상사고,0,9,13,5,차대차 - 추돌,안전운전불이행,포장 - 건조,맑음,단일로 - 기타,승합,0,61,상해없음,승용,0,58,중상,,
9350,2019011300100081,5,일요일,중부,경기도,사망사고,1,4,3,0,차대차 - 추돌,안전운전불이행,포장 - 건조,맑음,단일로 - 기타,승용,0,29,경상,화물,0,57,사망,20.0,20.0
9351,2019011300100356,20,일요일,중부,경기도,경상사고,0,0,3,0,차대차 - 기타,기타,포장 - 건조,맑음,단일로 - 기타,승용,0,27,상해없음,승합,0,50,상해없음,20.0,20.0
9352,2019011900100122,8,토요일,중부,충청북도,중상사고,0,1,2,0,차대차 - 기타,안전운전불이행,포장 - 건조,맑음,단일로 - 기타,화물,0,55,상해없음,승용,1,46,중상,50.0,50.0
9353,2019012000100412,20,일요일,중부,충청북도,경상사고,0,0,5,0,차대차 - 기타,안전거리미확보,포장 - 건조,맑음,단일로 - 기타,승용,0,24,경상,승용,1,42,경상,20.0,20.0
9354,2019012200100329,14,화요일,중부,경기도,경상사고,0,0,4,0,차대차 - 추돌,안전운전불이행,포장 - 건조,맑음,단일로 - 기타,승용,1,40,상해없음,승용,1,43,경상,30.0,30.0
9355,2019012500100541,20,금요일,중부,충청북도,경상사고,0,0,1,0,차대차 - 추돌,안전운전불이행,포장 - 건조,맑음,단일로 - 기타,승용,0,29,상해없음,승용,0,45,경상,20.0,20.0
9356,2019012600100370,16,토요일,중부,경기도,중상사고,0,1,1,0,차대차 - 추돌,안전거리미확보,포장 - 건조,맑음,단일로 - 기타,승용,1,33,상해없음,승용,0,28,중상,30.0,30.0
9357,2019021200100339,16,화요일,중부,경기도,중상사고,0,1,4,0,차대차 - 추돌,안전운전불이행,포장 - 건조,맑음,단일로 - 기타,화물,0,64,상해없음,승용,0,28,중상,60.0,60.0
9358,2019021400100504,20,목요일,중부,경기도,경상사고,0,0,2,0,차대차 - 측면충돌,신호위반,포장 - 건조,맑음,단일로 - 기타,승용,1,64,경상,화물,0,48,경상,60.0,60.0
9359,2019021600100192,11,토요일,중부,충청북도,경상사고,0,0,4,0,차대차 - 추돌,안전거리미확보,포장 - 건조,맑음,단일로 - 기타,승용,0,59,상해없음,승용,0,33,경상,50.0,50.0
9360,2019022100100161,9,목요일,중부,경기도,경상사고,0,0,1,0,차대차 - 기타,안전거리미확보,포장 - 건조,맑음,단일로 - 교량,승용,0,47,상해없음,승용,0,38,경상,40.0,40.0
9361,2019022300100346,14,토요일,중부,충청북도,중상사고,0,1,2,0,차대차 - 추돌,안전운전불이행,포장 - 건조,맑음,단일로 - 기타,화물,0,27,상해없음,승용,1,60,중상,20.0,20.0
9362,2019022500100310,14,월요일,중부,경기도,경상사고,0,0,1,0,차대차 - 추돌,안전운전불이행,포장 - 건조,맑음,단일로 - 기타,승용,0,19,상해없음,승용,1,40,경상,20.0,20.0
9363,2019022600100144,9,화요일,중부,충청북도,경상사고,0,0,5,0,차대차 - 추돌,안전운전불이행,포장 - 건조,맑음,단일로 - 기타,승용,0,49,상해없음,승용,0,23,경상,40.0,40.0
9364,2019030300100057,3,일요일,중부,충청북도,중상사고,0,1,0,0,차대차 - 추돌,안전운전불이행,포장 - 건조,맑음,단일로 - 기타,승용,0,26,상해없음,화물,0,51,중상,20.0,20.0
9365,2019030500100461,20,화요일,중부,경기도,경상사고,0,0,2,0,차대차 - 추돌,안전운전불이행,포장 - 건조,맑음,단일로 - 기타,승용,1,35,상해없음,승용,0,31,경상,30.0,30.0
9366,2019030600100585,23,수요일,중부,충청북도,경상사고,0,0,1,0,차대차 - 측면충돌,중앙선침범,포장 - 건조,맑음,단일로 - 기타,승용,0,25,상해없음,승용,0,32,경상,20.0,20.0
9367,2019030800100417,15,금요일,중부,충청북도,경상사고,0,0,3,0,차대차 - 추돌,안전운전불이행,포장 - 건조,맑음,단일로 - 기타,화물,0,42,상해없음,승용,1,48,경상,40.0,40.0
9368,2019030900100257,12,토요일,중부,경기도,경상사고,0,0,1,0,차대차 - 기타,기타,포장 - 건조,맑음,단일로 - 기타,기타불명,2,0,기타불명,승용,0,59,경상,20.0,20.0
9369,2019030900100518,19,토요일,중부,충청북도,경상사고,0,0,2,0,차대차 - 측면충돌,안전운전불이행,포장 - 건조,맑음,단일로 - 기타,기타불명,2,0,기타불명,승용,0,36,경상,20.0,20.0
9370,2019031000100280,16,일요일,중부,경기도,중상사고,0,1,0,0,차대차 - 기타,안전거리미확보,포장 - 건조,맑음,단일로 - 기타,화물,0,60,상해없음,승용,1,52,중상,50.0,50.0
9371,2019031000100483,23,일요일,중부,충청북도,중상사고,0,1,0,0,차대차 - 측면충돌,안전거리미확보,포장 - 건조,맑음,단일로 - 기타,화물,0,63,상해없음,승용,1,55,중상,60.0,60.0
9372,2019031200100259,13,화요일,중부,경기도,사망사고,1,0,0,0,차량단독 - 공작물충돌,안전운전불이행,포장 - 건조,맑음,단일로 - 기타,화물,0,19,사망,기타불명,2,0,기타불명,20.0,20.0
9373,2019031600100241,11,토요일,중부,충청북도,중상사고,0,3,5,0,차대차 - 추돌,안전운전불이행,포장 - 건조,맑음,단일로 - 기타,승용,0,71,중상,승용,0,33,경상,70.0,70.0
9374,2019031900100161,9,화요일,중부,충청북도,경상사고,0,0,1,0,차대차 - 측면충돌,안전거리미확보,포장 - 건조,맑음,단일로 - 기타,화물,0,47,상해없음,특수,0,43,경상,40.0,40.0
9375,2019032000100358,15,수요일,중부,경기도,경상사고,0,0,1,0,차대차 - 기타,안전운전불이행,포장 - 젖음/습기,비,단일로 - 기타,승용,0,47,상해없음,화물,0,26,경상,40.0,40.0
9376,2019032700100363,16,수요일,중부,충청북도,경상사고,0,0,1,0,차대차 - 기타,안전거리미확보,포장 - 건조,맑음,단일로 - 기타,승용,0,61,상해없음,승용,0,61,상해없음,,
9377,2019032800100268,12,목요일,중부,경기도,경상사고,0,0,2,0,차대차 - 기타,안전운전불이행,포장 - 건조,맑음,단일로 - 기타,특수,0,52,상해없음,승용,1,41,경상,50.0,50.0
9378,2019033000100247,10,토요일,중부,경기도,중상사고,0,1,1,0,차대차 - 추돌,안전운전불이행,포장 - 건조,맑음,단일로 - 기타,화물,0,55,중상,승용,0,37,경상,50.0,50.0
9379,2019040500100054,1,금요일,중부,충청북도,경상사고,0,0,1,0,차대차 - 측면충돌,안전거리미확보,포장 - 건조,맑음,단일로 - 기타,승용,0,37,상해없음,승용,0,38,경상,30.0,30.0
9380,2019040900100084,6,화요일,중부,충청북도,경상사고,0,0,1,0,차대차 - 기타,안전거리미확보,포장 - 건조,맑음,단일로 - 기타,승용,0,28,상해없음,승용,0,53,경상,20.0,20.0
9381,2019041200100047,2,금요일,중부,경기도,사망사고,1,0,2,0,차대차 - 추돌,안전운전불이행,포장 - 건조,맑음,단일로 - 기타,화물,0,66,사망,특수,0,37,상해없음,60.0,60.0
9382,2019041500100512,17,월요일,중부,충청북도,경상사고,0,0,1,0,차대차 - 추돌,안전거리미확보,포장 - 건조,맑음,단일로 - 기타,승용,1,46,상해없음,승용,0,29,경상,40.0,40.0
9383,2019042000100103,5,토요일,중부,충청북도,중상사고,0,1,3,0,차대차 - 추돌,안전거리미확보,포장 - 건조,맑음,단일로 - 기타,승용,0,26,상해없음,화물,0,56,경상,20.0,20.0
9384,2019042000100407,15,토요일,중부,충청북도,경상사고,0,0,2,0,차대차 - 측면충돌,안전운전불이행,포장 - 건조,맑음,단일로 - 기타,승용,1,28,상해없음,승용,0,25,경상,20.0,20.0
9385,2019042100100459,22,일요일,중부,경기도,부상신고사고,0,0,0,1,차대차 - 기타,안전운전불이행,포장 - 건조,맑음,단일로 - 기타,기타불명,2,0,기타불명,승용,0,71,상해없음,20.0,20.0
9386,2019042400100362,14,수요일,중부,경기도,부상신고사고,0,0,0,2,차대차 - 기타,안전거리미확보,포장 - 건조,맑음,단일로 - 기타,화물,0,61,상해없음,승용,0,63,부상신고,,
9387,2019042700100353,13,토요일,중부,충청북도,중상사고,0,1,0,0,차대차 - 추돌,안전거리미확보,포장 - 건조,맑음,단일로 - 기타,승용,0,33,상해없음,승용,0,35,중상,30.0,30.0
9388,2019042800100187,12,일요일,중부,충청북도,경상사고,0,0,4,0,차대차 - 추돌,안전거리미확보,포장 - 건조,맑음,단일로 - 기타,승용,0,19,상해없음,승용,0,39,경상,20.0,20.0
9389,2019043000100325,14,화요일,중부,충청북도,중상사고,0,1,1,0,차대차 - 추돌,안전운전불이행,포장 - 건조,맑음,단일로 - 기타,승용,0,50,상해없음,승용,1,57,경상,40.0,40.0
9390,2019050200100290,12,목요일,중부,충청북도,경상사고,0,0,1,0,차대차 - 추돌,안전운전불이행,포장 - 건조,맑음,단일로 - 기타,화물,0,30,상해없음,화물,0,45,경상,20.0,20.0
9391,2019050800100443,16,수요일,중부,충청북도,중상사고,0,4,5,0,차대차 - 측면충돌,안전운전불이행,포장 - 건조,맑음,단일로 - 기타,승용,1,37,상해없음,승용,0,38,경상,30.0,30.0
9392,2019050800100661,21,수요일,중부,경기도,중상사고,0,2,2,0,차대차 - 측면충돌,안전거리미확보,포장 - 건조,맑음,단일로 - 기타,화물,0,53,상해없음,승용,1,47,경상,50.0,50.0
9393,2019050900100669,23,목요일,중부,충청북도,사망사고,1,1,1,0,차대차 - 기타,안전운전불이행,포장 - 건조,맑음,단일로 - 기타,승용,0,27,상해없음,화물,0,30,기타불명,20.0,20.0
9394,2019050900100670,23,목요일,중부,충청북도,중상사고,0,1,2,0,차대차 - 추돌,안전운전불이행,포장 - 건조,맑음,단일로 - 기타,승용,0,57,경상,승용,0,38,중상,50.0,50.0
9395,2019051100100449,15,토요일,중부,충청북도,경상사고,0,0,2,0,차대차 - 기타,안전거리미확보,포장 - 건조,맑음,기타 - 기타,승용,0,35,상해없음,승용,0,26,경상,30.0,30.0
9396,2019051800100540,18,토요일,중부,충청북도,경상사고,0,0,2,0,차대차 - 추돌,안전운전불이행,포장 - 건조,맑음,단일로 - 기타,화물,0,27,상해없음,승용,0,52,경상,20.0,20.0
9397,2019052800100030,0,화요일,중부,경기도,중상사고,0,3,2,1,차대차 - 추돌,안전운전불이행,포장 - 건조,맑음,단일로 - 기타,승용,1,56,부상신고,화물,0,66,경상,50.0,50.0
9398,2019052900100189,9,수요일,중부,충청북도,경상사고,0,0,1,0,차대차 - 기타,안전거리미확보,포장 - 건조,맑음,단일로 - 기타,승용,0,44,상해없음,승용,0,51,경상,40.0,40.0
9399,2019060200100042,1,일요일,중부,경기도,경상사고,0,0,1,0,차량단독 - 공작물충돌,안전운전불이행,포장 - 건조,맑음,단일로 - 기타,승용,0,58,경상,기타불명,2,0,기타불명,50.0,50.0
9400,2019060700100316,13,금요일,중부,충청북도,경상사고,0,0,3,0,차대차 - 추돌,안전거리미확보,포장 - 젖음/습기,비,단일로 - 기타,승합,0,54,상해없음,승용,0,49,경상,50.0,50.0
9401,2019061200100465,18,수요일,중부,충청북도,중상사고,0,1,0,0,차대차 - 측면충돌,차로위반,포장 - 건조,맑음,단일로 - 기타,화물,0,60,상해없음,승용,1,65,중상,50.0,50.0
9402,2019061300100329,14,목요일,중부,충청북도,중상사고,0,1,0,0,차대차 - 기타,안전운전불이행,포장 - 건조,맑음,단일로 - 기타,화물,0,58,상해없음,승용,0,59,상해없음,50.0,50.0
9403,2019061400100378,15,금요일,중부,충청북도,사망사고,2,2,1,0,차대차 - 추돌,안전운전불이행,포장 - 건조,맑음,단일로 - 기타,승용,0,72,사망,특수,0,27,중상,70.0,70.0
9404,2019061500100247,11,토요일,중부,충청북도,경상사고,0,0,1,0,차대차 - 추돌,안전운전불이행,포장 - 건조,맑음,단일로 - 기타,승용,0,21,상해없음,승용,0,58,경상,20.0,20.0
9405,2019061800100047,1,화요일,중부,경기도,사망사고,1,0,0,0,차대사람 - 기타,안전운전불이행,포장 - 젖음/습기,흐림,단일로 - 기타,화물,0,53,상해없음,보행자,0,37,사망,50.0,50.0
9406,2019062100100369,15,금요일,중부,충청북도,경상사고,0,0,2,0,차대차 - 추돌,안전운전불이행,포장 - 건조,맑음,단일로 - 기타,화물,0,55,상해없음,화물,0,31,상해없음,50.0,50.0
9407,2019062200100261,11,토요일,중부,충청북도,중상사고,0,2,6,0,차대차 - 추돌,안전운전불이행,포장 - 건조,맑음,단일로 - 기타,승용,1,51,중상,승용,0,32,경상,,
9408,2019063000100436,22,일요일,중부,충청북도,중상사고,0,1,1,0,차대차 - 기타,안전운전불이행,포장 - 건조,맑음,기타 - 기타,화물,0,57,중상,승용,0,27,상해없음,50.0,50.0
9409,2019070100100671,23,월요일,중부,경기도,경상사고,0,0,1,0,차대차 - 기타,기타,포장 - 건조,맑음,단일로 - 기타,화물,0,61,상해없음,승용,1,47,경상,,
9410,2019070500100437,16,금요일,중부,충청북도,중상사고,0,3,0,0,차대차 - 추돌,안전운전불이행,포장 - 건조,맑음,단일로 - 기타,화물,0,25,중상,화물,0,54,중상,20.0,20.0
9411,2019070600100259,11,토요일,중부,경기도,부상신고사고,0,0,0,1,차대차 - 기타,안전운전불이행,포장 - 건조,맑음,단일로 - 기타,화물,0,64,상해없음,승용,0,30,상해없음,60.0,60.0
9412,2019070700100040,1,일요일,중부,충청북도,경상사고,0,0,1,0,차대차 - 측면충돌,안전운전불이행,포장 - 건조,맑음,단일로 - 기타,승용,0,31,상해없음,승용,0,56,경상,,
9413,2019070700100295,15,일요일,중부,충청북도,사망사고,1,2,3,0,차대차 - 추돌,안전운전불이행,포장 - 건조,맑음,단일로 - 기타,화물,0,54,사망,화물,0,44,중상,50.0,50.0
9414,2019070900100040,1,화요일,중부,충청북도,중상사고,0,1,1,0,차대차 - 추돌,안전운전불이행,포장 - 건조,맑음,단일로 - 기타,화물,0,41,중상,화물,0,62,경상,,
9415,2019071000100278,13,수요일,중부,충청북도,사망사고,1,0,0,0,차량단독 - 공작물충돌,안전운전불이행,포장 - 건조,맑음,단일로 - 기타,화물,0,61,사망,기타불명,2,0,기타불명,,
9416,2019071300100245,12,토요일,중부,경기도,경상사고,0,0,6,0,차대차 - 기타,차로위반,포장 - 건조,맑음,기타 - 기타,승용,0,19,상해없음,승용,0,33,경상,20.0,20.0
9417,2019071300100318,14,토요일,중부,경기도,중상사고,0,1,1,1,차대차 - 추돌,안전운전불이행,포장 - 건조,맑음,단일로 - 지하차도(도로)내,화물,0,54,상해없음,승용,1,52,중상,50.0,50.0
9418,2019071700100653,23,수요일,중부,충청북도,경상사고,0,0,2,0,차대차 - 기타,과속,포장 - 건조,맑음,단일로 - 기타,승용,0,50,상해없음,승용,1,22,경상,40.0,40.0
9419,2019072200100501,17,월요일,중부,충청북도,경상사고,0,0,6,0,차대차 - 기타,신호위반,포장 - 건조,맑음,단일로 - 터널,승용,0,40,상해없음,승용,0,60,경상,30.0,30.0
9420,2019080100100077,4,목요일,중부,경기도,경상사고,0,0,1,0,차대차 - 기타,안전거리미확보,포장 - 건조,맑음,단일로 - 기타,화물,0,52,상해없음,화물,0,32,경상,50.0,50.0
9421,2019080300100195,11,토요일,중부,경기도,사망사고,1,4,18,5,차대차 - 추돌,안전운전불이행,포장 - 건조,맑음,단일로 - 기타,승합,0,59,경상,승용,1,48,사망,50.0,50.0
9422,2019081100100219,13,일요일,중부,경기도,경상사고,0,0,3,1,차대차 - 추돌,안전거리미확보,포장 - 건조,맑음,기타 - 기타,승용,0,47,경상,승용,1,50,경상,40.0,40.0
9423,2019081400100400,14,수요일,중부,충청북도,중상사고,0,1,3,0,차대차 - 추돌,안전운전불이행,포장 - 건조,맑음,단일로 - 기타,승용,0,32,상해없음,승용,0,58,경상,30.0,30.0
9424,2019081400100762,22,수요일,중부,경기도,부상신고사고,0,0,0,1,차량단독 - 기타,안전운전불이행,포장 - 건조,맑음,기타 - 기타,승용,0,56,상해없음,기타불명,2,0,기타불명,50.0,50.0
9425,2019082100100052,2,수요일,중부,충청북도,경상사고,0,0,1,0,차대차 - 측면충돌,안전운전불이행,포장 - 건조,맑음,단일로 - 기타,승용,0,38,상해없음,화물,0,50,경상,30.0,30.0
9426,2019082200100294,12,목요일,중부,충청북도,경상사고,0,0,1,0,차대차 - 측면충돌,안전거리미확보,포장 - 건조,흐림,단일로 - 기타,화물,0,32,상해없음,승용,1,19,경상,30.0,30.0
9427,2019082300100059,2,금요일,중부,충청북도,사망사고,1,1,0,0,차대차 - 추돌,안전운전불이행,포장 - 건조,맑음,단일로 - 기타,승용,0,72,사망,화물,0,46,기타불명,70.0,70.0
9428,2019082300100652,21,금요일,중부,경기도,경상사고,0,0,2,0,차대차 - 기타,안전운전불이행,포장 - 건조,맑음,단일로 - 기타,승용,0,63,상해없음,승용,1,58,경상,60.0,60.0
9429,2019082500100232,13,일요일,중부,경기도,중상사고,0,1,5,0,차대차 - 추돌,안전운전불이행,포장 - 건조,맑음,단일로 - 기타,승용,0,58,상해없음,승용,0,62,경상,50.0,50.0
9430,2019082600100194,9,월요일,중부,경기도,중상사고,0,2,3,0,차대차 - 추돌,안전운전불이행,포장 - 건조,맑음,단일로 - 기타,화물,0,61,중상,화물,0,56,경상,,
9431,2019082800100243,11,수요일,중부,경기도,경상사고,0,0,1,0,차대차 - 추돌,안전거리미확보,포장 - 건조,맑음,기타 - 기타,승용,0,64,상해없음,승용,1,55,경상,60.0,60.0
9432,2019090100100260,14,일요일,중부,경기도,중상사고,0,1,0,0,차대차 - 기타,안전거리미확보,포장 - 건조,맑음,단일로 - 기타,승용,0,37,상해없음,승용,0,48,상해없음,30.0,30.0
9433,2019090100100352,17,일요일,중부,경기도,경상사고,0,0,2,0,차대차 - 기타,안전거리미확보,포장 - 건조,맑음,단일로 - 기타,승용,0,40,상해없음,승용,0,62,상해없음,30.0,30.0
9434,2019090200100385,14,월요일,중부,충청북도,경상사고,0,0,3,0,차대차 - 추돌,안전운전불이행,포장 - 건조,맑음,단일로 - 기타,승용,0,26,상해없음,승용,0,46,경상,20.0,20.0
9435,2019090600100060,4,금요일,중부,경기도,중상사고,0,1,1,0,차대차 - 추돌,안전운전불이행,포장 - 건조,맑음,단일로 - 기타,화물,0,37,중상,화물,0,69,경상,30.0,30.0
9436,2019091500100024,0,일요일,중부,충청북도,중상사고,0,3,4,0,차대차 - 추돌,안전운전불이행,포장 - 건조,맑음,단일로 - 기타,승용,0,55,상해없음,승용,1,40,중상,50.0,50.0
9437,2019092000100154,8,금요일,중부,충청북도,경상사고,0,0,1,0,차대차 - 측면충돌,안전운전불이행,포장 - 건조,맑음,기타 - 기타,화물,0,54,상해없음,승용,0,33,경상,50.0,50.0
9438,2019092800100112,4,토요일,중부,경기도,중상사고,0,1,1,0,차대차 - 추돌,안전운전불이행,포장 - 건조,맑음,단일로 - 기타,승용,0,58,경상,화물,0,57,중상,50.0,50.0
9439,2019092800100463,15,토요일,중부,경기도,경상사고,0,0,1,0,차대차 - 추돌,안전운전불이행,포장 - 건조,맑음,단일로 - 교량,승용,0,28,상해없음,승용,1,35,경상,20.0,20.0
9440,2019093000100148,8,월요일,중부,충청북도,경상사고,0,0,1,0,차대사람 - 기타,안전운전불이행,포장 - 건조,맑음,주차장 - 주차장,화물,0,48,상해없음,보행자,0,53,경상,40.0,40.0
9441,2019100300100080,1,목요일,중부,충청북도,경상사고,0,0,2,0,차대차 - 추돌,안전운전불이행,포장 - 건조,맑음,단일로 - 기타,승용,0,34,상해없음,승용,0,40,경상,30.0,30.0
9442,2019100400100571,18,금요일,중부,충청북도,경상사고,0,0,2,0,차대차 - 추돌,안전운전불이행,포장 - 건조,맑음,기타 - 기타,화물,0,71,상해없음,화물,0,66,경상,70.0,70.0