,사고번호,사고일시,요일,도로종류,시군구,사고내용,사망자수,중상자수,경상자수,부상신고자수,사고유형,법규위반,노면상태,기상상태,도로형태,가해운전자 차종,가해운전자 성별,가해운전자 연령,가해운전자 상해정도,피해운전자 차종,피해운전자 성별,피해운전자 연령,피해운전자 상해정도,연령대,가해연령대
9443,2019100400100637,19,금요일,중부,경기도,중상사고,0,1,3,0,차대차 - 추돌,안전운전불이행,포장 - 건조,맑음,단일로 - 기타,승용,0,30,상해없음,승용,1,36,중상,20.0,20.0
9444,2019100600100494,21,일요일,중부,충청북도,경상사고,0,0,1,0,차대차 - 추돌,과속,포장 - 건조,맑음,단일로 - 기타,승용,1,53,상해없음,화물,0,58,경상,50.0,50.0
9445,2019101000100493,17,목요일,중부,경기도,경상사고,0,0,1,0,차대차 - 측면충돌,안전운전불이행,포장 - 건조,맑음,단일로 - 기타,승용,0,46,상해없음,승용,0,59,경상,40.0,40.0
9446,2019101100100459,16,금요일,중부,충청북도,경상사고,0,0,1,0,차대차 - 추돌,안전운전불이행,포장 - 건조,맑음,기타 - 기타,승용,1,21,상해없음,승용,1,58,경상,20.0,20.0
9447,2019101200100175,9,토요일,중부,충청북도,중상사고,0,1,8,0,차대차 - 추돌,안전운전불이행,포장 - 건조,맑음,기타 - 기타,승용,0,36,상해없음,승용,0,42,경상,30.0,30.0
9448,2019101200100355,13,토요일,중부,경기도,사망사고,2,4,5,4,차대차 - 추돌,안전거리미확보,포장 - 건조,맑음,단일로 - 기타,승합,0,47,상해없음,승용,0,36,중상,40.0,40.0
9449,2019101300100036,1,일요일,중부,충청북도,중상사고,0,1,0,0,차대차 - 추돌,안전운전불이행,포장 - 건조,맑음,단일로 - 기타,승용,0,41,상해없음,화물,0,38,중상,,
9450,2019101900100400,15,토요일,중부,경기도,경상사고,0,0,4,2,차대차 - 기타,안전운전불이행,포장 - 건조,맑음,단일로 - 기타,승용,0,40,부상신고,화물,0,36,경상,30.0,30.0
9451,2019102200100155,8,화요일,중부,충청북도,부상신고사고,0,0,0,1,차대차 - 추돌,안전거리미확보,포장 - 건조,맑음,기타 - 기타,화물,0,56,상해없음,승용,0,29,부상신고,50.0,50.0
9452,2019102400100556,18,목요일,중부,경기도,경상사고,0,0,1,0,차대차 - 측면충돌,안전운전불이행,포장 - 건조,맑음,단일로 - 기타,화물,0,57,상해없음,승용,0,56,경상,50.0,50.0
9453,2019102800100035,1,월요일,중부,경기도,경상사고,0,0,1,0,차대차 - 기타,안전운전불이행,포장 - 젖음/습기,비,기타 - 기타,승용,0,54,상해없음,화물,0,37,경상,50.0,50.0
9454,2019102800100300,12,월요일,중부,충청북도,중상사고,0,2,0,0,차대차 - 추돌,안전거리미확보,포장 - 건조,맑음,단일로 - 기타,승용,0,58,상해없음,화물,0,63,중상,50.0,50.0
9455,2019110100100413,14,금요일,중부,경기도,중상사고,0,1,1,0,차대차 - 추돌,안전운전불이행,포장 - 건조,맑음,단일로 - 기타,화물,0,46,경상,승용,1,49,중상,40.0,40.0
9456,2019110700100634,19,목요일,중부,충청북도,중상사고,0,1,1,0,차대차 - 측면충돌,안전운전불이행,포장 - 건조,맑음,단일로 - 기타,화물,0,53,상해없음,승용,0,52,중상,50.0,50.0
9457,2019110800100025,0,금요일,중부,경기도,중상사고,0,1,0,0,차대차 - 측면충돌,안전운전불이행,포장 - 건조,맑음,단일로 - 기타,화물,0,40,상해없음,화물,0,64,기타불명,30.0,30.0
9458,2019110900100147,8,토요일,중부,경기도,경상사고,0,0,3,0,차대차 - 기타,안전운전불이행,포장 - 건조,맑음,기타 - 기타,화물,0,47,경상,승용,0,57,경상,40.0,40.0
9459,2019111500100801,20,금요일,중부,경기도,경상사고,0,0,1,0,차대차 - 측면충돌,안전거리미확보,포장 - 젖음/습기,비,단일로 - 기타,승용,0,24,상해없음,승용,1,46,경상,20.0,20.0
9460,2019111600100335,13,토요일,중부,경기도,경상사고,0,0,2,0,차대차 - 추돌,안전운전불이행,포장 - 건조,맑음,기타 - 기타,승합,0,55,상해없음,승용,1,56,경상,50.0,50.0
9461,2019111800100048,1,월요일,중부,경기도,경상사고,0,0,2,0,차량단독 - 공작물충돌,안전운전불이행,포장 - 젖음/습기,비,단일로 - 기타,승용,0,57,경상,기타불명,2,0,기타불명,50.0,50.0
9462,2019111800100240,10,월요일,중부,충청북도,경상사고,0,0,1,0,차대차 - 기타,안전운전불이행,포장 - 건조,맑음,주차장 - 주차장,화물,0,34,상해없음,승용,0,49,경상,30.0,30.0
9463,2019112000100406,14,수요일,중부,경기도,경상사고,0,0,2,0,차대차 - 측면충돌,안전거리미확보,포장 - 건조,맑음,단일로 - 기타,화물,0,55,상해없음,승용,0,32,경상,50.0,50.0
9464,2019112100100054,3,목요일,중부,경기도,경상사고,0,0,1,0,차대차 - 추돌,안전운전불이행,포장 - 건조,맑음,단일로 - 기타,승용,0,33,상해없음,화물,0,27,경상,30.0,30.0
9465,2019112100100513,17,목요일,중부,충청북도,경상사고,0,0,2,0,차대차 - 기타,안전거리미확보,포장 - 건조,맑음,단일로 - 기타,승용,1,43,경상,승용,1,51,경상,40.0,40.0
9466,2019112300100334,13,토요일,중부,충청북도,경상사고,0,0,1,0,차대차 - 기타,안전운전불이행,포장 - 건조,맑음,단일로 - 기타,기타불명,2,0,기타불명,승합,0,63,경상,20.0,20.0
9467,2019112300100684,21,토요일,중부,경기도,경상사고,0,0,1,0,차대차 - 기타,차로위반,포장 - 건조,맑음,기타 - 기타,화물,0,59,상해없음,승용,0,23,경상,50.0,50.0
9468,2019112600100397,15,화요일,중부,충청북도,경상사고,0,0,2,0,차대차 - 추돌,안전거리미확보,포장 - 건조,맑음,단일로 - 기타,화물,0,37,상해없음,승용,0,32,경상,30.0,30.0
9469,2019112700100137,8,수요일,중부,경기도,경상사고,0,0,2,0,차대차 - 측면충돌,신호위반,포장 - 건조,맑음,단일로 - 기타,건설기계,0,36,상해없음,승용,0,23,경상,30.0,30.0
9470,2019112800100275,12,목요일,중부,경기도,경상사고,0,0,4,0,차대차 - 추돌,안전거리미확보,포장 - 건조,맑음,단일로 - 기타,승용,0,44,상해없음,승용,1,32,경상,40.0,40.0
9471,2019112900100084,6,금요일,중부,경기도,부상신고사고,0,0,0,1,차대차 - 기타,안전운전불이행,포장 - 건조,맑음,단일로 - 기타,화물,0,45,상해없음,승용,0,31,부상신고,40.0,40.0
9472,2019113000100301,12,토요일,중부,충청북도,경상사고,0,0,4,0,차대차 - 추돌,안전운전불이행,포장 - 건조,맑음,기타 - 기타,승용,0,20,상해없음,승용,0,43,경상,20.0,20.0
9473,2019113000100340,13,토요일,중부,경기도,경상사고,0,0,1,0,차대차 - 추돌,안전운전불이행,포장 - 건조,맑음,단일로 - 교량,승용,0,57,상해없음,승용,0,29,경상,50.0,50.0
9474,2019120400100041,0,수요일,중부,경기도,부상신고사고,0,0,0,2,차대차 - 기타,안전운전불이행,포장 - 젖음/습기,흐림,단일로 - 기타,승용,0,33,상해없음,승용,0,54,부상신고,30.0,30.0
9475,2019120900100087,6,월요일,중부,충청북도,경상사고,0,0,1,0,차대차 - 기타,차로위반,포장 - 젖음/습기,맑음,단일로 - 기타,승용,0,37,상해없음,화물,0,60,경상,30.0,30.0
9476,2019120900100346,14,월요일,중부,경기도,경상사고,0,0,1,0,차대차 - 추돌,안전운전불이행,포장 - 건조,맑음,단일로 - 기타,승용,1,40,상해없음,승용,0,39,경상,30.0,30.0
9477,2019121400100175,7,토요일,중부,경기도,경상사고,0,0,1,1,차대차 - 추돌,차로위반,포장 - 건조,맑음,기타 - 기타,승용,0,49,부상신고,승용,0,31,경상,40.0,40.0
9478,2019121400100433,14,토요일,중부,충청북도,중상사고,0,2,2,1,차대차 - 추돌,안전운전불이행,포장 - 건조,맑음,단일로 - 기타,승용,0,57,상해없음,승용,0,46,중상,50.0,50.0
9479,2019121800100297,14,수요일,중부,경기도,사망사고,1,0,0,2,차대차 - 추돌,안전운전불이행,포장 - 건조,맑음,단일로 - 기타,화물,0,61,사망,화물,0,58,부상신고,,
9480,2019122100100084,2,토요일,중부,경기도,경상사고,0,0,1,0,차대차 - 추돌,안전운전불이행,포장 - 건조,맑음,단일로 - 기타,승용,0,59,상해없음,화물,0,33,경상,50.0,50.0
9481,2019122100100295,13,토요일,중부,충청북도,경상사고,0,0,3,0,차대차 - 추돌,안전운전불이행,포장 - 건조,맑음,기타 - 기타,승용,1,38,상해없음,승용,0,20,경상,30.0,30.0
9482,2019122300100338,14,월요일,중부,충청북도,경상사고,0,0,1,0,차대차 - 측면충돌,안전운전불이행,포장 - 건조,맑음,단일로 - 기타,승용,1,33,경상,화물,0,58,상해없음,30.0,30.0
9483,2019122300100641,22,월요일,중부,경기도,경상사고,0,0,1,0,차대차 - 추돌,안전운전불이행,포장 - 건조,맑음,단일로 - 기타,승용,0,52,상해없음,화물,0,38,경상,50.0,50.0
9484,2019122800100236,12,토요일,중부,충청북도,경상사고,0,0,3,0,차대차 - 추돌,안전거리미확보,포장 - 건조,맑음,기타 - 기타,화물,0,52,상해없음,화물,0,63,상해없음,50.0,50.0
9485,2019123100100334,15,화요일,중부,경기도,중상사고,0,1,5,1,차대차 - 추돌,안전운전불이행,포장 - 건조,맑음,기타 - 기타,승용,0,20,상해없음,승합,0,29,부상신고,20.0,20.0
9486,2020010100100294,19,수요일,중부,경기도,경상사고,0,0,1,0,차대차 - 기타,차로위반,포장 - 건조,맑음,기타 - 기타,승용,1,48,상해없음,승용,0,62,경상,40.0,40.0
9487,2020010300100246,13,금요일,중부,경기도,경상사고,0,0,3,0,차대차 - 기타,차로위반,포장 - 건조,맑음,기타 - 기타,화물,0,57,상해없음,승용,0,47,경상,50.0,50.0
9488,2020012000100059,6,월요일,중부,경기도,중상사고,0,2,0,0,차량단독 - 전도전복 - 전도,안전운전불이행,포장 - 젖음/습기,비,단일로 - 기타,화물,0,36,상해없음,기타불명,2,0,기타불명,30.0,30.0
9489,2020012000100436,16,월요일,중부,충청북도,경상사고,0,0,1,0,차대차 - 측면충돌,안전운전불이행,포장 - 건조,맑음,단일로 - 기타,화물,0,40,상해없음,화물,0,64,경상,30.0,30.0
9490,2020012500100100,11,토요일,중부,경기도,경상사고,0,0,4,0,차대차 - 추돌,안전운전불이행,포장 - 건조,흐림,단일로 - 지하차도(도로)내,승용,0,43,상해없음,승용,0,47,경상,40.0,40.0
9491,2020012900100253,14,수요일,중부,충청북도,경상사고,0,0,1,0,차대차 - 추돌,안전운전불이행,포장 - 건조,맑음,단일로 - 기타,화물,0,28,상해없음,화물,0,52,상해없음,20.0,20.0
9492,2020013000100277,13,목요일,중부,충청북도,중상사고,0,2,3,0,차대차 - 추돌,안전운전불이행,포장 - 건조,맑음,단일로 - 기타,승용,0,55,경상,승용,0,28,경상,50.0,50.0
9493,2020020300100017,5,월요일,중부,충청북도,중상사고,0,2,0,0,차대차 - 추돌,안전운전불이행,포장 - 건조,맑음,단일로 - 기타,승용,1,27,중상,승용,0,60,중상,20.0,20.0
9494,2020020700100485,18,금요일,중부,충청북도,경상사고,0,0,3,0,차대차 - 추돌,안전거리미확보,포장 - 건조,맑음,단일로 - 지하차도(도로)내,승용,0,56,경상,승용,0,33,경상,50.0,50.0
9495,2020020800100061,3,토요일,중부,충청북도,경상사고,0,0,1,0,차대차 - 추돌,안전운전불이행,포장 - 건조,맑음,단일로 - 기타,승용,1,35,상해없음,화물,0,42,경상,30.0,30.0
9496,2020020800100062,3,토요일,중부,충청북도,경상사고,0,0,1,0,차대차 - 기타,안전거리미확보,포장 - 건조,맑음,단일로 - 기타,승용,0,44,상해없음,승용,0,52,경상,40.0,40.0
9497,2020021500100338,16,토요일,중부,충청북도,경상사고,0,0,2,0,차대차 - 추돌,기타,포장 - 젖음/습기,흐림,단일로 - 기타,승용,0,47,상해없음,승용,0,27,경상,40.0,40.0
9498,2020022300100030,3,일요일,중부,경기도,중상사고,0,1,0,0,차량단독 - 공작물충돌,안전운전불이행,포장 - 건조,맑음,단일로 - 지하차도(도로)내,승용,1,65,중상,기타불명,2,0,기타불명,60.0,60.0
9499,2020030900100295,15,월요일,중부,충청북도,중상사고,0,1,0,0,차대차 - 측면충돌,안전운전불이행,포장 - 건조,맑음,단일로 - 기타,화물,0,48,상해없음,화물,0,30,중상,40.0,40.0
9500,2020031100100464,20,수요일,중부,경기도,경상사고,0,0,1,0,차대차 - 기타,안전운전불이행,포장 - 건조,맑음,단일로 - 기타,화물,0,67,상해없음,승용,0,48,경상,60.0,60.0
9501,2020031400100046,2,토요일,중부,경기도,중상사고,0,1,0,0,차대차 - 추돌,안전운전불이행,포장 - 건조,맑음,단일로 - 기타,승용,0,32,상해없음,화물,0,50,상해없음,30.0,30.0
9502,2020031500100129,12,일요일,중부,충청북도,중상사고,0,1,3,0,차대차 - 측면충돌,안전운전불이행,포장 - 건조,맑음,단일로 - 지하차도(도로)내,승용,1,63,중상,승합,0,47,경상,60.0,60.0
9503,2020031600100011,1,월요일,중부,충청북도,경상사고,0,0,3,0,차대차 - 추돌,과속,포장 - 건조,맑음,단일로 - 기타,승용,0,53,경상,화물,0,61,경상,50.0,50.0
9504,2020031600100012,1,월요일,중부,충청북도,경상사고,0,0,1,2,차대차 - 추돌,안전운전불이행,포장 - 건조,맑음,단일로 - 기타,화물,0,61,경상,승용,0,53,부상신고,,
9505,2020031900100075,8,목요일,중부,경기도,경상사고,0,0,2,0,차대차 - 기타,안전거리미확보,포장 - 건조,맑음,단일로 - 기타,승용,1,31,상해없음,승용,0,43,경상,,
9506,2020031900100266,16,목요일,중부,경기도,경상사고,0,0,2,0,차대차 - 기타,기타,포장 - 건조,맑음,단일로 - 지하차도(도로)내,화물,0,50,상해없음,승용,0,25,경상,40.0,40.0
9507,2020032300100205,11,월요일,중부,충청북도,경상사고,0,0,1,0,차대차 - 측면충돌,안전거리미확보,포장 - 건조,맑음,단일로 - 기타,화물,0,48,상해없음,화물,0,55,경상,40.0,40.0
9508,2020032600100161,11,목요일,중부,경기도,경상사고,0,0,1,0,차대차 - 추돌,기타,포장 - 건조,맑음,단일로 - 기타,화물,0,30,상해없음,승용,0,36,경상,20.0,20.0
9509,2020032700100294,15,금요일,중부,경기도,중상사고,0,1,0,0,차대차 - 측면충돌,신호위반,포장 - 건조,맑음,단일로 - 기타,승용,0,58,상해없음,승용,0,47,중상,50.0,50.0
9510,2020032800100315,16,토요일,중부,충청북도,경상사고,0,0,7,0,차대차 - 추돌,안전거리미확보,포장 - 건조,맑음,단일로 - 지하차도(도로)내,승용,0,34,경상,승용,0,67,상해없음,30.0,30.0
9511,2020040300100503,20,금요일,중부,경기도,경상사고,0,0,1,0,차대차 - 측면충돌,안전운전불이행,포장 - 건조,맑음,단일로 - 기타,화물,0,63,상해없음,승용,1,55,경상,60.0,60.0
9512,2020040600100368,16,월요일,중부,충청북도,경상사고,0,0,4,0,차대차 - 추돌,안전거리미확보,포장 - 건조,맑음,단일로 - 기타,승용,0,31,경상,승용,0,31,경상,,
9513,2020041500100081,7,수요일,중부,충청북도,경상사고,0,0,1,0,차대차 - 추돌,안전운전불이행,포장 - 건조,맑음,단일로 - 기타,승용,0,32,상해없음,화물,0,52,경상,30.0,30.0
9514,2020041500100082,7,수요일,중부,충청북도,경상사고,0,0,2,0,차대차 - 추돌,안전운전불이행,포장 - 건조,맑음,단일로 - 기타,화물,0,42,경상,승용,0,76,경상,40.0,40.0
9515,2020041500100461,22,수요일,중부,경기도,경상사고,0,0,1,0,차대차 - 측면충돌,안전운전불이행,포장 - 건조,맑음,단일로 - 기타,승용,0,57,상해없음,승용,1,33,경상,50.0,50.0
9516,2020041700100284,15,금요일,중부,경기도,경상사고,0,0,1,0,차대차 - 추돌,안전운전불이행,포장 - 젖음/습기,비,단일로 - 지하차도(도로)내,승용,1,52,상해없음,승합,0,26,경상,50.0,50.0
9517,2020042000100056,7,월요일,중부,충청북도,중상사고,0,1,0,0,차대차 - 추돌,안전거리미확보,포장 - 건조,맑음,단일로 - 기타,승합,0,59,상해없음,승용,0,55,중상,50.0,50.0
9518,2020042000100198,12,월요일,중부,충청북도,중상사고,0,1,1,0,차대차 - 측면충돌,안전운전불이행,포장 - 건조,맑음,단일로 - 지하차도(도로)내,화물,0,55,중상,승용,0,49,경상,50.0,50.0
9519,2020042800100585,21,화요일,중부,충청북도,중상사고,0,1,0,0,차대차 - 추돌,안전운전불이행,포장 - 건조,맑음,단일로 - 지하차도(도로)내,승용,1,26,상해없음,승용,1,48,중상,20.0,20.0
9520,2020042900100620,21,수요일,중부,경기도,경상사고,0,0,1,0,차대차 - 측면충돌,안전운전불이행,포장 - 건조,맑음,단일로 - 기타,승용,1,59,상해없음,승용,1,27,경상,50.0,50.0
9521,2020043000100156,10,목요일,중부,경기도,경상사고,0,0,1,0,차대차 - 측면충돌,안전운전불이행,포장 - 건조,맑음,단일로 - 지하차도(도로)내,화물,0,52,상해없음,승용,0,43,경상,50.0,50.0
9522,2020043000100352,15,목요일,중부,충청북도,경상사고,0,0,1,0,차대차 - 기타,안전운전불이행,포장 - 건조,맑음,단일로 - 기타,승용,1,55,경상,승용,1,41,상해없음,50.0,50.0
9523,2020050400100395,16,월요일,중부,충청북도,경상사고,0,0,8,0,차대차 - 추돌,안전거리미확보,포장 - 건조,맑음,단일로 - 지하차도(도로)내,승용,0,42,경상,승용,1,23,상해없음,40.0,40.0
9524,2020050700100007,0,목요일,중부,경기도,경상사고,0,0,2,0,차대차 - 측면충돌,안전운전불이행,포장 - 건조,맑음,단일로 - 기타,승용,0,51,상해없음,승용,1,26,경상,,
9525,2020050900100021,0,토요일,중부,경기도,경상사고,0,0,1,0,차대차 - 추돌,안전운전불이행,포장 - 젖음/습기,비,단일로 - 지하차도(도로)내,승용,0,55,상해없음,승용,0,28,경상,50.0,50.0
9526,2020051000100284,17,일요일,중부,충청북도,경상사고,0,0,3,0,차대차 - 추돌,안전거리미확보,포장 - 건조,맑음,단일로 - 기타,승용,0,38,경상,승용,0,38,경상,30.0,30.0
9527,2020051800100434,17,월요일,중부,충청북도,경상사고,0,0,2,0,차대차 - 측면충돌,안전운전불이행,포장 - 젖음/습기,비,단일로 - 기타,승용,0,34,경상,승용,1,28,경상,30.0,30.0
9528,2020052400100096,7,일요일,중부,경기도,경상사고,0,0,2,0,차대차 - 추돌,안전운전불이행,포장 - 젖음/습기,비,단일로 - 교량,승용,0,31,기타불명,승용,0,29,경상,,
9529,2020052400100321,17,일요일,중부,충청북도,중상사고,0,2,2,0,차대차 - 추돌,안전거리미확보,포장 - 건조,맑음,단일로 - 지하차도(도로)내,승용,0,40,상해없음,승용,0,32,중상,30.0,30.0
9530,2020053000100145,9,토요일,중부,충청북도,경상사고,0,0,7,0,차대차 - 추돌,안전운전불이행,포장 - 건조,맑음,단일로 - 지하차도(도로)내,승용,0,23,상해없음,승용,0,45,경상,20.0,20.0
9531,2020060100100098,8,월요일,중부,경기도,중상사고,0,2,0,0,차대차 - 추돌,안전운전불이행,포장 - 건조,맑음,단일로 - 기타,승용,0,41,상해없음,승용,0,36,중상,,
9532,2020060100100302,13,월요일,중부,경기도,경상사고,0,0,2,0,차대차 - 추돌,안전운전불이행,포장 - 건조,맑음,단일로 - 기타,화물,0,63,상해없음,화물,0,68,경상,60.0,60.0
9533,2020060300100549,20,수요일,중부,경기도,경상사고,0,0,2,1,차대차 - 추돌,안전운전불이행,포장 - 건조,맑음,단일로 - 기타,승용,0,65,부상신고,화물,0,63,경상,60.0,60.0
9534,2020060700100364,17,일요일,중부,경기도,중상사고,0,1,2,0,차대차 - 측면충돌,안전운전불이행,포장 - 건조,맑음,단일로 - 지하차도(도로)내,승용,1,46,중상,승용,0,49,경상,40.0,40.0
9535,2020061000100402,16,수요일,중부,충청북도,중상사고,0,1,3,0,차대차 - 측면충돌,안전운전불이행,포장 - 건조,맑음,단일로 - 지하차도(도로)내,승용,1,26,경상,승용,1,47,경상,20.0,20.0
9536,2020061200100267,12,금요일,중부,경기도,경상사고,0,0,1,0,차대차 - 추돌,안전운전불이행,포장 - 건조,맑음,단일로 - 지하차도(도로)내,승용,0,40,상해없음,승용,0,32,경상,30.0,30.0
9537,2020061200100685,22,금요일,중부,충청북도,경상사고,0,0,3,0,차대차 - 추돌,안전운전불이행,포장 - 젖음/습기,비,단일로 - 기타,승용,0,53,상해없음,승용,0,59,경상,50.0,50.0
9538,2020061300100572,20,토요일,중부,경기도,경상사고,0,0,1,0,차량단독 - 공작물충돌,안전운전불이행,포장 - 건조,맑음,단일로 - 기타,승용,0,26,경상,기타불명,2,0,기타불명,20.0,20.0
9539,2020061400100015,0,일요일,중부,경기도,경상사고,0,0,2,0,차대차 - 측면충돌,안전운전불이행,포장 - 건조,맑음,단일로 - 지하차도(도로)내,승용,0,47,상해없음,승용,0,53,경상,40.0,40.0
9540,2020061500100155,9,월요일,중부,충청북도,중상사고,0,1,1,0,차대차 - 기타,안전거리미확보,포장 - 건조,맑음,단일로 - 지하차도(도로)내,승용,0,49,상해없음,승용,1,48,중상,40.0,40.0
9541,2020061500100264,12,월요일,중부,경기도,경상사고,0,0,1,0,차대차 - 측면충돌,안전운전불이행,포장 - 건조,맑음,단일로 - 지하차도(도로)내,승용,0,62,상해없음,승용,1,26,경상,60.0,60.0
9542,2020061500100342,14,월요일,중부,경기도,경상사고,0,0,2,0,차대차 - 추돌,안전운전불이행,포장 - 건조,맑음,단일로 - 기타,승용,0,31,경상,승용,0,52,경상,,
9543,2020061600100365,15,화요일,중부,경기도,경상사고,0,0,7,0,차대차 - 추돌,안전거리미확보,포장 - 건조,맑음,단일로 - 지하차도(도로)내,승용,0,27,상해없음,승용,0,45,경상,20.0,20.0
9544,2020061800100374,15,목요일,중부,경기도,경상사고,0,0,1,0,차대차 - 추돌,안전운전불이행,포장 - 건조,맑음,단일로 - 지하차도(도로)내,화물,0,58,상해없음,건설기계,0,38,경상,50.0,50.0
9545,2020062100100448,20,일요일,중부,경기도,경상사고,0,0,2,1,차대차 - 측면충돌,차로위반,포장 - 건조,맑음,기타 - 기타,승용,0,56,부상신고,승용,0,63,경상,50.0,50.0
9546,2020062600100647,21,금요일,중부,충청북도,경상사고,0,0,1,0,차대차 - 측면충돌,안전거리미확보,포장 - 건조,맑음,단일로 - 지하차도(도로)내,화물,0,49,상해없음,승용,0,36,경상,40.0,40.0
9547,2020062700100387,16,토요일,중부,충청북도,경상사고,0,0,2,0,차대차 - 추돌,안전운전불이행,포장 - 건조,맑음,단일로 - 지하차도(도로)내,승용,1,22,상해없음,승용,1,53,경상,20.0,20.0
9548,2020070300100011,0,금요일,중부,충청북도,사망사고,1,0,2,0,차대차 - 추돌,안전운전불이행,포장 - 건조,맑음,단일로 - 지하차도(도로)내,화물,0,57,경상,화물,0,65,사망,50.0,50.0
9549,2020070400100198,10,토요일,중부,충청북도,경상사고,0,0,1,0,차대차 - 추돌,안전운전불이행,포장 - 건조,맑음,단일로 - 기타,승용,0,38,상해없음,승용,1,19,경상,30.0,30.0
9550,2020071100100635,23,토요일,중부,경기도,경상사고,0,0,1,0,차량단독 - 공작물충돌,안전운전불이행,포장 - 건조,맑음,단일로 - 지하차도(도로)내,승용,1,31,경상,기타불명,2,0,기타불명,,
9551,2020071700100556,19,금요일,중부,경기도,경상사고,0,0,1,0,차대차 - 추돌,안전운전불이행,포장 - 건조,맑음,단일로 - 지하차도(도로)내,기타불명,2,0,기타불명,승용,0,60,경상,20.0,20.0
9552,2020071800100188,11,토요일,중부,경기도,중상사고,0,4,1,0,차대차 - 측면충돌,안전운전불이행,포장 - 건조,맑음,단일로 - 지하차도(도로)내,승용,1,20,상해없음,승용,0,33,경상,20.0,20.0
9553,2020071900100081,6,일요일,중부,충청북도,경상사고,0,0,1,0,차대차 - 정면충돌,안전운전불이행,포장 - 젖음/습기,비,단일로 - 지하차도(도로)내,화물,0,40,상해없음,승용,1,55,경상,30.0,30.0
9554,2020072100100165,10,화요일,중부,경기도,경상사고,0,0,1,0,차대차 - 추돌,안전운전불이행,포장 - 건조,맑음,단일로 - 기타,승용,2,0,기타불명,승용,0,42,경상,20.0,20.0
9555,2020072300100439,18,목요일,중부,경기도,중상사고,0,1,0,0,차대차 - 추돌,안전운전불이행,포장 - 젖음/습기,비,단일로 - 지하차도(도로)내,승용,0,45,상해없음,승용,0,61,중상,40.0,40.0
9556,2020072600100081,7,일요일,중부,충청북도,경상사고,0,0,2,0,차대차 - 추돌,안전운전불이행,포장 - 건조,맑음,단일로 - 지하차도(도로)내,승용,0,30,상해없음,승용,1,47,경상,20.0,20.0
9557,2020073000100215,12,목요일,중부,충청북도,경상사고,0,0,2,0,차대차 - 측면충돌,안전운전불이행,포장 - 건조,흐림,단일로 - 기타,승용,0,63,상해없음,승용,0,75,경상,60.0,60.0
9558,2020080300100016,2,월요일,중부,경기도,경상사고,0,0,3,0,차대차 - 추돌,안전운전불이행,포장 - 젖음/습기,비,단일로 - 지하차도(도로)내,승용,0,33,상해없음,화물,0,44,경상,30.0,30.0
9559,2020080700100167,10,금요일,중부,충청북도,경상사고,0,0,1,0,차대차 - 기타,신호위반,포장 - 젖음/습기,비,단일로 - 교량,승용,0,53,상해없음,화물,0,54,경상,50.0,50.0
9560,2020080900100061,4,일요일,중부,충청북도,중상사고,0,2,0,0,차대차 - 측면충돌,안전운전불이행,포장 - 젖음/습기,비,단일로 - 기타,승용,1,53,중상,승용,0,43,중상,50.0,50.0
9561,2020080900100074,6,일요일,중부,경기도,중상사고,0,1,0,0,차량단독 - 기타,안전운전불이행,포장 - 젖음/습기,비,단일로 - 기타,승용,0,36,중상,기타불명,2,0,기타불명,30.0,30.0
9562,2020080900100292,17,일요일,중부,충청북도,경상사고,0,0,5,0,차대차 - 추돌,안전운전불이행,포장 - 건조,맑음,단일로 - 기타,승용,0,27,상해없음,승용,0,56,경상,20.0,20.0
9563,2020081600100219,13,일요일,중부,경기도,경상사고,0,0,1,1,차대차 - 추돌,안전운전불이행,포장 - 건조,맑음,단일로 - 기타,승용,0,32,상해없음,승용,1,32,경상,30.0,30.0
9564,2020081600100504,22,일요일,중부,경기도,경상사고,0,0,3,0,차대차 - 측면충돌,안전거리미확보,포장 - 건조,맑음,단일로 - 기타,승용,1,30,상해없음,승용,0,36,경상,20.0,20.0
9565,2020081900100444,17,수요일,중부,경기도,경상사고,0,0,1,0,차대차 - 기타,안전거리미확보,포장 - 건조,맑음,기타 - 기타,승용,0,37,상해없음,승용,0,23,경상,30.0,30.0
9566,2020081900100577,20,수요일,중부,경기도,부상신고사고,0,0,0,1,차대사람 - 차도통행중,안전운전불이행,포장 - 건조,맑음,기타 - 기타,화물,1,51,상해없음,보행자,0,59,부상신고,,
9567,2020082000100411,16,목요일,중부,경기도,경상사고,0,0,2,0,차대차 - 측면충돌,안전운전불이행,포장 - 건조,맑음,단일로 - 지하차도(도로)내,화물,1,51,상해없음,화물,0,54,상해없음,,
9568,2020082500100369,15,화요일,중부,충청북도,경상사고,0,0,1,0,차대차 - 추돌,안전운전불이행,포장 - 건조,맑음,단일로 - 기타,승합,0,54,상해없음,승용,1,30,경상,50.0,50.0
9569,2020082500100602,21,화요일,중부,경기도,경상사고,0,0,1,0,차대차 - 추돌,안전운전불이행,포장 - 건조,맑음,단일로 - 지하차도(도로)내,승용,0,27,상해없음,승용,0,64,경상,20.0,20.0
9570,2020082800100426,17,금요일,중부,경기도,경상사고,0,0,2,0,차대차 - 추돌,안전거리미확보,포장 - 건조,맑음,단일로 - 지하차도(도로)내,승용,0,40,경상,화물,0,53,상해없음,30.0,30.0