,사고번호,사고일시,요일,도로종류,시군구,사고내용,사망자수,중상자수,경상자수,부상신고자수,사고유형,법규위반,노면상태,기상상태,도로형태,가해운전자 차종,가해운전자 성별,가해운전자 연령,가해운전자 상해정도,피해운전자 차종,피해운전자 성별,피해운전자 연령,피해운전자 상해정도,연령대,가해연령대
9703,2021033000100502,18,화요일,중부,경기도,중상사고,0,2,1,0,차대차 - 측면충돌,안전운전불이행,-,맑음,단일로 - 기타,승용,0,62,상해없음,승용,0,75,중상,60.0,60.0
9704,2021041500100036,6,목요일,중부,경기도,경상사고,0,0,1,0,차대차 - 기타,안전거리미확보,-,맑음,단일로 - 기타,승용,1,64,기타불명,승용,0,60,경상,60.0,60.0
9705,2021041700100336,15,토요일,중부,충청북도,중상사고,0,1,1,0,차대차 - 추돌,안전거리미확보,-,맑음,단일로 - 지하차도(도로)내,승용,0,28,상해없음,승용,0,48,상해없음,20.0,20.0
9706,2021041900100554,21,월요일,중부,경기도,경상사고,0,0,2,0,차대차 - 측면충돌,안전운전불이행,-,맑음,단일로 - 기타,화물,0,56,상해없음,승용,0,30,경상,50.0,50.0
9707,2021042100100402,16,수요일,중부,경기도,중상사고,0,2,1,1,차대차 - 추돌,안전운전불이행,-,맑음,단일로 - 기타,화물,0,73,상해없음,승용,0,46,중상,70.0,70.0
9708,2021042300100502,18,금요일,중부,경기도,경상사고,0,0,1,0,차대차 - 측면충돌,안전거리미확보,-,맑음,단일로 - 기타,승합,0,54,상해없음,승용,0,32,경상,50.0,50.0
9709,2021042400100347,15,토요일,중부,경기도,경상사고,0,0,1,0,차대차 - 기타,안전운전불이행,-,맑음,단일로 - 기타,승용,0,52,상해없음,승용,0,51,경상,50.0,50.0
9710,2021042400100547,20,토요일,중부,경기도,경상사고,0,0,1,0,차대차 - 측면충돌,안전운전불이행,-,맑음,단일로 - 기타,화물,1,60,상해없음,화물,0,65,경상,50.0,50.0
9711,2021042500100207,13,일요일,중부,경기도,경상사고,0,0,3,0,차대차 - 기타,안전운전불이행,-,맑음,단일로 - 기타,승용,0,61,상해없음,승용,0,50,경상,,
9712,2021042900100147,10,목요일,중부,충청북도,경상사고,0,0,3,0,차대차 - 추돌,안전거리미확보,-,맑음,단일로 - 기타,승용,0,55,상해없음,승용,0,60,경상,50.0,50.0
9713,2021042900100567,21,목요일,중부,경기도,경상사고,0,0,2,0,차대차 - 추돌,안전운전불이행,-,맑음,단일로 - 기타,화물,0,42,경상,승용,0,54,경상,40.0,40.0
9714,2021050200100396,19,일요일,중부,경기도,경상사고,0,0,2,0,차대차 - 기타,안전거리미확보,-,맑음,단일로 - 기타,승용,0,35,상해없음,승용,0,48,경상,30.0,30.0
9715,2021050500100090,9,수요일,중부,경기도,중상사고,0,2,1,1,차대차 - 추돌,안전운전불이행,-,맑음,단일로 - 기타,승용,0,45,상해없음,승용,0,48,중상,40.0,40.0
9716,2021050500100131,10,수요일,중부,경기도,중상사고,0,3,0,0,차대차 - 측면충돌,차로위반,-,맑음,단일로 - 기타,승용,0,47,상해없음,승용,1,46,중상,40.0,40.0
9717,2021050700100132,9,금요일,중부,경기도,경상사고,0,0,1,0,차대차 - 측면충돌,안전운전불이행,-,맑음,교차로 - 교차로부근,승합,0,60,상해없음,승용,0,66,상해없음,50.0,50.0
9718,2021050800100191,11,토요일,중부,경기도,경상사고,0,0,1,0,차대차 - 추돌,안전운전불이행,-,맑음,단일로 - 교량,승용,0,63,상해없음,승용,0,58,경상,60.0,60.0
9719,2021050800100474,17,토요일,중부,경기도,경상사고,0,0,2,1,차대차 - 측면충돌,안전거리미확보,-,맑음,단일로 - 기타,승용,1,49,상해없음,승용,1,53,경상,40.0,40.0
9720,2021050900100238,14,일요일,중부,충청북도,경상사고,0,0,9,0,차대차 - 추돌,안전운전불이행,-,맑음,단일로 - 기타,승용,0,60,상해없음,승용,1,30,경상,50.0,50.0
9721,2021051000100206,12,월요일,중부,경기도,경상사고,0,0,3,0,차대차 - 기타,안전거리미확보,-,맑음,단일로 - 기타,화물,0,55,상해없음,승용,0,42,경상,50.0,50.0
9722,2021051100100402,15,화요일,중부,경기도,경상사고,0,0,1,0,차대차 - 측면충돌,안전운전불이행,-,맑음,단일로 - 기타,승용,0,67,상해없음,승용,1,63,상해없음,60.0,60.0
9723,2021051200100533,19,수요일,중부,경기도,중상사고,0,1,0,0,차대차 - 측면충돌,안전운전불이행,-,맑음,단일로 - 기타,승용,0,66,상해없음,승용,0,38,중상,60.0,60.0
9724,2021051400100244,12,금요일,중부,경기도,경상사고,0,0,1,0,차대차 - 측면충돌,안전운전불이행,-,맑음,단일로 - 기타,화물,0,65,상해없음,승용,0,52,경상,60.0,60.0
9725,2021051500100188,11,토요일,중부,경기도,경상사고,0,0,7,0,차대차 - 기타,안전운전불이행,-,흐림,단일로 - 기타,승용,0,32,상해없음,승용,1,29,경상,30.0,30.0
9726,2021052400100056,7,월요일,중부,경기도,부상신고사고,0,0,0,1,차대차 - 추돌,안전운전불이행,-,맑음,단일로 - 기타,승용,0,36,상해없음,화물,0,77,부상신고,30.0,30.0
9727,2021052500100151,9,화요일,중부,경기도,경상사고,0,0,1,0,차대차 - 기타,안전운전불이행,-,비,단일로 - 기타,기타불명,2,0,기타불명,화물,0,47,경상,20.0,20.0
9728,2021052500100283,13,화요일,중부,경기도,경상사고,0,0,4,0,차대차 - 기타,신호위반,-,맑음,단일로 - 기타,승용,0,60,상해없음,승용,1,28,경상,50.0,50.0
9729,2021052600100572,23,수요일,중부,경기도,중상사고,0,1,1,0,차대차 - 기타,안전거리미확보,-,맑음,단일로 - 기타,화물,0,46,중상,특수,0,39,상해없음,40.0,40.0
9730,2021053000100502,23,일요일,중부,경기도,경상사고,0,0,1,0,차대차 - 추돌,안전운전불이행,-,비,단일로 - 기타,승용,0,31,상해없음,승용,0,26,경상,,
9731,2021060300100081,7,목요일,중부,경기도,경상사고,0,0,1,0,차대차 - 측면충돌,안전거리미확보,-,맑음,단일로 - 기타,승합,0,73,상해없음,승용,0,25,경상,70.0,70.0
9732,2021060400100563,19,금요일,중부,경기도,경상사고,0,0,2,0,차대차 - 기타,안전운전불이행,-,맑음,기타 - 기타,승용,0,32,경상,승용,0,27,경상,30.0,30.0
9733,2021060800100357,16,화요일,중부,경기도,경상사고,0,0,2,0,차대차 - 기타,기타,-,맑음,단일로 - 기타,화물,0,53,상해없음,승합,1,39,경상,50.0,50.0
9734,2021061100100373,16,금요일,중부,충청북도,경상사고,0,0,1,0,차대차 - 추돌,안전거리미확보,-,맑음,단일로 - 지하차도(도로)내,승용,0,21,상해없음,승용,0,31,경상,20.0,20.0
9735,2021061300100108,11,일요일,중부,충청북도,경상사고,0,0,1,0,차대차 - 측면충돌,안전운전불이행,-,맑음,단일로 - 기타,승용,0,60,상해없음,승용,0,53,경상,50.0,50.0
9736,2021061600100642,23,수요일,중부,충청북도,중상사고,0,1,0,0,차대사람 - 기타,안전운전불이행,-,맑음,단일로 - 지하차도(도로)내,화물,0,39,상해없음,보행자,0,43,중상,30.0,30.0
9737,2021061700100335,15,목요일,중부,경기도,부상신고사고,0,0,0,2,차대차 - 측면충돌,안전거리미확보,-,흐림,단일로 - 기타,승용,1,42,상해없음,승용,0,23,부상신고,40.0,40.0
9738,2021061700100387,17,목요일,중부,충청북도,중상사고,0,1,3,0,차대차 - 추돌,안전운전불이행,-,맑음,단일로 - 지하차도(도로)내,화물,0,54,중상,승용,0,44,경상,50.0,50.0
9739,2021061700100441,18,목요일,중부,충청북도,경상사고,0,0,1,0,차대차 - 측면충돌,안전거리미확보,-,맑음,단일로 - 지하차도(도로)내,승합,0,63,상해없음,승용,0,49,경상,60.0,60.0
9740,2021061800100187,11,금요일,중부,경기도,경상사고,0,0,1,2,차대차 - 기타,안전운전불이행,-,비,단일로 - 기타,승용,0,38,상해없음,화물,0,41,상해없음,30.0,30.0
9741,2021061900100075,7,토요일,중부,충청북도,경상사고,0,0,1,0,차대차 - 측면충돌,안전거리미확보,-,맑음,단일로 - 지하차도(도로)내,승용,0,53,상해없음,승용,0,58,경상,50.0,50.0
9742,2021062000100180,13,일요일,중부,경기도,경상사고,0,0,3,0,차대차 - 추돌,안전운전불이행,-,맑음,단일로 - 기타,승용,0,42,상해없음,승용,0,48,경상,40.0,40.0
9743,2021062300100424,18,수요일,중부,경기도,경상사고,0,0,1,0,차대차 - 추돌,안전운전불이행,-,흐림,단일로 - 기타,화물,0,64,상해없음,화물,0,64,경상,60.0,60.0
9744,2021062400100341,14,목요일,중부,경기도,중상사고,0,1,1,0,차대차 - 추돌,안전운전불이행,-,맑음,단일로 - 기타,화물,0,65,기타불명,승용,0,62,경상,60.0,60.0
9745,2021062400100439,17,목요일,중부,경기도,중상사고,0,1,0,1,차대차 - 추돌,안전운전불이행,-,맑음,단일로 - 기타,승용,1,49,부상신고,화물,0,50,중상,40.0,40.0
9746,2021062500100601,20,금요일,중부,충청북도,경상사고,0,0,1,1,차대차 - 추돌,안전운전불이행,-,맑음,단일로 - 기타,승용,0,19,상해없음,승용,1,24,부상신고,20.0,20.0
9747,2021062800100072,7,월요일,중부,경기도,경상사고,0,0,1,0,차대차 - 추돌,안전운전불이행,-,맑음,단일로 - 기타,승용,0,24,상해없음,화물,0,47,경상,20.0,20.0
9748,2021062800100206,11,월요일,중부,경기도,경상사고,0,0,2,6,차대차 - 추돌,안전운전불이행,-,맑음,단일로 - 기타,승합,0,37,부상신고,승용,1,39,부상신고,30.0,30.0
9749,2021062800100260,12,월요일,중부,경기도,중상사고,0,1,0,0,차대차 - 측면충돌,차로위반,-,맑음,단일로 - 기타,화물,1,70,상해없음,승용,0,79,상해없음,60.0,60.0
9750,2021070200100216,11,금요일,중부,경기도,경상사고,0,0,2,0,차대차 - 추돌,안전운전불이행,-,맑음,단일로 - 기타,화물,0,40,상해없음,화물,0,77,경상,30.0,30.0
9751,2021070500100086,8,월요일,중부,충청북도,경상사고,0,0,3,0,차대차 - 추돌,안전운전불이행,-,맑음,단일로 - 기타,승용,1,60,상해없음,승용,0,49,경상,50.0,50.0
9752,2021070500100087,8,월요일,중부,충청북도,중상사고,0,1,0,0,차대차 - 추돌,안전거리미확보,-,맑음,단일로 - 기타,승용,1,24,상해없음,승용,1,55,중상,20.0,20.0
9753,2021070600100550,21,화요일,중부,경기도,경상사고,0,0,2,0,차대차 - 측면충돌,신호위반,-,맑음,단일로 - 터널,승용,0,64,상해없음,승용,1,51,경상,60.0,60.0
9754,2021070900100496,19,금요일,중부,경기도,경상사고,0,0,3,0,차대차 - 추돌,안전운전불이행,-,맑음,단일로 - 기타,승용,0,19,기타불명,승용,1,51,경상,20.0,20.0
9755,2021071200100354,16,월요일,중부,충청북도,경상사고,0,0,4,0,차대차 - 추돌,안전운전불이행,-,맑음,단일로 - 지하차도(도로)내,화물,0,41,상해없음,승용,0,63,경상,,
9756,2021071600100221,12,금요일,중부,경기도,경상사고,0,0,1,0,차대차 - 기타,안전운전불이행,-,맑음,단일로 - 기타,화물,0,39,상해없음,승용,0,32,경상,30.0,30.0
9757,2021071600100298,14,금요일,중부,경기도,부상신고사고,0,0,0,6,차대차 - 추돌,안전운전불이행,-,맑음,단일로 - 기타,화물,0,29,부상신고,승용,0,26,부상신고,20.0,20.0
9758,2021071600100423,17,금요일,중부,충청북도,경상사고,0,0,1,0,차대차 - 추돌,안전운전불이행,-,맑음,단일로 - 지하차도(도로)내,승용,0,20,상해없음,승용,0,52,경상,20.0,20.0
9759,2021071700100098,8,토요일,중부,경기도,중상사고,0,1,2,0,차대차 - 추돌,안전거리미확보,-,맑음,단일로 - 기타,승용,0,50,상해없음,승용,1,48,경상,40.0,40.0
9760,2021071700100328,14,토요일,중부,경기도,경상사고,0,0,1,0,차대차 - 측면충돌,안전운전불이행,-,맑음,기타 - 기타,승용,0,31,상해없음,승용,1,44,경상,,
9761,2021072200100529,19,목요일,중부,경기도,경상사고,0,0,1,0,차대차 - 기타,안전거리미확보,-,맑음,단일로 - 기타,승용,0,67,상해없음,승용,0,21,경상,60.0,60.0
9762,2021072300100248,12,금요일,중부,경기도,경상사고,0,0,1,0,차대차 - 추돌,안전거리미확보,-,맑음,단일로 - 기타,승용,0,53,상해없음,화물,0,55,경상,50.0,50.0
9763,2021072300100334,15,금요일,중부,경기도,중상사고,0,1,2,2,차대차 - 추돌,안전거리미확보,-,맑음,단일로 - 기타,승용,0,48,경상,화물,0,65,중상,40.0,40.0
9764,2021072300100360,15,금요일,중부,경기도,경상사고,0,0,1,0,차대차 - 측면충돌,안전거리미확보,-,맑음,단일로 - 기타,화물,0,52,상해없음,승용,1,53,경상,50.0,50.0
9765,2021072400100382,16,토요일,중부,경기도,경상사고,0,0,1,0,차대차 - 측면충돌,안전거리미확보,-,맑음,교차로 - 교차로부근,승합,0,62,상해없음,승용,0,61,경상,60.0,60.0
9766,2021072500100348,18,일요일,중부,경기도,경상사고,0,0,1,0,차대차 - 측면충돌,안전운전불이행,-,맑음,단일로 - 기타,승용,0,37,상해없음,승용,0,43,경상,30.0,30.0
9767,2021072500100397,20,일요일,중부,경기도,경상사고,0,0,1,0,차대차 - 기타,신호위반,-,흐림,단일로 - 터널,승용,0,40,상해없음,승용,1,24,경상,30.0,30.0
9768,2021072700100010,1,화요일,중부,충청북도,중상사고,0,2,0,0,차대차 - 추돌,안전운전불이행,-,맑음,단일로 - 기타,승용,0,33,중상,승용,0,31,중상,30.0,30.0
9769,2021072700100023,4,화요일,중부,경기도,경상사고,0,0,2,0,차대차 - 추돌,안전운전불이행,-,맑음,단일로 - 기타,화물,0,50,상해없음,화물,0,44,경상,40.0,40.0
9770,2021072700100187,10,화요일,중부,경기도,경상사고,0,0,2,0,차대차 - 측면충돌,안전거리미확보,-,맑음,단일로 - 기타,화물,0,60,상해없음,승용,1,54,경상,50.0,50.0
9771,2021072700100280,13,화요일,중부,경기도,경상사고,0,0,1,0,차대차 - 추돌,안전운전불이행,-,맑음,단일로 - 기타,화물,0,42,상해없음,승합,0,51,상해없음,40.0,40.0
9772,2021072700100387,16,화요일,중부,충청북도,경상사고,0,0,1,0,차대차 - 추돌,안전운전불이행,-,맑음,단일로 - 기타,화물,0,62,상해없음,승용,0,27,경상,60.0,60.0
9773,2021072800100496,18,수요일,중부,경기도,경상사고,0,0,1,0,차대차 - 추돌,안전운전불이행,-,맑음,단일로 - 기타,승용,1,33,상해없음,승용,0,34,경상,30.0,30.0
9774,2021072900100139,10,목요일,중부,경기도,경상사고,0,0,1,0,차대차 - 측면충돌,안전운전불이행,-,맑음,단일로 - 기타,화물,0,40,상해없음,화물,0,49,경상,30.0,30.0
9775,2021073000100051,7,금요일,중부,충청북도,경상사고,0,0,4,0,차대차 - 측면충돌,안전운전불이행,-,맑음,단일로 - 지하차도(도로)내,승용,1,34,경상,승용,0,43,경상,30.0,30.0
9776,2021080300100161,11,화요일,중부,경기도,경상사고,0,0,1,0,차대차 - 측면충돌,안전거리미확보,-,맑음,단일로 - 기타,화물,0,69,상해없음,승용,0,68,경상,60.0,60.0
9777,2021080400100191,11,수요일,중부,경기도,경상사고,0,0,1,0,차대차 - 기타,안전운전불이행,-,맑음,단일로 - 기타,화물,0,49,상해없음,승용,0,35,경상,40.0,40.0
9778,2021080700100326,16,토요일,중부,충청북도,부상신고사고,0,0,0,2,차대차 - 추돌,안전거리미확보,-,맑음,단일로 - 기타,승용,0,30,상해없음,승용,1,35,부상신고,20.0,20.0
9779,2021080900100221,11,월요일,중부,경기도,경상사고,0,0,2,0,차대차 - 추돌,신호위반,-,맑음,기타 - 기타,승용,1,59,상해없음,화물,0,63,경상,50.0,50.0
9780,2021081400100371,18,토요일,중부,충청북도,경상사고,0,0,1,0,차대차 - 추돌,안전거리미확보,-,맑음,단일로 - 지하차도(도로)내,승용,0,29,상해없음,승용,0,29,경상,20.0,20.0
9781,2021081600100010,1,월요일,중부,경기도,경상사고,0,0,2,0,차대차 - 추돌,안전운전불이행,-,맑음,단일로 - 기타,화물,0,61,상해없음,화물,0,66,경상,,
9782,2021082000100379,16,금요일,중부,경기도,경상사고,0,0,1,0,차대차 - 기타,안전운전불이행,-,맑음,단일로 - 기타,화물,0,61,상해없음,화물,0,61,경상,,
9783,2021082200100209,15,일요일,중부,경기도,중상사고,0,1,2,1,차대차 - 추돌,안전운전불이행,-,맑음,단일로 - 기타,승용,0,37,경상,승용,0,26,기타불명,30.0,30.0
9784,2021082300100039,7,월요일,중부,경기도,경상사고,0,0,5,0,차대차 - 측면충돌,안전운전불이행,-,맑음,단일로 - 기타,승용,0,43,상해없음,화물,0,64,경상,40.0,40.0
9785,2021082300100166,11,월요일,중부,경기도,중상사고,0,1,0,0,차대차 - 측면충돌,신호위반,-,비,단일로 - 기타,화물,0,57,상해없음,화물,0,47,중상,50.0,50.0
9786,2021082400100196,12,화요일,중부,경기도,경상사고,0,0,1,0,차대차 - 추돌,안전거리미확보,-,비,단일로 - 기타,승용,0,32,상해없음,화물,0,64,상해없음,30.0,30.0
9787,2021082900100216,15,일요일,중부,경기도,경상사고,0,0,1,0,차대차 - 추돌,안전운전불이행,-,맑음,단일로 - 기타,승용,1,53,상해없음,화물,0,27,경상,50.0,50.0
9788,2021090300100198,12,금요일,중부,경기도,경상사고,0,0,1,0,차대차 - 기타,안전거리미확보,-,맑음,단일로 - 기타,승용,0,38,상해없음,승용,0,44,상해없음,30.0,30.0
9789,2021090400100307,15,토요일,중부,경기도,경상사고,0,0,4,0,차대차 - 추돌,안전운전불이행,-,맑음,교차로 - 교차로부근,화물,0,39,상해없음,승용,0,46,경상,30.0,30.0
9790,2021090500100148,13,일요일,중부,경기도,중상사고,0,2,0,2,차대차 - 추돌,안전운전불이행,-,맑음,단일로 - 기타,승용,0,40,상해없음,승용,0,36,중상,30.0,30.0
9791,2021090600100362,15,월요일,중부,경기도,경상사고,0,0,1,0,차대차 - 추돌,안전운전불이행,-,맑음,단일로 - 기타,화물,0,48,상해없음,승용,0,47,경상,40.0,40.0
9792,2021091000100188,11,금요일,중부,경기도,경상사고,0,0,1,0,차대차 - 기타,기타,-,맑음,기타 - 기타,기타불명,2,0,기타불명,기타불명,2,0,기타불명,20.0,20.0
9793,2021091600100449,16,목요일,중부,경기도,경상사고,0,0,1,0,차대차 - 기타,안전운전불이행,-,맑음,주차장 - 주차장,화물,0,61,상해없음,화물,0,64,경상,,
9794,2021091600100513,18,목요일,중부,충청북도,경상사고,0,0,2,0,차대차 - 추돌,안전운전불이행,-,맑음,단일로 - 지하차도(도로)내,승용,1,52,상해없음,승용,0,23,경상,50.0,50.0
9795,2021091700100327,13,금요일,중부,경기도,경상사고,0,0,2,0,차대차 - 추돌,안전운전불이행,-,맑음,단일로 - 기타,승용,0,42,상해없음,승용,0,60,경상,40.0,40.0
9796,2021091800100120,9,토요일,중부,경기도,중상사고,0,1,7,0,차대차 - 추돌,안전운전불이행,-,맑음,단일로 - 기타,화물,0,37,상해없음,승용,0,61,경상,30.0,30.0
9797,2021092000100271,15,월요일,중부,경기도,경상사고,0,0,4,0,차대차 - 측면충돌,안전거리미확보,-,맑음,단일로 - 기타,승용,0,45,상해없음,승용,1,51,경상,40.0,40.0
9798,2021092200100199,14,수요일,중부,경기도,부상신고사고,0,0,0,1,차대차 - 측면충돌,기타,-,맑음,단일로 - 기타,화물,0,55,상해없음,화물,0,31,부상신고,50.0,50.0
9799,2021092400100123,9,금요일,중부,경기도,경상사고,0,0,1,0,차대차 - 기타,차로위반,-,맑음,단일로 - 터널,화물,0,67,상해없음,승용,1,30,경상,60.0,60.0
9800,2021092400100419,17,금요일,중부,경기도,경상사고,0,0,1,0,차대차 - 기타,안전거리미확보,-,맑음,단일로 - 기타,승용,0,65,상해없음,승용,0,69,경상,60.0,60.0
9801,2021093000100075,7,목요일,중부,충청북도,경상사고,0,0,1,0,차대차 - 추돌,안전운전불이행,-,맑음,단일로 - 기타,화물,0,53,상해없음,승용,0,41,경상,50.0,50.0
9802,2021100100100014,1,금요일,중부,경기도,경상사고,0,0,1,0,차대사람 - 기타,안전운전불이행,-,맑음,단일로 - 기타,화물,0,38,상해없음,보행자,0,33,경상,30.0,30.0
9803,2021100100100191,11,금요일,중부,경기도,경상사고,0,0,1,0,차대차 - 측면충돌,기타,-,비,기타 - 기타,승용,2,0,기타불명,화물,0,57,경상,20.0,20.0
9804,2021100300100219,14,일요일,중부,경기도,경상사고,0,0,2,0,차대차 - 추돌,안전운전불이행,-,맑음,기타 - 기타,화물,0,53,상해없음,승용,1,27,경상,50.0,50.0
9805,2021100300100310,16,일요일,중부,경기도,경상사고,0,0,3,0,차대차 - 추돌,안전운전불이행,-,맑음,단일로 - 기타,승용,0,47,상해없음,승용,1,34,경상,40.0,40.0
9806,2021101200100263,13,화요일,중부,경기도,경상사고,0,0,1,0,차대차 - 측면충돌,안전운전불이행,-,맑음,단일로 - 기타,화물,0,43,상해없음,승용,0,45,경상,40.0,40.0
9807,2021101200100375,17,화요일,중부,경기도,경상사고,0,0,2,0,차대차 - 추돌,안전운전불이행,-,맑음,단일로 - 기타,승용,0,35,상해없음,승용,0,30,경상,30.0,30.0
9808,2021101300100411,17,수요일,중부,충청북도,경상사고,0,0,1,0,차대차 - 추돌,안전거리미확보,-,맑음,단일로 - 교량,승용,0,50,상해없음,승용,0,28,경상,40.0,40.0
9809,2021101400100054,6,목요일,중부,충청북도,경상사고,0,0,1,0,차대차 - 측면충돌,신호위반,-,맑음,단일로 - 교량,화물,0,27,상해없음,특수,0,48,경상,20.0,20.0
9810,2021101400100370,15,목요일,중부,경기도,경상사고,0,0,2,0,차대차 - 추돌,안전운전불이행,-,맑음,단일로 - 기타,승용,0,63,상해없음,승용,0,48,경상,60.0,60.0
9811,2021101400100626,22,목요일,중부,충청북도,경상사고,0,0,1,0,차대차 - 후진중충돌,중앙선침범,-,맑음,단일로 - 기타,승용,0,51,상해없음,승용,0,25,경상,,
9812,2021101800100037,6,월요일,중부,충청북도,경상사고,0,0,1,0,차대차 - 추돌,안전거리미확보,-,맑음,단일로 - 기타,승용,0,23,상해없음,승용,0,34,경상,20.0,20.0
9813,2021102000100284,14,수요일,중부,경기도,경상사고,0,0,5,0,차대차 - 추돌,안전운전불이행,-,맑음,단일로 - 기타,화물,0,70,상해없음,승용,0,62,경상,60.0,60.0
9814,2021102300100399,16,토요일,중부,충청북도,경상사고,0,0,3,0,차대차 - 추돌,안전거리미확보,-,맑음,단일로 - 기타,승용,0,38,상해없음,승용,1,52,경상,30.0,30.0
9815,2021102300100604,22,토요일,중부,경기도,중상사고,0,2,4,0,차대차 - 추돌,안전운전불이행,-,맑음,단일로 - 기타,승용,0,48,상해없음,승용,0,74,경상,40.0,40.0
9816,2021102600100617,23,화요일,중부,경기도,사망사고,1,0,1,0,차대차 - 추돌,과속,-,흐림,단일로 - 기타,승용,0,25,사망,특수,0,34,경상,20.0,20.0
9817,2021102700100291,15,수요일,중부,충청북도,경상사고,0,0,1,0,차대차 - 추돌,안전운전불이행,-,맑음,단일로 - 기타,승용,0,46,상해없음,승용,0,47,경상,40.0,40.0
9818,2021102700100522,19,수요일,중부,경기도,경상사고,0,0,1,0,차대차 - 기타,안전거리미확보,-,맑음,기타 - 기타,승용,0,66,상해없음,승합,0,79,상해없음,60.0,60.0
9819,2021102800100616,20,목요일,중부,경기도,경상사고,0,0,1,0,차대차 - 기타,차로위반,-,맑음,단일로 - 기타,승용,1,61,경상,특수,0,31,상해없음,,
9820,2021102900100290,14,금요일,중부,충청북도,중상사고,0,2,8,0,차대차 - 추돌,안전운전불이행,-,맑음,단일로 - 기타,승용,1,40,상해없음,승용,0,56,중상,30.0,30.0
9821,2021102900100552,19,금요일,중부,경기도,경상사고,0,0,7,1,차대차 - 추돌,안전운전불이행,-,맑음,기타 - 기타,승용,1,36,경상,승합,0,69,경상,30.0,30.0
9822,2021110200100127,8,화요일,중부,경기도,사망사고,1,1,0,0,차량단독 - 공작물충돌,안전운전불이행,-,맑음,단일로 - 기타,승용,0,61,사망,기타불명,2,0,기타불명,,
9823,2021110300100508,18,수요일,중부,경기도,중상사고,0,1,1,0,차대차 - 측면충돌,안전거리미확보,-,맑음,단일로 - 기타,화물,0,39,상해없음,화물,0,51,경상,30.0,30.0
9824,2021110400100250,12,목요일,중부,경기도,경상사고,0,0,1,0,차대차 - 측면충돌,안전거리미확보,-,맑음,단일로 - 기타,화물,0,58,상해없음,승용,0,27,경상,50.0,50.0
9825,2021110600100123,9,토요일,중부,경기도,경상사고,0,0,1,0,차대차 - 기타,안전거리미확보,-,맑음,단일로 - 기타,화물,0,62,상해없음,승용,0,41,경상,60.0,60.0
9826,2021110700100435,20,일요일,중부,경기도,경상사고,0,0,2,0,차대차 - 측면충돌,안전거리미확보,-,흐림,단일로 - 기타,기타불명,2,0,기타불명,승용,1,24,경상,20.0,20.0
9827,2021110800100093,7,월요일,중부,경기도,중상사고,0,1,0,0,차대차 - 추돌,안전운전불이행,-,비,단일로 - 기타,승용,0,27,상해없음,승용,0,37,중상,20.0,20.0
9828,2021111000100040,4,수요일,중부,경기도,경상사고,0,0,1,0,차대차 - 추돌,안전운전불이행,-,맑음,단일로 - 기타,승용,0,34,상해없음,특수,0,54,경상,30.0,30.0
9829,2021111100100021,1,목요일,중부,경기도,중상사고,0,1,0,0,차대차 - 측면충돌,안전운전불이행,-,맑음,단일로 - 기타,승용,0,32,상해없음,승용,0,44,중상,30.0,30.0
9830,2021111100100256,12,목요일,중부,경기도,경상사고,0,0,2,0,차대차 - 추돌,안전운전불이행,-,맑음,단일로 - 기타,승용,0,24,상해없음,승용,0,44,경상,20.0,20.0
9831,2021111300100191,10,토요일,중부,경기도,경상사고,0,0,3,2,차대차 - 측면충돌,안전거리미확보,-,맑음,단일로 - 기타,승용,0,59,상해없음,승용,0,54,부상신고,50.0,50.0
9832,2021111300100347,14,토요일,중부,경기도,경상사고,0,0,2,0,차대차 - 기타,안전거리미확보,-,맑음,단일로 - 기타,승용,0,65,상해없음,승용,0,23,경상,60.0,60.0
9833,2021111600100382,15,화요일,중부,경기도,경상사고,0,0,1,0,차대차 - 측면충돌,안전운전불이행,-,맑음,단일로 - 기타,승용,1,63,상해없음,승용,0,65,경상,60.0,60.0
9834,2021111700100295,13,수요일,중부,충청북도,중상사고,0,1,2,0,차대차 - 추돌,안전운전불이행,-,맑음,단일로 - 지하차도(도로)내,승합,0,41,상해없음,화물,0,54,상해없음,,
9835,2021111700100524,18,수요일,중부,충청북도,중상사고,0,13,0,0,차량단독 - 공작물충돌,안전운전불이행,-,맑음,단일로 - 지하차도(도로)내,승합,0,66,중상,기타불명,2,0,기타불명,60.0,60.0
9836,2021112000100158,10,토요일,중부,경기도,경상사고,0,0,1,0,차대차 - 측면충돌,안전운전불이행,-,맑음,단일로 - 기타,건설기계,0,52,상해없음,화물,0,39,경상,50.0,50.0
9837,2021112200100416,16,월요일,중부,경기도,경상사고,0,0,1,0,차대차 - 기타,차로위반,-,맑음,단일로 - 기타,화물,0,72,상해없음,승용,1,28,경상,70.0,70.0
9838,2021113000100161,8,화요일,중부,경기도,경상사고,0,0,1,0,차대차 - 측면충돌,안전거리미확보,-,비,단일로 - 기타,기타불명,2,0,기타불명,승용,1,61,경상,20.0,20.0
9839,2021120100100130,8,수요일,중부,경기도,경상사고,0,0,1,0,차대차 - 추돌,안전운전불이행,-,맑음,기타 - 기타,화물,0,57,상해없음,승용,1,46,경상,50.0,50.0