,사고번호,사고일시,요일,도로종류,시군구,사고내용,사망자수,중상자수,경상자수,부상신고자수,사고유형,법규위반,노면상태,기상상태,도로형태,가해운전자 차종,가해운전자 성별,가해운전자 연령,가해운전자 상해정도,피해운전자 차종,피해운전자 성별,피해운전자 연령,피해운전자 상해정도,연령대,가해연령대
10352,2021120200100322,14,목요일,인천국제공항,인천광역시,경상사고,0,0,1,0,차대차 - 기타,안전운전불이행,-,비,단일로 - 기타,화물,0,62,상해없음,승용,0,47,경상,60.0,60.0
10353,2020062000100150,9,토요일,익산포항,경상북도,중상사고,0,2,0,0,차대차 - 추돌,과속,포장 - 건조,맑음,단일로 - 기타,승용,0,30,상해없음,화물,0,61,중상,20.0,20.0
10354,2020100300100448,23,토요일,익산포항,경상북도,중상사고,0,1,2,0,차대차 - 추돌,안전운전불이행,포장 - 건조,맑음,단일로 - 터널,승용,0,22,중상,승용,0,67,경상,20.0,20.0
10355,2020102100100175,9,수요일,익산포항,경상북도,경상사고,0,0,3,0,차대차 - 기타,안전운전불이행,포장 - 건조,맑음,단일로 - 기타,특수,0,41,상해없음,승용,0,41,경상,,
10356,2020102400100496,17,토요일,익산포항,전라북도,경상사고,0,0,1,0,차대차 - 정면충돌,안전거리미확보,포장 - 건조,맑음,단일로 - 기타,승용,1,44,상해없음,승용,0,23,경상,40.0,40.0
10357,2021091700100338,13,금요일,익산포항,경상북도,중상사고,0,2,1,0,차대차 - 측면충돌,차로위반,-,맑음,단일로 - 기타,승용,0,66,상해없음,화물,0,79,중상,60.0,60.0
10358,2020012700100089,7,월요일,울산포항,부산광역시,중상사고,0,1,0,0,차대차 - 추돌,안전운전불이행,포장 - 젖음/습기,비,단일로 - 기타,승용,0,23,상해없음,승용,0,42,중상,20.0,20.0
10359,2020040300100247,14,금요일,울산포항,울산광역시,경상사고,0,0,1,0,차대차 - 기타,안전거리미확보,포장 - 건조,맑음,단일로 - 기타,승용,0,38,상해없음,승용,0,63,상해없음,30.0,30.0
10360,2020072600100062,5,일요일,울산포항,울산광역시,경상사고,0,0,2,0,차대차 - 추돌,안전운전불이행,포장 - 건조,맑음,단일로 - 기타,승용,0,27,상해없음,화물,0,45,경상,20.0,20.0
10361,2020072800100553,22,화요일,울산포항,경상북도,중상사고,0,2,3,0,차량단독 - 기타,안전운전불이행,포장 - 젖음/습기,비,단일로 - 기타,승합,0,48,경상,기타불명,2,0,기타불명,40.0,40.0
10362,2020110300100336,14,화요일,울산포항,부산광역시,중상사고,0,1,0,0,차대차 - 측면충돌,안전거리미확보,포장 - 건조,맑음,단일로 - 기타,특수,0,47,상해없음,승용,0,48,중상,40.0,40.0
10363,2020110800100147,11,일요일,울산포항,울산광역시,경상사고,0,0,2,0,차대차 - 측면충돌,안전운전불이행,포장 - 건조,맑음,단일로 - 기타,승용,0,24,상해없음,승용,0,26,경상,20.0,20.0
10364,2019011300100063,3,일요일,울산,울산광역시,경상사고,0,0,5,0,차대차 - 측면충돌,중앙선침범,포장 - 건조,맑음,단일로 - 기타,승용,0,27,상해없음,승합,0,39,경상,20.0,20.0
10365,2019011300100163,12,일요일,울산,울산광역시,중상사고,0,2,1,0,차대차 - 측면충돌,안전거리미확보,포장 - 건조,맑음,단일로 - 기타,승용,0,60,중상,승용,0,35,중상,50.0,50.0
10366,2019013000100283,14,수요일,울산,울산광역시,경상사고,0,0,1,0,차대차 - 기타,안전거리미확보,포장 - 건조,맑음,단일로 - 기타,특수,0,52,상해없음,승용,0,35,경상,50.0,50.0
10367,2019021000100130,11,일요일,울산,울산광역시,경상사고,0,0,1,0,차대차 - 측면충돌,안전거리미확보,포장 - 건조,맑음,단일로 - 기타,화물,0,45,상해없음,승용,1,54,경상,40.0,40.0
10368,2019031800100474,19,월요일,울산,울산광역시,경상사고,0,0,1,0,차대차 - 측면충돌,안전운전불이행,포장 - 건조,맑음,단일로 - 기타,승용,1,46,상해없음,승용,0,48,경상,40.0,40.0
10369,2019032100100268,12,목요일,울산,울산광역시,경상사고,0,0,1,0,차대차 - 측면충돌,안전운전불이행,포장 - 건조,맑음,단일로 - 기타,승용,1,42,상해없음,승용,0,37,경상,40.0,40.0
10370,2019032600100085,6,화요일,울산,울산광역시,중상사고,0,1,0,0,차대차 - 기타,안전거리미확보,포장 - 건조,맑음,단일로 - 기타,기타불명,2,0,기타불명,화물,0,67,상해없음,20.0,20.0
10371,2019051400100252,12,화요일,울산,울산광역시,중상사고,0,1,2,0,차대차 - 추돌,안전운전불이행,포장 - 건조,맑음,단일로 - 기타,화물,0,38,경상,화물,0,45,중상,30.0,30.0
10372,2019051600100102,6,목요일,울산,울산광역시,중상사고,0,1,0,0,차대차 - 추돌,안전운전불이행,포장 - 건조,맑음,단일로 - 기타,승용,1,32,상해없음,화물,0,54,중상,30.0,30.0
10373,2019070500100346,14,금요일,울산,울산광역시,중상사고,0,2,2,0,차대차 - 측면충돌,안전거리미확보,포장 - 건조,맑음,단일로 - 기타,화물,0,48,상해없음,승합,0,45,중상,40.0,40.0
10374,2019090200100296,12,월요일,울산,울산광역시,경상사고,0,0,1,1,차대차 - 추돌,안전운전불이행,포장 - 젖음/습기,비,단일로 - 교량,승용,1,46,부상신고,화물,0,57,경상,40.0,40.0
10375,2020051100100230,11,월요일,울산,울산광역시,경상사고,0,0,2,0,차대차 - 추돌,안전운전불이행,포장 - 건조,맑음,단일로 - 기타,승용,0,27,상해없음,승용,0,65,경상,20.0,20.0
10376,2020052700100282,13,수요일,울산,울산광역시,경상사고,0,0,2,0,차대차 - 기타,안전거리미확보,포장 - 건조,맑음,단일로 - 기타,화물,0,49,상해없음,승용,0,37,경상,40.0,40.0
10377,2020062700100047,2,토요일,울산,울산광역시,사망사고,1,0,0,0,차대사람 - 횡단중,안전운전불이행,포장 - 건조,맑음,단일로 - 기타,승용,0,35,상해없음,보행자,0,62,사망,30.0,30.0
10378,2020062700100416,17,토요일,울산,울산광역시,경상사고,0,0,2,0,차대차 - 기타,안전운전불이행,포장 - 건조,맑음,단일로 - 기타,승용,1,26,상해없음,승용,1,39,경상,20.0,20.0
10379,2020092000100405,18,일요일,울산,울산광역시,경상사고,0,0,2,0,차대차 - 추돌,안전운전불이행,포장 - 건조,맑음,단일로 - 기타,특수,0,33,상해없음,승용,0,29,경상,30.0,30.0
10380,2020100400100188,14,일요일,울산,울산광역시,경상사고,0,0,4,0,차대차 - 측면충돌,안전거리미확보,포장 - 건조,맑음,단일로 - 기타,승용,0,28,상해없음,승용,0,42,경상,20.0,20.0
10381,2020112900100207,15,일요일,울산,울산광역시,경상사고,0,0,2,0,차대차 - 측면충돌,안전거리미확보,포장 - 건조,맑음,단일로 - 기타,승용,0,57,상해없음,승용,0,56,경상,50.0,50.0
10382,2021062500100349,15,금요일,울산,울산광역시,중상사고,0,2,1,0,차대차 - 추돌,안전운전불이행,-,맑음,단일로 - 기타,승용,0,28,상해없음,화물,0,56,중상,20.0,20.0
10383,2021102200100245,12,금요일,울산,울산광역시,경상사고,0,0,1,0,차대차 - 추돌,안전거리미확보,-,맑음,단일로 - 기타,승용,1,32,상해없음,승용,1,57,경상,30.0,30.0
10384,2019011100100226,11,금요일,용인서울,경기도,경상사고,0,0,1,0,차대차 - 추돌,안전운전불이행,포장 - 건조,맑음,단일로 - 기타,승합,0,64,상해없음,승용,0,74,경상,60.0,60.0
10385,2019011500100337,17,화요일,용인서울,경기도,중상사고,0,1,1,0,차대차 - 추돌,안전거리미확보,포장 - 건조,맑음,단일로 - 터널,승용,0,34,경상,승용,1,53,상해없음,30.0,30.0
10386,2019022100100500,19,목요일,용인서울,경기도,중상사고,0,1,0,1,차대차 - 기타,안전운전불이행,포장 - 건조,맑음,단일로 - 기타,승용,1,35,상해없음,승용,0,64,중상,30.0,30.0
10387,2019030100100040,0,금요일,용인서울,경기도,경상사고,0,0,1,0,차대차 - 측면충돌,안전거리미확보,포장 - 건조,맑음,단일로 - 기타,승용,0,26,상해없음,승용,0,43,경상,20.0,20.0
10388,2019041100100435,18,목요일,용인서울,경기도,경상사고,0,0,1,0,차대차 - 기타,안전운전불이행,포장 - 건조,맑음,단일로 - 기타,승용,0,65,상해없음,승용,0,29,경상,60.0,60.0
10389,2019041400100158,11,일요일,용인서울,경기도,중상사고,0,1,3,0,차대차 - 추돌,신호위반,포장 - 젖음/습기,흐림,단일로 - 기타,승용,0,41,상해없음,승용,0,29,중상,,
10390,2019042300100072,7,화요일,용인서울,경기도,경상사고,0,0,1,0,차대차 - 기타,안전운전불이행,포장 - 건조,맑음,단일로 - 기타,건설기계,0,49,상해없음,승용,0,35,경상,40.0,40.0
10391,2019050400100693,23,토요일,용인서울,경기도,중상사고,0,1,1,1,차대차 - 기타,안전거리미확보,포장 - 건조,맑음,단일로 - 기타,승용,0,42,상해없음,승합,0,58,상해없음,40.0,40.0
10392,2019051300100067,6,월요일,용인서울,경기도,경상사고,0,0,3,0,차대차 - 추돌,안전운전불이행,포장 - 건조,맑음,단일로 - 기타,승용,0,22,상해없음,승용,1,46,경상,20.0,20.0
10393,2019051500100411,15,수요일,용인서울,경기도,경상사고,0,0,1,0,차대차 - 추돌,안전거리미확보,포장 - 건조,맑음,단일로 - 터널,승용,1,37,상해없음,승용,0,50,경상,30.0,30.0
10394,2019052800100186,9,화요일,용인서울,서울특별시,경상사고,0,0,1,1,차대차 - 측면충돌,기타,포장 - 건조,맑음,단일로 - 기타,승용,0,76,상해없음,승용,0,35,경상,70.0,70.0
10395,2019060100100097,5,토요일,용인서울,경기도,경상사고,0,0,1,0,차대차 - 기타,안전운전불이행,포장 - 건조,맑음,단일로 - 기타,승용,0,23,상해없음,화물,0,45,상해없음,20.0,20.0
10396,2019061200100322,14,수요일,용인서울,경기도,중상사고,0,1,0,0,차대차 - 기타,안전운전불이행,포장 - 건조,맑음,단일로 - 기타,화물,0,52,상해없음,승용,0,37,중상,50.0,50.0
10397,2019070200100364,15,화요일,용인서울,경기도,중상사고,0,1,0,0,차대차 - 추돌,안전운전불이행,포장 - 건조,맑음,단일로 - 기타,승용,1,64,상해없음,승용,0,33,중상,60.0,60.0
10398,2019071300100162,10,토요일,용인서울,경기도,경상사고,0,0,1,1,차대차 - 기타,중앙선침범,포장 - 건조,맑음,단일로 - 기타,승용,1,56,부상신고,건설기계,0,34,경상,50.0,50.0
10399,2019072800100023,0,일요일,용인서울,경기도,경상사고,0,0,1,4,차대차 - 기타,안전거리미확보,포장 - 건조,맑음,단일로 - 기타,승용,0,27,부상신고,승용,0,34,경상,20.0,20.0
10400,2019073100100122,8,수요일,용인서울,경기도,부상신고사고,0,0,0,2,차대차 - 측면충돌,안전운전불이행,포장 - 건조,흐림,단일로 - 기타,화물,0,69,상해없음,승용,0,38,상해없음,60.0,60.0
10401,2019081600100670,22,금요일,용인서울,경기도,경상사고,0,0,2,0,차대차 - 추돌,안전운전불이행,포장 - 건조,맑음,단일로 - 터널,승용,0,29,상해없음,승용,1,48,경상,20.0,20.0
10402,2019083000100656,19,금요일,용인서울,서울특별시,중상사고,0,2,0,0,차대차 - 추돌,안전운전불이행,포장 - 건조,맑음,단일로 - 터널,승용,0,29,상해없음,승용,0,41,중상,20.0,20.0
10403,2019091500100056,3,일요일,용인서울,경기도,부상신고사고,0,0,0,1,차대차 - 기타,안전운전불이행,포장 - 건조,맑음,단일로 - 터널,승용,0,49,부상신고,승용,0,35,상해없음,40.0,40.0
10404,2019102500100053,1,금요일,용인서울,경기도,경상사고,0,0,1,0,차대차 - 측면충돌,안전거리미확보,포장 - 건조,맑음,단일로 - 기타,승용,0,37,경상,승용,0,53,상해없음,30.0,30.0
10405,2019112100100366,14,목요일,용인서울,경기도,부상신고사고,0,0,0,2,차대차 - 측면충돌,안전운전불이행,포장 - 건조,맑음,단일로 - 기타,승용,1,46,상해없음,승용,1,23,부상신고,40.0,40.0
10406,2019120400100040,0,수요일,용인서울,경기도,경상사고,0,0,1,0,차대차 - 추돌,안전운전불이행,포장 - 젖음/습기,비,단일로 - 터널,승용,1,27,상해없음,화물,0,45,경상,20.0,20.0
10407,2019120700100289,13,토요일,용인서울,경기도,경상사고,0,0,2,2,차대차 - 추돌,안전운전불이행,포장 - 젖음/습기,흐림,단일로 - 기타,승용,0,33,상해없음,승용,0,53,경상,30.0,30.0
10408,2019120900100634,22,월요일,용인서울,경기도,부상신고사고,0,0,0,1,차량단독 - 전도전복 - 전도,안전운전불이행,포장 - 건조,맑음,단일로 - 터널,승용,0,56,부상신고,기타불명,2,0,기타불명,50.0,50.0
10409,2019122000100520,18,금요일,용인서울,경기도,중상사고,0,1,0,0,차대차 - 추돌,안전운전불이행,포장 - 건조,맑음,단일로 - 기타,승용,0,46,상해없음,승용,0,35,중상,40.0,40.0
10410,2020011200100313,19,일요일,용인서울,경기도,중상사고,0,1,1,0,차대차 - 기타,안전거리미확보,포장 - 건조,맑음,단일로 - 기타,승용,0,33,상해없음,승합,0,49,경상,30.0,30.0
10411,2020011300100377,17,월요일,용인서울,경기도,경상사고,0,0,2,0,차대차 - 추돌,안전운전불이행,포장 - 건조,맑음,단일로 - 기타,승용,0,35,상해없음,승용,0,50,경상,30.0,30.0
10412,2020011500100246,13,수요일,용인서울,경기도,경상사고,0,0,2,0,차대차 - 추돌,안전거리미확보,포장 - 건조,맑음,단일로 - 기타,승용,0,63,상해없음,승용,0,31,경상,60.0,60.0
10413,2020011600100094,8,목요일,용인서울,경기도,경상사고,0,0,5,0,차대차 - 측면충돌,안전운전불이행,포장 - 건조,맑음,단일로 - 기타,승용,1,39,상해없음,승용,0,70,경상,30.0,30.0
10414,2020011700100425,18,금요일,용인서울,경기도,경상사고,0,0,4,0,차대차 - 측면충돌,안전운전불이행,포장 - 건조,맑음,기타 - 기타,승용,0,63,경상,승용,1,55,상해없음,60.0,60.0
10415,2020013100100068,7,금요일,용인서울,경기도,경상사고,0,0,1,0,차대차 - 기타,안전운전불이행,포장 - 건조,맑음,단일로 - 터널,기타불명,2,0,기타불명,승용,1,42,경상,20.0,20.0
10416,2020021200100582,21,수요일,용인서울,경기도,경상사고,0,0,1,0,차대차 - 측면충돌,안전거리미확보,포장 - 젖음/습기,비,기타 - 기타,승용,0,48,기타불명,승용,0,43,경상,40.0,40.0
10417,2020021800100698,21,화요일,용인서울,경기도,경상사고,0,0,1,0,차대차 - 추돌,안전운전불이행,포장 - 건조,맑음,단일로 - 터널,승용,0,29,상해없음,승용,1,47,경상,20.0,20.0
10418,2020022000100454,17,목요일,용인서울,경기도,부상신고사고,0,0,0,1,차량단독 - 공작물충돌,안전운전불이행,포장 - 건조,맑음,단일로 - 기타,화물,0,55,부상신고,기타불명,2,0,기타불명,50.0,50.0
10419,2020022200100048,1,토요일,용인서울,경기도,중상사고,0,2,5,0,차대차 - 기타,안전운전불이행,포장 - 젖음/습기,비,단일로 - 기타,승용,0,38,상해없음,승용,0,27,경상,30.0,30.0
10420,2020030900100087,8,월요일,용인서울,경기도,부상신고사고,0,0,0,2,차대차 - 측면충돌,안전운전불이행,포장 - 건조,맑음,단일로 - 터널,승용,0,47,부상신고,승용,0,28,부상신고,40.0,40.0
10421,2020031200100053,6,목요일,용인서울,경기도,중상사고,0,1,0,0,차대차 - 추돌,안전운전불이행,포장 - 건조,맑음,단일로 - 기타,승용,0,30,상해없음,화물,0,74,중상,20.0,20.0
10422,2020032100100390,17,토요일,용인서울,경기도,경상사고,0,0,1,0,차대차 - 추돌,안전거리미확보,포장 - 건조,맑음,단일로 - 기타,승용,0,19,상해없음,승용,0,37,경상,20.0,20.0
10423,2020032400100088,8,화요일,용인서울,경기도,경상사고,0,0,1,0,차대차 - 기타,안전운전불이행,포장 - 건조,맑음,단일로 - 기타,승용,0,39,상해없음,승용,1,34,경상,30.0,30.0
10424,2020040700100233,13,화요일,용인서울,경기도,경상사고,0,0,3,0,차대차 - 추돌,안전운전불이행,포장 - 건조,맑음,단일로 - 터널,승용,0,30,상해없음,승용,1,50,경상,20.0,20.0
10425,2020040800100221,12,수요일,용인서울,경기도,중상사고,0,1,0,1,차대차 - 측면충돌,안전운전불이행,포장 - 건조,맑음,단일로 - 기타,건설기계,0,53,부상신고,승용,1,38,중상,50.0,50.0
10426,2020040900100060,7,목요일,용인서울,경기도,경상사고,0,0,1,0,차대차 - 추돌,안전운전불이행,포장 - 건조,맑음,단일로 - 기타,승용,0,28,상해없음,승용,0,49,경상,20.0,20.0
10427,2020041700100350,17,금요일,용인서울,경기도,중상사고,0,1,0,2,차량단독 - 기타,안전운전불이행,포장 - 건조,맑음,단일로 - 기타,화물,0,52,부상신고,기타불명,2,0,기타불명,50.0,50.0
10428,2020050800100006,0,금요일,용인서울,경기도,경상사고,0,0,1,0,차대차 - 기타,안전운전불이행,포장 - 건조,맑음,단일로 - 터널,승용,1,37,상해없음,승용,1,43,경상,30.0,30.0
10429,2020051100100150,9,월요일,용인서울,경기도,경상사고,0,0,1,0,차대차 - 기타,안전거리미확보,포장 - 건조,맑음,단일로 - 기타,승용,0,41,상해없음,승용,1,51,경상,,
10430,2020052500100035,5,월요일,용인서울,경기도,중상사고,0,2,0,0,차대차 - 측면충돌,안전거리미확보,포장 - 젖음/습기,흐림,단일로 - 기타,승용,0,69,상해없음,승용,0,58,중상,60.0,60.0
10431,2020060900100269,12,화요일,용인서울,경기도,경상사고,0,0,4,0,차대차 - 기타,안전운전불이행,포장 - 건조,맑음,단일로 - 교량,화물,0,62,상해없음,승용,1,49,경상,60.0,60.0
10432,2020061100100059,4,목요일,용인서울,경기도,경상사고,0,0,1,1,차대차 - 기타,안전운전불이행,포장 - 건조,맑음,단일로 - 기타,화물,0,61,부상신고,승용,0,62,경상,,
10433,2020070100100105,8,수요일,용인서울,경기도,경상사고,0,0,1,0,차대차 - 측면충돌,안전운전불이행,포장 - 건조,맑음,기타 - 기타,승용,1,55,상해없음,건설기계,0,50,경상,50.0,50.0
10434,2020072900100586,23,수요일,용인서울,경기도,중상사고,0,1,0,0,차대차 - 추돌,안전운전불이행,포장 - 젖음/습기,비,단일로 - 기타,화물,0,42,상해없음,승용,0,45,중상,40.0,40.0
10435,2020080500100357,17,수요일,용인서울,경기도,중상사고,0,4,1,1,차대차 - 추돌,안전운전불이행,포장 - 건조,흐림,단일로 - 기타,승용,0,50,상해없음,승용,0,45,중상,40.0,40.0
10436,2020081900100654,23,수요일,용인서울,경기도,경상사고,0,0,1,0,차대차 - 추돌,안전운전불이행,포장 - 건조,맑음,단일로 - 기타,승용,0,33,상해없음,승용,1,46,경상,30.0,30.0
10437,2020082700100025,3,목요일,용인서울,경기도,경상사고,0,0,1,0,차량단독 - 공작물충돌,안전운전불이행,포장 - 젖음/습기,비,기타 - 기타,승용,1,28,경상,기타불명,2,0,기타불명,20.0,20.0
10438,2020082700100130,9,목요일,용인서울,경기도,사망사고,1,0,0,1,차대사람 - 기타,안전운전불이행,포장 - 건조,흐림,단일로 - 기타,승용,0,51,부상신고,보행자,0,39,사망,,
10439,2020090400100119,9,금요일,용인서울,경기도,경상사고,0,0,1,0,차대차 - 추돌,안전거리미확보,포장 - 건조,맑음,기타 - 기타,승용,0,25,기타불명,승용,0,31,경상,20.0,20.0
10440,2020090600100406,23,일요일,용인서울,경기도,중상사고,0,1,0,0,차대차 - 추돌,안전운전불이행,포장 - 젖음/습기,비,단일로 - 기타,승용,0,33,상해없음,승용,0,25,중상,30.0,30.0
10441,2020091000100256,14,목요일,용인서울,경기도,경상사고,0,0,4,0,차대차 - 추돌,안전운전불이행,포장 - 건조,맑음,단일로 - 기타,승용,0,50,상해없음,승용,0,34,경상,40.0,40.0
10442,2020100900100250,13,금요일,용인서울,경기도,경상사고,0,0,2,0,차대차 - 측면충돌,신호위반,포장 - 건조,맑음,단일로 - 기타,건설기계,1,43,상해없음,승용,1,49,경상,40.0,40.0
10443,2020101500100208,11,목요일,용인서울,경기도,경상사고,0,0,1,0,차대차 - 추돌,안전운전불이행,포장 - 건조,맑음,단일로 - 기타,승용,0,34,상해없음,승용,0,48,경상,30.0,30.0
10444,2020111000100614,19,화요일,용인서울,경기도,부상신고사고,0,0,0,1,차대차 - 측면충돌,기타,포장 - 건조,맑음,기타 - 기타,기타불명,2,0,기타불명,화물,0,27,부상신고,20.0,20.0
10445,2020111600100073,7,월요일,용인서울,경기도,중상사고,0,2,0,0,차대차 - 기타,안전운전불이행,포장 - 건조,맑음,기타 - 기타,승용,1,27,중상,화물,0,54,상해없음,20.0,20.0
10446,2020111800100117,8,수요일,용인서울,경기도,경상사고,0,0,1,0,차대차 - 측면충돌,안전거리미확보,포장 - 건조,흐림,단일로 - 기타,승용,0,62,경상,승용,0,45,상해없음,60.0,60.0
10447,2020111800100398,16,수요일,용인서울,경기도,경상사고,0,0,3,0,차대차 - 추돌,안전운전불이행,포장 - 젖음/습기,비,단일로 - 터널,화물,0,41,상해없음,승용,1,60,경상,,
10448,2020121200100407,19,토요일,용인서울,경기도,경상사고,0,0,1,0,차대차 - 기타,안전거리미확보,포장 - 건조,맑음,단일로 - 기타,승용,0,44,상해없음,승용,0,24,경상,40.0,40.0
10449,2020121600100177,12,수요일,용인서울,경기도,부상신고사고,0,0,0,1,차량단독 - 전도전복 - 전복,안전운전불이행,포장 - 건조,맑음,단일로 - 터널,승용,1,66,부상신고,기타불명,2,0,기타불명,60.0,60.0
10450,2020122100100236,12,월요일,용인서울,경기도,부상신고사고,0,0,0,1,차대차 - 측면충돌,안전거리미확보,포장 - 건조,맑음,기타 - 기타,승용,1,63,상해없음,승용,0,52,부상신고,60.0,60.0
10451,2021010500100405,21,화요일,용인서울,경기도,중상사고,0,1,1,0,차대차 - 추돌,안전운전불이행,-,맑음,단일로 - 기타,승용,0,51,상해없음,승용,1,45,중상,,
10452,2021011500100315,16,금요일,용인서울,경기도,경상사고,0,0,1,1,차대차 - 기타,안전운전불이행,-,맑음,기타 - 기타,승용,0,49,상해없음,승용,0,25,경상,40.0,40.0
10453,2021012200100036,6,금요일,용인서울,경기도,경상사고,0,0,1,0,차대차 - 추돌,안전운전불이행,-,흐림,단일로 - 기타,화물,0,51,상해없음,승용,0,57,경상,,
10454,2021020500100602,21,금요일,용인서울,경기도,경상사고,0,0,5,0,차대차 - 기타,안전운전불이행,-,맑음,단일로 - 터널,승용,0,43,상해없음,승용,0,49,경상,40.0,40.0
10455,2021020600100392,19,토요일,용인서울,경기도,경상사고,0,0,4,0,차대차 - 기타,기타,-,맑음,단일로 - 기타,화물,0,60,상해없음,승용,1,59,상해없음,50.0,50.0
10456,2021021800100544,23,목요일,용인서울,경기도,경상사고,0,0,1,1,차대차 - 추돌,안전운전불이행,-,맑음,단일로 - 기타,승용,0,35,상해없음,화물,0,66,경상,30.0,30.0
10457,2021022300100545,22,화요일,용인서울,경기도,경상사고,0,0,1,0,차대차 - 측면충돌,안전거리미확보,-,맑음,단일로 - 기타,승용,0,62,상해없음,승용,0,40,경상,60.0,60.0
10458,2021031700100002,0,수요일,용인서울,경기도,경상사고,0,0,2,1,차대차 - 추돌,안전운전불이행,-,맑음,단일로 - 기타,승용,1,43,상해없음,승용,0,69,경상,40.0,40.0
10459,2021031800100140,10,목요일,용인서울,경기도,경상사고,0,0,6,0,차대차 - 추돌,안전운전불이행,-,맑음,기타 - 기타,승용,0,47,상해없음,승용,0,39,경상,40.0,40.0
10460,2021032800100335,18,일요일,용인서울,경기도,중상사고,0,1,3,0,차대차 - 추돌,안전거리미확보,-,맑음,단일로 - 기타,승용,1,18,상해없음,승용,0,23,경상,20.0,20.0
10461,2021032900100175,10,월요일,용인서울,경기도,경상사고,0,0,3,0,차대차 - 추돌,안전운전불이행,-,맑음,단일로 - 기타,승용,0,41,상해없음,승용,0,44,경상,,
10462,2021040500100277,13,월요일,용인서울,경기도,부상신고사고,0,0,0,2,차대차 - 추돌,안전운전불이행,-,맑음,단일로 - 기타,승용,0,47,부상신고,건설기계,0,42,부상신고,40.0,40.0
10463,2021040500100554,19,월요일,용인서울,경기도,경상사고,0,0,1,0,차대차 - 기타,차로위반,-,맑음,단일로 - 기타,승용,0,50,상해없음,승용,0,57,경상,40.0,40.0
10464,2021042100100515,19,수요일,용인서울,경기도,경상사고,0,0,1,0,차대차 - 측면충돌,안전거리미확보,-,맑음,단일로 - 기타,승용,1,35,경상,승용,0,52,상해없음,30.0,30.0
10465,2021042400100445,18,토요일,용인서울,경기도,경상사고,0,0,1,0,차대차 - 추돌,안전운전불이행,-,맑음,단일로 - 터널,승용,0,24,기타불명,승용,0,46,경상,20.0,20.0
10466,2021042500100344,17,일요일,용인서울,경기도,경상사고,0,0,3,0,차대차 - 기타,안전거리미확보,-,맑음,단일로 - 기타,승용,1,65,경상,승용,0,32,상해없음,60.0,60.0
10467,2021050300100250,12,월요일,용인서울,경기도,경상사고,0,0,3,0,차대차 - 기타,안전운전불이행,-,맑음,기타 - 기타,승용,0,60,상해없음,승용,0,37,경상,50.0,50.0
10468,2021051000100439,19,월요일,용인서울,서울특별시,경상사고,0,0,1,0,차대차 - 측면충돌,안전거리미확보,-,맑음,단일로 - 기타,승용,1,69,상해없음,승용,0,62,경상,60.0,60.0
10469,2021072400100357,16,토요일,용인서울,경기도,중상사고,0,1,0,0,차대차 - 기타,안전운전불이행,-,맑음,기타 - 기타,승용,0,30,상해없음,승용,1,57,중상,20.0,20.0
10470,2021081100100459,20,수요일,용인서울,경기도,중상사고,0,1,2,0,차대차 - 추돌,안전운전불이행,-,맑음,단일로 - 기타,승용,0,37,상해없음,승용,0,48,경상,30.0,30.0
10471,2021082900100066,11,일요일,용인서울,경기도,경상사고,0,0,2,0,차대차 - 측면충돌,안전거리미확보,-,맑음,기타 - 기타,화물,0,63,상해없음,승용,0,32,경상,60.0,60.0
10472,2021091000100157,10,금요일,용인서울,경기도,경상사고,0,0,1,1,차대차 - 추돌,안전운전불이행,-,맑음,단일로 - 터널,승용,0,39,상해없음,승용,0,27,부상신고,30.0,30.0
10473,2021091400100147,9,화요일,용인서울,경기도,경상사고,0,0,1,0,차대차 - 측면충돌,안전거리미확보,-,맑음,기타 - 기타,승용,0,50,기타불명,승용,0,47,경상,40.0,40.0
10474,2021091400100188,10,화요일,용인서울,서울특별시,중상사고,0,1,0,1,차대차 - 추돌,안전거리미확보,-,맑음,기타 - 기타,승용,0,76,상해없음,승용,1,56,중상,70.0,70.0
10475,2021091600100377,15,목요일,용인서울,경기도,경상사고,0,0,1,1,차대차 - 추돌,안전운전불이행,-,맑음,단일로 - 터널,승용,0,70,상해없음,승용,0,47,경상,60.0,60.0
10476,2021092400100513,20,금요일,용인서울,경기도,중상사고,0,2,0,0,차대차 - 추돌,안전운전불이행,-,맑음,단일로 - 기타,화물,0,29,상해없음,화물,0,39,중상,20.0,20.0
10477,2021100200100261,13,토요일,용인서울,경기도,경상사고,0,0,1,1,차대차 - 추돌,안전운전불이행,-,맑음,단일로 - 터널,화물,0,59,부상신고,승용,0,35,경상,50.0,50.0
10478,2021100200100572,21,토요일,용인서울,경기도,경상사고,0,0,1,0,차대차 - 기타,안전운전불이행,-,맑음,기타 - 기타,승용,0,25,상해없음,승용,1,45,경상,20.0,20.0
10479,2021100900100111,11,토요일,용인서울,경기도,경상사고,0,0,1,0,차대차 - 기타,신호위반,-,맑음,단일로 - 기타,건설기계,0,49,상해없음,승용,1,53,경상,40.0,40.0
10480,2021100900100432,19,토요일,용인서울,경기도,경상사고,0,0,1,1,차대차 - 추돌,안전운전불이행,-,맑음,기타 - 기타,승용,0,57,상해없음,승용,0,37,경상,50.0,50.0