,사고번호,사고일시,요일,도로종류,시군구,사고내용,사망자수,중상자수,경상자수,부상신고자수,사고유형,법규위반,노면상태,기상상태,도로형태,가해운전자 차종,가해운전자 성별,가해운전자 연령,가해운전자 상해정도,피해운전자 차종,피해운전자 성별,피해운전자 연령,피해운전자 상해정도,연령대,가해연령대
10998,2020090700100102,8,월요일,영동,경기도,중상사고,0,1,0,0,차대차 - 측면충돌,안전운전불이행,포장 - 젖음/습기,비,단일로 - 기타,화물,0,24,중상,화물,0,53,상해없음,20.0,20.0
10999,2020090700100114,8,월요일,영동,인천광역시,중상사고,0,1,0,0,차대차 - 추돌,안전운전불이행,포장 - 젖음/습기,비,단일로 - 기타,화물,0,58,상해없음,화물,0,42,중상,50.0,50.0
11000,2020090700100307,15,월요일,영동,경기도,경상사고,0,0,7,0,차대차 - 추돌,안전운전불이행,포장 - 젖음/습기,비,단일로 - 기타,특수,0,41,상해없음,화물,0,63,경상,,
11001,2020090700100559,22,월요일,영동,경기도,경상사고,0,0,1,0,차대차 - 추돌,안전운전불이행,포장 - 젖음/습기,비,단일로 - 기타,승용,0,54,상해없음,화물,0,44,경상,50.0,50.0
11002,2020090800100006,0,화요일,영동,경기도,경상사고,0,0,1,5,차대차 - 추돌,안전운전불이행,포장 - 젖음/습기,흐림,단일로 - 기타,승용,0,28,상해없음,화물,0,56,경상,20.0,20.0
11003,2020091000100179,11,목요일,영동,경기도,중상사고,0,1,0,0,차대차 - 측면충돌,안전거리미확보,포장 - 건조,맑음,단일로 - 기타,화물,0,50,상해없음,승용,0,39,중상,40.0,40.0
11004,2020091100100031,4,금요일,영동,경기도,중상사고,0,1,0,0,차대차 - 추돌,안전운전불이행,포장 - 젖음/습기,안개,단일로 - 지하차도(도로)내,특수,0,38,상해없음,승용,1,40,중상,30.0,30.0
11005,2020091100100641,22,금요일,영동,경기도,경상사고,0,0,1,0,차대차 - 측면충돌,안전거리미확보,포장 - 젖음/습기,비,단일로 - 기타,화물,0,46,상해없음,승용,0,48,경상,40.0,40.0
11006,2020091200100292,13,토요일,영동,인천광역시,부상신고사고,0,0,0,2,차대차 - 측면충돌,안전거리미확보,포장 - 건조,맑음,단일로 - 기타,화물,0,51,상해없음,승용,1,74,부상신고,,
11007,2020091200100310,14,토요일,영동,경기도,경상사고,0,0,1,2,차대차 - 추돌,안전운전불이행,포장 - 건조,맑음,기타 - 기타,승용,0,36,상해없음,승용,0,49,부상신고,30.0,30.0
11008,2020091200100413,16,토요일,영동,인천광역시,중상사고,0,1,0,0,차대차 - 추돌,안전거리미확보,포장 - 건조,맑음,단일로 - 기타,승용,0,57,상해없음,승용,0,34,중상,50.0,50.0
11009,2020091300100044,5,일요일,영동,경기도,경상사고,0,0,1,0,차대차 - 추돌,안전운전불이행,포장 - 건조,맑음,단일로 - 기타,승용,0,28,상해없음,화물,0,62,경상,20.0,20.0
11010,2020091300100200,13,일요일,영동,경기도,부상신고사고,0,0,0,6,차대차 - 기타,안전거리미확보,포장 - 건조,맑음,단일로 - 기타,승용,0,27,상해없음,승용,0,42,부상신고,20.0,20.0
11011,2020091500100147,10,화요일,영동,경기도,경상사고,0,0,1,0,차대차 - 측면충돌,안전거리미확보,포장 - 건조,맑음,단일로 - 기타,화물,0,61,상해없음,승용,0,49,경상,,
11012,2020091600100223,12,수요일,영동,경기도,부상신고사고,0,0,0,1,차대차 - 추돌,안전운전불이행,포장 - 건조,맑음,단일로 - 기타,화물,0,31,부상신고,화물,0,62,기타불명,,
11013,2020091600100336,16,수요일,영동,경기도,중상사고,0,1,0,0,차대차 - 기타,안전거리미확보,포장 - 건조,맑음,단일로 - 기타,화물,0,50,상해없음,화물,0,33,중상,40.0,40.0
11014,2020091900100496,16,토요일,영동,경기도,경상사고,0,0,2,0,차대차 - 측면충돌,안전운전불이행,포장 - 건조,맑음,단일로 - 기타,특수,0,64,상해없음,승용,0,27,경상,60.0,60.0
11015,2020091900100620,19,토요일,영동,경기도,경상사고,0,0,2,0,차대차 - 측면충돌,안전거리미확보,포장 - 건조,맑음,단일로 - 교량,승용,0,60,상해없음,승용,0,42,경상,50.0,50.0
11016,2020092000100335,16,일요일,영동,경기도,경상사고,0,0,2,0,차대차 - 추돌,안전운전불이행,포장 - 건조,맑음,단일로 - 기타,승용,0,33,상해없음,승용,0,34,경상,30.0,30.0
11017,2020092100100022,2,월요일,영동,강원도,중상사고,0,1,1,0,차대차 - 기타,중앙선침범,포장 - 건조,맑음,단일로 - 기타,승용,0,32,상해없음,승용,1,69,경상,30.0,30.0
11018,2020092200100024,2,화요일,영동,경기도,중상사고,0,1,0,0,차대차 - 추돌,안전운전불이행,포장 - 건조,맑음,단일로 - 기타,화물,0,28,중상,화물,0,59,상해없음,20.0,20.0
11019,2020092200100642,19,화요일,영동,경기도,경상사고,0,0,1,0,차대차 - 측면충돌,안전운전불이행,포장 - 건조,맑음,단일로 - 기타,승용,0,62,상해없음,승용,0,29,경상,60.0,60.0
11020,2020092400100462,17,목요일,영동,경기도,경상사고,0,0,1,0,차대차 - 측면충돌,안전거리미확보,포장 - 건조,맑음,단일로 - 기타,승합,0,55,상해없음,승합,0,48,경상,50.0,50.0
11021,2020092500100474,17,금요일,영동,경기도,경상사고,0,0,2,0,차대차 - 기타,안전운전불이행,포장 - 건조,맑음,단일로 - 기타,승용,1,50,상해없음,승용,1,30,경상,40.0,40.0
11022,2020092600100627,20,토요일,영동,경기도,중상사고,0,1,6,0,차대차 - 기타,안전운전불이행,포장 - 건조,맑음,단일로 - 기타,승용,0,22,상해없음,승용,1,46,경상,20.0,20.0
11023,2020092700100484,20,일요일,영동,경기도,경상사고,0,0,1,2,차대차 - 추돌,안전운전불이행,포장 - 건조,맑음,단일로 - 기타,승용,0,68,상해없음,승용,0,60,경상,60.0,60.0
11024,2020092800100737,20,월요일,영동,인천광역시,부상신고사고,0,0,0,1,차대차 - 측면충돌,안전거리미확보,포장 - 건조,맑음,단일로 - 교량,특수,0,64,상해없음,승용,1,47,부상신고,60.0,60.0
11025,2020092900100185,10,화요일,영동,경기도,중상사고,0,1,1,0,차대차 - 추돌,안전운전불이행,포장 - 건조,맑음,단일로 - 기타,특수,0,57,중상,특수,0,55,상해없음,50.0,50.0
11026,2020092900100667,19,화요일,영동,경기도,경상사고,0,0,1,0,차대차 - 측면충돌,안전거리미확보,포장 - 건조,맑음,기타 - 기타,승용,0,59,상해없음,승용,0,22,경상,50.0,50.0
11027,2020093000100343,16,수요일,영동,경기도,중상사고,0,1,1,1,차대차 - 측면충돌,안전운전불이행,포장 - 건조,맑음,단일로 - 기타,승용,0,29,상해없음,승용,0,79,중상,20.0,20.0
11028,2020100400100006,0,일요일,영동,경기도,부상신고사고,0,0,0,1,차대차 - 기타,안전거리미확보,포장 - 건조,맑음,기타 - 기타,승용,0,30,상해없음,승용,0,44,상해없음,20.0,20.0
11029,2020100400100220,15,일요일,영동,경기도,경상사고,0,0,4,0,차대차 - 추돌,안전운전불이행,포장 - 건조,맑음,단일로 - 기타,화물,0,47,상해없음,승용,0,59,경상,40.0,40.0
11030,2020100500100056,7,월요일,영동,경기도,부상신고사고,0,0,0,1,차대차 - 기타,안전운전불이행,포장 - 건조,맑음,단일로 - 기타,화물,0,61,상해없음,화물,0,47,부상신고,,
11031,2020100600100045,6,화요일,영동,경기도,경상사고,0,0,1,0,차량단독 - 공작물충돌,안전운전불이행,포장 - 건조,맑음,단일로 - 기타,승용,0,67,경상,기타불명,2,0,기타불명,60.0,60.0
11032,2020100800100005,0,목요일,영동,강원도,경상사고,0,0,1,0,차대사람 - 기타,안전운전불이행,포장 - 건조,맑음,단일로 - 기타,승용,0,43,상해없음,보행자,0,42,경상,40.0,40.0
11033,2020100900100007,0,금요일,영동,경기도,경상사고,0,0,2,0,차대차 - 추돌,안전운전불이행,포장 - 건조,맑음,단일로 - 기타,승용,0,28,상해없음,승용,0,52,경상,20.0,20.0
11034,2020101000100256,13,토요일,영동,경기도,중상사고,0,1,5,0,차대차 - 추돌,안전운전불이행,포장 - 건조,맑음,단일로 - 터널,승용,0,62,경상,승용,0,54,상해없음,60.0,60.0
11035,2020101000100297,14,토요일,영동,경기도,경상사고,0,0,1,0,차대차 - 측면충돌,안전거리미확보,포장 - 건조,맑음,단일로 - 기타,승용,0,49,상해없음,승용,0,37,상해없음,40.0,40.0
11036,2020101100100007,0,일요일,영동,경기도,경상사고,0,0,1,0,차대차 - 추돌,안전운전불이행,포장 - 건조,맑음,단일로 - 기타,승용,0,26,상해없음,승용,1,37,경상,20.0,20.0
11037,2020101300100036,6,화요일,영동,경기도,경상사고,0,0,1,0,차대차 - 추돌,안전운전불이행,포장 - 건조,맑음,단일로 - 기타,승용,0,39,상해없음,승용,1,43,상해없음,30.0,30.0
11038,2020101400100075,7,수요일,영동,경기도,경상사고,0,0,1,0,차대차 - 측면충돌,안전거리미확보,포장 - 건조,맑음,단일로 - 기타,승합,0,65,상해없음,승용,0,62,경상,60.0,60.0
11039,2020101600100585,20,금요일,영동,경기도,경상사고,0,0,2,3,차대차 - 추돌,안전운전불이행,포장 - 건조,맑음,단일로 - 기타,승용,0,27,상해없음,승용,0,52,부상신고,20.0,20.0
11040,2020101700100090,7,토요일,영동,경기도,중상사고,0,1,3,0,차대차 - 기타,안전거리미확보,포장 - 건조,맑음,단일로 - 기타,화물,0,49,상해없음,승용,0,53,경상,40.0,40.0
11041,2020101700100091,7,토요일,영동,경기도,중상사고,0,1,11,1,차대차 - 측면충돌,안전거리미확보,포장 - 젖음/습기,흐림,단일로 - 기타,승용,1,43,부상신고,승합,0,72,중상,40.0,40.0
11042,2020101700100442,16,토요일,영동,경기도,중상사고,0,1,3,0,차대차 - 측면충돌,안전운전불이행,포장 - 건조,맑음,기타 - 기타,승용,0,50,상해없음,승용,1,43,중상,40.0,40.0
11043,2020101800100508,20,일요일,영동,경기도,경상사고,0,0,2,0,차대차 - 측면충돌,안전거리미확보,포장 - 건조,맑음,단일로 - 기타,승용,0,49,상해없음,승용,0,38,경상,40.0,40.0
11044,2020101900100380,14,월요일,영동,강원도,경상사고,0,0,1,0,차대차 - 측면충돌,안전운전불이행,포장 - 건조,맑음,단일로 - 기타,승용,0,62,상해없음,승용,0,31,경상,60.0,60.0
11045,2020102600100209,10,월요일,영동,강원도,중상사고,0,2,0,0,차대차 - 추돌,안전거리미확보,포장 - 건조,맑음,단일로 - 기타,승용,0,40,상해없음,승용,0,54,중상,30.0,30.0
11046,2020102600100228,10,월요일,영동,경기도,사망사고,2,0,1,0,차대차 - 추돌,안전운전불이행,포장 - 건조,맑음,단일로 - 기타,화물,0,57,상해없음,승용,0,61,사망,50.0,50.0
11047,2020102800100066,6,수요일,영동,경기도,경상사고,0,0,1,0,차대차 - 추돌,안전운전불이행,포장 - 건조,맑음,단일로 - 기타,기타불명,2,0,기타불명,승용,0,63,경상,20.0,20.0
11048,2020102800100193,10,수요일,영동,강원도,중상사고,0,2,0,0,차대차 - 추돌,기타,포장 - 건조,맑음,단일로 - 기타,승용,0,73,기타불명,화물,0,36,중상,70.0,70.0
11049,2020102800100229,11,수요일,영동,강원도,경상사고,0,0,1,0,차대차 - 추돌,안전거리미확보,포장 - 건조,맑음,단일로 - 기타,승용,0,74,상해없음,승용,1,57,경상,70.0,70.0
11050,2020102800100507,18,수요일,영동,경기도,경상사고,0,0,2,0,차대차 - 추돌,안전운전불이행,포장 - 건조,맑음,단일로 - 기타,승용,1,36,경상,승용,0,30,기타불명,30.0,30.0
11051,2020110600100062,6,금요일,영동,경기도,부상신고사고,0,0,0,1,차량단독 - 기타,안전운전불이행,포장 - 건조,맑음,단일로 - 기타,승용,0,30,부상신고,기타불명,2,0,기타불명,20.0,20.0
11052,2020110700100315,14,토요일,영동,경기도,경상사고,0,0,3,0,차대차 - 추돌,안전운전불이행,포장 - 건조,맑음,단일로 - 기타,화물,0,55,상해없음,승용,1,39,경상,50.0,50.0
11053,2020110800100304,15,일요일,영동,강원도,경상사고,0,0,2,0,차대차 - 추돌,안전운전불이행,포장 - 건조,맑음,단일로 - 기타,승용,0,65,상해없음,승용,0,38,경상,60.0,60.0
11054,2020110900100242,11,월요일,영동,인천광역시,경상사고,0,0,1,0,차대차 - 측면충돌,안전거리미확보,포장 - 건조,맑음,단일로 - 교량,특수,0,48,상해없음,승용,1,54,경상,40.0,40.0
11055,2020110900100437,16,월요일,영동,경기도,경상사고,0,0,1,0,차대차 - 추돌,안전운전불이행,포장 - 건조,맑음,단일로 - 기타,화물,0,53,상해없음,승용,1,35,경상,50.0,50.0
11056,2020110900100543,18,월요일,영동,경기도,경상사고,0,0,3,0,차대차 - 추돌,안전운전불이행,포장 - 건조,맑음,단일로 - 기타,승용,0,58,상해없음,승합,0,61,경상,50.0,50.0
11057,2020111000100076,7,화요일,영동,경기도,경상사고,0,0,3,0,차대차 - 추돌,안전운전불이행,포장 - 건조,맑음,단일로 - 터널,화물,0,54,상해없음,승합,0,47,경상,50.0,50.0
11058,2020111000100484,17,화요일,영동,경기도,경상사고,0,0,1,0,차대차 - 추돌,안전운전불이행,포장 - 건조,맑음,단일로 - 기타,승용,1,56,상해없음,승용,0,40,경상,50.0,50.0
11059,2020111000100558,18,화요일,영동,경기도,경상사고,0,0,1,0,차대차 - 측면충돌,안전거리미확보,포장 - 건조,맑음,단일로 - 기타,승용,0,24,상해없음,화물,0,59,경상,20.0,20.0
11060,2020111100100425,15,수요일,영동,경기도,경상사고,0,0,1,0,차대차 - 측면충돌,안전운전불이행,포장 - 건조,맑음,단일로 - 기타,승용,1,45,상해없음,화물,0,67,경상,40.0,40.0
11061,2020111100100621,19,수요일,영동,경기도,중상사고,0,1,0,0,차대차 - 측면충돌,안전거리미확보,포장 - 건조,맑음,단일로 - 기타,승용,0,50,상해없음,승용,0,62,중상,40.0,40.0
11062,2020111100100622,19,수요일,영동,경기도,중상사고,0,1,1,0,차대차 - 측면충돌,안전거리미확보,포장 - 건조,맑음,기타 - 기타,승용,1,61,상해없음,승용,0,50,중상,,
11063,2020111300100373,16,금요일,영동,경기도,경상사고,0,0,1,0,차대차 - 측면충돌,차로위반,포장 - 건조,맑음,단일로 - 기타,승용,1,27,경상,승용,0,63,상해없음,20.0,20.0
11064,2020111400100029,1,토요일,영동,경기도,중상사고,0,1,0,0,차량단독 - 기타,안전운전불이행,포장 - 건조,맑음,단일로 - 기타,화물,0,62,상해없음,기타불명,2,0,기타불명,60.0,60.0
11065,2020111400100100,6,토요일,영동,경기도,경상사고,0,0,2,0,차대차 - 측면충돌,안전운전불이행,포장 - 건조,맑음,단일로 - 교량,승용,0,25,상해없음,승용,0,54,경상,20.0,20.0
11066,2020111400100524,18,토요일,영동,경기도,경상사고,0,0,2,0,차대차 - 측면충돌,안전운전불이행,포장 - 건조,맑음,단일로 - 기타,승용,0,61,상해없음,승용,0,30,경상,,
11067,2020111500100420,20,일요일,영동,강원도,중상사고,0,1,0,0,차대차 - 추돌,안전운전불이행,포장 - 건조,맑음,단일로 - 기타,승용,0,64,상해없음,승용,1,23,중상,60.0,60.0
11068,2020111800100297,13,수요일,영동,경기도,경상사고,0,0,4,1,차대차 - 추돌,안전운전불이행,포장 - 건조,맑음,단일로 - 기타,승용,0,24,경상,승용,0,46,경상,20.0,20.0
11069,2020111900100132,7,목요일,영동,경기도,경상사고,0,0,1,0,차대차 - 기타,안전운전불이행,포장 - 건조,맑음,기타 - 기타,승합,0,51,상해없음,승용,0,48,경상,,
11070,2020111900100265,10,목요일,영동,경기도,경상사고,0,0,1,1,차대차 - 측면충돌,안전운전불이행,포장 - 젖음/습기,비,단일로 - 교량,승용,1,48,상해없음,승용,1,55,부상신고,40.0,40.0
11071,2020111900100587,19,목요일,영동,경기도,경상사고,0,0,1,0,차대차 - 측면충돌,안전운전불이행,포장 - 건조,맑음,단일로 - 기타,승용,0,39,상해없음,승용,0,29,경상,30.0,30.0
11072,2020112600100028,3,목요일,영동,경기도,경상사고,0,0,1,0,차대차 - 측면충돌,안전거리미확보,포장 - 젖음/습기,흐림,단일로 - 기타,승용,0,44,상해없음,화물,0,53,경상,40.0,40.0
11073,2020112600100080,7,목요일,영동,경기도,경상사고,0,0,1,0,차대차 - 측면충돌,안전거리미확보,포장 - 건조,맑음,단일로 - 기타,화물,0,59,상해없음,승용,0,59,경상,50.0,50.0
11074,2020112600100213,12,목요일,영동,경기도,중상사고,0,1,2,0,차대차 - 측면충돌,안전거리미확보,포장 - 건조,맑음,단일로 - 기타,화물,0,46,중상,화물,0,48,경상,40.0,40.0
11075,2020112600100247,13,목요일,영동,경기도,경상사고,0,0,1,0,차대차 - 측면충돌,안전거리미확보,포장 - 건조,맑음,단일로 - 기타,승용,1,22,기타불명,승용,0,56,경상,20.0,20.0
11076,2020112900100027,1,일요일,영동,경기도,경상사고,0,0,2,0,차대차 - 추돌,안전거리미확보,포장 - 건조,맑음,기타 - 기타,승용,0,27,기타불명,화물,0,36,경상,20.0,20.0
11077,2020113000100013,1,월요일,영동,인천광역시,중상사고,0,1,0,0,차대차 - 추돌,안전운전불이행,포장 - 건조,맑음,단일로 - 교량,승용,0,58,상해없음,승합,0,68,중상,50.0,50.0
11078,2020120100100056,7,화요일,영동,경기도,경상사고,0,0,1,0,차대차 - 측면충돌,안전거리미확보,포장 - 건조,맑음,단일로 - 기타,화물,0,43,상해없음,승용,1,37,경상,40.0,40.0
11079,2020120200100027,6,수요일,영동,경기도,경상사고,0,0,1,0,차대차 - 추돌,안전운전불이행,포장 - 건조,맑음,기타 - 기타,화물,0,59,기타불명,특수,0,62,경상,50.0,50.0
11080,2020120400100298,14,금요일,영동,경기도,경상사고,0,0,1,0,차대차 - 추돌,안전운전불이행,포장 - 건조,맑음,단일로 - 기타,승용,0,25,상해없음,화물,0,38,상해없음,20.0,20.0
11081,2020120900100040,6,수요일,영동,경기도,경상사고,0,0,1,0,차대차 - 측면충돌,안전거리미확보,포장 - 건조,맑음,단일로 - 교량,화물,0,68,상해없음,승용,0,46,경상,60.0,60.0
11082,2020121000100168,12,목요일,영동,강원도,경상사고,0,0,1,0,차대차 - 측면충돌,차로위반,포장 - 건조,맑음,단일로 - 기타,승용,0,24,기타불명,승용,1,56,경상,20.0,20.0
11083,2020121200100361,18,토요일,영동,경기도,중상사고,0,1,0,0,차대차 - 측면충돌,안전거리미확보,포장 - 건조,맑음,단일로 - 기타,승용,0,21,상해없음,승용,1,41,중상,20.0,20.0
11084,2020121500100236,14,화요일,영동,강원도,중상사고,0,1,0,0,차대차 - 추돌,안전거리미확보,포장 - 건조,맑음,단일로 - 기타,승용,0,20,상해없음,승용,1,37,중상,20.0,20.0
11085,2020121800100008,1,금요일,영동,경기도,경상사고,0,0,1,0,차대차 - 추돌,안전운전불이행,포장 - 건조,맑음,단일로 - 기타,승용,0,38,상해없음,특수,0,36,경상,30.0,30.0
11086,2020121800100422,17,금요일,영동,경기도,경상사고,0,0,1,0,차대차 - 측면충돌,안전운전불이행,포장 - 건조,맑음,단일로 - 기타,승용,1,49,상해없음,화물,0,62,경상,40.0,40.0
11087,2020122400100026,5,목요일,영동,경기도,경상사고,0,0,2,0,차대차 - 추돌,안전거리미확보,포장 - 건조,맑음,단일로 - 교량,승용,0,46,상해없음,특수,0,52,경상,40.0,40.0
11088,2020122800100326,15,월요일,영동,강원도,중상사고,0,1,0,0,차대차 - 측면충돌,안전거리미확보,포장 - 건조,맑음,단일로 - 기타,승용,1,55,기타불명,승용,1,36,중상,50.0,50.0
11089,2020123000100046,7,수요일,영동,경기도,경상사고,0,0,1,0,차대차 - 측면충돌,안전거리미확보,포장 - 건조,맑음,기타 - 기타,화물,0,54,상해없음,승용,0,43,경상,50.0,50.0
11090,2020123100100435,18,목요일,영동,인천광역시,경상사고,0,0,1,0,차대차 - 측면충돌,안전운전불이행,비포장 - 건조,맑음,단일로 - 기타,승용,0,48,상해없음,승용,0,35,경상,40.0,40.0
11091,2021010400100381,20,월요일,영동,경기도,부상신고사고,0,0,0,1,차대차 - 기타,안전운전불이행,-,맑음,단일로 - 기타,기타불명,2,0,기타불명,승용,1,30,부상신고,20.0,20.0
11092,2021010500100015,5,화요일,영동,경기도,중상사고,0,1,0,0,차대차 - 측면충돌,안전거리미확보,-,맑음,기타 - 기타,승용,0,60,상해없음,승용,0,30,중상,50.0,50.0
11093,2021010600100510,21,수요일,영동,경기도,경상사고,0,0,1,0,차대차 - 추돌,안전운전불이행,-,눈,단일로 - 기타,승용,0,47,상해없음,승용,0,33,경상,40.0,40.0
11094,2021010600100564,22,수요일,영동,인천광역시,경상사고,0,0,4,0,차대차 - 측면충돌,안전거리미확보,-,눈,단일로 - 기타,승용,0,28,상해없음,승용,1,41,경상,20.0,20.0
11095,2021010800100052,8,금요일,영동,경기도,경상사고,0,0,1,0,차대차 - 추돌,안전운전불이행,-,맑음,단일로 - 기타,승용,0,21,상해없음,승용,0,28,경상,20.0,20.0
11096,2021010800100176,13,금요일,영동,강원도,중상사고,0,3,1,0,차대차 - 추돌,안전운전불이행,-,맑음,단일로 - 터널,화물,0,57,상해없음,승합,1,51,중상,50.0,50.0
11097,2021010900100022,6,토요일,영동,인천광역시,경상사고,0,0,1,0,차대차 - 추돌,안전운전불이행,-,맑음,단일로 - 기타,승용,0,58,상해없음,승용,0,27,경상,50.0,50.0
11098,2021011000100017,5,일요일,영동,경기도,경상사고,0,0,2,0,차대차 - 추돌,안전운전불이행,-,맑음,단일로 - 기타,승용,0,29,상해없음,승용,0,44,경상,20.0,20.0
11099,2021011000100020,6,일요일,영동,경기도,경상사고,0,0,2,0,차대차 - 추돌,안전운전불이행,-,흐림,단일로 - 기타,승용,0,27,상해없음,승용,0,63,경상,20.0,20.0
11100,2021011100100234,14,월요일,영동,경기도,부상신고사고,0,0,0,1,차대차 - 기타,안전거리미확보,-,맑음,단일로 - 기타,승용,1,37,상해없음,화물,0,66,부상신고,30.0,30.0
11101,2021011200100130,11,화요일,영동,경기도,경상사고,0,0,7,0,차대차 - 측면충돌,안전거리미확보,-,맑음,단일로 - 기타,승용,1,59,상해없음,승용,0,46,경상,50.0,50.0
11102,2021011200100203,13,화요일,영동,인천광역시,경상사고,0,0,1,0,차대차 - 추돌,안전거리미확보,-,맑음,기타 - 기타,승용,1,26,상해없음,승용,0,55,경상,20.0,20.0
11103,2021011500100419,18,금요일,영동,강원도,경상사고,0,0,1,0,차대차 - 측면충돌,안전운전불이행,-,기타,단일로 - 기타,기타불명,2,0,기타불명,승용,0,42,기타불명,20.0,20.0
11104,2021011600100482,23,토요일,영동,경기도,중상사고,0,2,2,0,차대차 - 측면충돌,안전거리미확보,-,맑음,단일로 - 기타,승용,0,34,상해없음,승용,0,49,중상,30.0,30.0
11105,2021011700100292,23,일요일,영동,경기도,부상신고사고,0,0,0,2,차량단독 - 공작물충돌,안전운전불이행,-,눈,단일로 - 기타,승용,0,24,부상신고,기타불명,2,0,기타불명,20.0,20.0
11106,2021012000100273,13,수요일,영동,경기도,경상사고,0,0,1,0,차대차 - 측면충돌,안전거리미확보,-,맑음,단일로 - 기타,승용,1,53,상해없음,승용,0,48,경상,50.0,50.0
11107,2021012400100094,12,일요일,영동,경기도,경상사고,0,0,1,0,차대차 - 기타,안전거리미확보,-,맑음,단일로 - 기타,승용,0,62,상해없음,승용,1,53,경상,60.0,60.0
11108,2021012500100004,1,월요일,영동,경기도,경상사고,0,0,2,0,차대차 - 기타,안전운전불이행,-,맑음,단일로 - 기타,화물,0,62,경상,화물,0,49,경상,60.0,60.0
11109,2021012500100029,6,월요일,영동,경기도,경상사고,0,0,2,0,차대차 - 추돌,안전운전불이행,-,맑음,단일로 - 기타,승용,0,30,상해없음,화물,0,30,경상,20.0,20.0
11110,2021012600100143,10,화요일,영동,경기도,중상사고,0,1,0,0,차대차 - 기타,안전거리미확보,-,맑음,기타 - 기타,승용,1,53,상해없음,특수,0,62,중상,50.0,50.0
11111,2021012600100179,11,화요일,영동,경기도,경상사고,0,0,1,1,차대차 - 측면충돌,안전운전불이행,-,비,단일로 - 기타,화물,0,57,경상,화물,0,65,상해없음,50.0,50.0
11112,2021012800100010,2,목요일,영동,강원도,중상사고,0,1,0,0,차대차 - 추돌,과속,-,기타,단일로 - 기타,승용,0,66,상해없음,화물,0,41,중상,60.0,60.0
11113,2021012800100296,15,목요일,영동,경기도,경상사고,0,0,1,0,차대차 - 기타,안전운전불이행,-,맑음,단일로 - 기타,특수,0,59,상해없음,화물,0,37,경상,50.0,50.0
11114,2021012900100369,17,금요일,영동,경기도,경상사고,0,0,1,0,차대차 - 기타,안전운전불이행,-,맑음,기타 - 기타,화물,0,52,상해없음,승용,0,62,경상,50.0,50.0
11115,2021013100100270,18,일요일,영동,경기도,경상사고,0,0,3,1,차대차 - 측면충돌,안전거리미확보,-,맑음,기타 - 기타,승용,0,34,부상신고,승용,0,31,경상,30.0,30.0
11116,2021013100100327,20,일요일,영동,경기도,중상사고,0,1,0,0,차대차 - 추돌,안전거리미확보,-,맑음,기타 - 기타,화물,0,29,상해없음,승용,0,28,중상,20.0,20.0
11117,2021020200100320,17,화요일,영동,경기도,경상사고,0,0,1,0,차대차 - 기타,안전운전불이행,-,맑음,단일로 - 기타,승용,0,33,상해없음,승용,0,29,경상,30.0,30.0
11118,2021020300100015,5,수요일,영동,경기도,중상사고,0,1,0,0,차대차 - 측면충돌,안전거리미확보,-,맑음,단일로 - 기타,승용,0,48,상해없음,승용,1,32,중상,40.0,40.0
11119,2021020500100040,7,금요일,영동,경기도,경상사고,0,0,1,0,차대차 - 측면충돌,안전거리미확보,-,맑음,기타 - 기타,화물,0,64,상해없음,승용,0,25,경상,60.0,60.0
11120,2021020500100101,9,금요일,영동,경기도,경상사고,0,0,1,0,차대차 - 측면충돌,안전거리미확보,-,맑음,단일로 - 교량,승용,1,27,상해없음,승용,1,28,경상,20.0,20.0
11121,2021020500100388,17,금요일,영동,경기도,중상사고,0,1,0,0,차대차 - 측면충돌,차로위반,-,맑음,기타 - 기타,화물,0,66,상해없음,화물,0,63,중상,60.0,60.0
11122,2021020500100601,21,금요일,영동,경기도,경상사고,0,0,1,0,차대차 - 측면충돌,안전거리미확보,-,맑음,단일로 - 기타,승용,2,0,기타불명,승용,0,57,경상,20.0,20.0
11123,2021020500100617,21,금요일,영동,경기도,경상사고,0,0,1,0,차대차 - 추돌,안전운전불이행,-,맑음,단일로 - 기타,승용,1,28,상해없음,승용,0,41,경상,20.0,20.0
11124,2021021200100288,22,금요일,영동,경기도,경상사고,0,0,1,0,차대차 - 후진중충돌,안전운전불이행,-,맑음,단일로 - 기타,승용,0,31,상해없음,승용,0,49,경상,,
11125,2021021300100137,14,토요일,영동,강원도,중상사고,0,1,11,1,차대차 - 추돌,안전거리미확보,-,맑음,단일로 - 터널,승용,0,78,상해없음,승용,0,36,부상신고,70.0,70.0
11126,2021021400100167,17,일요일,영동,경기도,중상사고,0,1,0,0,차대차 - 기타,안전거리미확보,-,맑음,기타 - 기타,승용,0,26,상해없음,승용,1,59,중상,20.0,20.0
11127,2021021500100017,5,월요일,영동,경기도,중상사고,0,1,0,0,차대차 - 측면충돌,안전운전불이행,-,비,단일로 - 기타,화물,0,38,상해없음,승용,0,71,중상,30.0,30.0
11128,2021021700100462,19,수요일,영동,경기도,경상사고,0,0,2,0,차대차 - 기타,안전운전불이행,-,맑음,주차장 - 주차장,승용,0,49,상해없음,승용,0,44,경상,40.0,40.0