,사고번호,사고일시,요일,도로종류,시군구,사고내용,사망자수,중상자수,경상자수,부상신고자수,사고유형,법규위반,노면상태,기상상태,도로형태,가해운전자 차종,가해운전자 성별,가해운전자 연령,가해운전자 상해정도,피해운전자 차종,피해운전자 성별,피해운전자 연령,피해운전자 상해정도,연령대,가해연령대
11403,2021111800100325,15,목요일,영동,강원도,경상사고,0,0,1,0,차대차 - 측면충돌,차로위반,-,맑음,단일로 - 기타,승용,0,57,상해없음,화물,0,40,경상,50.0,50.0
11404,2021111900100066,6,금요일,영동,경기도,경상사고,0,0,2,0,차대차 - 추돌,안전운전불이행,-,맑음,단일로 - 기타,승용,0,58,상해없음,승용,1,81,경상,50.0,50.0
11405,2021112000100076,6,토요일,영동,경기도,부상신고사고,0,0,0,1,차대사람 - 횡단중,안전운전불이행,-,맑음,단일로 - 기타,승용,0,48,상해없음,보행자,0,68,부상신고,40.0,40.0
11406,2021112100100147,12,일요일,영동,경기도,경상사고,0,0,1,0,차대차 - 추돌,안전운전불이행,-,맑음,기타 - 기타,승용,0,31,상해없음,승용,0,38,경상,,
11407,2021112400100344,16,수요일,영동,인천광역시,경상사고,0,0,2,0,차대차 - 측면충돌,안전거리미확보,-,맑음,단일로 - 기타,승용,0,62,기타불명,승용,0,46,경상,60.0,60.0
11408,2021112600100558,18,금요일,영동,경기도,경상사고,0,0,1,0,차대차 - 기타,안전거리미확보,-,맑음,단일로 - 기타,승용,0,29,상해없음,특수,0,49,경상,20.0,20.0
11409,2021112600100663,20,금요일,영동,경기도,경상사고,0,0,1,0,차대차 - 기타,안전운전불이행,-,맑음,단일로 - 기타,승용,0,23,경상,승용,1,38,상해없음,20.0,20.0
11410,2021112800100292,16,일요일,영동,경기도,경상사고,0,0,1,0,차량단독 - 기타,안전운전불이행,-,맑음,단일로 - 기타,승합,0,51,상해없음,기타불명,2,0,기타불명,,
11411,2021112900100514,18,월요일,영동,경기도,부상신고사고,0,0,0,1,차대차 - 측면충돌,안전거리미확보,-,맑음,단일로 - 기타,승용,0,21,상해없음,승용,0,19,부상신고,20.0,20.0
11412,2021113000100095,7,화요일,영동,강원도,중상사고,0,1,0,0,차대차 - 측면충돌,안전운전불이행,-,비,단일로 - 기타,화물,0,52,상해없음,화물,0,55,중상,50.0,50.0
11413,2021120100100497,18,수요일,영동,인천광역시,경상사고,0,0,1,0,차대차 - 측면충돌,차로위반,-,맑음,단일로 - 기타,승용,0,40,상해없음,승용,0,27,경상,30.0,30.0
11414,2021120200100173,10,목요일,영동,경기도,경상사고,0,0,1,0,차대차 - 기타,안전운전불이행,-,맑음,기타 - 기타,화물,0,51,경상,승용,1,68,상해없음,,
11415,2021120600100211,12,월요일,영동,경기도,경상사고,0,0,1,0,차대차 - 기타,안전운전불이행,-,맑음,단일로 - 기타,승용,0,59,상해없음,승용,1,64,경상,50.0,50.0
11416,2021120700100181,11,화요일,영동,강원도,중상사고,0,2,4,0,차대차 - 추돌,안전거리미확보,-,비,단일로 - 기타,화물,0,60,상해없음,승용,1,58,중상,50.0,50.0
11417,2021120700100264,13,화요일,영동,경기도,부상신고사고,0,0,0,1,차대차 - 기타,기타,-,맑음,단일로 - 기타,화물,0,53,상해없음,승용,0,26,부상신고,50.0,50.0
11418,2021120700100592,23,화요일,영동,경기도,사망사고,1,0,1,0,차대차 - 추돌,안전운전불이행,-,맑음,단일로 - 터널,승용,0,33,사망,화물,0,60,경상,30.0,30.0
11419,2021120800100473,18,수요일,영동,강원도,경상사고,0,0,1,0,차대차 - 추돌,안전운전불이행,-,맑음,단일로 - 기타,화물,0,64,상해없음,승용,0,77,상해없음,60.0,60.0
11420,2021121000100308,14,금요일,영동,경기도,경상사고,0,0,1,0,차대차 - 측면충돌,안전거리미확보,-,맑음,단일로 - 기타,특수,0,56,상해없음,화물,0,39,경상,50.0,50.0
11421,2021121600100089,8,목요일,영동,경기도,경상사고,0,0,1,0,차대차 - 측면충돌,안전거리미확보,-,맑음,기타 - 기타,승용,1,30,경상,화물,0,52,기타불명,20.0,20.0
11422,2021121600100145,10,목요일,영동,경기도,경상사고,0,0,1,0,차대차 - 기타,안전운전불이행,-,맑음,단일로 - 기타,승용,1,40,상해없음,승용,1,47,경상,30.0,30.0
11423,2021121600100287,15,목요일,영동,강원도,중상사고,0,1,1,0,차대차 - 측면충돌,안전거리미확보,-,맑음,단일로 - 기타,승용,0,67,상해없음,승용,1,59,중상,60.0,60.0
11424,2021121600100458,20,목요일,영동,경기도,경상사고,0,0,4,0,차대차 - 측면충돌,안전운전불이행,-,맑음,단일로 - 기타,승합,0,60,상해없음,승용,0,45,경상,50.0,50.0
11425,2021121800100088,7,토요일,영동,경기도,중상사고,0,1,0,0,차대차 - 추돌,안전운전불이행,-,맑음,단일로 - 기타,화물,0,44,중상,화물,0,50,상해없음,40.0,40.0
11426,2021121800100117,9,토요일,영동,경기도,경상사고,0,0,2,0,차대차 - 기타,안전운전불이행,-,맑음,주차장 - 주차장,승용,1,65,상해없음,승용,0,29,경상,60.0,60.0
11427,2021121800100186,11,토요일,영동,경기도,부상신고사고,0,0,0,2,차대차 - 측면충돌,안전거리미확보,-,맑음,단일로 - 기타,승용,0,32,기타불명,승용,0,66,상해없음,30.0,30.0
11428,2021121800100530,20,토요일,영동,강원도,경상사고,0,0,1,0,차대차 - 추돌,안전운전불이행,-,흐림,단일로 - 기타,승용,0,26,상해없음,승용,1,35,경상,20.0,20.0
11429,2021121900100166,14,일요일,영동,강원도,경상사고,0,0,2,0,차대차 - 기타,안전운전불이행,-,맑음,단일로 - 기타,승용,0,28,상해없음,승용,1,23,경상,20.0,20.0
11430,2021122000100075,8,월요일,영동,강원도,경상사고,0,0,1,0,차대차 - 기타,안전운전불이행,-,흐림,단일로 - 기타,승용,1,64,상해없음,화물,0,55,상해없음,60.0,60.0
11431,2021122000100521,19,월요일,영동,강원도,사망사고,1,0,1,0,차대차 - 추돌,안전운전불이행,-,맑음,단일로 - 기타,승용,1,36,사망,화물,0,66,경상,30.0,30.0
11432,2021122100100144,10,화요일,영동,강원도,경상사고,0,0,1,0,차대차 - 추돌,안전운전불이행,-,흐림,단일로 - 기타,화물,0,41,상해없음,화물,0,31,경상,,
11433,2021122200100274,14,수요일,영동,경기도,경상사고,0,0,3,0,차대차 - 측면충돌,안전거리미확보,-,맑음,단일로 - 기타,승용,1,55,상해없음,승용,1,46,경상,50.0,50.0
11434,2021122600100210,17,일요일,영동,경기도,경상사고,0,0,2,0,차대차 - 추돌,안전운전불이행,-,맑음,단일로 - 기타,승용,1,46,상해없음,승용,1,44,경상,40.0,40.0
11435,2021122700100030,6,월요일,영동,경기도,중상사고,0,1,1,0,차대차 - 추돌,안전운전불이행,-,맑음,단일로 - 기타,승용,0,47,상해없음,승용,0,37,중상,40.0,40.0
11436,2021122700100299,15,월요일,영동,경기도,경상사고,0,0,1,0,차대사람 - 기타,안전운전불이행,-,눈,주차장 - 주차장,화물,0,45,상해없음,보행자,1,65,경상,40.0,40.0
11437,2021122700100342,16,월요일,영동,경기도,경상사고,0,0,2,0,차대차 - 측면충돌,안전거리미확보,-,맑음,단일로 - 기타,화물,0,53,상해없음,승용,1,62,경상,50.0,50.0
11438,2021122900100044,7,수요일,영동,경기도,경상사고,0,0,1,0,차대차 - 추돌,안전운전불이행,-,맑음,단일로 - 기타,승용,1,29,상해없음,승용,1,48,경상,20.0,20.0
11439,2021123000100521,20,목요일,영동,경기도,중상사고,0,1,1,0,차대차 - 추돌,안전운전불이행,-,맑음,단일로 - 기타,승용,0,45,상해없음,화물,0,45,중상,40.0,40.0
11440,2021123100100242,14,금요일,영동,강원도,경상사고,0,0,2,0,차대차 - 추돌,안전운전불이행,-,맑음,단일로 - 기타,승용,0,31,경상,승용,0,43,상해없음,,
11441,2021123100100377,17,금요일,영동,경기도,경상사고,0,0,1,0,차대차 - 추돌,안전운전불이행,-,맑음,기타 - 기타,승용,0,62,상해없음,승용,0,54,경상,60.0,60.0
11442,2019010100100216,15,화요일,순천완주,전라북도,경상사고,0,0,5,0,차대차 - 추돌,안전운전불이행,포장 - 젖음/습기,눈,단일로 - 기타,승용,0,44,상해없음,승합,0,37,경상,40.0,40.0
11443,2019010900100479,20,수요일,순천완주,전라북도,중상사고,0,1,2,0,차대차 - 추돌,안전운전불이행,포장 - 건조,맑음,단일로 - 기타,화물,0,57,경상,승용,1,39,중상,50.0,50.0
11444,2019020600100072,7,수요일,순천완주,전라북도,경상사고,0,0,2,0,차대차 - 측면충돌,차로위반,포장 - 젖음/습기,비,단일로 - 기타,승용,0,53,경상,승용,0,30,경상,50.0,50.0
11445,2019021900100223,11,화요일,순천완주,전라북도,중상사고,0,2,0,0,차대차 - 기타,과속,포장 - 젖음/습기,비,단일로 - 기타,승용,0,29,상해없음,특수,0,34,상해없음,20.0,20.0
11446,2019022200100308,14,금요일,순천완주,전라북도,경상사고,0,0,3,3,차대차 - 기타,안전운전불이행,포장 - 건조,맑음,단일로 - 터널,승용,0,30,상해없음,승용,1,23,경상,20.0,20.0
11447,2019031500100107,7,금요일,순천완주,전라북도,경상사고,0,0,4,0,차대차 - 추돌,안전운전불이행,포장 - 젖음/습기,비,단일로 - 기타,승용,0,54,상해없음,승용,0,36,상해없음,50.0,50.0
11448,2019033100100297,16,일요일,순천완주,전라북도,중상사고,0,1,3,0,차대차 - 추돌,안전운전불이행,포장 - 건조,맑음,단일로 - 기타,승용,0,34,상해없음,승용,0,49,경상,30.0,30.0
11449,2019040500100613,20,금요일,순천완주,전라북도,중상사고,0,1,4,0,차대차 - 기타,기타,포장 - 건조,맑음,단일로 - 기타,화물,0,65,상해없음,승용,0,49,경상,60.0,60.0
11450,2019042900100258,11,월요일,순천완주,전라북도,중상사고,0,2,2,0,차량단독 - 전도전복 - 전복,안전운전불이행,포장 - 젖음/습기,비,기타 - 기타,승합,0,59,상해없음,기타불명,2,0,기타불명,50.0,50.0
11451,2019061600100170,10,일요일,순천완주,전라남도,경상사고,0,0,1,0,차대차 - 측면충돌,안전운전불이행,포장 - 건조,맑음,기타 - 기타,승합,0,62,상해없음,승용,0,58,경상,60.0,60.0
11452,2019061800100382,15,화요일,순천완주,전라남도,중상사고,0,3,0,0,차량단독 - 기타,안전운전불이행,포장 - 건조,맑음,단일로 - 터널,승용,0,36,상해없음,기타불명,2,0,기타불명,30.0,30.0
11453,2019062100100199,10,금요일,순천완주,전라북도,경상사고,0,0,1,0,차대사람 - 기타,안전운전불이행,포장 - 건조,맑음,단일로 - 기타,화물,0,69,상해없음,보행자,0,46,경상,60.0,60.0
11454,2019080300100199,11,토요일,순천완주,전라북도,중상사고,0,1,9,0,차대차 - 추돌,안전운전불이행,포장 - 건조,맑음,단일로 - 기타,승용,1,40,상해없음,승용,0,33,상해없음,30.0,30.0
11455,2019082600100431,15,월요일,순천완주,전라남도,중상사고,0,3,0,0,차대차 - 기타,차로위반,포장 - 건조,맑음,단일로 - 터널,특수,0,53,상해없음,승용,1,27,중상,50.0,50.0
11456,2019091200100292,14,목요일,순천완주,전라남도,중상사고,0,2,2,0,차대차 - 추돌,안전거리미확보,포장 - 건조,맑음,기타 - 기타,승합,0,49,상해없음,승용,0,33,중상,40.0,40.0
11457,2019091700100241,10,화요일,순천완주,전라북도,중상사고,0,1,1,0,차대차 - 추돌,안전운전불이행,포장 - 건조,맑음,단일로 - 터널,승용,1,44,상해없음,화물,0,46,경상,40.0,40.0
11458,2019101500100051,2,화요일,순천완주,전라남도,중상사고,0,1,1,0,차대차 - 추돌,안전운전불이행,포장 - 건조,맑음,단일로 - 기타,승용,0,32,상해없음,승용,1,27,중상,30.0,30.0
11459,2019111000100305,15,일요일,순천완주,전라북도,경상사고,0,0,3,0,차대차 - 추돌,안전운전불이행,포장 - 건조,맑음,단일로 - 기타,승용,0,27,상해없음,승용,1,51,경상,20.0,20.0
11460,2019111000100332,16,일요일,순천완주,전라남도,경상사고,0,0,2,0,차대차 - 기타,신호위반,포장 - 건조,맑음,단일로 - 기타,승합,0,51,상해없음,승용,1,51,경상,,
11461,2019120100100441,18,일요일,순천완주,전라남도,경상사고,0,0,1,0,차대차 - 기타,안전거리미확보,포장 - 젖음/습기,비,단일로 - 기타,화물,0,74,상해없음,승용,0,23,경상,70.0,70.0
11462,2019121000100587,19,화요일,순천완주,전라북도,경상사고,0,0,1,0,차대차 - 추돌,안전운전불이행,포장 - 건조,맑음,단일로 - 기타,화물,0,41,상해없음,화물,0,54,경상,,
11463,2019122300100582,20,월요일,순천완주,전라북도,경상사고,0,0,1,0,차대차 - 기타,차로위반,포장 - 건조,맑음,단일로 - 기타,승용,0,57,상해없음,특수,0,52,경상,50.0,50.0
11464,2020010100100175,13,수요일,순천완주,전라북도,경상사고,0,0,2,0,차대차 - 추돌,신호위반,포장 - 건조,맑음,단일로 - 터널,화물,0,56,상해없음,승용,0,55,경상,50.0,50.0
11465,2020010300100538,20,금요일,순천완주,전라남도,경상사고,0,0,1,0,차대차 - 추돌,안전운전불이행,포장 - 건조,맑음,단일로 - 터널,승용,1,46,상해없음,승용,0,48,경상,40.0,40.0
11466,2020012200100060,6,수요일,순천완주,전라북도,경상사고,0,0,2,0,차대차 - 기타,안전운전불이행,포장 - 건조,맑음,단일로 - 교량,화물,0,59,상해없음,화물,0,63,경상,50.0,50.0
11467,2020012600100192,16,일요일,순천완주,전라북도,경상사고,0,0,4,0,차대차 - 추돌,안전운전불이행,포장 - 건조,맑음,단일로 - 터널,승용,0,56,상해없음,승용,0,47,경상,50.0,50.0
11468,2020020800100523,21,토요일,순천완주,전라남도,경상사고,0,0,1,0,차대차 - 측면충돌,차로위반,포장 - 건조,맑음,단일로 - 기타,승용,1,53,상해없음,승용,0,27,경상,50.0,50.0
11469,2020021700100242,12,월요일,순천완주,전라북도,사망사고,5,5,26,0,차대차 - 추돌,안전운전불이행,포장 - 서리/결빙,눈,단일로 - 터널,특수,0,30,상해없음,화물,0,31,상해없음,20.0,20.0
11470,2020031200100492,20,목요일,순천완주,전라북도,중상사고,0,2,0,0,차대차 - 추돌,과속,포장 - 건조,맑음,기타 - 기타,승용,0,66,중상,승용,0,51,중상,60.0,60.0
11471,2020032600100395,19,목요일,순천완주,전라북도,사망사고,1,1,0,0,차대차 - 측면충돌,안전운전불이행,포장 - 건조,흐림,단일로 - 기타,특수,0,64,상해없음,승용,0,39,중상,60.0,60.0
11472,2020041800100429,18,토요일,순천완주,전라남도,경상사고,0,0,1,0,차대차 - 기타,안전운전불이행,포장 - 건조,맑음,단일로 - 기타,승용,0,36,상해없음,승용,0,55,경상,30.0,30.0
11473,2020050800100372,16,금요일,순천완주,전라남도,경상사고,0,0,3,0,차대차 - 추돌,과속,포장 - 건조,맑음,단일로 - 기타,승용,0,34,경상,승용,0,32,경상,30.0,30.0
11474,2020061800100315,13,목요일,순천완주,전라남도,경상사고,0,0,1,0,차량단독 - 기타,안전운전불이행,포장 - 젖음/습기,비,기타 - 기타,승용,0,55,경상,기타불명,2,0,기타불명,50.0,50.0
11475,2020062000100051,3,토요일,순천완주,전라남도,경상사고,0,0,2,0,차대차 - 측면충돌,안전거리미확보,포장 - 건조,맑음,기타 - 기타,승용,0,21,상해없음,승용,0,47,경상,20.0,20.0
11476,2020070200100031,4,목요일,순천완주,전라북도,사망사고,1,0,1,0,차대차 - 추돌,과속,포장 - 건조,맑음,단일로 - 터널,승용,1,37,사망,특수,0,29,경상,30.0,30.0
11477,2020070700100254,13,화요일,순천완주,전라북도,중상사고,0,1,1,0,차대차 - 기타,안전운전불이행,포장 - 건조,맑음,단일로 - 터널,승용,0,29,상해없음,화물,0,50,중상,20.0,20.0
11478,2020090800100066,7,화요일,순천완주,전라북도,경상사고,0,0,2,0,차대차 - 추돌,안전운전불이행,포장 - 건조,맑음,단일로 - 기타,승용,0,22,상해없음,승용,0,47,경상,20.0,20.0
11479,2020111300100063,6,금요일,순천완주,전라북도,중상사고,0,1,2,0,차대차 - 정면충돌,불법유턴,포장 - 건조,맑음,기타 - 기타,화물,0,36,상해없음,승용,0,44,경상,30.0,30.0
11480,2020112100100009,0,토요일,순천완주,전라북도,경상사고,0,0,2,0,차대차 - 추돌,안전거리미확보,포장 - 건조,맑음,단일로 - 기타,승용,1,31,상해없음,승용,0,27,경상,,
11481,2021010700100022,4,목요일,순천완주,전라북도,중상사고,0,1,0,0,차대사람 - 기타,안전운전불이행,-,눈,단일로 - 터널,화물,0,48,상해없음,보행자,0,40,중상,40.0,40.0
11482,2021011400100130,9,목요일,순천완주,전라북도,경상사고,0,0,1,0,차대차 - 기타,교차로운행방법위반,-,안개,교차로 - 교차로안,건설기계,0,24,상해없음,승용,1,28,경상,20.0,20.0
11483,2021011800100100,10,월요일,순천완주,전라북도,중상사고,0,1,0,0,차대차 - 추돌,안전운전불이행,-,눈,기타 - 기타,특수,0,49,상해없음,화물,0,49,중상,40.0,40.0
11484,2021012300100421,20,토요일,순천완주,전라남도,경상사고,0,0,1,0,차대차 - 추돌,안전운전불이행,-,흐림,단일로 - 기타,승용,0,56,상해없음,승용,0,43,경상,50.0,50.0
11485,2021021700100016,1,수요일,순천완주,전라북도,사망사고,1,0,0,0,차대차 - 추돌,안전운전불이행,-,눈,단일로 - 기타,화물,0,64,사망,건설기계,0,62,상해없음,60.0,60.0
11486,2021061200100363,15,토요일,순천완주,전라남도,경상사고,0,0,2,0,차대차 - 추돌,안전운전불이행,-,맑음,단일로 - 기타,승용,1,25,상해없음,승용,1,49,경상,20.0,20.0
11487,2021062000100036,4,일요일,순천완주,전라북도,경상사고,0,0,1,0,차대차 - 추돌,안전운전불이행,-,맑음,단일로 - 터널,승용,0,38,상해없음,화물,0,48,경상,30.0,30.0
11488,2021070300100322,15,토요일,순천완주,전라북도,중상사고,0,2,2,0,차대차 - 추돌,과속,-,비,단일로 - 기타,승용,0,62,상해없음,승용,0,58,중상,60.0,60.0
11489,2021070600100184,11,화요일,순천완주,전라북도,부상신고사고,0,0,0,1,차대차 - 기타,안전거리미확보,-,맑음,단일로 - 기타,승용,1,50,상해없음,승용,0,51,상해없음,40.0,40.0
11490,2021082700100049,7,금요일,순천완주,전라북도,경상사고,0,0,1,0,차대차 - 기타,안전운전불이행,-,비,단일로 - 교량,승용,0,38,상해없음,특수,0,50,경상,30.0,30.0
11491,2021083100100347,15,화요일,순천완주,전라남도,경상사고,0,0,1,0,차대차 - 추돌,안전운전불이행,-,맑음,단일로 - 기타,승용,0,30,상해없음,승용,0,55,경상,20.0,20.0
11492,2021090600100219,11,월요일,순천완주,전라북도,경상사고,0,0,1,0,차대차 - 추돌,안전거리미확보,-,비,단일로 - 기타,화물,0,49,상해없음,승용,0,28,경상,40.0,40.0
11493,2021110600100289,14,토요일,순천완주,전라북도,경상사고,0,0,2,0,차대차 - 기타,차로위반,-,맑음,단일로 - 기타,승용,0,41,상해없음,승용,1,29,경상,,
11494,2021110900100496,18,화요일,순천완주,전라북도,경상사고,0,0,1,0,차대차 - 추돌,안전운전불이행,-,맑음,기타 - 기타,승용,0,38,상해없음,승용,1,42,상해없음,30.0,30.0
11495,2021122100100250,14,화요일,순천완주,전라북도,경상사고,0,0,1,0,차대차 - 기타,차로위반,-,맑음,기타 - 기타,특수,0,41,상해없음,승용,0,58,경상,,
11496,2019011900100063,3,토요일,수원광명,경기도,중상사고,0,1,0,0,차량단독 - 공작물충돌,안전운전불이행,포장 - 건조,맑음,단일로 - 터널,승용,0,24,상해없음,기타불명,2,0,기타불명,20.0,20.0
11497,2019021500100114,7,금요일,수원광명,경기도,경상사고,0,0,5,0,차대차 - 추돌,안전운전불이행,포장 - 서리/결빙,눈,단일로 - 기타,승용,0,45,상해없음,승용,0,28,경상,40.0,40.0
11498,2019022300100299,13,토요일,수원광명,경기도,경상사고,0,0,1,0,차대차 - 추돌,신호위반,포장 - 건조,맑음,단일로 - 터널,승용,1,57,상해없음,승용,0,59,경상,50.0,50.0
11499,2019030600100431,18,수요일,수원광명,경기도,중상사고,0,2,1,0,차대차 - 추돌,안전운전불이행,포장 - 건조,맑음,단일로 - 기타,승용,1,29,상해없음,승용,0,58,경상,20.0,20.0
11500,2019041200100670,23,금요일,수원광명,경기도,중상사고,0,1,2,0,차대차 - 추돌,과속,포장 - 건조,맑음,단일로 - 기타,승용,0,38,경상,승용,0,36,경상,30.0,30.0
11501,2019041400100099,7,일요일,수원광명,경기도,중상사고,0,1,0,0,차대차 - 추돌,신호위반,포장 - 건조,맑음,단일로 - 터널,승용,0,35,상해없음,승용,0,48,중상,30.0,30.0
11502,2019041800100515,19,목요일,수원광명,경기도,중상사고,0,1,0,0,차대차 - 추돌,안전운전불이행,포장 - 건조,맑음,단일로 - 기타,화물,0,59,상해없음,승용,0,37,중상,50.0,50.0
11503,2019060800100103,6,토요일,수원광명,경기도,부상신고사고,0,0,0,1,차량단독 - 기타,안전운전불이행,포장 - 건조,맑음,단일로 - 기타,승용,0,26,부상신고,기타불명,2,0,기타불명,20.0,20.0
11504,2019062000100068,3,목요일,수원광명,경기도,중상사고,0,1,0,0,차대차 - 기타,안전운전불이행,포장 - 건조,맑음,단일로 - 터널,승용,0,27,상해없음,화물,0,63,중상,20.0,20.0
11505,2019062200100425,15,토요일,수원광명,경기도,중상사고,0,1,3,1,차대차 - 추돌,안전운전불이행,포장 - 건조,맑음,단일로 - 기타,승용,0,35,상해없음,승용,0,31,경상,30.0,30.0
11506,2019062700100133,8,목요일,수원광명,경기도,경상사고,0,0,1,0,차대차 - 측면충돌,안전운전불이행,포장 - 건조,맑음,단일로 - 기타,승용,0,35,상해없음,승용,0,39,경상,30.0,30.0
11507,2019070600100126,6,토요일,수원광명,경기도,경상사고,0,0,2,0,차대차 - 추돌,안전운전불이행,포장 - 건조,맑음,단일로 - 기타,승용,0,29,상해없음,화물,0,62,경상,20.0,20.0
11508,2019081200100142,8,월요일,수원광명,경기도,경상사고,0,0,1,0,차대차 - 측면충돌,안전운전불이행,포장 - 젖음/습기,비,단일로 - 기타,승용,0,38,상해없음,화물,0,29,경상,30.0,30.0
11509,2019090800100356,17,일요일,수원광명,경기도,경상사고,0,0,2,0,차대차 - 기타,안전거리미확보,포장 - 건조,맑음,단일로 - 기타,승용,0,60,상해없음,승용,0,51,경상,50.0,50.0
11510,2019092100100350,14,토요일,수원광명,경기도,경상사고,0,0,6,0,차대차 - 추돌,안전운전불이행,포장 - 건조,맑음,단일로 - 터널,승용,0,52,상해없음,승용,0,57,경상,50.0,50.0
11511,2019092100100351,14,토요일,수원광명,경기도,중상사고,0,2,2,1,차대차 - 추돌,안전운전불이행,포장 - 건조,맑음,단일로 - 기타,화물,0,42,상해없음,승용,1,36,중상,40.0,40.0
11512,2019100300100382,15,목요일,수원광명,경기도,경상사고,0,0,2,0,차대차 - 후진중충돌,기타,포장 - 건조,맑음,단일로 - 기타,화물,0,59,상해없음,승용,0,28,경상,50.0,50.0
11513,2019102400100044,1,목요일,수원광명,경기도,경상사고,0,0,1,1,차대차 - 기타,안전운전불이행,포장 - 건조,맑음,단일로 - 터널,화물,0,39,상해없음,화물,0,32,경상,30.0,30.0
11514,2019102400100392,15,목요일,수원광명,경기도,중상사고,0,1,0,0,차대차 - 추돌,안전운전불이행,포장 - 건조,맑음,단일로 - 터널,건설기계,0,43,상해없음,승용,1,57,중상,40.0,40.0
11515,2019111800100360,14,월요일,수원광명,경기도,중상사고,0,1,1,0,차대차 - 기타,기타,포장 - 건조,맑음,단일로 - 기타,화물,0,61,경상,승용,0,44,중상,,
11516,2019112900100428,15,금요일,수원광명,경기도,중상사고,0,3,1,1,차대차 - 추돌,안전운전불이행,포장 - 건조,맑음,단일로 - 기타,승용,0,34,상해없음,승용,0,36,중상,30.0,30.0
11517,2019123100100066,4,화요일,수원광명,경기도,경상사고,0,0,1,0,차대차 - 추돌,안전운전불이행,포장 - 건조,맑음,단일로 - 터널,승용,0,42,상해없음,승용,0,45,경상,40.0,40.0
11518,2020011600100050,6,목요일,수원광명,경기도,경상사고,0,0,1,0,차대차 - 측면충돌,신호위반,포장 - 건조,맑음,단일로 - 터널,승용,0,31,상해없음,승용,1,56,경상,,
11519,2020011600100223,12,목요일,수원광명,경기도,중상사고,0,1,1,0,차대차 - 추돌,안전운전불이행,포장 - 건조,맑음,단일로 - 터널,승용,0,48,상해없음,승용,0,35,경상,40.0,40.0
11520,2020040600100462,19,월요일,수원광명,경기도,경상사고,0,0,2,0,차대차 - 측면충돌,신호위반,포장 - 건조,맑음,단일로 - 터널,화물,0,21,상해없음,승용,0,32,경상,20.0,20.0
11521,2020040900100210,12,목요일,수원광명,경기도,경상사고,0,0,4,0,차대차 - 추돌,안전거리미확보,포장 - 건조,맑음,단일로 - 기타,승용,0,47,상해없음,승용,1,27,경상,40.0,40.0
11522,2020042500100039,2,토요일,수원광명,경기도,중상사고,0,2,0,0,차대차 - 추돌,과속,포장 - 건조,맑음,기타 - 기타,승용,0,23,상해없음,승용,1,60,중상,20.0,20.0
11523,2020043000100040,2,목요일,수원광명,경기도,부상신고사고,0,0,0,1,차대차 - 기타,과속,포장 - 건조,맑음,단일로 - 터널,승용,0,56,부상신고,기타불명,2,0,기타불명,50.0,50.0
11524,2020050300100392,21,일요일,수원광명,경기도,경상사고,0,0,1,0,차대차 - 기타,안전거리미확보,포장 - 건조,맑음,단일로 - 기타,승용,0,33,상해없음,승용,0,31,경상,30.0,30.0
11525,2020060300100325,15,수요일,수원광명,경기도,경상사고,0,0,2,1,차대차 - 추돌,안전운전불이행,포장 - 건조,맑음,기타 - 기타,화물,0,65,상해없음,승용,1,48,경상,60.0,60.0
11526,2020060700100069,5,일요일,수원광명,경기도,중상사고,0,1,0,0,차대차 - 기타,안전운전불이행,포장 - 건조,맑음,기타 - 기타,승용,0,50,상해없음,화물,0,67,중상,40.0,40.0
11527,2020062600100644,21,금요일,수원광명,경기도,경상사고,0,0,1,0,차대차 - 기타,안전거리미확보,포장 - 건조,맑음,단일로 - 기타,승용,1,52,상해없음,승용,0,43,경상,50.0,50.0
11528,2020110900100065,7,월요일,수원광명,경기도,중상사고,0,1,3,0,차대차 - 추돌,안전운전불이행,포장 - 젖음/습기,맑음,단일로 - 터널,승용,0,57,기타불명,승용,0,33,중상,50.0,50.0
11529,2020111500100035,5,일요일,수원광명,경기도,경상사고,0,0,1,0,차대차 - 추돌,안전운전불이행,포장 - 건조,맑음,단일로 - 기타,승용,0,29,상해없음,화물,0,47,경상,20.0,20.0
11530,2020121200100199,13,토요일,수원광명,경기도,경상사고,0,0,1,0,차대차 - 측면충돌,안전거리미확보,포장 - 건조,맑음,단일로 - 기타,승용,0,29,상해없음,승용,0,31,경상,20.0,20.0
11531,2020121500100530,21,화요일,수원광명,경기도,중상사고,0,1,0,0,차대차 - 측면충돌,안전거리미확보,포장 - 건조,맑음,단일로 - 기타,승용,0,18,상해없음,승용,0,34,중상,20.0,20.0
11532,2021012800100164,11,목요일,수원광명,경기도,경상사고,0,0,1,0,차대차 - 추돌,안전운전불이행,-,눈,단일로 - 기타,승합,0,34,상해없음,승용,0,27,경상,30.0,30.0
11533,2021020200100031,7,화요일,수원광명,경기도,경상사고,0,0,1,0,차대차 - 기타,안전거리미확보,-,맑음,기타 - 기타,화물,0,50,기타불명,승용,0,58,경상,40.0,40.0