,사고번호,사고일시,요일,도로종류,시군구,사고내용,사망자수,중상자수,경상자수,부상신고자수,사고유형,법규위반,노면상태,기상상태,도로형태,가해운전자 차종,가해운전자 성별,가해운전자 연령,가해운전자 상해정도,피해운전자 차종,피해운전자 성별,피해운전자 연령,피해운전자 상해정도,연령대,가해연령대
11534,2021021100100347,22,목요일,수원광명,경기도,경상사고,0,0,1,0,차대차 - 기타,안전운전불이행,-,맑음,기타 - 기타,승용,0,29,상해없음,승용,0,51,경상,20.0,20.0
11535,2021022500100217,14,목요일,수원광명,경기도,부상신고사고,0,0,0,1,차대차 - 기타,안전운전불이행,-,맑음,단일로 - 기타,화물,0,78,상해없음,화물,0,56,부상신고,70.0,70.0
11536,2021022700100130,11,토요일,수원광명,경기도,경상사고,0,0,1,0,차대차 - 추돌,안전운전불이행,-,맑음,단일로 - 기타,승용,1,36,상해없음,승용,1,31,경상,30.0,30.0
11537,2021022700100392,18,토요일,수원광명,경기도,경상사고,0,0,1,1,차대차 - 추돌,안전운전불이행,-,맑음,단일로 - 터널,화물,0,58,상해없음,승용,0,65,부상신고,50.0,50.0
11538,2021030300100509,22,수요일,수원광명,경기도,경상사고,0,0,1,0,차대차 - 기타,안전운전불이행,-,맑음,기타 - 기타,승용,0,31,상해없음,승용,0,39,경상,,
11539,2021031300100332,16,토요일,수원광명,경기도,경상사고,0,0,1,0,차대차 - 추돌,안전운전불이행,-,맑음,기타 - 기타,승용,0,51,상해없음,승용,1,27,경상,,
11540,2021041600100556,22,금요일,수원광명,경기도,경상사고,0,0,2,0,차대차 - 측면충돌,안전운전불이행,-,맑음,단일로 - 기타,승용,0,28,상해없음,승용,0,31,경상,20.0,20.0
11541,2021042300100082,8,금요일,수원광명,경기도,경상사고,0,0,1,0,차대차 - 측면충돌,안전거리미확보,-,맑음,기타 - 기타,승용,0,33,상해없음,승용,1,30,경상,30.0,30.0
11542,2021050400100218,13,화요일,수원광명,경기도,경상사고,0,0,3,0,차대차 - 추돌,안전운전불이행,-,흐림,단일로 - 터널,승용,0,0,상해없음,승용,0,50,경상,20.0,20.0
11543,2021050400100374,17,화요일,수원광명,경기도,경상사고,0,0,1,0,차대차 - 추돌,안전운전불이행,-,맑음,단일로 - 기타,승용,0,26,상해없음,승용,0,31,경상,20.0,20.0
11544,2021050600100412,18,목요일,수원광명,경기도,경상사고,0,0,2,0,차대차 - 측면충돌,신호위반,-,맑음,단일로 - 터널,화물,0,58,상해없음,승용,0,50,경상,50.0,50.0
11545,2021050700100564,21,금요일,수원광명,경기도,경상사고,0,0,1,0,차대차 - 측면충돌,안전거리미확보,-,맑음,단일로 - 기타,기타불명,2,0,기타불명,승용,1,21,경상,20.0,20.0
11546,2021051100100220,11,화요일,수원광명,경기도,경상사고,0,0,6,0,차대차 - 기타,안전운전불이행,-,맑음,단일로 - 기타,승용,0,47,상해없음,승용,1,47,경상,40.0,40.0
11547,2021052000100343,17,목요일,수원광명,경기도,중상사고,0,1,0,0,차대차 - 추돌,안전운전불이행,-,맑음,단일로 - 기타,승용,0,26,중상,승용,0,35,상해없음,20.0,20.0
11548,2021060400100657,22,금요일,수원광명,경기도,경상사고,0,0,2,0,차대차 - 추돌,안전운전불이행,-,흐림,단일로 - 기타,승용,0,50,상해없음,승용,1,47,경상,40.0,40.0
11549,2021060800100188,11,화요일,수원광명,경기도,경상사고,0,0,1,0,차대차 - 추돌,안전운전불이행,-,맑음,기타 - 기타,승용,0,71,상해없음,화물,0,27,경상,70.0,70.0
11550,2021062300100401,18,수요일,수원광명,경기도,중상사고,0,1,1,0,차대차 - 추돌,안전운전불이행,-,맑음,단일로 - 터널,화물,0,55,상해없음,승용,0,34,경상,50.0,50.0
11551,2021073100100029,2,토요일,수원광명,경기도,사망사고,1,0,0,0,차대사람 - 기타,안전운전불이행,-,비,단일로 - 기타,승용,0,20,상해없음,보행자,0,44,사망,20.0,20.0
11552,2021081400100232,14,토요일,수원광명,경기도,경상사고,0,0,1,0,차대차 - 추돌,안전운전불이행,-,맑음,단일로 - 기타,승합,0,30,상해없음,승용,0,59,경상,20.0,20.0
11553,2021081700100442,18,화요일,수원광명,경기도,중상사고,0,2,0,0,차대차 - 측면충돌,신호위반,-,맑음,단일로 - 기타,화물,0,38,상해없음,승용,0,53,중상,30.0,30.0
11554,2021090200100134,10,목요일,수원광명,경기도,중상사고,0,2,0,0,차대차 - 기타,안전운전불이행,-,맑음,단일로 - 기타,화물,0,58,상해없음,승용,0,42,중상,50.0,50.0
11555,2021090700100412,18,화요일,수원광명,경기도,경상사고,0,0,1,0,차대차 - 기타,안전운전불이행,-,맑음,기타 - 기타,화물,0,44,상해없음,승용,0,24,경상,40.0,40.0
11556,2021090900100152,10,목요일,수원광명,경기도,경상사고,0,0,3,0,차대차 - 기타,안전거리미확보,-,맑음,단일로 - 기타,승용,1,37,경상,승용,0,31,경상,30.0,30.0
11557,2021092300100287,14,목요일,수원광명,경기도,경상사고,0,0,4,0,차대차 - 추돌,안전운전불이행,-,맑음,단일로 - 기타,화물,0,35,상해없음,승용,1,32,경상,30.0,30.0
11558,2021100100100450,17,금요일,수원광명,경기도,경상사고,0,0,1,0,차대차 - 기타,신호위반,-,맑음,단일로 - 기타,승용,0,29,상해없음,승용,0,38,경상,20.0,20.0
11559,2021101800100375,15,월요일,수원광명,경기도,경상사고,0,0,1,3,차대차 - 측면충돌,안전거리미확보,-,맑음,단일로 - 기타,승용,0,64,부상신고,화물,0,45,부상신고,60.0,60.0
11560,2021102100100028,3,목요일,수원광명,경기도,경상사고,0,0,1,0,차대차 - 추돌,안전운전불이행,-,맑음,단일로 - 터널,승용,1,51,상해없음,승용,0,51,경상,,
11561,2021111600100192,10,화요일,수원광명,경기도,경상사고,0,0,1,0,차대차 - 기타,차로위반,-,맑음,단일로 - 기타,승용,0,47,기타불명,승용,0,38,경상,40.0,40.0
11562,2021111800100454,18,목요일,수원광명,경기도,중상사고,0,1,0,3,차대차 - 추돌,안전운전불이행,-,맑음,단일로 - 기타,승용,1,35,상해없음,화물,0,61,부상신고,30.0,30.0
11563,2021120500100106,10,일요일,수원광명,경기도,부상신고사고,0,0,0,1,차량단독 - 전도전복 - 전복,안전운전불이행,-,맑음,단일로 - 터널,승용,0,50,부상신고,기타불명,2,0,기타불명,40.0,40.0
11564,2021120800100198,11,수요일,수원광명,경기도,경상사고,0,0,1,0,차대차 - 추돌,안전운전불이행,-,맑음,단일로 - 터널,승용,0,56,상해없음,승용,0,36,경상,50.0,50.0
11565,2021121300100384,16,월요일,수원광명,경기도,경상사고,0,0,2,0,차대차 - 추돌,안전운전불이행,-,맑음,단일로 - 기타,기타불명,2,0,기타불명,승용,0,37,경상,20.0,20.0
11566,2019010800100448,19,화요일,수도권제2순환,경기도,경상사고,0,0,2,0,차대차 - 추돌,안전운전불이행,포장 - 건조,맑음,단일로 - 기타,승용,0,52,상해없음,승용,0,37,경상,50.0,50.0
11567,2019012500100406,17,금요일,수도권제2순환,경기도,경상사고,0,0,1,1,차대차 - 기타,안전운전불이행,포장 - 건조,맑음,단일로 - 기타,화물,0,60,경상,승용,0,44,부상신고,50.0,50.0
11568,2019012900100564,21,화요일,수도권제2순환,경기도,경상사고,0,0,2,0,차대차 - 추돌,안전운전불이행,포장 - 건조,맑음,단일로 - 기타,승용,0,41,상해없음,승용,0,44,경상,,
11569,2019020100100698,22,금요일,수도권제2순환,경기도,경상사고,0,0,1,0,차대차 - 추돌,안전운전불이행,포장 - 건조,맑음,단일로 - 기타,승용,0,28,상해없음,승용,0,29,경상,20.0,20.0
11570,2019021200100523,23,화요일,수도권제2순환,경기도,사망사고,1,0,0,0,차량단독 - 공작물충돌,안전운전불이행,포장 - 건조,맑음,단일로 - 기타,승용,1,35,사망,기타불명,2,0,기타불명,30.0,30.0
11571,2019022300100355,14,토요일,수도권제2순환,인천광역시,경상사고,0,0,1,0,차대차 - 추돌,안전거리미확보,포장 - 건조,맑음,단일로 - 터널,승용,0,50,상해없음,승용,0,65,경상,40.0,40.0
11572,2019022700100473,19,수요일,수도권제2순환,경기도,중상사고,0,1,2,0,차대차 - 측면충돌,안전운전불이행,포장 - 건조,맑음,단일로 - 기타,승용,0,30,상해없음,승용,0,57,경상,20.0,20.0
11573,2019022800100544,20,목요일,수도권제2순환,경기도,경상사고,0,0,1,0,차대차 - 측면충돌,안전거리미확보,포장 - 건조,맑음,단일로 - 기타,승용,1,34,상해없음,승용,1,34,경상,30.0,30.0
11574,2019030300100254,17,일요일,수도권제2순환,경기도,부상신고사고,0,0,0,1,차대차 - 측면충돌,안전거리미확보,포장 - 건조,맑음,단일로 - 기타,승용,0,34,상해없음,승용,1,57,부상신고,30.0,30.0
11575,2019041700100133,8,수요일,수도권제2순환,경기도,경상사고,0,0,1,0,차대차 - 측면충돌,안전거리미확보,포장 - 건조,맑음,단일로 - 기타,승용,0,60,상해없음,승용,0,45,경상,50.0,50.0
11576,2019042900100413,16,월요일,수도권제2순환,경기도,경상사고,0,0,1,0,차대차 - 기타,신호위반,포장 - 젖음/습기,흐림,단일로 - 기타,승용,0,72,상해없음,승합,0,34,경상,70.0,70.0
11577,2019050300100580,18,금요일,수도권제2순환,경기도,경상사고,0,0,1,0,차대차 - 추돌,안전운전불이행,포장 - 건조,맑음,단일로 - 기타,승용,1,49,상해없음,승용,0,50,경상,40.0,40.0
11578,2019060700100345,14,금요일,수도권제2순환,경기도,경상사고,0,0,7,0,차대차 - 추돌,안전운전불이행,포장 - 건조,맑음,단일로 - 기타,승용,0,20,상해없음,승합,0,40,경상,20.0,20.0
11579,2019062200100516,17,토요일,수도권제2순환,경기도,중상사고,0,1,0,0,차대차 - 추돌,안전운전불이행,포장 - 건조,맑음,단일로 - 기타,승용,0,62,상해없음,승용,1,31,중상,60.0,60.0
11580,2019062600100423,16,수요일,수도권제2순환,경기도,경상사고,0,0,1,0,차대차 - 측면충돌,안전거리미확보,포장 - 건조,맑음,단일로 - 기타,승용,0,27,상해없음,승용,0,28,경상,20.0,20.0
11581,2019063000100355,18,일요일,수도권제2순환,경기도,부상신고사고,0,0,0,1,차대차 - 기타,안전거리미확보,포장 - 건조,맑음,단일로 - 기타,승용,0,57,상해없음,승용,0,45,부상신고,50.0,50.0
11582,2019070100100477,17,월요일,수도권제2순환,경기도,경상사고,0,0,1,0,차대차 - 측면충돌,안전운전불이행,포장 - 건조,맑음,단일로 - 기타,승용,0,55,상해없음,승용,0,35,경상,50.0,50.0
11583,2019070200100197,9,화요일,수도권제2순환,인천광역시,중상사고,0,2,2,0,차대차 - 추돌,안전운전불이행,포장 - 건조,맑음,단일로 - 터널,화물,0,58,상해없음,승용,0,37,중상,50.0,50.0
11584,2019070500100402,15,금요일,수도권제2순환,인천광역시,경상사고,0,0,1,0,차대차 - 측면충돌,차로위반,포장 - 건조,맑음,단일로 - 터널,승합,0,22,상해없음,승용,0,38,경상,20.0,20.0
11585,2019070800100485,18,월요일,수도권제2순환,경기도,중상사고,0,1,0,0,차대차 - 추돌,안전운전불이행,포장 - 건조,맑음,단일로 - 기타,화물,0,44,상해없음,화물,0,74,중상,40.0,40.0
11586,2019072300100197,10,화요일,수도권제2순환,경기도,경상사고,0,0,1,0,차대차 - 측면충돌,차로위반,포장 - 건조,맑음,단일로 - 기타,승용,0,68,상해없음,승용,1,36,경상,60.0,60.0
11587,2019072400100424,16,수요일,수도권제2순환,경기도,경상사고,0,0,7,0,차대차 - 기타,안전운전불이행,포장 - 건조,맑음,단일로 - 기타,승용,0,75,상해없음,승용,0,29,경상,70.0,70.0
11588,2019072400100473,17,수요일,수도권제2순환,경기도,경상사고,0,0,1,0,차대차 - 추돌,안전운전불이행,포장 - 건조,맑음,단일로 - 기타,승용,0,60,상해없음,화물,0,64,경상,50.0,50.0
11589,2019072600100074,5,금요일,수도권제2순환,경기도,중상사고,0,1,0,0,차대차 - 기타,안전운전불이행,포장 - 젖음/습기,비,단일로 - 기타,승용,0,36,상해없음,승합,0,44,중상,30.0,30.0
11590,2019080100100053,2,목요일,수도권제2순환,경기도,부상신고사고,0,0,0,1,차량단독 - 기타,안전운전불이행,포장 - 젖음/습기,비,단일로 - 기타,승용,0,24,부상신고,기타불명,2,0,기타불명,20.0,20.0
11591,2019080900100120,7,금요일,수도권제2순환,경기도,경상사고,0,0,1,0,차대차 - 추돌,안전운전불이행,포장 - 건조,맑음,단일로 - 터널,화물,0,27,상해없음,승용,0,40,경상,20.0,20.0
11592,2019081100100190,12,일요일,수도권제2순환,경기도,경상사고,0,0,1,0,차대차 - 기타,안전운전불이행,포장 - 건조,맑음,단일로 - 기타,승용,0,47,상해없음,승용,0,61,경상,40.0,40.0
11593,2019081800100144,10,일요일,수도권제2순환,경기도,부상신고사고,0,0,0,3,차대차 - 측면충돌,안전운전불이행,포장 - 건조,맑음,단일로 - 기타,승합,0,38,상해없음,승용,0,48,부상신고,30.0,30.0
11594,2019082900100413,17,목요일,수도권제2순환,경기도,경상사고,0,0,2,0,차대차 - 추돌,안전운전불이행,포장 - 건조,맑음,단일로 - 기타,승용,0,52,상해없음,승용,0,55,경상,50.0,50.0
11595,2019091100100109,5,수요일,수도권제2순환,경기도,중상사고,0,1,0,0,차대차 - 기타,안전운전불이행,포장 - 젖음/습기,비,단일로 - 기타,승용,1,38,상해없음,화물,0,43,중상,30.0,30.0
11596,2019100100100350,14,화요일,수도권제2순환,경기도,경상사고,0,0,1,0,차대차 - 측면충돌,안전운전불이행,포장 - 건조,맑음,단일로 - 기타,승용,0,39,상해없음,화물,0,56,경상,30.0,30.0
11597,2019101700100519,18,목요일,수도권제2순환,경기도,경상사고,0,0,1,0,차대차 - 기타,안전거리미확보,포장 - 건조,맑음,단일로 - 기타,승용,1,39,상해없음,승용,1,45,경상,30.0,30.0
11598,2019102900100362,14,화요일,수도권제2순환,경기도,경상사고,0,0,1,0,차대차 - 기타,안전거리미확보,포장 - 건조,맑음,단일로 - 기타,화물,0,45,상해없음,승용,0,27,경상,40.0,40.0
11599,2019111300100395,16,수요일,수도권제2순환,경기도,경상사고,0,0,1,0,차대차 - 기타,안전운전불이행,포장 - 젖음/습기,비,단일로 - 기타,승용,0,61,상해없음,승용,0,29,경상,,
11600,2019112200100279,11,금요일,수도권제2순환,경기도,경상사고,0,0,1,1,차대차 - 기타,안전거리미확보,포장 - 건조,맑음,단일로 - 기타,승용,1,48,부상신고,승용,0,29,경상,40.0,40.0
11601,2019112800100245,11,목요일,수도권제2순환,경기도,경상사고,0,0,1,1,차대차 - 추돌,안전운전불이행,포장 - 건조,맑음,단일로 - 지하차도(도로)내,화물,0,43,부상신고,승용,0,31,경상,40.0,40.0
11602,2019121000100229,10,화요일,수도권제2순환,경기도,중상사고,0,2,2,0,차대차 - 추돌,안전운전불이행,포장 - 젖음/습기,흐림,단일로 - 기타,승용,0,27,상해없음,승용,0,30,중상,20.0,20.0
11603,2019121600100107,7,월요일,수도권제2순환,경기도,사망사고,1,1,0,0,차대차 - 기타,안전운전불이행,포장 - 건조,맑음,단일로 - 기타,화물,0,32,사망,화물,0,50,중상,30.0,30.0
11604,2019121900100201,10,목요일,수도권제2순환,경기도,경상사고,0,0,1,0,차대차 - 측면충돌,안전운전불이행,포장 - 건조,맑음,단일로 - 기타,승용,0,63,상해없음,화물,0,43,경상,60.0,60.0
11605,2019122300100135,8,월요일,수도권제2순환,경기도,경상사고,0,0,1,0,차대차 - 측면충돌,안전거리미확보,포장 - 건조,흐림,단일로 - 기타,승합,0,48,기타불명,승용,0,40,경상,40.0,40.0
11606,2019123100100556,20,화요일,수도권제2순환,경기도,경상사고,0,0,1,1,차대차 - 기타,안전거리미확보,포장 - 건조,맑음,단일로 - 기타,승용,0,53,상해없음,특수,0,58,경상,50.0,50.0
11607,2020012100100570,18,화요일,수도권제2순환,경기도,경상사고,0,0,3,0,차대차 - 추돌,안전운전불이행,포장 - 건조,맑음,단일로 - 기타,승용,0,78,상해없음,승용,0,21,경상,70.0,70.0
11608,2020013100100329,16,금요일,수도권제2순환,경기도,경상사고,0,0,1,1,차대차 - 기타,안전운전불이행,포장 - 건조,맑음,단일로 - 기타,승용,0,71,상해없음,승용,0,41,경상,70.0,70.0
11609,2020022300100327,21,일요일,수도권제2순환,경기도,경상사고,0,0,1,0,차대차 - 기타,안전거리미확보,포장 - 건조,맑음,단일로 - 기타,승용,0,61,상해없음,화물,0,36,상해없음,,
11610,2020030500100368,18,목요일,수도권제2순환,경기도,중상사고,0,1,0,0,차대사람 - 기타,안전운전불이행,포장 - 건조,맑음,단일로 - 기타,화물,0,37,상해없음,보행자,0,45,중상,30.0,30.0
11611,2020031100100189,12,수요일,수도권제2순환,경기도,경상사고,0,0,5,0,차대차 - 추돌,안전거리미확보,포장 - 건조,맑음,기타 - 기타,승용,0,42,상해없음,승용,0,20,경상,40.0,40.0
11612,2020031500100157,14,일요일,수도권제2순환,경기도,경상사고,0,0,2,0,차대차 - 측면충돌,안전거리미확보,포장 - 건조,맑음,단일로 - 기타,승용,1,44,상해없음,승합,0,60,경상,40.0,40.0
11613,2020032000100371,16,금요일,수도권제2순환,경기도,경상사고,0,0,1,0,차대차 - 기타,안전운전불이행,포장 - 건조,맑음,단일로 - 기타,승용,0,50,상해없음,승용,1,28,경상,40.0,40.0
11614,2020032400100133,9,화요일,수도권제2순환,인천광역시,부상신고사고,0,0,0,1,차대차 - 추돌,안전거리미확보,포장 - 건조,맑음,단일로 - 터널,화물,0,62,상해없음,승용,0,40,부상신고,60.0,60.0
11615,2020040300100459,19,금요일,수도권제2순환,경기도,중상사고,0,1,0,0,차대차 - 측면충돌,안전거리미확보,포장 - 건조,맑음,단일로 - 기타,특수,0,44,상해없음,승용,1,47,중상,40.0,40.0
11616,2020040400100413,17,토요일,수도권제2순환,경기도,중상사고,0,1,0,0,차대차 - 측면충돌,안전거리미확보,포장 - 건조,맑음,단일로 - 기타,화물,0,42,상해없음,승용,0,61,중상,40.0,40.0
11617,2020040600100092,8,월요일,수도권제2순환,경기도,경상사고,0,0,1,0,차대차 - 추돌,안전운전불이행,포장 - 건조,맑음,단일로 - 기타,화물,0,26,상해없음,승용,1,49,경상,20.0,20.0
11618,2020042400100524,19,금요일,수도권제2순환,경기도,경상사고,0,0,1,0,차대차 - 측면충돌,안전운전불이행,포장 - 건조,맑음,단일로 - 기타,승용,0,49,상해없음,승용,0,34,경상,40.0,40.0
11619,2020050300100430,23,일요일,수도권제2순환,경기도,경상사고,0,0,2,0,차대차 - 측면충돌,안전운전불이행,포장 - 건조,맑음,단일로 - 기타,승용,0,14,상해없음,화물,0,61,경상,20.0,20.0
11620,2020051400100148,10,목요일,수도권제2순환,경기도,중상사고,0,1,0,0,차대차 - 측면충돌,안전거리미확보,포장 - 건조,맑음,단일로 - 기타,화물,0,39,상해없음,승용,1,51,중상,30.0,30.0
11621,2020051400100276,13,목요일,수도권제2순환,경기도,경상사고,0,0,1,3,차대차 - 측면충돌,과속,포장 - 건조,맑음,단일로 - 기타,승용,0,24,부상신고,화물,0,50,경상,20.0,20.0
11622,2020051800100520,19,월요일,수도권제2순환,경기도,경상사고,0,0,2,0,차대차 - 기타,안전거리미확보,포장 - 젖음/습기,비,단일로 - 기타,화물,0,61,경상,승용,0,27,경상,,
11623,2020052000100558,18,수요일,수도권제2순환,인천광역시,경상사고,0,0,1,0,차대차 - 측면충돌,안전거리미확보,포장 - 건조,맑음,단일로 - 기타,승합,0,30,상해없음,승용,0,64,경상,20.0,20.0
11624,2020070400100474,17,토요일,수도권제2순환,인천광역시,경상사고,0,0,2,0,차대차 - 측면충돌,안전거리미확보,포장 - 건조,맑음,단일로 - 기타,승용,0,31,상해없음,승용,0,39,경상,,
11625,2020070900100175,10,목요일,수도권제2순환,경기도,경상사고,0,0,2,0,차대차 - 기타,안전운전불이행,포장 - 건조,맑음,기타 - 기타,화물,0,48,상해없음,승용,0,50,경상,40.0,40.0
11626,2020072200100124,8,수요일,수도권제2순환,경기도,중상사고,0,1,0,0,차대차 - 측면충돌,안전운전불이행,포장 - 젖음/습기,비,단일로 - 기타,승용,0,56,상해없음,승용,0,50,중상,50.0,50.0
11627,2020072500100246,12,토요일,수도권제2순환,경기도,경상사고,0,0,3,0,차대차 - 추돌,안전거리미확보,포장 - 건조,맑음,단일로 - 기타,승용,0,23,상해없음,승용,0,38,경상,20.0,20.0
11628,2020072500100573,21,토요일,수도권제2순환,경기도,경상사고,0,0,2,0,차대차 - 기타,안전거리미확보,포장 - 건조,맑음,단일로 - 기타,승용,1,40,상해없음,승용,0,30,경상,30.0,30.0
11629,2020072600100222,14,일요일,수도권제2순환,경기도,경상사고,0,0,1,0,차대차 - 기타,안전거리미확보,포장 - 건조,맑음,단일로 - 기타,승용,1,25,경상,승용,0,53,상해없음,20.0,20.0
11630,2020080100100080,5,토요일,수도권제2순환,인천광역시,중상사고,0,1,0,0,차대차 - 정면충돌,중앙선침범,포장 - 젖음/습기,흐림,단일로 - 기타,승용,0,49,상해없음,승용,0,36,중상,40.0,40.0
11631,2020082200100005,0,토요일,수도권제2순환,경기도,부상신고사고,0,0,0,1,차대차 - 기타,안전거리미확보,포장 - 건조,맑음,단일로 - 기타,승용,0,28,기타불명,승용,0,37,부상신고,20.0,20.0
11632,2020091600100397,17,수요일,수도권제2순환,인천광역시,경상사고,0,0,1,0,차대차 - 추돌,안전운전불이행,포장 - 건조,맑음,단일로 - 기타,화물,0,62,상해없음,승용,1,32,경상,60.0,60.0
11633,2020102100100252,12,수요일,수도권제2순환,경기도,경상사고,0,0,1,0,차대차 - 기타,기타,포장 - 건조,맑음,단일로 - 기타,화물,0,65,기타불명,승용,0,51,상해없음,60.0,60.0
11634,2020110600100580,21,금요일,수도권제2순환,경기도,경상사고,0,0,1,0,차대차 - 측면충돌,과속,포장 - 건조,맑음,단일로 - 기타,승용,0,57,상해없음,승용,0,49,경상,50.0,50.0
11635,2020111100100727,22,수요일,수도권제2순환,경기도,경상사고,0,0,1,0,차대차 - 측면충돌,안전운전불이행,포장 - 건조,맑음,단일로 - 기타,승용,0,31,경상,특수,0,49,상해없음,,
11636,2020111900100377,14,목요일,수도권제2순환,경기도,경상사고,0,0,1,0,차대차 - 측면충돌,안전운전불이행,포장 - 건조,맑음,단일로 - 기타,화물,0,35,상해없음,승용,0,39,경상,30.0,30.0
11637,2020112300100489,18,월요일,수도권제2순환,경기도,경상사고,0,0,1,0,차대차 - 측면충돌,안전운전불이행,포장 - 건조,맑음,단일로 - 기타,승용,0,48,상해없음,승용,0,38,경상,40.0,40.0
11638,2020112400100133,9,화요일,수도권제2순환,인천광역시,경상사고,0,0,1,0,차대차 - 측면충돌,안전거리미확보,포장 - 건조,맑음,단일로 - 터널,승용,0,32,상해없음,화물,0,68,상해없음,30.0,30.0
11639,2020112700100248,14,금요일,수도권제2순환,경기도,경상사고,0,0,1,0,차대차 - 기타,안전운전불이행,포장 - 건조,맑음,단일로 - 기타,승용,0,53,상해없음,승용,0,23,경상,50.0,50.0
11640,2020112700100447,18,금요일,수도권제2순환,경기도,경상사고,0,0,1,0,차대차 - 기타,안전운전불이행,포장 - 건조,맑음,단일로 - 기타,승합,0,47,상해없음,화물,0,62,경상,40.0,40.0
11641,2020120200100115,9,수요일,수도권제2순환,인천광역시,경상사고,0,0,1,0,차대차 - 추돌,안전거리미확보,포장 - 건조,맑음,단일로 - 터널,화물,0,56,상해없음,승용,1,33,경상,50.0,50.0
11642,2020120400100478,18,금요일,수도권제2순환,경기도,경상사고,0,0,1,0,차대차 - 추돌,안전운전불이행,포장 - 건조,맑음,단일로 - 기타,승용,0,61,상해없음,승용,1,51,경상,,
11643,2020120600100243,15,일요일,수도권제2순환,인천광역시,중상사고,0,1,0,0,차대차 - 추돌,안전운전불이행,포장 - 건조,맑음,단일로 - 기타,승용,0,60,상해없음,승용,0,33,중상,50.0,50.0
11644,2020121200100449,20,토요일,수도권제2순환,인천광역시,중상사고,0,1,0,0,차대차 - 추돌,안전운전불이행,포장 - 건조,맑음,단일로 - 기타,승용,0,46,상해없음,승용,0,53,중상,40.0,40.0
11645,2020121900100301,16,토요일,수도권제2순환,경기도,경상사고,0,0,2,0,차대차 - 측면충돌,안전거리미확보,포장 - 건조,맑음,단일로 - 기타,승용,1,58,상해없음,승용,0,37,경상,50.0,50.0
11646,2020122400100395,17,목요일,수도권제2순환,경기도,경상사고,0,0,1,0,차대차 - 기타,과속,포장 - 건조,맑음,기타 - 기타,승용,0,19,경상,승용,0,71,상해없음,20.0,20.0
11647,2020122600100173,14,토요일,수도권제2순환,경기도,부상신고사고,0,0,0,2,차대차 - 기타,안전거리미확보,포장 - 건조,맑음,기타 - 기타,승용,0,36,부상신고,화물,0,47,부상신고,30.0,30.0
11648,2021010100100021,2,금요일,수도권제2순환,경기도,경상사고,0,0,3,0,차대차 - 측면충돌,기타,-,맑음,단일로 - 기타,승용,0,35,상해없음,승용,0,56,경상,30.0,30.0
11649,2021010200100360,20,토요일,수도권제2순환,경기도,중상사고,0,1,0,0,차량단독 - 공작물충돌,안전운전불이행,-,맑음,단일로 - 기타,화물,0,41,중상,기타불명,2,0,기타불명,,
11650,2021010900100470,22,토요일,수도권제2순환,경기도,경상사고,0,0,1,0,차대차 - 추돌,안전운전불이행,-,맑음,단일로 - 기타,승용,0,47,상해없음,화물,0,27,경상,40.0,40.0
11651,2021011000100325,21,일요일,수도권제2순환,경기도,중상사고,0,1,0,1,차대차 - 추돌,안전운전불이행,-,맑음,단일로 - 기타,승용,0,58,상해없음,승용,0,35,부상신고,50.0,50.0
11652,2021011200100237,14,화요일,수도권제2순환,인천광역시,부상신고사고,0,0,0,1,차대차 - 추돌,안전운전불이행,-,맑음,단일로 - 지하차도(도로)내,화물,0,64,부상신고,화물,0,46,상해없음,60.0,60.0
11653,2021013100100008,0,일요일,수도권제2순환,경기도,경상사고,0,0,2,0,차대차 - 측면충돌,안전거리미확보,-,맑음,단일로 - 기타,승용,0,35,상해없음,승용,0,37,경상,30.0,30.0
11654,2021021100100132,13,목요일,수도권제2순환,경기도,중상사고,0,1,2,0,차대차 - 추돌,안전운전불이행,-,맑음,기타 - 기타,승용,1,37,상해없음,승용,0,64,경상,30.0,30.0
11655,2021022500100161,12,목요일,수도권제2순환,인천광역시,경상사고,0,0,1,0,차대차 - 기타,기타,-,맑음,단일로 - 기타,승용,0,34,상해없음,특수,0,60,경상,30.0,30.0
11656,2021022500100233,14,목요일,수도권제2순환,인천광역시,경상사고,0,0,1,0,차대차 - 측면충돌,안전운전불이행,-,맑음,단일로 - 터널,건설기계,0,68,상해없음,승용,0,56,경상,60.0,60.0
11657,2021022500100533,23,목요일,수도권제2순환,경기도,경상사고,0,0,1,0,차대차 - 기타,과속,-,맑음,단일로 - 기타,승용,0,28,상해없음,승용,0,32,경상,20.0,20.0
11658,2021022600100363,16,금요일,수도권제2순환,경기도,경상사고,0,0,1,0,차대차 - 기타,기타,-,맑음,단일로 - 기타,화물,0,50,상해없음,승용,0,47,경상,40.0,40.0
11659,2021022600100610,23,금요일,수도권제2순환,경기도,경상사고,0,0,1,0,차대차 - 추돌,안전거리미확보,-,맑음,단일로 - 기타,승용,0,40,상해없음,승용,0,28,경상,30.0,30.0
11660,2021030500100335,15,금요일,수도권제2순환,인천광역시,사망사고,1,0,2,0,차대차 - 추돌,안전운전불이행,-,맑음,단일로 - 터널,화물,0,37,상해없음,화물,0,50,경상,30.0,30.0