,사고번호,사고일시,요일,도로종류,시군구,사고내용,사망자수,중상자수,경상자수,부상신고자수,사고유형,법규위반,노면상태,기상상태,도로형태,가해운전자 차종,가해운전자 성별,가해운전자 연령,가해운전자 상해정도,피해운전자 차종,피해운전자 성별,피해운전자 연령,피해운전자 상해정도,연령대,가해연령대
11789,2019022800100080,6,목요일,수도권제1순환,경기도,경상사고,0,0,1,1,차대차 - 추돌,안전운전불이행,포장 - 건조,맑음,단일로 - 기타,승용,0,39,부상신고,화물,0,55,경상,30.0,30.0
11790,2019030200100322,17,토요일,수도권제1순환,경기도,경상사고,0,0,1,0,차대차 - 측면충돌,안전운전불이행,포장 - 건조,맑음,단일로 - 기타,화물,0,28,상해없음,승용,0,59,경상,20.0,20.0
11791,2019030300100156,13,일요일,수도권제1순환,경기도,경상사고,0,0,2,0,차대차 - 측면충돌,안전거리미확보,포장 - 건조,맑음,단일로 - 기타,승용,0,28,상해없음,승용,0,32,경상,20.0,20.0
11792,2019030500100416,18,화요일,수도권제1순환,인천광역시,경상사고,0,0,1,0,차대차 - 측면충돌,안전거리미확보,포장 - 건조,맑음,단일로 - 교량,승합,0,54,상해없음,승용,0,60,경상,50.0,50.0
11793,2019030600100080,6,수요일,수도권제1순환,인천광역시,경상사고,0,0,1,0,차대차 - 추돌,안전거리미확보,포장 - 건조,흐림,단일로 - 기타,승용,0,43,상해없음,승용,0,48,경상,40.0,40.0
11794,2019030700100074,5,목요일,수도권제1순환,경기도,경상사고,0,0,1,0,차대차 - 추돌,안전운전불이행,포장 - 건조,흐림,단일로 - 교량,화물,0,46,상해없음,화물,0,53,경상,40.0,40.0
11795,2019030700100621,23,목요일,수도권제1순환,경기도,경상사고,0,0,2,0,차대차 - 추돌,안전운전불이행,포장 - 건조,맑음,단일로 - 기타,화물,0,44,상해없음,화물,0,45,상해없음,40.0,40.0
11796,2019030800100110,7,금요일,수도권제1순환,경기도,중상사고,0,2,2,0,차대차 - 추돌,안전거리미확보,포장 - 건조,맑음,단일로 - 교량,승용,0,45,상해없음,화물,0,47,경상,40.0,40.0
11797,2019030800100361,13,금요일,수도권제1순환,경기도,경상사고,0,0,1,0,차대차 - 측면충돌,안전거리미확보,포장 - 건조,맑음,단일로 - 교량,승용,1,57,상해없음,승용,0,59,상해없음,50.0,50.0
11798,2019030800100412,15,금요일,수도권제1순환,경기도,경상사고,0,0,3,0,차대차 - 추돌,안전운전불이행,포장 - 건조,맑음,단일로 - 기타,승용,0,57,상해없음,승용,0,40,경상,50.0,50.0
11799,2019030800100450,16,금요일,수도권제1순환,서울특별시,경상사고,0,0,1,0,차대차 - 측면충돌,안전운전불이행,포장 - 건조,맑음,단일로 - 기타,화물,0,53,상해없음,승용,0,36,경상,50.0,50.0
11800,2019030800100622,19,금요일,수도권제1순환,인천광역시,경상사고,0,0,1,0,차대차 - 측면충돌,안전거리미확보,포장 - 건조,맑음,단일로 - 고가도로위,화물,0,66,상해없음,승용,1,57,경상,60.0,60.0
11801,2019030900100565,20,토요일,수도권제1순환,서울특별시,경상사고,0,0,1,0,차대차 - 추돌,안전운전불이행,포장 - 건조,맑음,단일로 - 기타,승용,0,47,상해없음,승용,1,43,경상,40.0,40.0
11802,2019031000100408,20,일요일,수도권제1순환,경기도,경상사고,0,0,3,0,차대차 - 기타,안전거리미확보,포장 - 건조,맑음,단일로 - 기타,승용,0,58,경상,화물,0,39,경상,50.0,50.0
11803,2019031400100077,6,목요일,수도권제1순환,경기도,부상신고사고,0,0,0,1,차대차 - 측면충돌,안전거리미확보,포장 - 건조,맑음,단일로 - 기타,기타불명,2,0,기타불명,승용,1,47,부상신고,20.0,20.0
11804,2019031500100091,6,금요일,수도권제1순환,경기도,중상사고,0,1,0,0,차대차 - 기타,기타,포장 - 건조,맑음,단일로 - 기타,기타불명,2,0,기타불명,화물,0,33,상해없음,20.0,20.0
11805,2019031500100102,7,금요일,수도권제1순환,경기도,중상사고,0,3,2,0,차대차 - 추돌,안전운전불이행,포장 - 건조,맑음,단일로 - 기타,화물,0,58,상해없음,화물,0,54,경상,50.0,50.0
11806,2019031500100507,18,금요일,수도권제1순환,경기도,경상사고,0,0,3,0,차대차 - 측면충돌,안전운전불이행,포장 - 젖음/습기,흐림,단일로 - 기타,화물,0,51,상해없음,승용,0,61,경상,,
11807,2019031500100535,18,금요일,수도권제1순환,경기도,경상사고,0,0,1,0,차대차 - 측면충돌,안전운전불이행,포장 - 건조,맑음,단일로 - 교량,화물,0,54,상해없음,화물,0,58,경상,50.0,50.0
11808,2019031600100032,0,토요일,수도권제1순환,경기도,경상사고,0,0,1,0,차량단독 - 공작물충돌,안전운전불이행,포장 - 젖음/습기,흐림,단일로 - 기타,승용,0,35,경상,기타불명,2,0,기타불명,30.0,30.0
11809,2019031600100317,13,토요일,수도권제1순환,경기도,경상사고,0,0,2,0,차대차 - 기타,기타,포장 - 건조,맑음,단일로 - 터널,기타불명,2,0,기타불명,승용,1,35,경상,20.0,20.0
11810,2019031700100159,10,일요일,수도권제1순환,인천광역시,경상사고,0,0,2,0,차대차 - 추돌,안전거리미확보,포장 - 건조,맑음,단일로 - 기타,승용,0,43,상해없음,승용,0,19,경상,40.0,40.0
11811,2019031700100255,13,일요일,수도권제1순환,경기도,중상사고,0,1,1,0,차대차 - 추돌,안전거리미확보,포장 - 건조,맑음,단일로 - 기타,승용,0,28,상해없음,승용,1,29,경상,20.0,20.0
11812,2019031700100276,14,일요일,수도권제1순환,서울특별시,경상사고,0,0,1,0,차대차 - 추돌,안전운전불이행,포장 - 건조,맑음,단일로 - 기타,승용,0,23,상해없음,승용,0,30,경상,20.0,20.0
11813,2019031800100279,13,월요일,수도권제1순환,경기도,사망사고,1,1,0,0,차대차 - 추돌,안전운전불이행,포장 - 건조,맑음,단일로 - 기타,화물,0,59,사망,특수,0,58,중상,50.0,50.0
11814,2019031900100207,11,화요일,수도권제1순환,서울특별시,경상사고,0,0,1,0,차대차 - 추돌,안전거리미확보,포장 - 건조,맑음,단일로 - 기타,화물,0,36,상해없음,승용,0,63,경상,30.0,30.0
11815,2019031900100535,22,화요일,수도권제1순환,경기도,중상사고,0,3,2,0,차대차 - 추돌,안전운전불이행,포장 - 건조,맑음,단일로 - 교량,승용,0,27,상해없음,승용,0,61,경상,20.0,20.0
11816,2019032000100108,7,수요일,수도권제1순환,경기도,중상사고,0,1,0,0,차대차 - 측면충돌,안전거리미확보,포장 - 건조,맑음,단일로 - 기타,건설기계,0,53,상해없음,승용,0,52,중상,50.0,50.0
11817,2019032000100294,13,수요일,수도권제1순환,경기도,중상사고,0,2,0,0,차대차 - 측면충돌,차로위반,포장 - 젖음/습기,비,단일로 - 교량,특수,0,44,상해없음,승용,1,49,중상,40.0,40.0
11818,2019032000100392,16,수요일,수도권제1순환,경기도,중상사고,0,1,1,0,차대차 - 측면충돌,안전운전불이행,포장 - 젖음/습기,비,단일로 - 기타,화물,0,56,상해없음,화물,0,36,경상,50.0,50.0
11819,2019032000100478,18,수요일,수도권제1순환,경기도,경상사고,0,0,1,0,차대차 - 측면충돌,안전거리미확보,포장 - 젖음/습기,비,단일로 - 기타,화물,0,55,상해없음,승용,1,31,경상,50.0,50.0
11820,2019032300100431,16,토요일,수도권제1순환,인천광역시,경상사고,0,0,2,0,차대차 - 측면충돌,안전거리미확보,포장 - 건조,맑음,단일로 - 기타,승용,0,49,경상,승용,0,53,경상,40.0,40.0
11821,2019032400100104,6,일요일,수도권제1순환,경기도,경상사고,0,0,2,0,차대차 - 기타,차로위반,포장 - 건조,맑음,단일로 - 기타,승용,0,28,상해없음,승합,0,37,상해없음,20.0,20.0
11822,2019032400100165,10,일요일,수도권제1순환,경기도,중상사고,0,1,2,0,차대차 - 측면충돌,안전거리미확보,포장 - 건조,맑음,단일로 - 기타,승용,0,54,상해없음,승용,0,33,경상,50.0,50.0
11823,2019032400100262,13,일요일,수도권제1순환,경기도,경상사고,0,0,1,0,차대차 - 추돌,안전거리미확보,포장 - 건조,맑음,단일로 - 교량,기타불명,2,0,기타불명,승용,0,68,상해없음,20.0,20.0
11824,2019032500100362,16,월요일,수도권제1순환,경기도,경상사고,0,0,1,0,차대차 - 측면충돌,안전운전불이행,포장 - 건조,맑음,단일로 - 기타,승용,1,65,상해없음,승용,0,63,경상,60.0,60.0
11825,2019032500100382,16,월요일,수도권제1순환,인천광역시,경상사고,0,0,1,0,차대차 - 측면충돌,안전거리미확보,포장 - 건조,맑음,단일로 - 기타,화물,0,32,상해없음,승용,0,26,경상,30.0,30.0
11826,2019032700100054,3,수요일,수도권제1순환,경기도,중상사고,0,1,0,0,차대차 - 기타,안전운전불이행,포장 - 건조,맑음,단일로 - 기타,승용,0,14,상해없음,승용,0,48,상해없음,20.0,20.0
11827,2019032800100124,8,목요일,수도권제1순환,경기도,경상사고,0,0,1,0,차대차 - 기타,안전운전불이행,포장 - 건조,맑음,단일로 - 기타,화물,0,51,상해없음,승용,1,28,경상,,
11828,2019032800100392,16,목요일,수도권제1순환,경기도,경상사고,0,0,1,0,차대차 - 추돌,안전거리미확보,포장 - 건조,맑음,단일로 - 기타,승용,0,45,상해없음,승용,0,34,경상,40.0,40.0
11829,2019032900100550,18,금요일,수도권제1순환,경기도,경상사고,0,0,2,0,차대차 - 추돌,안전운전불이행,포장 - 건조,맑음,단일로 - 기타,승용,0,44,상해없음,승용,0,29,경상,40.0,40.0
11830,2019040100100142,8,월요일,수도권제1순환,경기도,중상사고,0,1,1,3,차대차 - 추돌,안전운전불이행,포장 - 건조,맑음,단일로 - 기타,화물,0,41,상해없음,승용,0,22,부상신고,,
11831,2019040200100482,17,화요일,수도권제1순환,경기도,경상사고,0,0,1,0,차대차 - 측면충돌,안전거리미확보,포장 - 건조,맑음,단일로 - 기타,승용,0,62,상해없음,승용,0,57,경상,60.0,60.0
11832,2019040400100543,19,목요일,수도권제1순환,경기도,경상사고,0,0,2,0,차대차 - 추돌,안전운전불이행,포장 - 건조,맑음,단일로 - 기타,승용,0,18,상해없음,승용,1,44,경상,20.0,20.0
11833,2019040500100086,6,금요일,수도권제1순환,경기도,경상사고,0,0,1,0,차대차 - 추돌,안전운전불이행,포장 - 건조,맑음,단일로 - 터널,승용,0,29,상해없음,승합,0,58,경상,20.0,20.0
11834,2019040500100545,19,금요일,수도권제1순환,경기도,경상사고,0,0,1,0,차대차 - 측면충돌,안전거리미확보,포장 - 건조,맑음,단일로 - 기타,기타불명,2,0,기타불명,승용,1,28,경상,20.0,20.0
11835,2019040600100479,17,토요일,수도권제1순환,인천광역시,경상사고,0,0,3,0,차대차 - 추돌,안전운전불이행,포장 - 젖음/습기,흐림,단일로 - 기타,승용,0,20,상해없음,승용,0,38,상해없음,20.0,20.0
11836,2019040600100507,18,토요일,수도권제1순환,경기도,경상사고,0,0,1,0,차대차 - 측면충돌,차로위반,포장 - 건조,맑음,단일로 - 기타,승용,1,55,상해없음,승용,0,54,경상,50.0,50.0
11837,2019040600100619,22,토요일,수도권제1순환,경기도,경상사고,0,0,1,0,차대차 - 측면충돌,안전거리미확보,포장 - 건조,맑음,기타 - 기타,승용,0,27,상해없음,승용,0,57,경상,20.0,20.0
11838,2019040700100492,21,일요일,수도권제1순환,인천광역시,중상사고,0,1,1,0,차대차 - 추돌,안전거리미확보,포장 - 건조,맑음,단일로 - 교량,승용,0,26,상해없음,승용,1,64,경상,20.0,20.0
11839,2019041000100194,9,수요일,수도권제1순환,경기도,경상사고,0,0,2,0,차대차 - 측면충돌,안전거리미확보,포장 - 젖음/습기,비,단일로 - 기타,화물,0,46,상해없음,승용,0,40,경상,40.0,40.0
11840,2019041000100346,14,수요일,수도권제1순환,경기도,경상사고,0,0,1,0,차대차 - 측면충돌,안전거리미확보,포장 - 건조,맑음,단일로 - 기타,승용,0,37,상해없음,승용,1,53,경상,30.0,30.0
11841,2019041000100455,17,수요일,수도권제1순환,경기도,사망사고,1,0,2,0,차대차 - 기타,안전운전불이행,포장 - 건조,맑음,단일로 - 기타,화물,0,69,사망,승용,0,46,경상,60.0,60.0
11842,2019041100100126,7,목요일,수도권제1순환,인천광역시,경상사고,0,0,3,0,차대차 - 기타,기타,포장 - 건조,맑음,단일로 - 기타,특수,0,75,상해없음,승용,0,38,경상,70.0,70.0
11843,2019041100100369,16,목요일,수도권제1순환,경기도,경상사고,0,0,1,0,차대차 - 추돌,안전운전불이행,포장 - 건조,맑음,기타 - 기타,승용,0,35,상해없음,승용,0,62,경상,30.0,30.0
11844,2019041100100370,16,목요일,수도권제1순환,경기도,경상사고,0,0,1,1,차대차 - 기타,안전운전불이행,포장 - 건조,맑음,단일로 - 기타,승용,1,50,부상신고,승용,0,48,경상,40.0,40.0
11845,2019041100100510,20,목요일,수도권제1순환,서울특별시,중상사고,0,1,3,0,차대차 - 측면충돌,안전운전불이행,포장 - 건조,맑음,단일로 - 기타,화물,0,65,상해없음,승용,1,27,경상,60.0,60.0
11846,2019041200100352,15,금요일,수도권제1순환,경기도,경상사고,0,0,1,0,차대차 - 기타,안전거리미확보,포장 - 건조,맑음,기타 - 기타,승용,0,35,경상,화물,0,52,상해없음,30.0,30.0
11847,2019041200100560,19,금요일,수도권제1순환,경기도,경상사고,0,0,7,0,차대차 - 측면충돌,안전거리미확보,포장 - 건조,맑음,단일로 - 기타,승용,0,31,상해없음,승합,0,51,상해없음,,
11848,2019041300100140,7,토요일,수도권제1순환,경기도,경상사고,0,0,2,0,차대차 - 추돌,안전운전불이행,포장 - 건조,맑음,단일로 - 기타,화물,0,26,상해없음,화물,0,49,경상,20.0,20.0
11849,2019041300100374,14,토요일,수도권제1순환,서울특별시,경상사고,0,0,1,0,차대차 - 추돌,안전운전불이행,포장 - 건조,맑음,단일로 - 기타,화물,0,59,상해없음,승용,0,49,경상,50.0,50.0
11850,2019041300100644,21,토요일,수도권제1순환,경기도,경상사고,0,0,1,0,차대차 - 기타,안전거리미확보,포장 - 건조,맑음,단일로 - 기타,승용,1,29,상해없음,승용,0,61,경상,20.0,20.0
11851,2019041400100118,9,일요일,수도권제1순환,경기도,경상사고,0,0,1,0,차대차 - 측면충돌,안전거리미확보,포장 - 건조,맑음,단일로 - 기타,승용,0,26,상해없음,승용,0,74,경상,20.0,20.0
11852,2019041500100081,7,월요일,수도권제1순환,경기도,경상사고,0,0,1,0,차대차 - 기타,안전운전불이행,포장 - 건조,맑음,단일로 - 기타,승용,1,53,상해없음,승용,1,36,경상,50.0,50.0
11853,2019041600100076,6,화요일,수도권제1순환,경기도,경상사고,0,0,2,0,차대차 - 추돌,안전거리미확보,포장 - 건조,맑음,단일로 - 기타,승용,0,42,상해없음,승용,0,50,경상,40.0,40.0
11854,2019041600100265,11,화요일,수도권제1순환,경기도,경상사고,0,0,1,0,차대차 - 기타,안전운전불이행,포장 - 건조,맑음,단일로 - 기타,승용,0,64,상해없음,화물,0,43,경상,60.0,60.0
11855,2019041600100304,12,화요일,수도권제1순환,서울특별시,부상신고사고,0,0,0,1,차대차 - 기타,안전운전불이행,포장 - 건조,맑음,단일로 - 기타,승합,0,52,상해없음,건설기계,0,20,상해없음,50.0,50.0
11856,2019041600100589,19,화요일,수도권제1순환,경기도,경상사고,0,0,1,0,차대차 - 측면충돌,안전거리미확보,포장 - 건조,맑음,단일로 - 기타,승용,0,54,상해없음,화물,0,34,경상,50.0,50.0
11857,2019041700100180,9,수요일,수도권제1순환,경기도,경상사고,0,0,1,0,차대차 - 측면충돌,안전거리미확보,포장 - 건조,맑음,단일로 - 기타,승용,0,31,상해없음,승용,1,34,경상,,
11858,2019041900100728,23,금요일,수도권제1순환,경기도,경상사고,0,0,1,0,차대차 - 기타,안전운전불이행,포장 - 건조,맑음,단일로 - 기타,승용,0,21,상해없음,승용,0,26,상해없음,20.0,20.0
11859,2019042100100189,11,일요일,수도권제1순환,경기도,중상사고,0,2,0,0,차대차 - 추돌,안전운전불이행,포장 - 건조,맑음,단일로 - 터널,승용,0,23,상해없음,승용,1,32,중상,20.0,20.0
11860,2019042200100072,6,월요일,수도권제1순환,경기도,경상사고,0,0,3,0,차대차 - 기타,안전거리미확보,포장 - 건조,맑음,단일로 - 교량,승용,0,54,상해없음,승용,0,52,경상,50.0,50.0
11861,2019042200100103,7,월요일,수도권제1순환,인천광역시,중상사고,0,1,3,0,차대차 - 추돌,안전운전불이행,포장 - 건조,맑음,단일로 - 터널,승용,0,54,상해없음,승용,0,38,중상,50.0,50.0
11862,2019042200100526,17,월요일,수도권제1순환,경기도,경상사고,0,0,4,0,차대차 - 측면충돌,안전운전불이행,포장 - 건조,맑음,단일로 - 기타,화물,0,55,상해없음,승용,0,57,경상,50.0,50.0
11863,2019042400100084,3,수요일,수도권제1순환,경기도,중상사고,0,1,0,0,차대차 - 기타,안전운전불이행,포장 - 젖음/습기,비,단일로 - 기타,승용,0,58,상해없음,승용,0,38,상해없음,50.0,50.0
11864,2019042500100117,8,목요일,수도권제1순환,서울특별시,경상사고,0,0,1,0,차대차 - 측면충돌,안전거리미확보,포장 - 건조,맑음,단일로 - 기타,화물,0,36,상해없음,승용,0,26,경상,30.0,30.0
11865,2019042500100160,9,목요일,수도권제1순환,경기도,경상사고,0,0,1,0,차대차 - 기타,안전운전불이행,포장 - 건조,맑음,단일로 - 기타,화물,0,61,상해없음,승용,0,55,경상,,
11866,2019042500100547,19,목요일,수도권제1순환,경기도,경상사고,0,0,3,0,차대차 - 측면충돌,안전거리미확보,포장 - 젖음/습기,맑음,단일로 - 기타,화물,0,71,상해없음,승용,0,35,경상,70.0,70.0
11867,2019042600100127,7,금요일,수도권제1순환,경기도,경상사고,0,0,1,0,차대차 - 측면충돌,안전운전불이행,포장 - 건조,맑음,단일로 - 기타,승용,1,56,상해없음,승용,0,63,경상,50.0,50.0
11868,2019042700100193,9,토요일,수도권제1순환,경기도,중상사고,0,3,1,0,차대차 - 추돌,안전운전불이행,포장 - 건조,맑음,단일로 - 터널,승용,1,22,상해없음,승용,0,52,상해없음,20.0,20.0
11869,2019042700100462,16,토요일,수도권제1순환,경기도,경상사고,0,0,4,0,차대차 - 추돌,안전운전불이행,포장 - 건조,맑음,단일로 - 기타,승용,0,29,상해없음,승용,0,44,경상,20.0,20.0
11870,2019042700100568,18,토요일,수도권제1순환,경기도,경상사고,0,0,1,0,차대차 - 측면충돌,안전운전불이행,포장 - 건조,맑음,기타 - 기타,승용,1,59,상해없음,승용,0,30,경상,50.0,50.0
11871,2019042800100107,7,일요일,수도권제1순환,경기도,중상사고,0,1,0,0,차대차 - 측면충돌,안전거리미확보,포장 - 건조,맑음,단일로 - 교량,승용,0,25,상해없음,승용,0,59,중상,20.0,20.0
11872,2019042800100340,17,일요일,수도권제1순환,서울특별시,경상사고,0,0,3,0,차대차 - 측면충돌,안전운전불이행,포장 - 건조,맑음,단일로 - 기타,승용,1,22,상해없음,승용,1,45,경상,20.0,20.0
11873,2019042900100246,11,월요일,수도권제1순환,경기도,경상사고,0,0,1,1,차대차 - 기타,안전운전불이행,포장 - 건조,맑음,단일로 - 기타,승용,0,38,부상신고,화물,0,52,경상,30.0,30.0
11874,2019050100100059,1,수요일,수도권제1순환,인천광역시,중상사고,0,1,3,0,차대차 - 측면충돌,안전거리미확보,포장 - 건조,맑음,단일로 - 기타,승용,0,49,상해없음,승용,0,56,중상,40.0,40.0
11875,2019050100100111,6,수요일,수도권제1순환,경기도,중상사고,0,1,0,0,차대차 - 추돌,안전운전불이행,포장 - 건조,맑음,단일로 - 기타,승용,0,26,상해없음,화물,2,0,기타불명,20.0,20.0
11876,2019050100100459,18,수요일,수도권제1순환,경기도,경상사고,0,0,3,0,차대차 - 기타,안전운전불이행,포장 - 건조,맑음,단일로 - 기타,승용,0,58,상해없음,승용,1,47,경상,50.0,50.0
11877,2019050100100548,21,수요일,수도권제1순환,경기도,경상사고,0,0,1,0,차대차 - 측면충돌,안전운전불이행,포장 - 건조,맑음,단일로 - 기타,특수,0,56,상해없음,승용,1,36,경상,50.0,50.0
11878,2019050200100181,9,목요일,수도권제1순환,경기도,경상사고,0,0,1,0,차대차 - 측면충돌,안전거리미확보,포장 - 건조,맑음,단일로 - 기타,화물,0,50,상해없음,승용,0,41,경상,40.0,40.0
11879,2019050200100482,17,목요일,수도권제1순환,경기도,경상사고,0,0,1,0,차대차 - 측면충돌,안전거리미확보,포장 - 건조,맑음,단일로 - 기타,화물,0,62,상해없음,승용,1,33,경상,60.0,60.0
11880,2019050300100096,6,금요일,수도권제1순환,경기도,중상사고,0,1,0,0,차대차 - 기타,안전거리미확보,포장 - 건조,맑음,단일로 - 교량,승용,0,27,상해없음,승용,1,43,중상,20.0,20.0
11881,2019050300100726,22,금요일,수도권제1순환,경기도,경상사고,0,0,2,0,차대차 - 측면충돌,차로위반,포장 - 건조,맑음,단일로 - 기타,승용,0,56,상해없음,승용,0,49,경상,50.0,50.0
11882,2019050600100207,12,월요일,수도권제1순환,경기도,경상사고,0,0,1,0,차대차 - 측면충돌,안전거리미확보,포장 - 건조,맑음,단일로 - 기타,화물,0,20,상해없음,승용,0,41,경상,20.0,20.0
11883,2019050700100232,10,화요일,수도권제1순환,경기도,경상사고,0,0,1,0,차대차 - 측면충돌,안전운전불이행,포장 - 건조,맑음,단일로 - 기타,화물,0,41,상해없음,화물,0,42,경상,,
11884,2019050700100469,16,화요일,수도권제1순환,서울특별시,부상신고사고,0,0,0,1,차대차 - 측면충돌,안전운전불이행,포장 - 건조,맑음,단일로 - 기타,승용,1,57,상해없음,화물,0,49,부상신고,50.0,50.0
11885,2019050900100128,8,목요일,수도권제1순환,경기도,경상사고,0,0,1,0,차대차 - 기타,안전운전불이행,포장 - 건조,맑음,단일로 - 기타,화물,0,60,상해없음,승용,0,58,경상,50.0,50.0
11886,2019050900100216,10,목요일,수도권제1순환,경기도,경상사고,0,0,1,0,차대차 - 추돌,안전운전불이행,포장 - 건조,맑음,단일로 - 기타,승용,0,31,상해없음,승용,0,50,경상,,
11887,2019050900100460,17,목요일,수도권제1순환,경기도,경상사고,0,0,1,0,차대차 - 측면충돌,안전거리미확보,포장 - 건조,맑음,단일로 - 기타,화물,0,56,상해없음,승용,0,46,경상,50.0,50.0
11888,2019051000100383,14,금요일,수도권제1순환,인천광역시,부상신고사고,0,0,0,1,차대차 - 측면충돌,안전거리미확보,포장 - 건조,맑음,단일로 - 기타,승용,0,58,기타불명,화물,0,53,부상신고,50.0,50.0
11889,2019051000100384,14,금요일,수도권제1순환,인천광역시,경상사고,0,0,1,0,차대차 - 추돌,안전거리미확보,포장 - 건조,맑음,단일로 - 기타,화물,0,43,상해없음,화물,0,24,경상,40.0,40.0
11890,2019051000100385,14,금요일,수도권제1순환,경기도,경상사고,0,0,1,0,차대차 - 측면충돌,안전거리미확보,포장 - 건조,맑음,단일로 - 기타,승용,0,58,상해없음,승용,1,48,경상,50.0,50.0
11891,2019051100100039,0,토요일,수도권제1순환,인천광역시,중상사고,0,1,0,0,차대차 - 추돌,과속,포장 - 건조,맑음,단일로 - 기타,승용,0,33,상해없음,승용,1,39,중상,30.0,30.0
11892,2019051100100308,12,토요일,수도권제1순환,서울특별시,경상사고,0,0,5,0,차대차 - 기타,안전거리미확보,포장 - 건조,맑음,단일로 - 기타,화물,0,50,상해없음,승용,1,54,경상,40.0,40.0
11893,2019051100100355,13,토요일,수도권제1순환,경기도,중상사고,0,1,0,1,차대차 - 추돌,안전운전불이행,포장 - 건조,맑음,단일로 - 기타,화물,0,35,상해없음,승용,0,68,중상,30.0,30.0
11894,2019051100100431,14,토요일,수도권제1순환,경기도,부상신고사고,0,0,0,2,차대사람 - 기타,안전운전불이행,포장 - 건조,맑음,단일로 - 교량,승용,0,30,상해없음,보행자,0,23,부상신고,20.0,20.0
11895,2019051100100490,16,토요일,수도권제1순환,경기도,중상사고,0,1,4,2,차대차 - 기타,안전거리미확보,포장 - 건조,맑음,단일로 - 기타,승용,1,66,부상신고,승용,1,58,경상,60.0,60.0
11896,2019051400100062,4,화요일,수도권제1순환,경기도,부상신고사고,0,0,0,1,차량단독 - 기타,안전운전불이행,포장 - 건조,맑음,단일로 - 기타,승용,0,33,부상신고,기타불명,2,0,기타불명,30.0,30.0
11897,2019051600100069,2,목요일,수도권제1순환,경기도,중상사고,0,1,0,0,차대차 - 측면충돌,신호위반,포장 - 건조,맑음,단일로 - 터널,승용,0,35,상해없음,승용,0,29,중상,30.0,30.0
11898,2019051600100457,16,목요일,수도권제1순환,경기도,경상사고,0,0,1,0,차대차 - 추돌,안전운전불이행,포장 - 건조,맑음,단일로 - 기타,승용,1,61,상해없음,승용,0,50,경상,,
11899,2019051600100477,16,목요일,수도권제1순환,경기도,경상사고,0,0,1,0,차대차 - 추돌,안전운전불이행,포장 - 건조,맑음,단일로 - 기타,승용,0,55,상해없음,화물,0,47,경상,50.0,50.0
11900,2019051700100414,16,금요일,수도권제1순환,경기도,부상신고사고,0,0,0,1,차대차 - 추돌,안전운전불이행,포장 - 건조,맑음,단일로 - 기타,승용,0,49,상해없음,승용,0,30,부상신고,40.0,40.0
11901,2019051900100321,15,일요일,수도권제1순환,인천광역시,경상사고,0,0,4,0,차대차 - 측면충돌,안전거리미확보,포장 - 건조,맑음,단일로 - 기타,승용,0,29,상해없음,승용,1,58,경상,20.0,20.0
11902,2019051900100453,19,일요일,수도권제1순환,경기도,중상사고,0,1,0,3,차대차 - 측면충돌,안전운전불이행,포장 - 젖음/습기,비,단일로 - 기타,승용,0,27,상해없음,승용,0,48,부상신고,20.0,20.0
11903,2019052000100183,9,월요일,수도권제1순환,경기도,경상사고,0,0,1,0,차대차 - 측면충돌,차로위반,포장 - 건조,맑음,단일로 - 기타,승용,0,55,상해없음,화물,0,60,상해없음,50.0,50.0
11904,2019052200100212,9,수요일,수도권제1순환,경기도,경상사고,0,0,1,0,차대차 - 기타,안전운전불이행,포장 - 건조,맑음,단일로 - 기타,승용,1,24,상해없음,승용,0,30,경상,20.0,20.0
11905,2019052200100683,22,수요일,수도권제1순환,경기도,경상사고,0,0,3,0,차대차 - 추돌,안전운전불이행,포장 - 건조,맑음,단일로 - 기타,승용,0,48,상해없음,승용,0,33,경상,40.0,40.0
11906,2019052200100684,22,수요일,수도권제1순환,경기도,경상사고,0,0,1,0,차대차 - 기타,안전운전불이행,포장 - 건조,맑음,단일로 - 기타,승용,0,55,상해없음,승용,1,51,경상,50.0,50.0
11907,2019052300100148,8,목요일,수도권제1순환,경기도,경상사고,0,0,1,0,차대차 - 추돌,안전운전불이행,포장 - 건조,맑음,단일로 - 기타,승용,0,28,상해없음,승용,1,38,경상,20.0,20.0
11908,2019052300100477,17,목요일,수도권제1순환,경기도,부상신고사고,0,0,0,1,차대차 - 측면충돌,안전운전불이행,포장 - 건조,맑음,단일로 - 터널,승용,0,64,상해없음,화물,0,45,부상신고,60.0,60.0
11909,2019052400100049,1,금요일,수도권제1순환,서울특별시,중상사고,0,1,1,1,차대차 - 추돌,안전운전불이행,포장 - 건조,맑음,단일로 - 기타,승용,0,61,상해없음,승용,0,56,중상,,
11910,2019052400100420,15,금요일,수도권제1순환,서울특별시,경상사고,0,0,2,0,차대차 - 추돌,안전운전불이행,포장 - 건조,맑음,단일로 - 기타,화물,0,52,상해없음,화물,0,57,경상,50.0,50.0
11911,2019052400100421,15,금요일,수도권제1순환,경기도,경상사고,0,0,1,0,차대차 - 측면충돌,차로위반,포장 - 건조,맑음,단일로 - 기타,승용,0,62,상해없음,승용,0,49,경상,60.0,60.0