,사고번호,사고일시,요일,도로종류,시군구,사고내용,사망자수,중상자수,경상자수,부상신고자수,사고유형,법규위반,노면상태,기상상태,도로형태,가해운전자 차종,가해운전자 성별,가해운전자 연령,가해운전자 상해정도,피해운전자 차종,피해운전자 성별,피해운전자 연령,피해운전자 상해정도,연령대,가해연령대
11912,2019052400100472,16,금요일,수도권제1순환,경기도,경상사고,0,0,2,0,차대차 - 추돌,안전운전불이행,포장 - 건조,맑음,단일로 - 기타,화물,0,54,경상,승용,0,41,상해없음,50.0,50.0
11913,2019052500100020,0,토요일,수도권제1순환,경기도,사망사고,1,0,0,0,차대사람 - 차도통행중,안전운전불이행,포장 - 건조,맑음,단일로 - 터널,화물,0,64,상해없음,보행자,1,20,사망,60.0,60.0
11914,2019052500100181,9,토요일,수도권제1순환,경기도,부상신고사고,0,0,0,1,차대차 - 측면충돌,안전운전불이행,포장 - 건조,맑음,단일로 - 기타,건설기계,0,67,상해없음,승용,0,53,부상신고,60.0,60.0
11915,2019052500100309,12,토요일,수도권제1순환,경기도,경상사고,0,0,2,0,차대차 - 측면충돌,안전거리미확보,포장 - 건조,맑음,단일로 - 기타,화물,0,33,상해없음,승용,0,68,경상,30.0,30.0
11916,2019052600100119,8,일요일,수도권제1순환,서울특별시,중상사고,0,1,0,1,차대차 - 기타,안전운전불이행,포장 - 건조,맑음,단일로 - 기타,승용,0,52,상해없음,승용,1,49,중상,50.0,50.0
11917,2019052600100140,9,일요일,수도권제1순환,인천광역시,부상신고사고,0,0,0,2,차대차 - 측면충돌,안전거리미확보,포장 - 건조,맑음,단일로 - 기타,승용,0,73,상해없음,승용,0,29,상해없음,70.0,70.0
11918,2019052600100379,16,일요일,수도권제1순환,경기도,경상사고,0,0,2,0,차대차 - 측면충돌,안전운전불이행,포장 - 건조,맑음,기타 - 기타,화물,0,53,상해없음,승용,1,29,경상,50.0,50.0
11919,2019052600100395,17,일요일,수도권제1순환,경기도,경상사고,0,0,1,0,차대차 - 기타,안전운전불이행,포장 - 건조,맑음,기타 - 기타,승용,1,71,상해없음,승용,0,68,상해없음,70.0,70.0
11920,2019052700100495,17,월요일,수도권제1순환,경기도,경상사고,0,0,1,0,차대차 - 기타,신호위반,포장 - 건조,맑음,단일로 - 교량,승용,1,58,상해없음,승용,0,51,경상,50.0,50.0
11921,2019052700100553,19,월요일,수도권제1순환,서울특별시,중상사고,0,1,0,0,차대차 - 추돌,안전운전불이행,포장 - 건조,맑음,단일로 - 기타,승용,0,24,상해없음,승용,0,33,중상,20.0,20.0
11922,2019052800100223,10,화요일,수도권제1순환,경기도,중상사고,0,1,0,1,차대차 - 기타,안전운전불이행,포장 - 건조,맑음,단일로 - 기타,특수,0,48,부상신고,승용,1,47,중상,40.0,40.0
11923,2019052800100548,17,화요일,수도권제1순환,경기도,경상사고,0,0,2,0,차대차 - 추돌,안전거리미확보,포장 - 건조,맑음,단일로 - 기타,화물,0,48,상해없음,승용,0,24,경상,40.0,40.0
11924,2019052900100138,8,수요일,수도권제1순환,서울특별시,경상사고,0,0,2,0,차대차 - 추돌,안전운전불이행,포장 - 건조,맑음,단일로 - 기타,승용,0,33,상해없음,승용,0,35,경상,30.0,30.0
11925,2019052900100221,10,수요일,수도권제1순환,경기도,경상사고,0,0,1,0,차대차 - 기타,안전운전불이행,포장 - 건조,맑음,단일로 - 기타,화물,0,61,상해없음,승용,0,54,경상,,
11926,2019053000100262,11,목요일,수도권제1순환,경기도,경상사고,0,0,2,0,차대차 - 추돌,안전거리미확보,포장 - 건조,맑음,단일로 - 기타,승합,0,60,상해없음,승용,0,46,경상,50.0,50.0
11927,2019053000100296,12,목요일,수도권제1순환,경기도,중상사고,0,1,2,0,차대차 - 추돌,안전거리미확보,포장 - 건조,맑음,단일로 - 터널,화물,0,41,경상,화물,0,23,중상,,
11928,2019053100100783,23,금요일,수도권제1순환,경기도,경상사고,0,0,2,0,차대차 - 기타,안전운전불이행,포장 - 건조,맑음,단일로 - 기타,기타불명,2,0,기타불명,승용,1,47,경상,20.0,20.0
11929,2019060100100297,13,토요일,수도권제1순환,경기도,경상사고,0,0,1,3,차대차 - 추돌,안전운전불이행,포장 - 건조,맑음,단일로 - 기타,화물,0,56,부상신고,화물,0,56,경상,50.0,50.0
11930,2019060300100202,9,월요일,수도권제1순환,인천광역시,경상사고,0,0,1,0,차대차 - 추돌,안전거리미확보,포장 - 건조,맑음,단일로 - 기타,승용,0,20,기타불명,승용,0,29,경상,20.0,20.0
11931,2019060500100107,7,수요일,수도권제1순환,경기도,경상사고,0,0,1,0,차대차 - 측면충돌,신호위반,포장 - 기타,맑음,교차로 - 교차로안,승용,0,54,상해없음,승용,0,25,경상,50.0,50.0
11932,2019060500100259,11,수요일,수도권제1순환,인천광역시,경상사고,0,0,1,0,차대차 - 측면충돌,안전거리미확보,포장 - 건조,맑음,단일로 - 기타,특수,0,69,상해없음,승용,0,38,경상,60.0,60.0
11933,2019060500100353,14,수요일,수도권제1순환,경기도,경상사고,0,0,2,0,차대차 - 추돌,안전운전불이행,포장 - 건조,맑음,단일로 - 기타,승용,0,33,상해없음,화물,0,54,경상,30.0,30.0
11934,2019060500100375,14,수요일,수도권제1순환,경기도,경상사고,0,0,1,0,차대차 - 추돌,안전거리미확보,포장 - 건조,맑음,단일로 - 기타,화물,0,56,상해없음,승용,0,49,경상,50.0,50.0
11935,2019060500100554,18,수요일,수도권제1순환,경기도,중상사고,0,1,0,0,차대차 - 기타,차로위반,포장 - 건조,맑음,단일로 - 기타,승용,0,65,상해없음,승용,0,49,중상,60.0,60.0
11936,2019060700100115,7,금요일,수도권제1순환,경기도,부상신고사고,0,0,0,1,차량단독 - 기타,안전운전불이행,포장 - 젖음/습기,비,단일로 - 기타,화물,0,47,부상신고,기타불명,2,0,기타불명,40.0,40.0
11937,2019060700100200,9,금요일,수도권제1순환,인천광역시,경상사고,0,0,2,0,차대차 - 측면충돌,안전거리미확보,포장 - 젖음/습기,흐림,단일로 - 기타,특수,0,36,상해없음,승용,1,40,경상,30.0,30.0
11938,2019061000100144,8,월요일,수도권제1순환,경기도,경상사고,0,0,1,0,차대차 - 기타,안전운전불이행,포장 - 건조,맑음,기타 - 기타,화물,0,57,상해없음,승용,1,60,경상,50.0,50.0
11939,2019061100100576,20,화요일,수도권제1순환,인천광역시,경상사고,0,0,1,0,차대차 - 기타,기타,포장 - 건조,맑음,단일로 - 기타,기타불명,2,0,기타불명,승용,1,24,경상,20.0,20.0
11940,2019061200100213,10,수요일,수도권제1순환,인천광역시,경상사고,0,0,1,0,차대차 - 측면충돌,안전거리미확보,포장 - 건조,맑음,단일로 - 교량,화물,0,29,상해없음,승용,0,34,경상,20.0,20.0
11941,2019061200100251,11,수요일,수도권제1순환,경기도,경상사고,0,0,1,0,차대차 - 기타,안전거리미확보,포장 - 건조,맑음,단일로 - 기타,승용,1,36,상해없음,승용,1,41,경상,30.0,30.0
11942,2019061200100321,14,수요일,수도권제1순환,경기도,경상사고,0,0,3,0,차대차 - 기타,안전운전불이행,포장 - 건조,맑음,단일로 - 기타,화물,0,62,상해없음,승용,0,58,경상,60.0,60.0
11943,2019061200100331,14,수요일,수도권제1순환,경기도,경상사고,0,0,1,0,차대차 - 추돌,안전운전불이행,포장 - 건조,맑음,단일로 - 기타,화물,0,52,상해없음,승용,0,51,경상,50.0,50.0
11944,2019061200100389,16,수요일,수도권제1순환,경기도,경상사고,0,0,1,0,차대차 - 추돌,안전운전불이행,포장 - 건조,맑음,단일로 - 기타,승용,1,18,상해없음,승용,0,62,경상,20.0,20.0
11945,2019061400100124,8,금요일,수도권제1순환,경기도,경상사고,0,0,1,0,차대차 - 기타,안전운전불이행,포장 - 건조,맑음,단일로 - 기타,건설기계,0,41,상해없음,화물,0,62,경상,,
11946,2019061400100492,17,금요일,수도권제1순환,경기도,경상사고,0,0,2,0,차대차 - 측면충돌,안전운전불이행,포장 - 건조,맑음,단일로 - 기타,승용,0,65,상해없음,승용,0,37,경상,60.0,60.0
11947,2019061400100547,18,금요일,수도권제1순환,경기도,경상사고,0,0,1,0,차대차 - 측면충돌,안전거리미확보,포장 - 건조,맑음,단일로 - 교량,승용,1,45,상해없음,승용,0,43,경상,40.0,40.0
11948,2019061500100098,5,토요일,수도권제1순환,경기도,경상사고,0,0,1,0,차대차 - 측면충돌,안전거리미확보,포장 - 건조,맑음,단일로 - 기타,승용,0,30,상해없음,승용,0,61,경상,20.0,20.0
11949,2019061800100473,18,화요일,수도권제1순환,경기도,경상사고,0,0,2,0,차대차 - 추돌,안전운전불이행,포장 - 건조,맑음,기타 - 기타,승합,0,56,상해없음,승용,0,54,경상,50.0,50.0
11950,2019061900100373,15,수요일,수도권제1순환,인천광역시,경상사고,0,0,1,0,차대차 - 추돌,안전운전불이행,포장 - 건조,맑음,단일로 - 기타,화물,0,22,상해없음,승용,0,41,경상,20.0,20.0
11951,2019062000100568,19,목요일,수도권제1순환,인천광역시,경상사고,0,0,1,0,차대차 - 추돌,안전거리미확보,포장 - 건조,맑음,단일로 - 기타,승용,0,31,상해없음,승용,0,34,경상,,
11952,2019062200100450,15,토요일,수도권제1순환,경기도,중상사고,0,1,1,0,차대차 - 추돌,안전운전불이행,포장 - 건조,맑음,단일로 - 교량,승용,0,56,상해없음,승용,0,55,중상,50.0,50.0
11953,2019062200100451,15,토요일,수도권제1순환,경기도,중상사고,0,1,0,0,차대차 - 측면충돌,안전거리미확보,포장 - 건조,맑음,단일로 - 교량,승용,0,52,상해없음,승용,0,55,중상,50.0,50.0
11954,2019062300100492,19,일요일,수도권제1순환,경기도,경상사고,0,0,2,0,차대차 - 추돌,안전운전불이행,포장 - 건조,맑음,주차장 - 주차장,승용,0,29,상해없음,승용,0,23,경상,20.0,20.0
11955,2019062300100533,20,일요일,수도권제1순환,경기도,경상사고,0,0,1,0,차대차 - 추돌,안전운전불이행,포장 - 건조,맑음,단일로 - 기타,승용,0,31,상해없음,승용,0,35,경상,,
11956,2019062400100219,10,월요일,수도권제1순환,경기도,경상사고,0,0,3,0,차대차 - 추돌,안전운전불이행,포장 - 건조,맑음,단일로 - 기타,승용,0,46,상해없음,승용,0,20,경상,40.0,40.0
11957,2019062400100220,10,월요일,수도권제1순환,경기도,중상사고,0,2,0,0,차대차 - 기타,안전운전불이행,포장 - 건조,맑음,단일로 - 기타,건설기계,0,65,상해없음,승용,0,47,기타불명,60.0,60.0
11958,2019062500100268,11,화요일,수도권제1순환,인천광역시,경상사고,0,0,2,0,차대차 - 측면충돌,안전거리미확보,포장 - 건조,맑음,단일로 - 기타,특수,0,54,상해없음,승용,0,63,경상,50.0,50.0
11959,2019062500100411,15,화요일,수도권제1순환,경기도,경상사고,0,0,3,0,차대차 - 추돌,안전운전불이행,포장 - 건조,맑음,단일로 - 기타,승용,0,54,상해없음,승용,0,60,경상,50.0,50.0
11960,2019062500100436,16,화요일,수도권제1순환,경기도,경상사고,0,0,2,0,차대차 - 추돌,안전운전불이행,포장 - 건조,맑음,단일로 - 교량,승용,0,43,상해없음,승용,0,55,경상,40.0,40.0
11961,2019062500100493,17,화요일,수도권제1순환,경기도,경상사고,0,0,2,0,차대차 - 측면충돌,안전거리미확보,포장 - 건조,맑음,단일로 - 기타,승용,1,72,경상,승용,0,67,상해없음,70.0,70.0
11962,2019062700100635,22,목요일,수도권제1순환,서울특별시,경상사고,0,0,1,0,차대차 - 기타,안전운전불이행,포장 - 건조,맑음,단일로 - 기타,승용,1,49,상해없음,화물,0,28,경상,40.0,40.0
11963,2019062800100608,20,금요일,수도권제1순환,서울특별시,경상사고,0,0,1,0,차대차 - 추돌,안전운전불이행,포장 - 건조,맑음,단일로 - 기타,승용,2,0,기타불명,승용,0,40,경상,20.0,20.0
11964,2019062900100066,1,토요일,수도권제1순환,경기도,경상사고,0,0,1,0,차대차 - 측면충돌,안전거리미확보,포장 - 젖음/습기,흐림,단일로 - 기타,승용,0,51,상해없음,화물,0,26,경상,,
11965,2019062900100155,8,토요일,수도권제1순환,경기도,중상사고,0,1,1,2,차대차 - 측면충돌,안전운전불이행,포장 - 젖음/습기,비,단일로 - 기타,화물,0,24,부상신고,승합,0,49,부상신고,20.0,20.0
11966,2019062900100546,19,토요일,수도권제1순환,경기도,경상사고,0,0,1,0,차대차 - 기타,안전거리미확보,포장 - 건조,맑음,단일로 - 기타,기타불명,2,0,기타불명,승용,0,50,경상,20.0,20.0
11967,2019062900100643,23,토요일,수도권제1순환,서울특별시,경상사고,0,0,1,0,차대차 - 추돌,안전운전불이행,포장 - 건조,흐림,단일로 - 기타,승용,1,39,상해없음,승용,1,48,경상,30.0,30.0
11968,2019063000100145,10,일요일,수도권제1순환,경기도,경상사고,0,0,3,0,차대차 - 추돌,안전거리미확보,포장 - 건조,맑음,단일로 - 기타,승용,1,39,경상,승용,1,33,경상,30.0,30.0
11969,2019070100100453,16,월요일,수도권제1순환,인천광역시,경상사고,0,0,1,1,차대차 - 추돌,안전거리미확보,포장 - 건조,맑음,단일로 - 교량,승용,0,55,상해없음,승용,0,59,경상,50.0,50.0
11970,2019070100100524,18,월요일,수도권제1순환,경기도,경상사고,0,0,1,0,차대차 - 추돌,안전운전불이행,포장 - 건조,맑음,단일로 - 기타,승합,0,28,상해없음,승용,0,40,경상,20.0,20.0
11971,2019070300100245,12,수요일,수도권제1순환,서울특별시,경상사고,0,0,3,0,차대차 - 추돌,안전운전불이행,포장 - 건조,맑음,단일로 - 기타,화물,0,63,상해없음,승용,0,30,경상,60.0,60.0
11972,2019070300100290,13,수요일,수도권제1순환,경기도,경상사고,0,0,1,0,차대차 - 추돌,안전운전불이행,포장 - 건조,맑음,단일로 - 기타,승용,0,59,상해없음,승용,0,23,경상,50.0,50.0
11973,2019070400100279,12,목요일,수도권제1순환,경기도,경상사고,0,0,2,0,차대차 - 측면충돌,안전거리미확보,포장 - 건조,맑음,단일로 - 기타,승용,0,39,상해없음,화물,0,51,경상,30.0,30.0
11974,2019070400100296,12,목요일,수도권제1순환,경기도,중상사고,0,1,0,0,차대차 - 측면충돌,안전거리미확보,포장 - 건조,맑음,단일로 - 기타,특수,0,23,상해없음,승용,1,52,중상,20.0,20.0
11975,2019070400100447,16,목요일,수도권제1순환,경기도,경상사고,0,0,1,0,차대차 - 추돌,안전운전불이행,포장 - 건조,맑음,단일로 - 기타,승용,0,43,상해없음,승용,0,45,경상,40.0,40.0
11976,2019070500100699,23,금요일,수도권제1순환,경기도,경상사고,0,0,1,0,차대차 - 추돌,안전운전불이행,포장 - 건조,맑음,단일로 - 기타,승용,0,21,상해없음,승용,1,45,경상,20.0,20.0
11977,2019070700100142,10,일요일,수도권제1순환,서울특별시,중상사고,0,1,0,6,차대차 - 추돌,안전운전불이행,포장 - 건조,맑음,단일로 - 기타,승용,0,54,부상신고,승용,0,40,부상신고,50.0,50.0
11978,2019070700100474,21,일요일,수도권제1순환,인천광역시,경상사고,0,0,1,0,차대차 - 측면충돌,차로위반,포장 - 건조,맑음,단일로 - 기타,승용,0,29,상해없음,승용,0,30,경상,20.0,20.0
11979,2019070800100069,6,월요일,수도권제1순환,경기도,중상사고,0,1,0,0,차대차 - 기타,안전거리미확보,포장 - 건조,맑음,단일로 - 기타,화물,0,62,상해없음,특수,0,56,중상,60.0,60.0
11980,2019070800100085,7,월요일,수도권제1순환,경기도,경상사고,0,0,1,0,차대차 - 기타,안전거리미확보,포장 - 건조,맑음,단일로 - 기타,승용,0,39,상해없음,승용,1,41,경상,30.0,30.0
11981,2019070800100279,12,월요일,수도권제1순환,서울특별시,경상사고,0,0,1,0,차대차 - 추돌,안전운전불이행,포장 - 건조,맑음,단일로 - 기타,특수,0,21,상해없음,화물,0,35,상해없음,20.0,20.0
11982,2019070900100070,6,화요일,수도권제1순환,경기도,경상사고,0,0,1,0,차대차 - 추돌,안전운전불이행,포장 - 건조,맑음,단일로 - 기타,기타불명,2,0,기타불명,승용,0,52,경상,20.0,20.0
11983,2019071200100098,7,금요일,수도권제1순환,경기도,중상사고,0,1,0,0,차대차 - 기타,안전거리미확보,포장 - 건조,맑음,단일로 - 기타,화물,0,53,상해없음,승용,0,37,중상,50.0,50.0
11984,2019071200100456,16,금요일,수도권제1순환,경기도,중상사고,0,1,0,0,차대차 - 추돌,안전운전불이행,포장 - 건조,맑음,단일로 - 기타,승합,0,50,상해없음,승용,1,30,중상,40.0,40.0
11985,2019071200100577,18,금요일,수도권제1순환,경기도,부상신고사고,0,0,0,1,차량단독 - 기타,안전운전불이행,포장 - 건조,맑음,단일로 - 기타,승합,0,58,상해없음,기타불명,2,0,기타불명,50.0,50.0
11986,2019071300100179,10,토요일,수도권제1순환,경기도,경상사고,0,0,1,0,차대차 - 추돌,안전운전불이행,포장 - 건조,맑음,단일로 - 기타,승용,0,33,상해없음,승용,0,35,경상,30.0,30.0
11987,2019071300100351,15,토요일,수도권제1순환,경기도,중상사고,0,1,4,0,차대차 - 추돌,안전운전불이행,포장 - 건조,맑음,단일로 - 기타,승용,1,40,중상,승용,0,32,경상,30.0,30.0
11988,2019071300100390,16,토요일,수도권제1순환,서울특별시,경상사고,0,0,1,0,차대차 - 추돌,안전거리미확보,포장 - 건조,맑음,단일로 - 기타,승용,0,26,상해없음,승용,1,45,경상,20.0,20.0
11989,2019071300100559,21,토요일,수도권제1순환,경기도,경상사고,0,0,1,0,차대차 - 측면충돌,안전거리미확보,포장 - 건조,맑음,단일로 - 교량,기타불명,2,0,기타불명,승합,0,56,경상,20.0,20.0
11990,2019071400100129,9,일요일,수도권제1순환,경기도,경상사고,0,0,2,0,차대차 - 추돌,안전거리미확보,포장 - 건조,맑음,단일로 - 기타,화물,0,69,상해없음,승합,0,54,상해없음,60.0,60.0
11991,2019071400100308,15,일요일,수도권제1순환,경기도,부상신고사고,0,0,0,1,차대차 - 기타,안전거리미확보,포장 - 건조,맑음,단일로 - 기타,승용,0,40,기타불명,승용,0,38,상해없음,30.0,30.0
11992,2019071800100180,10,목요일,수도권제1순환,경기도,부상신고사고,0,0,0,1,차대차 - 기타,안전운전불이행,포장 - 건조,맑음,단일로 - 기타,승용,1,57,상해없음,특수,0,37,부상신고,50.0,50.0
11993,2019071900100151,8,금요일,수도권제1순환,경기도,경상사고,0,0,1,0,차대차 - 기타,안전운전불이행,포장 - 건조,맑음,단일로 - 기타,승용,0,30,상해없음,승용,0,57,경상,20.0,20.0
11994,2019071900100433,15,금요일,수도권제1순환,경기도,부상신고사고,0,0,0,1,차대차 - 추돌,안전운전불이행,포장 - 건조,맑음,단일로 - 기타,승용,1,35,상해없음,승용,1,27,부상신고,30.0,30.0
11995,2019072000100105,4,토요일,수도권제1순환,경기도,부상신고사고,0,0,0,1,차대차 - 추돌,안전운전불이행,포장 - 건조,맑음,단일로 - 기타,기타불명,2,0,기타불명,화물,0,47,부상신고,20.0,20.0
11996,2019072000100170,9,토요일,수도권제1순환,경기도,부상신고사고,0,0,0,1,차대차 - 추돌,안전거리미확보,포장 - 젖음/습기,비,단일로 - 기타,승용,0,55,상해없음,승용,0,31,부상신고,50.0,50.0
11997,2019072100100110,5,일요일,수도권제1순환,인천광역시,사망사고,1,0,1,0,차대차 - 기타,안전운전불이행,포장 - 젖음/습기,비,단일로 - 교량,화물,0,52,사망,승용,0,66,상해없음,50.0,50.0
11998,2019072100100122,6,일요일,수도권제1순환,인천광역시,경상사고,0,0,1,0,차대차 - 추돌,안전거리미확보,포장 - 젖음/습기,비,단일로 - 교량,승용,0,43,상해없음,승용,0,33,경상,40.0,40.0
11999,2019072100100196,11,일요일,수도권제1순환,경기도,경상사고,0,0,1,0,차대차 - 측면충돌,안전거리미확보,포장 - 건조,맑음,단일로 - 교량,승용,0,45,상해없음,승용,0,54,경상,40.0,40.0
12000,2019072100100247,13,일요일,수도권제1순환,경기도,경상사고,0,0,2,0,차대차 - 측면충돌,안전운전불이행,포장 - 건조,맑음,단일로 - 기타,승용,0,49,상해없음,승용,1,62,경상,40.0,40.0
12001,2019072200100124,8,월요일,수도권제1순환,서울특별시,부상신고사고,0,0,0,1,차대차 - 측면충돌,안전거리미확보,포장 - 건조,맑음,단일로 - 기타,건설기계,0,53,상해없음,승용,0,45,부상신고,50.0,50.0
12002,2019072200100654,20,월요일,수도권제1순환,경기도,사망사고,2,0,0,0,차대사람 - 기타,안전운전불이행,포장 - 건조,맑음,단일로 - 기타,승용,0,36,상해없음,보행자,1,44,사망,30.0,30.0
12003,2019072300100124,8,화요일,수도권제1순환,경기도,경상사고,0,0,1,0,차대차 - 추돌,안전운전불이행,포장 - 건조,흐림,단일로 - 기타,승용,2,0,기타불명,승용,1,56,경상,20.0,20.0
12004,2019072300100163,9,화요일,수도권제1순환,경기도,경상사고,0,0,1,0,차대차 - 측면충돌,차로위반,포장 - 건조,맑음,단일로 - 기타,승합,0,59,상해없음,승용,1,34,경상,50.0,50.0
12005,2019072300100383,15,화요일,수도권제1순환,경기도,경상사고,0,0,1,1,차대차 - 추돌,안전운전불이행,포장 - 건조,맑음,단일로 - 기타,화물,0,52,상해없음,승용,0,50,부상신고,50.0,50.0
12006,2019072400100030,0,수요일,수도권제1순환,서울특별시,경상사고,0,0,2,0,차대차 - 추돌,안전운전불이행,포장 - 건조,맑음,단일로 - 기타,승용,0,48,상해없음,화물,0,37,경상,40.0,40.0
12007,2019072600100073,5,금요일,수도권제1순환,경기도,경상사고,0,0,1,0,차대차 - 기타,신호위반,포장 - 젖음/습기,비,단일로 - 기타,승용,0,21,상해없음,승용,0,28,경상,20.0,20.0
12008,2019072800100022,0,일요일,수도권제1순환,경기도,부상신고사고,0,0,0,1,차대차 - 측면충돌,안전운전불이행,포장 - 젖음/습기,비,단일로 - 기타,승용,0,27,상해없음,승용,1,40,부상신고,20.0,20.0
12009,2019072800100093,6,일요일,수도권제1순환,인천광역시,중상사고,0,1,0,0,차대차 - 측면충돌,안전운전불이행,포장 - 젖음/습기,비,기타 - 기타,승용,0,34,상해없음,승용,0,39,중상,30.0,30.0
12010,2019072900100344,14,월요일,수도권제1순환,경기도,중상사고,0,1,1,0,차대차 - 추돌,안전운전불이행,포장 - 건조,맑음,단일로 - 기타,건설기계,0,48,기타불명,승용,1,55,중상,40.0,40.0
12011,2019072900100541,18,월요일,수도권제1순환,경기도,중상사고,0,1,3,0,차대차 - 측면충돌,차로위반,포장 - 건조,맑음,단일로 - 기타,승용,0,47,상해없음,승용,0,65,상해없음,40.0,40.0
12012,2019072900100594,20,월요일,수도권제1순환,서울특별시,경상사고,0,0,2,0,차대차 - 추돌,안전거리미확보,포장 - 건조,맑음,단일로 - 기타,승용,1,64,경상,화물,0,47,경상,60.0,60.0
12013,2019073000100295,13,화요일,수도권제1순환,서울특별시,경상사고,0,0,4,0,차대차 - 기타,안전운전불이행,포장 - 건조,맑음,단일로 - 고가도로위,승용,0,45,상해없음,승용,0,19,경상,40.0,40.0
12014,2019073000100519,18,화요일,수도권제1순환,경기도,경상사고,0,0,3,0,차대차 - 측면충돌,안전거리미확보,포장 - 건조,맑음,단일로 - 기타,승용,0,48,상해없음,승용,0,41,경상,40.0,40.0
12015,2019073100100230,11,수요일,수도권제1순환,경기도,경상사고,0,0,3,0,차대차 - 추돌,안전운전불이행,포장 - 젖음/습기,흐림,단일로 - 기타,특수,0,41,상해없음,승용,1,37,경상,,
12016,2019073100100347,14,수요일,수도권제1순환,인천광역시,경상사고,0,0,1,0,차대차 - 측면충돌,안전운전불이행,포장 - 건조,맑음,단일로 - 기타,승용,0,72,상해없음,승용,0,55,경상,70.0,70.0
12017,2019073100100552,19,수요일,수도권제1순환,경기도,경상사고,0,0,2,0,차대차 - 추돌,안전운전불이행,포장 - 건조,흐림,단일로 - 기타,승용,0,59,상해없음,화물,0,46,경상,50.0,50.0
12018,2019080200100267,12,금요일,수도권제1순환,인천광역시,중상사고,0,2,8,0,차대차 - 추돌,안전운전불이행,포장 - 건조,맑음,단일로 - 기타,승용,0,34,상해없음,승용,0,63,상해없음,30.0,30.0
12019,2019080200100463,17,금요일,수도권제1순환,경기도,경상사고,0,0,1,1,차대차 - 측면충돌,안전운전불이행,포장 - 건조,맑음,단일로 - 기타,승용,0,58,부상신고,승용,1,31,경상,50.0,50.0
12020,2019080200100526,18,금요일,수도권제1순환,서울특별시,경상사고,0,0,1,0,차대차 - 기타,안전운전불이행,포장 - 건조,맑음,단일로 - 기타,화물,0,58,상해없음,승용,0,31,경상,50.0,50.0
12021,2019080300100054,2,토요일,수도권제1순환,인천광역시,중상사고,0,3,0,0,차대차 - 추돌,안전거리미확보,포장 - 건조,맑음,단일로 - 교량,승용,0,32,상해없음,승용,0,58,중상,30.0,30.0
12022,2019080300100311,14,토요일,수도권제1순환,인천광역시,중상사고,0,1,1,0,차대차 - 추돌,안전운전불이행,포장 - 건조,맑음,단일로 - 기타,승용,0,51,상해없음,승용,0,58,중상,,
12023,2019080400100382,17,일요일,수도권제1순환,인천광역시,경상사고,0,0,6,0,차대차 - 추돌,안전거리미확보,포장 - 건조,맑음,단일로 - 터널,승용,2,0,기타불명,승용,0,35,경상,20.0,20.0
12024,2019080600100116,8,화요일,수도권제1순환,경기도,경상사고,0,0,1,0,차대차 - 기타,안전운전불이행,포장 - 건조,맑음,단일로 - 기타,승용,1,67,상해없음,승용,0,28,경상,60.0,60.0
12025,2019080600100405,16,화요일,수도권제1순환,경기도,경상사고,0,0,1,0,차대차 - 추돌,안전운전불이행,포장 - 건조,맑음,단일로 - 기타,화물,0,53,상해없음,승용,1,44,경상,50.0,50.0
12026,2019080600100564,19,화요일,수도권제1순환,경기도,경상사고,0,0,1,0,차대차 - 추돌,안전거리미확보,포장 - 건조,맑음,단일로 - 기타,승용,0,71,상해없음,승용,0,34,경상,70.0,70.0
12027,2019080700100042,1,수요일,수도권제1순환,서울특별시,경상사고,0,0,1,0,차대차 - 기타,신호위반,포장 - 건조,맑음,단일로 - 터널,승용,0,29,상해없음,화물,0,36,경상,20.0,20.0
12028,2019080800100066,5,목요일,수도권제1순환,경기도,경상사고,0,0,1,0,차대차 - 측면충돌,안전운전불이행,포장 - 건조,맑음,단일로 - 기타,화물,0,67,상해없음,화물,0,56,경상,60.0,60.0
12029,2019080800100606,21,목요일,수도권제1순환,인천광역시,경상사고,0,0,2,0,차대차 - 측면충돌,안전거리미확보,포장 - 건조,맑음,단일로 - 기타,승용,0,33,상해없음,승용,0,28,경상,30.0,30.0
12030,2019080800100640,23,목요일,수도권제1순환,경기도,경상사고,0,0,1,0,차대차 - 측면충돌,안전거리미확보,포장 - 건조,맑음,단일로 - 기타,승용,1,23,상해없음,승용,1,48,경상,20.0,20.0
12031,2019080900100517,17,금요일,수도권제1순환,경기도,경상사고,0,0,1,0,차대차 - 측면충돌,안전거리미확보,포장 - 건조,맑음,단일로 - 기타,승용,0,36,상해없음,승용,0,46,경상,30.0,30.0
12032,2019081100100026,0,일요일,수도권제1순환,경기도,경상사고,0,0,1,0,차대차 - 측면충돌,신호위반,포장 - 건조,맑음,단일로 - 기타,승용,0,70,경상,화물,0,55,상해없음,60.0,60.0
12033,2019081100100085,6,일요일,수도권제1순환,경기도,중상사고,0,2,0,0,차대차 - 추돌,안전운전불이행,포장 - 건조,맑음,단일로 - 기타,승용,0,25,상해없음,화물,1,69,중상,20.0,20.0
12034,2019081100100405,19,일요일,수도권제1순환,경기도,중상사고,0,1,3,0,차대차 - 추돌,안전거리미확보,포장 - 건조,맑음,단일로 - 교량,승합,0,43,상해없음,승용,0,35,중상,40.0,40.0
12035,2019081100100441,20,일요일,수도권제1순환,경기도,경상사고,0,0,2,0,차대차 - 추돌,안전운전불이행,포장 - 건조,맑음,기타 - 기타,승용,0,21,상해없음,승용,0,26,경상,20.0,20.0